"posterior_row","iteration","tree_no","map_within_draw","total_changes","q12","q13","q21","q24","q31","q34","q42","q43"
1,301000,1,1,1567,25,104,220,6,235,386,103,488
2,302000,1,1,1606,48,101,151,2,260,366,80,598
3,303000,1,1,1588,43,93,167,6,239,379,112,549
4,304000,1,1,1674,23,101,186,4,249,387,100,624
5,305000,1,1,1777,54,93,135,12,273,442,73,695
6,306000,1,1,1593,37,100,200,8,225,393,122,508
7,307000,1,1,1581,31,94,205,1,242,352,108,548
8,308000,1,1,1823,32,111,154,6,267,512,95,646
9,309000,1,1,1520,48,96,112,7,282,319,75,581
10,310000,1,1,1531,45,85,198,5,222,391,114,471
11,311000,1,1,1577,33,100,173,2,249,398,92,530
12,312000,1,1,1642,43,91,157,2,249,406,99,595
13,313000,1,1,1602,39,94,182,0,249,368,97,573
14,314000,1,1,1378,29,92,168,4,242,274,87,482
15,315000,1,1,1611,60,98,146,0,256,413,79,559
16,316000,1,1,1526,58,99,208,2,282,286,92,499
17,317000,1,1,1452,13,97,203,2,204,352,128,453
18,318000,1,1,1564,23,81,181,4,248,342,99,586
19,319000,1,1,1575,22,80,191,6,239,356,109,572
20,320000,1,1,1634,33,81,193,6,244,364,87,626
21,321000,1,1,1851,22,115,168,4,245,532,89,676
22,322000,1,1,1704,34,101,186,4,248,432,98,601
23,323000,1,1,1632,19,109,204,4,235,380,120,561
24,324000,1,1,1699,51,108,169,3,252,415,91,610
25,325000,1,1,1629,44,96,167,4,249,440,104,525
26,326000,1,1,1679,31,81,172,8,248,374,102,663
27,327000,1,1,1532,25,80,183,8,228,344,111,553
28,328000,1,1,1469,32,99,202,8,239,325,103,461
29,329000,1,1,1548,38,93,145,1,246,330,90,605
30,330000,1,1,1583,33,104,225,3,224,334,112,548
31,331000,1,1,1700,28,101,231,3,218,409,126,584
32,332000,1,1,1650,22,104,144,7,278,373,83,639
33,333000,1,1,1630,37,101,160,10,235,405,104,578
34,334000,1,1,1667,27,94,153,5,278,421,84,605
35,335000,1,1,1565,28,100,203,6,250,346,112,520
36,336000,1,1,1546,21,86,140,3,271,375,81,569
37,337000,1,1,1649,25,99,231,6,236,411,121,520
38,338000,1,1,1534,25,95,210,7,224,314,123,536
39,339000,1,1,1537,27,99,154,6,253,381,83,534
40,340000,1,1,1679,35,93,204,3,255,378,107,604
41,341000,1,1,1672,25,103,190,3,246,392,98,615
42,342000,1,1,1727,10,91,204,4,232,465,117,604
43,343000,1,1,1596,60,110,185,4,257,335,96,549
44,344000,1,1,1638,39,111,178,2,235,416,103,554
45,345000,1,1,1575,21,93,181,1,244,385,106,544
46,346000,1,1,1821,36,90,150,0,255,530,97,663
47,347000,1,1,1501,30,99,208,5,235,296,118,510
48,348000,1,1,1524,43,98,170,4,239,333,80,557
49,349000,1,1,1607,39,93,166,7,260,385,84,573
50,350000,1,1,1599,52,93,163,9,230,420,100,532
51,351000,1,1,1645,32,96,187,1,253,433,89,554
52,352000,1,1,1618,48,104,125,0,260,418,80,583
53,353000,1,1,1566,47,108,178,3,266,323,95,546
54,354000,1,1,1618,36,94,188,4,244,386,111,555
55,355000,1,1,1753,41,86,160,2,227,459,104,674
56,356000,1,1,1460,31,112,159,4,268,310,81,495
57,357000,1,1,1611,17,101,173,8,229,402,107,574
58,358000,1,1,1523,27,107,190,1,226,342,105,525
59,359000,1,1,1576,28,105,195,7,229,351,118,543
60,360000,1,1,1684,19,100,199,6,242,425,113,580
61,361000,1,1,1599,38,89,166,5,266,362,96,577
62,362000,1,1,1710,37,109,175,16,246,432,107,588
63,363000,1,1,1805,21,100,206,2,242,469,98,667
64,364000,1,1,1778,68,90,195,0,231,469,100,625
65,365000,1,1,1662,43,89,163,2,251,410,85,619
66,366000,1,1,1632,56,102,235,5,245,307,117,565
67,367000,1,1,1627,51,81,164,1,252,401,88,589
68,368000,1,1,1469,12,98,201,0,244,319,106,489
69,369000,1,1,1584,47,87,186,1,244,366,105,548
70,370000,1,1,1539,29,97,186,4,238,343,104,538
71,371000,1,1,1821,11,112,224,1,231,448,124,670
72,372000,1,1,1501,46,96,198,3,257,270,89,542
73,373000,1,1,1601,34,106,197,2,236,382,102,542
74,374000,1,1,1432,31,91,183,1,231,309,105,481
75,375000,1,1,1519,25,88,206,1,243,291,99,566
76,376000,1,1,1601,35,115,173,1,257,371,96,553
77,377000,1,1,1582,21,93,176,7,246,389,92,558
78,378000,1,1,1652,24,110,193,3,251,409,113,549
79,379000,1,1,1549,40,87,150,2,263,355,99,553
80,380000,1,1,1615,60,100,221,2,251,339,101,541
81,381000,1,1,1833,17,108,189,0,249,487,101,682
82,382000,1,1,1621,23,90,212,3,233,369,106,585
83,383000,1,1,1544,66,108,146,3,263,355,69,534
84,384000,1,1,1548,16,99,199,4,227,371,113,519
85,385000,1,1,1547,43,83,174,7,251,351,124,514
86,386000,1,1,1862,14,93,182,2,241,535,103,692
87,387000,1,1,1649,29,102,188,1,244,409,87,589
88,388000,1,1,1666,41,100,214,2,241,408,103,557
89,389000,1,1,1799,19,99,171,4,268,461,89,688
90,390000,1,1,1429,50,94,157,8,277,283,91,469
91,391000,1,1,1735,38,101,181,6,227,442,118,622
92,392000,1,1,1464,30,99,171,2,278,324,88,472
93,393000,1,1,1535,15,92,182,8,234,353,113,538
94,394000,1,1,1560,38,96,133,7,264,356,90,576
95,395000,1,1,1536,61,101,207,2,246,309,97,513
96,396000,1,1,1604,38,107,163,5,251,366,102,572
97,397000,1,1,1675,25,99,176,6,240,414,99,616
98,398000,1,1,1567,32,90,154,3,272,370,85,561
99,399000,1,1,1752,28,100,200,0,238,432,114,640
100,400000,1,1,1619,38,83,188,2,243,440,93,532
101,401000,1,1,1507,49,103,192,6,261,333,84,479
102,402000,1,1,1611,7,86,207,1,234,434,116,526
103,403000,1,1,1542,37,96,185,6,257,321,91,549
104,404000,1,1,1619,42,89,151,8,232,439,104,554
105,405000,1,1,1694,46,102,216,2,254,383,94,597
106,406000,1,1,1621,35,90,131,8,273,381,94,609
107,407000,1,1,1787,43,104,202,9,247,448,108,626
108,408000,1,1,1708,59,111,241,7,230,371,113,576
109,409000,1,1,1523,37,104,146,13,270,339,93,521
110,410000,1,1,1769,63,117,205,14,216,451,124,579
111,411000,1,1,1621,22,91,208,4,217,389,111,579
112,412000,1,1,1598,44,102,195,3,237,376,109,532
113,413000,1,1,1403,50,101,138,4,242,302,94,472
114,414000,1,1,1820,52,103,173,11,251,479,101,650
115,415000,1,1,1766,35,91,188,5,239,492,118,598
116,416000,1,1,1554,68,94,185,1,247,326,105,528
117,417000,1,1,1700,38,93,182,2,268,429,86,602
118,418000,1,1,1664,49,86,171,9,257,375,76,641
119,419000,1,1,1504,46,119,180,4,247,321,95,492
120,420000,1,1,1913,36,95,181,7,219,557,120,698
121,421000,1,1,1413,17,107,214,3,223,270,118,461
122,422000,1,1,1512,20,107,173,3,245,327,91,546
123,423000,1,1,1557,55,107,138,6,247,363,85,556
124,424000,1,1,1799,25,76,221,5,238,493,109,632
125,425000,1,1,1857,30,109,224,9,257,460,112,656
126,426000,1,1,1735,39,81,161,2,251,439,100,662
127,427000,1,1,1578,43,104,167,4,261,357,92,550
128,428000,1,1,1620,23,93,192,3,245,404,99,561
129,429000,1,1,1586,44,99,199,3,246,370,86,539
130,430000,1,1,1725,57,91,170,1,261,415,92,638
131,431000,1,1,1706,85,86,220,4,234,365,102,610
132,432000,1,1,1538,36,105,204,4,236,333,104,516
133,433000,1,1,1650,38,107,167,5,235,417,108,573
134,434000,1,1,1611,52,88,208,13,204,354,135,557
135,435000,1,1,1427,39,99,154,5,240,313,89,488
136,436000,1,1,1532,28,99,161,10,261,363,97,513
137,437000,1,1,1591,29,81,147,2,284,386,88,574
138,438000,1,1,1534,20,104,215,6,222,303,119,545
139,439000,1,1,1659,33,90,192,19,241,393,113,578
140,440000,1,1,1546,19,95,138,7,266,369,91,561
141,441000,1,1,1444,7,94,189,6,254,303,95,496
142,442000,1,1,1696,29,96,207,3,235,426,100,600
143,443000,1,1,1533,45,102,177,2,268,333,85,521
144,444000,1,1,1498,31,106,170,4,244,295,97,551
145,445000,1,1,1603,26,93,163,8,256,380,103,574
146,446000,1,1,1526,23,96,176,2,244,358,103,524
147,447000,1,1,1649,17,104,186,7,235,448,117,535
148,448000,1,1,1726,13,112,207,7,232,410,111,634
149,449000,1,1,1557,50,79,159,6,260,364,97,542
150,450000,1,1,1672,52,98,164,6,275,419,80,578
151,451000,1,1,1626,22,89,181,2,245,384,100,603
152,452000,1,1,1649,34,104,181,2,237,430,99,562
153,453000,1,1,1555,12,94,194,4,231,366,113,541
154,454000,1,1,1580,31,102,164,11,249,370,105,548
155,455000,1,1,1584,31,101,172,3,244,347,92,594
156,456000,1,1,1563,27,82,171,7,270,348,89,569
157,457000,1,1,1683,48,89,216,6,245,387,114,578
158,458000,1,1,1813,29,97,184,5,258,446,90,704
159,459000,1,1,1657,17,92,196,2,250,415,94,591
160,460000,1,1,1658,39,124,237,4,237,323,120,574
161,461000,1,1,1626,59,108,188,6,234,392,115,524
162,462000,1,1,1554,24,90,178,3,263,308,97,591
163,463000,1,1,1654,42,97,189,1,255,422,93,555
164,464000,1,1,1578,27,92,184,6,256,343,85,585
165,465000,1,1,1725,24,101,206,5,240,437,100,612
166,466000,1,1,1668,18,97,184,3,279,405,84,598
167,467000,1,1,1615,56,99,180,2,288,328,96,566
168,468000,1,1,1539,33,106,129,5,262,364,81,559
169,469000,1,1,1635,36,92,194,1,264,361,91,596
170,470000,1,1,1576,58,98,233,3,240,311,101,532
171,471000,1,1,1522,35,90,199,10,257,346,109,476
172,472000,1,1,1596,29,85,174,7,268,390,89,554
173,473000,1,1,1485,29,95,178,7,248,307,98,523
174,474000,1,1,1584,17,84,209,4,216,348,116,590
175,475000,1,1,1631,37,106,146,1,242,374,91,634
176,476000,1,1,1565,32,95,165,12,259,355,92,555
177,477000,1,1,1759,39,100,170,4,223,462,110,651
178,478000,1,1,1496,40,93,171,3,252,287,90,560
179,479000,1,1,1517,13,98,183,3,227,362,118,513
180,480000,1,1,1431,40,95,167,2,231,300,92,504
181,481000,1,1,1508,52,92,144,9,248,362,84,517
182,482000,1,1,1656,47,102,169,12,231,400,100,595
183,483000,1,1,1652,40,107,217,1,253,371,100,563
184,484000,1,1,1789,24,101,178,5,254,474,93,660
185,485000,1,1,1626,49,109,219,6,265,336,92,550
186,486000,1,1,1469,24,93,182,1,245,341,91,492
187,487000,1,1,1527,38,89,163,9,246,358,94,530
188,488000,1,1,1630,30,81,191,6,247,386,95,594
189,489000,1,1,1703,43,94,199,4,239,407,105,612
190,490000,1,1,1770,25,99,176,4,251,466,93,656
191,491000,1,1,1512,28,79,172,4,277,338,85,529
192,492000,1,1,1707,43,92,196,6,211,435,112,612
193,493000,1,1,1728,22,95,220,3,200,413,122,653
194,494000,1,1,1755,42,94,175,0,229,431,109,675
195,495000,1,1,1651,59,88,165,3,241,378,87,630
196,496000,1,1,1734,24,100,208,6,229,478,126,563
197,497000,1,1,1620,18,101,204,5,231,379,118,564
198,498000,1,1,1604,21,103,187,2,250,340,96,605
199,499000,1,1,1709,38,101,216,10,233,412,111,588
200,500000,1,1,1645,49,106,158,1,259,379,84,609
201,501000,1,1,1557,32,97,187,2,235,366,96,542
202,502000,1,1,1735,38,86,162,8,259,460,94,628
203,503000,1,1,1578,41,105,153,9,247,379,96,548
204,504000,1,1,1634,47,87,159,12,250,422,94,563
205,505000,1,1,1603,32,110,230,5,233,359,113,521
206,506000,1,1,1565,24,104,171,10,274,325,92,565
207,507000,1,1,1696,52,104,155,3,261,421,82,618
208,508000,1,1,1662,26,103,188,4,271,350,96,624
209,509000,1,1,1470,22,103,189,11,239,306,109,491
210,510000,1,1,1746,37,101,206,12,242,420,108,620
211,511000,1,1,1687,71,94,159,6,257,395,94,611
212,512000,1,1,1761,22,94,182,5,255,441,101,661
213,513000,1,1,1461,35,102,97,2,296,311,69,549
214,514000,1,1,1556,28,103,175,6,265,368,92,519
215,515000,1,1,1663,64,94,206,6,251,384,94,564
216,516000,1,1,1625,36,103,155,7,240,371,93,620
217,517000,1,1,1681,26,118,232,10,217,396,114,568
218,518000,1,1,1509,58,99,204,3,259,287,109,490
219,519000,1,1,1517,33,100,160,2,259,325,74,564
220,520000,1,1,1585,34,104,184,2,240,340,101,580
221,521000,1,1,1604,10,103,192,6,223,414,125,531
222,522000,1,1,1674,55,92,142,7,245,457,92,584
223,523000,1,1,1530,21,114,181,4,272,306,96,536
224,524000,1,1,1547,8,110,185,3,243,373,99,526
225,525000,1,1,1574,11,89,184,7,243,361,106,573
226,526000,1,1,1705,55,115,196,4,251,390,105,589
227,527000,1,1,1589,32,96,172,7,256,338,95,593
228,528000,1,1,1588,37,105,235,9,211,338,118,535
229,529000,1,1,1563,38,98,175,5,232,357,94,564
230,530000,1,1,1502,36,78,139,5,276,328,83,557
231,531000,1,1,1612,47,111,200,4,237,335,105,573
232,532000,1,1,1721,21,82,202,1,230,452,96,637
233,533000,1,1,1574,21,95,201,3,219,367,124,544
234,534000,1,1,1536,11,95,182,4,236,361,123,524
235,535000,1,1,1653,11,92,208,8,239,423,92,580
236,536000,1,1,1575,43,98,150,3,271,363,80,567
237,537000,1,1,1498,47,104,159,3,240,346,102,497
238,538000,1,1,1684,43,104,167,4,264,411,91,600
239,539000,1,1,1612,33,104,171,4,255,397,81,567
240,540000,1,1,1567,47,106,211,1,236,327,111,528
241,541000,1,1,1728,26,91,171,1,254,451,92,642
242,542000,1,1,1573,44,106,196,2,255,346,90,534
243,543000,1,1,1523,23,91,182,10,265,308,99,545
244,544000,1,1,1540,36,107,161,1,252,353,86,544
245,545000,1,1,1811,16,87,176,1,245,503,99,684
246,546000,1,1,1577,51,91,194,3,281,303,87,567
247,547000,1,1,1650,34,87,203,7,236,405,95,583
248,548000,1,1,1648,47,106,147,7,258,409,84,590
249,549000,1,1,1583,50,107,174,7,258,345,86,556
250,550000,1,1,1686,33,101,186,6,248,403,107,602
251,551000,1,1,1428,15,98,180,3,244,277,104,507
252,552000,1,1,1478,33,90,169,4,239,334,102,507
253,553000,1,1,1572,26,104,205,6,239,339,105,548
254,554000,1,1,1520,13,90,170,8,258,352,102,527
255,555000,1,1,1504,11,95,234,6,229,345,118,466
256,556000,1,1,1523,55,108,148,3,263,355,82,509
257,557000,1,1,1716,30,106,197,1,262,412,107,601
258,558000,1,1,1617,18,105,207,0,261,369,103,554
259,559000,1,1,1631,38,95,173,0,247,407,87,584
260,560000,1,1,1597,42,87,185,3,253,372,84,571
261,561000,1,1,1505,45,84,152,9,260,365,87,503
262,562000,1,1,1652,23,118,189,9,260,369,105,579
263,563000,1,1,1578,27,93,156,2,260,390,86,564
264,564000,1,1,1715,37,102,207,6,231,466,111,555
265,565000,1,1,1666,40,94,203,10,258,386,96,579
266,566000,1,1,1794,21,114,163,8,281,489,88,630
267,567000,1,1,1672,43,85,156,2,257,429,99,601
268,568000,1,1,1617,37,100,210,4,249,349,107,561
269,569000,1,1,1605,56,112,168,6,230,359,111,563
270,570000,1,1,1585,61,94,145,9,282,342,81,571
271,571000,1,1,1752,52,99,235,0,214,467,127,558
272,572000,1,1,1556,19,95,173,0,280,334,86,569
273,573000,1,1,1498,42,87,132,0,251,376,94,516
274,574000,1,1,1546,20,99,215,2,241,347,95,527
275,575000,1,1,1503,42,86,199,0,240,352,105,479
276,576000,1,1,1650,41,108,174,6,234,396,113,578
277,577000,1,1,1675,33,89,189,9,250,414,96,595
278,578000,1,1,1574,30,84,169,1,259,391,85,555
279,579000,1,1,1470,38,95,168,3,245,317,92,512
280,580000,1,1,1631,14,87,177,5,254,415,98,581
281,581000,1,1,1716,18,99,196,3,254,427,115,604
282,582000,1,1,1650,37,102,177,4,264,394,91,581
283,583000,1,1,1632,10,107,196,2,218,423,113,563
284,584000,1,1,1878,23,88,163,7,263,528,96,710
285,585000,1,1,1632,40,94,195,3,215,389,112,584
286,586000,1,1,1573,30,101,173,3,273,339,77,577
287,587000,1,1,1586,28,99,194,1,231,388,114,531
288,588000,1,1,1494,34,87,200,11,250,323,107,482
289,589000,1,1,1529,45,105,156,3,260,325,82,553
290,590000,1,1,1728,32,97,188,3,256,425,98,629
291,591000,1,1,1656,35,80,173,4,239,404,102,619
292,592000,1,1,1542,52,105,177,1,273,317,86,531
293,593000,1,1,1795,49,108,172,2,259,467,98,640
294,594000,1,1,1467,25,87,250,2,211,277,133,482
295,595000,1,1,1533,30,99,169,3,243,347,88,554
296,596000,1,1,1634,29,101,170,8,261,398,100,567
297,597000,1,1,1900,35,103,220,2,236,501,107,696
298,598000,1,1,1557,30,97,185,5,256,344,101,539
299,599000,1,1,1802,35,99,176,2,243,488,103,656
300,600000,1,1,1960,85,114,186,3,280,507,87,698
301,601000,1,1,1701,36,97,159,6,260,446,90,607
302,602000,1,1,1547,45,94,187,1,282,285,90,563
303,603000,1,1,1756,28,108,213,5,230,482,116,574
304,604000,1,1,1559,30,85,174,9,242,351,100,568
305,605000,1,1,1495,26,83,190,7,251,315,87,536
306,606000,1,1,1454,12,79,219,7,241,268,127,501
307,607000,1,1,1615,22,96,162,9,263,382,85,596
308,608000,1,1,1553,28,101,175,4,268,377,89,511
309,609000,1,1,1596,51,96,161,4,248,414,101,521
310,610000,1,1,1979,43,96,179,9,258,551,88,755
311,611000,1,1,1640,31,111,151,3,255,398,76,615
312,612000,1,1,1608,36,102,166,10,240,389,103,562
313,613000,1,1,1559,36,98,203,3,247,351,112,509
314,614000,1,1,1747,38,107,227,0,221,459,101,594
315,615000,1,1,1621,26,104,196,0,235,407,108,545
316,616000,1,1,1583,56,101,172,0,246,325,100,583
317,617000,1,1,1831,47,101,191,0,227,496,106,663
318,618000,1,1,1663,27,103,192,0,235,406,109,591
319,619000,1,1,1574,26,96,185,0,236,364,95,572
320,620000,1,1,1711,36,99,199,2,233,419,110,613
321,621000,1,1,1596,35,102,142,5,255,399,89,569
322,622000,1,1,1488,19,88,165,8,268,312,104,524
323,623000,1,1,1530,37,98,188,3,245,301,116,542
324,624000,1,1,1615,18,91,184,5,243,396,104,574
325,625000,1,1,1636,27,89,167,3,255,414,91,590
326,626000,1,1,1560,41,95,203,8,228,337,107,541
327,627000,1,1,1545,32,101,160,3,251,356,85,557
328,628000,1,1,1525,47,99,144,4,236,321,96,578
329,629000,1,1,1534,46,102,209,5,233,328,97,514
330,630000,1,1,1674,48,104,190,7,236,341,100,648
331,631000,1,1,1485,44,95,173,7,246,298,93,529
332,632000,1,1,1807,25,97,189,7,244,511,102,632
333,633000,1,1,1611,24,112,194,0,241,375,98,567
334,634000,1,1,1501,54,104,180,4,248,308,110,493
335,635000,1,1,1681,12,84,233,7,205,420,137,583
336,636000,1,1,1687,56,79,171,6,256,426,97,596
337,637000,1,1,1490,22,96,149,10,229,331,110,543
338,638000,1,1,1628,45,86,200,4,236,370,99,588
339,639000,1,1,1551,20,96,193,8,211,380,125,518
340,640000,1,1,1614,36,88,158,9,266,347,99,611
341,641000,1,1,1629,20,108,182,1,260,370,99,589
342,642000,1,1,1594,16,100,182,5,251,360,94,586
343,643000,1,1,1624,35,101,198,2,239,357,100,592
344,644000,1,1,1605,37,91,182,8,250,337,88,612
345,645000,1,1,1459,29,97,187,4,255,299,102,486
346,646000,1,1,1617,36,85,188,12,235,380,104,577
347,647000,1,1,1604,46,101,180,4,256,361,89,567
348,648000,1,1,1449,6,99,195,4,224,343,115,463
349,649000,1,1,1558,40,99,175,1,275,351,81,536
350,650000,1,1,1536,50,77,137,16,254,377,89,536
351,651000,1,1,1542,38,98,193,5,234,320,98,556
352,652000,1,1,1668,66,89,124,10,276,389,69,645
353,653000,1,1,1519,19,97,190,3,240,328,104,538
354,654000,1,1,1461,9,95,203,5,228,323,116,482
355,655000,1,1,1479,52,93,136,3,260,337,81,517
356,656000,1,1,1675,52,90,167,18,244,375,105,624
357,657000,1,1,1728,65,114,206,7,240,411,116,569
358,658000,1,1,1957,54,106,188,8,250,527,100,724
359,659000,1,1,1529,16,99,199,1,244,344,113,513
360,660000,1,1,1667,69,103,189,4,250,343,90,619
361,661000,1,1,1587,39,105,197,0,248,355,101,542
362,662000,1,1,1642,46,102,175,3,234,393,93,596
363,663000,1,1,1515,53,88,170,14,249,322,104,515
364,664000,1,1,1630,16,94,202,1,208,429,124,556
365,665000,1,1,1500,30,90,196,5,240,308,104,527
366,666000,1,1,1762,69,98,166,11,260,435,102,621
367,667000,1,1,1554,64,101,193,2,226,332,103,533
368,668000,1,1,1701,25,83,236,5,201,387,130,634
369,669000,1,1,1576,50,89,171,18,255,351,85,557
370,670000,1,1,1592,20,116,190,2,259,331,104,570
371,671000,1,1,1663,34,106,145,2,266,424,81,605
372,672000,1,1,1691,21,99,180,3,256,430,94,608
373,673000,1,1,1730,23,84,171,4,256,447,91,654
374,674000,1,1,1637,34,106,194,3,241,396,96,567
375,675000,1,1,1647,51,98,143,5,262,372,78,638
376,676000,1,1,1683,41,82,132,9,270,398,76,675
377,677000,1,1,1590,53,82,173,5,234,368,100,575
378,678000,1,1,1431,14,116,198,1,233,267,100,502
379,679000,1,1,1679,15,114,191,1,213,468,124,553
380,680000,1,1,1739,9,92,229,6,222,431,124,626
381,681000,1,1,1638,42,87,192,3,241,411,94,568
382,682000,1,1,1552,19,99,172,4,252,348,84,574
383,683000,1,1,1675,64,109,192,3,245,406,109,547
384,684000,1,1,1599,11,84,199,4,243,388,87,583
385,685000,1,1,1563,44,91,170,12,242,409,106,489
386,686000,1,1,1569,44,103,163,3,255,350,94,557
387,687000,1,1,1749,55,93,187,4,251,433,91,635
388,688000,1,1,1634,44,111,214,8,252,349,107,549
389,689000,1,1,1520,8,94,174,2,247,371,96,528
390,690000,1,1,1658,56,93,175,10,257,370,90,607
391,691000,1,1,1900,18,108,188,11,232,516,117,710
392,692000,1,1,1807,50,96,198,8,260,461,83,651
393,693000,1,1,1571,41,105,176,4,232,335,103,575
394,694000,1,1,1562,33,103,173,5,248,334,86,580
395,695000,1,1,1767,49,106,156,8,259,459,98,632
396,696000,1,1,1708,18,94,180,7,283,459,97,570
397,697000,1,1,1725,32,114,162,3,277,434,76,627
398,698000,1,1,1422,41,99,177,2,234,266,110,493
399,699000,1,1,1642,37,89,189,2,240,393,98,594
400,700000,1,1,1528,48,84,159,5,272,301,100,559
401,701000,1,1,1531,33,99,198,2,261,322,96,520
402,702000,1,1,1531,31,105,153,9,262,325,86,560
403,703000,1,1,1536,29,93,158,5,232,326,111,582
404,704000,1,1,1638,23,94,175,6,246,380,89,625
405,705000,1,1,1550,43,89,155,8,243,355,86,571
406,706000,1,1,1445,52,88,153,5,260,247,82,558
407,707000,1,1,1514,20,95,167,4,232,329,102,565
408,708000,1,1,1714,39,101,170,4,249,410,101,640
409,709000,1,1,1551,22,102,210,8,254,310,107,538
410,710000,1,1,1678,88,74,214,7,237,397,106,555
411,711000,1,1,1582,67,103,181,0,232,361,99,539
412,712000,1,1,1505,34,84,169,6,254,313,85,560
413,713000,1,1,1502,42,76,207,6,244,299,105,523
414,714000,1,1,1624,51,101,198,5,242,386,99,542
415,715000,1,1,1550,46,103,189,7,233,322,103,547
416,716000,1,1,1731,34,97,174,11,221,438,98,658
417,717000,1,1,1611,28,91,186,9,217,399,118,563
418,718000,1,1,1748,22,93,156,8,286,467,81,635
419,719000,1,1,1654,38,96,195,7,237,424,92,565
420,720000,1,1,1580,24,102,185,5,252,351,89,572
421,721000,1,1,1676,27,101,199,10,206,442,123,568
422,722000,1,1,1510,65,104,202,3,240,301,91,504
423,723000,1,1,1609,22,98,189,2,253,397,98,550
424,724000,1,1,1603,36,106,171,5,252,366,94,573
425,725000,1,1,1534,39,108,216,4,218,315,124,510
426,726000,1,1,1527,12,88,224,3,232,336,114,518
427,727000,1,1,1591,35,100,202,4,229,370,98,553
428,728000,1,1,1565,50,112,134,0,271,364,76,558
429,729000,1,1,1699,35,110,193,2,252,422,103,582
430,730000,1,1,1548,52,98,174,1,238,306,98,581
431,731000,1,1,1744,42,106,217,3,232,431,117,596
432,732000,1,1,1438,50,96,175,2,232,306,100,477
433,733000,1,1,1520,28,96,171,9,227,350,105,534
434,734000,1,1,1563,24,98,188,5,243,373,91,541
435,735000,1,1,1539,26,82,130,14,248,388,107,544
436,736000,1,1,1674,47,102,151,13,259,441,90,571
437,737000,1,1,1597,63,88,184,6,253,373,83,547
438,738000,1,1,1719,14,94,167,4,259,478,102,601
439,739000,1,1,1687,26,99,158,0,269,433,87,615
440,740000,1,1,1500,43,88,121,4,252,364,83,545
441,741000,1,1,1649,13,93,160,3,256,383,88,653
442,742000,1,1,1689,64,98,163,3,255,366,89,651
443,743000,1,1,1758,23,80,209,4,255,466,126,595
444,744000,1,1,1702,16,96,167,3,252,402,93,673
445,745000,1,1,1595,38,91,173,3,272,372,83,563
446,746000,1,1,1692,57,84,177,3,289,366,91,625
447,747000,1,1,1692,22,94,171,8,261,406,85,645
448,748000,1,1,1553,33,101,144,2,269,329,83,592
449,749000,1,1,1732,51,87,167,9,273,426,78,641
450,750000,1,1,1952,62,99,230,8,222,535,116,680
451,751000,1,1,1518,15,99,173,4,232,339,99,557
452,752000,1,1,1746,22,100,195,2,222,462,109,634
453,753000,1,1,1597,36,110,189,2,234,378,98,550
454,754000,1,1,1662,18,99,163,1,248,449,97,587
455,755000,1,1,1675,28,102,179,3,249,405,83,626
456,756000,1,1,1584,36,95,150,0,257,371,88,587
457,757000,1,1,1645,16,90,181,8,261,421,102,566
458,758000,1,1,1557,58,90,149,9,257,326,84,584
459,759000,1,1,1402,25,102,192,5,253,251,100,474
460,760000,1,1,1768,54,100,192,2,270,394,93,663
461,761000,1,1,1456,25,108,166,1,257,299,95,505
462,762000,1,1,1716,23,109,230,3,232,407,106,606
463,763000,1,1,1374,24,95,159,6,252,298,96,444
464,764000,1,1,1397,31,89,181,4,229,291,114,458
465,765000,1,1,1437,29,110,138,0,247,317,98,498
466,766000,1,1,1746,32,92,190,3,246,479,86,618
467,767000,1,1,1686,25,98,149,5,256,420,96,637
468,768000,1,1,1556,34,90,187,6,231,384,94,530
469,769000,1,1,1555,31,92,226,9,233,328,109,527
470,770000,1,1,1631,55,93,192,1,242,367,93,588
471,771000,1,1,1556,34,93,177,4,236,363,93,556
472,772000,1,1,1504,20,88,186,10,233,311,100,556
473,773000,1,1,1598,44,107,163,0,246,370,102,566
474,774000,1,1,1699,54,95,213,3,248,403,102,581
475,775000,1,1,1463,40,95,182,15,230,310,99,492
476,776000,1,1,1558,7,96,169,4,256,353,100,573
477,777000,1,1,1578,10,88,169,5,225,400,105,576
478,778000,1,1,1591,55,82,164,12,251,368,86,573
479,779000,1,1,1545,50,100,143,2,256,353,95,546
480,780000,1,1,1633,68,106,158,1,292,365,74,569
481,781000,1,1,1732,36,98,167,10,250,421,98,652
482,782000,1,1,1559,52,109,164,9,268,340,81,536
483,783000,1,1,1568,55,95,228,7,235,280,110,558
484,784000,1,1,1703,12,88,209,4,227,459,123,581
485,785000,1,1,1592,54,100,192,8,262,324,90,562
486,786000,1,1,1605,48,103,138,8,249,397,105,557
487,787000,1,1,1459,36,85,200,3,249,316,105,465
488,788000,1,1,1619,16,90,197,5,228,387,105,591
489,789000,1,1,1573,25,102,166,2,251,359,108,560
490,790000,1,1,1526,33,91,229,4,240,282,107,540
491,791000,1,1,1637,25,91,212,2,246,354,107,600
492,792000,1,1,1542,34,113,193,6,250,328,104,514
493,793000,1,1,1678,13,94,193,2,218,444,116,598
494,794000,1,1,1580,9,88,173,7,260,383,90,570
495,795000,1,1,1566,44,80,187,7,272,357,84,535
496,796000,1,1,1447,43,101,173,7,241,283,90,509
497,797000,1,1,1477,55,72,151,3,276,292,90,538
498,798000,1,1,1402,48,98,142,3,272,290,72,477
499,799000,1,1,1564,18,103,165,1,240,398,89,550
500,800000,1,1,1472,22,109,183,3,230,343,99,483
501,801000,1,1,1766,64,93,185,4,232,421,105,662
502,802000,1,1,1642,25,103,222,3,218,364,120,587
503,803000,1,1,1638,35,94,157,6,256,430,87,573
504,804000,1,1,1535,28,93,167,8,221,363,109,546
505,805000,1,1,1675,16,87,193,4,233,439,111,592
506,806000,1,1,1580,35,89,158,3,242,370,92,591
507,807000,1,1,1583,12,98,183,10,272,381,97,530
508,808000,1,1,1703,24,92,196,5,234,445,107,600
509,809000,1,1,1625,33,97,191,1,246,391,111,555
510,810000,1,1,1857,47,93,189,11,238,441,112,726
511,811000,1,1,1435,24,102,186,8,227,332,114,442
512,812000,1,1,1528,42,90,180,7,264,276,91,578
513,813000,1,1,1622,11,98,218,3,224,406,120,542
514,814000,1,1,1881,74,103,158,9,267,469,90,711
515,815000,1,1,1577,35,77,122,5,290,382,72,594
516,816000,1,1,1801,28,111,168,3,241,504,92,654
517,817000,1,1,1677,13,107,173,4,266,404,86,624
518,818000,1,1,1649,31,112,151,1,258,417,82,597
519,819000,1,1,1686,12,92,195,5,220,430,115,617
520,820000,1,1,1749,48,86,147,4,271,454,72,667
521,821000,1,1,1688,45,88,133,3,253,452,85,629
522,822000,1,1,1448,31,95,182,10,241,297,102,490
523,823000,1,1,1683,24,91,198,5,233,418,99,615
524,824000,1,1,1709,33,94,163,5,252,420,102,640
525,825000,1,1,1589,24,99,231,5,232,333,120,545
526,826000,1,1,1663,31,99,185,3,252,410,102,581
527,827000,1,1,1579,36,98,160,4,244,376,86,575
528,828000,1,1,1604,55,93,231,4,229,366,104,522
529,829000,1,1,1500,33,104,122,13,260,341,82,545
530,830000,1,1,1589,34,106,230,6,222,369,129,493
531,831000,1,1,1550,46,92,188,9,261,353,91,510
532,832000,1,1,1615,58,92,208,2,261,361,85,548
533,833000,1,1,1618,64,105,166,0,264,355,90,574
534,834000,1,1,1607,17,114,194,2,249,365,112,554
535,835000,1,1,1716,28,82,199,2,222,417,104,662
536,836000,1,1,1471,29,99,172,1,241,311,103,515
537,837000,1,1,1719,21,100,230,2,210,436,121,599
538,838000,1,1,1538,22,116,183,2,240,351,116,508
539,839000,1,1,1584,42,84,183,5,234,358,104,574
540,840000,1,1,1837,40,99,206,4,255,475,103,655
541,841000,1,1,1600,38,104,174,11,289,332,90,562
542,842000,1,1,1504,25,100,212,3,247,305,108,504
543,843000,1,1,1769,31,97,188,1,243,466,105,638
544,844000,1,1,1812,27,111,202,8,221,505,120,618
545,845000,1,1,1699,28,94,174,13,256,402,88,644
546,846000,1,1,1659,24,96,192,4,238,401,105,599
547,847000,1,1,1576,41,96,157,5,260,360,91,566
548,848000,1,1,1720,82,105,160,4,258,407,82,622
549,849000,1,1,1634,35,86,168,4,248,426,96,571
550,850000,1,1,1760,22,111,202,3,241,437,104,640
551,851000,1,1,1706,39,85,208,11,254,405,112,592
552,852000,1,1,1727,51,99,207,3,237,386,99,645
553,853000,1,1,1503,26,105,200,1,238,334,113,486
554,854000,1,1,1671,48,81,172,4,234,428,99,605
555,855000,1,1,1357,45,95,136,4,270,266,81,460
556,856000,1,1,1720,69,83,250,2,224,386,108,598
557,857000,1,1,1722,33,84,200,6,258,403,90,648
558,858000,1,1,1653,37,111,167,8,259,408,90,573
559,859000,1,1,1467,42,87,176,7,233,312,107,503
560,860000,1,1,1579,35,103,198,4,260,343,101,535
561,861000,1,1,1600,48,84,152,10,259,384,99,564
562,862000,1,1,1566,18,105,178,3,254,359,97,552
563,863000,1,1,1783,7,108,204,3,253,470,116,622
564,864000,1,1,1608,23,90,187,2,246,403,87,570
565,865000,1,1,1515,34,96,179,1,238,354,103,510
566,866000,1,1,1715,27,96,178,3,237,423,111,640
567,867000,1,1,1615,44,100,155,9,288,333,87,599
568,868000,1,1,1574,26,97,211,2,238,379,97,524
569,869000,1,1,1553,40,105,222,6,215,305,119,541
570,870000,1,1,1634,32,98,209,2,221,415,116,541
571,871000,1,1,1542,21,97,179,0,264,307,90,584
572,872000,1,1,1836,37,112,227,17,228,482,138,595
573,873000,1,1,1599,59,103,131,5,266,375,67,593
574,874000,1,1,1609,25,78,179,6,246,419,98,558
575,875000,1,1,1633,23,114,186,4,252,389,97,568
576,876000,1,1,1592,27,97,182,4,257,388,106,531
577,877000,1,1,1640,33,101,170,10,244,444,84,554
578,878000,1,1,1493,61,100,213,2,249,248,107,513
579,879000,1,1,1497,15,105,182,5,244,317,91,538
580,880000,1,1,1667,36,93,165,0,259,395,99,620
581,881000,1,1,1684,30,93,185,5,264,419,83,605
582,882000,1,1,1605,48,89,166,6,246,377,108,565
583,883000,1,1,1570,27,100,191,4,243,362,86,557
584,884000,1,1,1613,12,100,190,8,264,351,101,587
585,885000,1,1,1660,61,91,178,12,268,374,94,582
586,886000,1,1,1465,23,95,179,5,241,311,112,499
587,887000,1,1,1635,15,98,194,5,242,378,102,601
588,888000,1,1,1520,32,113,212,6,238,318,104,497
589,889000,1,1,1890,20,85,212,2,245,541,111,674
590,890000,1,1,1475,44,92,131,13,274,287,71,563
591,891000,1,1,1912,35,90,144,5,283,550,77,728
592,892000,1,1,1634,32,100,187,2,265,350,97,601
593,893000,1,1,1645,29,96,205,4,223,424,125,539
594,894000,1,1,1524,22,89,186,3,247,353,105,519
595,895000,1,1,1628,36,94,160,10,239,418,99,572
596,896000,1,1,1617,26,90,186,3,253,412,82,565
597,897000,1,1,1525,57,72,167,6,279,295,85,564
598,898000,1,1,1578,30,102,206,9,229,374,110,518
599,899000,1,1,1518,42,81,155,7,258,340,88,547
600,900000,1,1,2021,8,91,195,2,256,593,94,782
601,901000,1,1,1538,61,100,158,9,244,290,90,586
602,902000,1,1,1770,6,110,188,2,237,498,112,617
603,903000,1,1,1537,13,101,175,7,241,404,108,488
604,904000,1,1,1435,12,86,179,2,247,328,101,480
605,905000,1,1,1664,49,96,168,8,257,425,90,571
606,906000,1,1,1584,39,95,162,3,238,380,92,575
607,907000,1,1,1590,20,92,204,3,237,361,109,564
608,908000,1,1,1682,41,107,166,14,248,386,96,624
609,909000,1,1,1801,50,95,157,9,264,457,94,675
610,910000,1,1,1588,3,96,199,2,254,368,113,553
611,911000,1,1,1624,51,88,160,1,252,392,89,591
612,912000,1,1,1851,11,107,201,4,247,486,109,686
613,913000,1,1,1619,43,110,183,6,239,377,109,552
614,914000,1,1,1737,46,108,187,2,233,420,102,639
615,915000,1,1,1673,28,109,181,2,255,387,86,625
616,916000,1,1,1691,51,97,210,6,247,402,112,566
617,917000,1,1,1522,27,88,174,2,256,355,94,526
618,918000,1,1,1610,9,101,218,1,224,365,116,576
619,919000,1,1,1490,57,84,185,5,245,303,103,508
620,920000,1,1,1445,60,108,185,0,255,256,97,484
621,921000,1,1,1712,40,104,158,2,269,420,80,639
622,922000,1,1,1623,47,94,174,2,248,403,94,561
623,923000,1,1,1546,15,88,175,2,261,353,92,560
624,924000,1,1,1651,18,93,180,2,240,429,97,592
625,925000,1,1,1653,31,95,147,6,249,436,78,611
626,926000,1,1,1727,57,97,160,16,253,386,94,664
627,927000,1,1,1482,62,104,129,7,255,318,88,519
628,928000,1,1,1492,30,97,175,5,273,320,82,510
629,929000,1,1,1477,27,88,217,2,209,319,113,502
630,930000,1,1,1833,24,112,213,2,245,490,97,650
631,931000,1,1,1647,36,100,192,10,247,364,103,595
632,932000,1,1,1622,37,118,180,3,242,389,101,552
633,933000,1,1,1568,63,92,179,11,246,342,94,541
634,934000,1,1,1534,23,93,185,10,238,358,93,534
635,935000,1,1,1775,52,95,176,4,246,475,97,630
636,936000,1,1,1623,17,92,201,4,244,358,111,596
637,937000,1,1,1844,31,98,200,3,243,481,105,683
638,938000,1,1,1575,15,91,193,4,253,399,106,514
639,939000,1,1,1592,18,98,196,3,224,375,113,565
640,940000,1,1,1727,37,93,148,10,264,418,90,667
641,941000,1,1,1617,26,83,233,1,224,378,118,554
642,942000,1,1,1579,28,84,164,3,247,380,90,583
643,943000,1,1,1611,44,91,173,6,235,390,104,568
644,944000,1,1,1571,45,81,183,2,232,347,95,586
645,945000,1,1,1565,32,91,178,2,246,390,104,522
646,946000,1,1,1557,10,104,185,1,235,349,103,570
647,947000,1,1,1719,22,88,183,4,247,438,95,642
648,948000,1,1,1627,18,106,170,0,265,390,91,587
649,949000,1,1,1670,19,118,223,3,241,383,115,568
650,950000,1,1,1714,48,97,163,3,243,443,90,627
651,951000,1,1,1568,48,95,125,3,249,426,79,543
652,952000,1,1,1534,62,85,169,0,247,358,101,512
653,953000,1,1,1613,52,106,174,0,245,388,100,548
654,954000,1,1,1586,32,101,164,1,243,399,101,545
655,955000,1,1,1453,42,96,133,0,254,344,88,496
656,956000,1,1,1622,55,106,164,1,240,372,98,586
657,957000,1,1,1704,45,100,153,2,272,425,83,624
658,958000,1,1,1687,39,102,200,3,250,410,97,586
659,959000,1,1,1697,20,90,192,9,255,384,108,639
660,960000,1,1,1515,20,103,170,2,259,351,91,519
661,961000,1,1,1754,25,96,220,1,236,451,111,614
662,962000,1,1,1694,30,86,180,9,239,422,100,628
663,963000,1,1,1663,53,89,176,3,233,447,99,563
664,964000,1,1,1675,27,102,156,8,259,443,95,585
665,965000,1,1,1547,37,89,164,8,256,351,91,551
666,966000,1,1,1654,21,91,204,2,234,387,99,616
667,967000,1,1,1667,46,80,166,0,265,421,90,599
668,968000,1,1,1721,34,102,188,0,255,441,106,595
669,969000,1,1,1510,33,90,183,2,266,328,100,508
670,970000,1,1,1530,41,89,159,0,259,362,94,526
671,971000,1,1,1537,49,89,202,2,241,335,100,519
672,972000,1,1,1642,40,86,134,7,298,403,75,599
673,973000,1,1,1745,7,104,230,5,211,440,123,625
674,974000,1,1,1665,24,86,204,8,237,396,115,595
675,975000,1,1,1770,23,93,183,7,264,447,92,661
676,976000,1,1,1602,7,81,168,4,241,399,107,595
677,977000,1,1,1811,49,89,144,7,248,476,91,707
678,978000,1,1,1752,16,91,225,5,222,452,133,608
679,979000,1,1,1942,62,100,196,4,238,563,99,680
680,980000,1,1,1492,42,87,184,5,230,322,100,522
681,981000,1,1,1663,44,89,169,10,242,392,100,617
682,982000,1,1,1634,56,91,173,9,256,378,96,575
683,983000,1,1,1638,22,121,218,4,237,368,127,541
684,984000,1,1,1646,33,103,183,3,248,417,98,561
685,985000,1,1,1736,66,110,178,4,262,418,91,607
686,986000,1,1,1629,60,108,191,2,228,374,106,560
687,987000,1,1,1794,45,85,181,12,254,458,100,659
688,988000,1,1,1588,39,103,176,0,264,345,91,570
689,989000,1,1,1648,41,109,186,1,241,387,98,585
690,990000,1,1,1796,21,107,181,4,248,444,106,685
691,991000,1,1,1701,31,114,141,4,247,456,96,612
692,992000,1,1,1387,66,75,141,9,276,286,87,447
693,993000,1,1,1754,59,91,145,4,272,424,77,682
694,994000,1,1,1701,36,85,165,11,250,441,107,606
695,995000,1,1,1797,13,101,205,5,254,492,96,631
696,996000,1,1,1672,32,107,167,6,229,420,91,620
697,997000,1,1,1567,52,89,202,2,224,377,95,526
698,998000,1,1,1717,36,85,135,7,257,480,89,628
699,999000,1,1,1747,63,99,209,7,236,469,102,562
700,1000000,1,1,1529,59,106,149,2,264,358,86,505
701,1001000,1,1,1595,51,100,171,5,231,372,101,564
702,1002000,1,1,1691,22,106,183,4,254,427,90,605
703,1003000,1,1,1556,49,112,164,4,261,341,88,537
704,1004000,1,1,1740,56,102,162,7,260,405,95,653
705,1005000,1,1,1667,57,100,194,6,245,409,96,560
706,1006000,1,1,1511,48,101,148,4,270,335,73,532
707,1007000,1,1,1530,37,98,152,2,267,350,76,548
708,1008000,1,1,1482,63,86,197,10,214,312,120,480
709,1009000,1,1,1642,22,94,172,2,232,417,102,601
710,1010000,1,1,1611,19,95,176,3,250,381,105,582
711,1011000,1,1,1529,58,98,154,10,248,350,84,527
712,1012000,1,1,1716,20,92,164,6,248,430,102,654
713,1013000,1,1,1616,34,103,198,6,239,360,101,575
714,1014000,1,1,1601,21,98,192,3,249,388,100,550
715,1015000,1,1,1547,51,96,187,7,244,329,98,535
716,1016000,1,1,1694,23,106,188,1,256,403,101,616
717,1017000,1,1,1785,41,102,196,1,240,458,102,645
718,1018000,1,1,1627,38,110,169,4,262,336,77,631
719,1019000,1,1,1825,34,89,196,8,225,512,115,646
720,1020000,1,1,1481,23,87,170,5,235,320,100,541
721,1021000,1,1,1412,16,99,187,2,239,294,114,461
722,1022000,1,1,1749,18,81,211,7,242,456,119,615
723,1023000,1,1,1588,22,116,190,4,235,372,111,538
724,1024000,1,1,1619,41,92,185,2,242,383,103,571
725,1025000,1,1,1408,16,102,200,1,222,296,107,464
726,1026000,1,1,1723,17,93,195,4,216,432,118,648
727,1027000,1,1,1657,20,115,157,3,255,391,90,626
728,1028000,1,1,1493,39,79,153,3,257,332,91,539
729,1029000,1,1,1582,47,75,166,10,255,378,106,545
730,1030000,1,1,1785,36,95,179,6,250,477,83,659
731,1031000,1,1,1518,23,97,183,6,262,340,100,507
732,1032000,1,1,1585,21,99,189,6,249,377,102,542
733,1033000,1,1,1624,23,98,154,9,257,427,89,567
734,1034000,1,1,1719,52,112,190,4,249,427,110,575
735,1035000,1,1,1655,40,104,182,7,242,353,98,629
736,1036000,1,1,1662,33,91,158,4,252,403,87,634
737,1037000,1,1,1502,17,115,187,7,230,321,110,515
738,1038000,1,1,1569,21,91,210,8,229,370,118,522
739,1039000,1,1,1605,25,104,201,4,240,393,111,527
740,1040000,1,1,1524,25,104,189,2,235,327,107,535
741,1041000,1,1,1726,43,95,126,8,260,433,82,679
742,1042000,1,1,1532,20,92,177,3,253,374,99,514
743,1043000,1,1,1587,45,94,140,5,265,363,75,600
744,1044000,1,1,1514,20,86,206,8,240,311,114,529
745,1045000,1,1,1773,29,111,166,7,243,488,105,624
746,1046000,1,1,1596,60,89,172,9,265,340,92,569
747,1047000,1,1,1436,23,103,202,5,215,273,120,495
748,1048000,1,1,1737,48,88,130,0,264,471,82,654
749,1049000,1,1,1643,54,108,170,3,245,399,92,572
750,1050000,1,1,1646,57,132,204,4,242,340,100,567
751,1051000,1,1,1985,25,102,204,8,257,575,108,706
752,1052000,1,1,1659,15,91,178,5,241,380,97,652
753,1053000,1,1,1683,20,109,189,7,230,415,103,610
754,1054000,1,1,1724,23,90,186,4,239,452,104,626
755,1055000,1,1,1522,31,105,156,2,269,333,91,535
756,1056000,1,1,1561,23,93,192,3,245,334,101,570
757,1057000,1,1,1718,60,91,197,4,268,414,97,587
758,1058000,1,1,1456,28,97,159,7,251,292,78,544
759,1059000,1,1,1602,36,104,168,3,251,338,99,603
760,1060000,1,1,1684,44,89,198,5,245,353,97,653
761,1061000,1,1,1626,32,85,160,2,248,439,98,562
762,1062000,1,1,1680,36,99,208,4,234,417,121,561
763,1063000,1,1,1613,66,107,228,9,219,318,111,555
764,1064000,1,1,1560,42,97,147,6,236,353,89,590
765,1065000,1,1,1549,35,77,211,5,230,342,104,545
766,1066000,1,1,1583,39,100,174,1,233,375,98,563
767,1067000,1,1,1594,17,107,188,3,250,391,103,535
768,1068000,1,1,1482,39,100,170,2,250,324,84,513
769,1069000,1,1,1532,59,103,148,4,252,337,82,547
770,1070000,1,1,1606,26,103,221,6,209,359,135,547
771,1071000,1,1,1618,29,91,162,5,253,370,90,618
772,1072000,1,1,1764,24,101,185,3,232,468,97,654
773,1073000,1,1,1668,40,109,168,2,237,423,99,590
774,1074000,1,1,1495,10,98,186,2,227,314,111,547
775,1075000,1,1,1631,28,92,220,14,237,345,127,568
776,1076000,1,1,1921,24,111,180,4,249,524,106,723
777,1077000,1,1,1817,27,98,213,3,236,514,98,628
778,1078000,1,1,1412,35,102,132,4,277,243,72,547
779,1079000,1,1,1779,20,97,152,3,253,491,95,668
780,1080000,1,1,1598,43,88,170,2,241,370,113,571
781,1081000,1,1,1398,36,98,145,9,260,320,83,447
782,1082000,1,1,1462,23,93,159,2,263,341,93,488
783,1083000,1,1,1705,11,111,173,2,263,450,101,594
784,1084000,1,1,1595,35,108,200,0,237,352,94,569
785,1085000,1,1,1632,36,128,187,1,268,355,78,579
786,1086000,1,1,1658,54,98,204,2,236,384,105,575
787,1087000,1,1,1703,33,101,194,0,257,444,92,582
788,1088000,1,1,1662,25,103,182,1,252,396,94,609
789,1089000,1,1,1515,49,111,184,5,247,300,108,511
790,1090000,1,1,1670,20,109,168,8,262,416,98,589
791,1091000,1,1,1652,25,108,173,1,244,448,91,562
792,1092000,1,1,1623,73,94,194,1,241,350,90,580
793,1093000,1,1,1401,39,97,176,2,258,259,79,491
794,1094000,1,1,1647,30,101,186,1,231,399,105,594
795,1095000,1,1,1726,21,93,176,2,248,459,86,641
796,1096000,1,1,1580,25,95,230,2,216,344,128,540
797,1097000,1,1,1737,34,81,186,3,235,458,94,646
798,1098000,1,1,1676,80,91,211,7,229,341,112,605
799,1099000,1,1,1612,34,94,209,6,232,373,91,573
800,1100000,1,1,1525,39,99,184,1,243,346,102,511
801,1101000,1,1,1720,36,95,162,1,265,488,78,595
802,1102000,1,1,1691,30,92,238,0,260,399,95,577
803,1103000,1,1,1903,35,85,164,4,249,554,86,726
804,1104000,1,1,1533,62,103,134,0,261,334,70,569
805,1105000,1,1,1655,24,107,165,5,252,393,96,613
806,1106000,1,1,1408,37,110,192,8,238,258,103,462
807,1107000,1,1,1732,30,80,183,6,259,454,91,629
808,1108000,1,1,1545,24,92,176,9,240,338,99,567
809,1109000,1,1,1428,25,106,174,1,254,231,86,551
810,1110000,1,1,1664,23,101,181,10,257,364,95,633
811,1111000,1,1,1601,52,91,183,4,226,384,98,563
812,1112000,1,1,1431,17,93,174,6,228,296,101,516
813,1113000,1,1,1695,21,86,200,5,233,445,108,597
814,1114000,1,1,1566,43,93,140,2,283,366,80,559
815,1115000,1,1,1740,37,81,157,6,290,434,64,671
816,1116000,1,1,1870,66,112,186,0,254,484,99,669
817,1117000,1,1,1882,30,92,167,3,229,536,94,731
818,1118000,1,1,1748,24,94,175,2,240,459,92,662
819,1119000,1,1,1467,28,79,190,11,254,296,94,515
820,1120000,1,1,1648,36,102,176,8,251,367,91,617
821,1121000,1,1,1517,33,103,152,2,249,350,94,534
822,1122000,1,1,1525,22,83,166,4,257,351,84,558
823,1123000,1,1,1789,38,102,176,6,265,460,99,643
824,1124000,1,1,1658,27,107,208,1,233,397,111,574
825,1125000,1,1,1560,15,85,214,7,246,357,117,519
826,1126000,1,1,1713,25,94,210,4,211,487,114,568
827,1127000,1,1,1791,20,107,193,3,244,462,101,661
828,1128000,1,1,1516,34,99,152,1,247,376,113,494
829,1129000,1,1,1440,7,97,192,14,238,315,115,462
830,1130000,1,1,1542,51,121,129,4,241,373,83,540
831,1131000,1,1,1684,53,93,162,6,258,406,106,600
832,1132000,1,1,1450,31,97,177,6,264,288,96,491
833,1133000,1,1,1588,22,100,199,10,215,369,110,563
834,1134000,1,1,1708,57,103,181,3,250,435,99,580
835,1135000,1,1,1754,39,101,191,4,259,437,97,626
836,1136000,1,1,1581,16,86,194,4,232,373,113,563
837,1137000,1,1,1533,31,84,184,5,232,349,101,547
838,1138000,1,1,1593,65,95,152,11,258,366,85,561
839,1139000,1,1,1721,23,92,176,6,252,477,100,595
840,1140000,1,1,1471,30,107,171,4,235,293,97,534
841,1141000,1,1,1612,28,87,214,10,238,366,105,564
842,1142000,1,1,1639,33,102,194,4,241,389,99,577
843,1143000,1,1,1630,36,88,176,2,274,366,94,594
844,1144000,1,1,1629,56,114,175,2,250,388,79,565
845,1145000,1,1,1642,35,110,169,11,254,368,91,604
846,1146000,1,1,1529,34,103,158,9,243,331,109,542
847,1147000,1,1,1540,17,98,184,3,248,376,90,524
848,1148000,1,1,1449,46,88,128,6,247,309,96,529
849,1149000,1,1,1867,29,93,175,4,252,535,95,684
850,1150000,1,1,1655,29,110,203,2,231,389,106,585
851,1151000,1,1,1679,41,88,203,8,245,425,96,573
852,1152000,1,1,1689,35,102,207,4,246,417,88,590
853,1153000,1,1,1677,57,81,189,2,262,376,81,629
854,1154000,1,1,1672,42,103,195,4,239,418,103,568
855,1155000,1,1,1807,24,101,197,4,256,462,113,650
856,1156000,1,1,1590,33,111,178,3,251,379,89,546
857,1157000,1,1,1453,49,102,180,1,245,270,92,514
858,1158000,1,1,1568,36,94,214,3,209,358,124,530
859,1159000,1,1,1774,33,101,114,0,276,464,77,709
860,1160000,1,1,1484,36,80,176,9,251,284,96,552
861,1161000,1,1,1534,23,110,172,2,262,323,93,549
862,1162000,1,1,1582,37,97,213,6,232,313,114,570
863,1163000,1,1,1625,22,106,198,7,238,386,125,543
864,1164000,1,1,1561,27,97,177,6,230,361,96,567
865,1165000,1,1,1649,44,96,180,5,224,381,119,600
866,1166000,1,1,1735,24,98,170,2,256,477,93,615
867,1167000,1,1,1508,43,102,134,2,257,359,86,525
868,1168000,1,1,1597,54,103,157,7,248,394,93,541
869,1169000,1,1,1685,24,118,210,0,222,389,115,607
870,1170000,1,1,1887,55,121,212,0,227,491,112,669
871,1171000,1,1,1659,42,97,143,1,259,424,86,607
872,1172000,1,1,1596,33,102,180,3,258,394,93,533
873,1173000,1,1,1576,28,99,183,11,254,339,105,557
874,1174000,1,1,1512,19,92,194,4,229,362,110,502
875,1175000,1,1,1641,40,102,147,4,256,402,81,609
876,1176000,1,1,1622,42,81,179,6,253,358,116,587
877,1177000,1,1,1517,50,96,183,7,251,281,86,563
878,1178000,1,1,1915,39,80,177,7,244,558,116,694
879,1179000,1,1,1590,49,92,135,2,272,428,80,532
880,1180000,1,1,1498,41,98,156,8,252,304,90,549
881,1181000,1,1,1537,32,87,123,5,255,366,80,589
882,1182000,1,1,1603,62,97,164,17,263,307,95,598
883,1183000,1,1,1593,21,104,168,2,238,417,105,538
884,1184000,1,1,1561,19,102,198,2,249,330,106,555
885,1185000,1,1,1486,18,90,174,7,256,348,98,495
886,1186000,1,1,1472,18,95,173,6,249,321,98,512
887,1187000,1,1,1583,42,100,139,4,241,389,83,585
888,1188000,1,1,1427,40,92,159,5,247,272,105,507
889,1189000,1,1,1748,49,110,172,3,247,420,103,644
890,1190000,1,1,1726,15,122,192,10,269,407,111,600
891,1191000,1,1,1554,18,83,204,4,272,313,114,546
892,1192000,1,1,1613,53,104,175,5,253,357,92,574
893,1193000,1,1,1558,25,112,180,1,240,331,109,560
894,1194000,1,1,1623,36,92,206,5,227,335,117,605
895,1195000,1,1,1426,31,89,175,5,245,315,91,475
896,1196000,1,1,1631,18,85,197,8,250,385,100,588
897,1197000,1,1,1745,25,96,196,5,231,461,106,625
898,1198000,1,1,1499,37,105,176,3,253,306,96,523
899,1199000,1,1,1698,40,99,174,1,244,423,105,612
900,1200000,1,1,1702,52,80,208,4,230,437,120,571
901,1201000,1,1,1511,25,87,201,9,239,323,107,520
902,1202000,1,1,1771,32,99,195,3,227,446,115,654
903,1203000,1,1,1633,11,99,208,18,215,413,126,543
904,1204000,1,1,1718,33,94,186,3,257,411,93,641
905,1205000,1,1,1568,11,98,200,1,246,346,96,570
906,1206000,1,1,1512,19,98,188,2,240,342,105,518
907,1207000,1,1,1544,54,103,188,4,212,351,124,508
908,1208000,1,1,1527,24,96,169,7,243,349,93,546
909,1209000,1,1,1822,27,99,186,6,247,476,93,688
910,1210000,1,1,1689,43,100,142,1,273,407,71,652
911,1211000,1,1,1550,28,105,155,8,253,387,99,515
912,1212000,1,1,1452,39,104,160,1,236,292,87,533
913,1213000,1,1,1805,34,93,198,6,264,471,103,636
914,1214000,1,1,1633,39,109,186,3,248,393,93,562
915,1215000,1,1,1596,29,89,181,6,265,351,86,589
916,1216000,1,1,1606,39,91,214,6,226,386,115,529
917,1217000,1,1,1476,49,85,184,1,236,308,103,510
918,1218000,1,1,1775,21,98,171,4,248,482,98,653
919,1219000,1,1,1721,65,82,162,18,263,429,99,603
920,1220000,1,1,1536,32,93,152,8,251,377,95,528
921,1221000,1,1,1630,23,119,173,5,258,413,103,536
922,1222000,1,1,1617,32,90,182,2,263,369,88,591
923,1223000,1,1,1567,13,80,166,2,251,366,87,602
924,1224000,1,1,1547,9,96,171,1,259,356,96,559
925,1225000,1,1,1495,60,93,190,3,249,283,99,518
926,1226000,1,1,1742,36,87,201,9,227,452,103,627
927,1227000,1,1,1593,38,97,188,3,250,363,107,547
928,1228000,1,1,1719,44,79,150,2,283,436,93,632
929,1229000,1,1,1562,42,102,161,5,239,336,92,585
930,1230000,1,1,1670,29,99,192,2,224,421,118,585
931,1231000,1,1,1669,30,96,198,13,245,386,98,603
932,1232000,1,1,1510,17,102,210,4,216,336,130,495
933,1233000,1,1,1578,17,97,199,3,233,402,107,520
934,1234000,1,1,1424,27,89,145,4,271,306,81,501
935,1235000,1,1,1610,18,108,225,2,233,399,106,519
936,1236000,1,1,1582,21,97,186,1,252,396,95,534
937,1237000,1,1,1470,32,94,134,4,256,347,87,516
938,1238000,1,1,1649,33,107,169,3,222,405,92,618
939,1239000,1,1,1936,25,101,187,4,248,562,100,709
940,1240000,1,1,1539,50,93,180,4,248,331,107,526
941,1241000,1,1,1540,67,101,156,4,256,317,85,554
942,1242000,1,1,1588,31,91,210,6,225,343,109,573
943,1243000,1,1,1623,45,86,187,9,269,348,89,590
944,1244000,1,1,1653,23,97,175,13,269,414,98,564
945,1245000,1,1,1690,35,109,204,8,223,388,123,600
946,1246000,1,1,1602,41,111,162,2,261,370,81,574
947,1247000,1,1,1620,52,86,166,4,252,422,105,533
948,1248000,1,1,1491,22,96,193,4,226,317,110,523
949,1249000,1,1,1695,18,110,185,2,255,393,104,628
950,1250000,1,1,1589,79,98,239,2,218,340,123,490
951,1251000,1,1,1689,43,93,214,10,261,374,101,593
952,1252000,1,1,1544,19,103,199,4,241,327,103,548
953,1253000,1,1,1556,47,96,161,12,242,334,109,555
954,1254000,1,1,1564,36,98,196,1,247,340,102,544
955,1255000,1,1,1662,43,97,166,7,245,386,98,620
956,1256000,1,1,1841,16,81,176,6,265,519,87,691
957,1257000,1,1,1464,61,103,185,9,218,271,111,506
958,1258000,1,1,1547,47,96,202,6,257,336,87,516
959,1259000,1,1,1554,23,118,203,7,233,362,120,488
960,1260000,1,1,1776,35,121,183,6,221,437,103,670
961,1261000,1,1,1654,35,111,177,14,248,390,103,576
962,1262000,1,1,1601,43,88,186,4,256,344,99,581
963,1263000,1,1,1636,39,95,167,3,262,425,70,575
964,1264000,1,1,1664,58,88,161,11,232,414,98,602
965,1265000,1,1,1574,7,84,179,7,234,430,109,524
966,1266000,1,1,1517,42,101,165,4,246,321,96,542
967,1267000,1,1,1588,21,102,174,8,250,345,104,584
968,1268000,1,1,1616,17,99,169,11,246,372,106,596
969,1269000,1,1,1678,42,89,183,10,233,419,110,592
970,1270000,1,1,1587,44,85,134,6,294,338,77,609
971,1271000,1,1,1594,24,94,203,3,219,392,102,557
972,1272000,1,1,1444,54,89,166,3,232,307,106,487
973,1273000,1,1,1992,26,98,227,5,218,544,128,746
974,1274000,1,1,1523,20,102,177,7,242,351,94,530
975,1275000,1,1,1651,21,81,174,5,261,423,93,593
976,1276000,1,1,1734,48,90,184,1,264,437,99,611
977,1277000,1,1,1781,15,79,198,9,220,460,119,681
978,1278000,1,1,1671,39,89,176,9,250,443,97,568
979,1279000,1,1,1624,33,107,162,7,259,393,98,565
980,1280000,1,1,1687,38,96,213,5,249,408,101,577
981,1281000,1,1,1752,15,91,207,6,220,487,126,600
982,1282000,1,1,1697,38,105,155,3,243,428,89,636
983,1283000,1,1,1807,15,102,183,4,262,484,87,670
984,1284000,1,1,1555,35,89,154,4,236,377,87,573
985,1285000,1,1,1625,40,91,199,9,250,362,113,561
986,1286000,1,1,1522,24,86,218,4,226,326,133,505
987,1287000,1,1,1456,40,102,161,3,255,294,85,516
988,1288000,1,1,1524,43,91,183,4,242,322,93,546
989,1289000,1,1,1602,51,86,180,3,233,384,99,566
990,1290000,1,1,1545,50,101,149,5,256,350,83,551
991,1291000,1,1,1728,48,89,199,1,241,432,107,611
992,1292000,1,1,1519,15,96,182,1,258,348,92,527
993,1293000,1,1,1552,24,95,196,6,251,331,103,546
994,1294000,1,1,1687,20,95,223,1,245,437,102,564
995,1295000,1,1,1577,28,98,216,0,240,370,102,523
996,1296000,1,1,1695,33,91,190,2,242,413,87,637
997,1297000,1,1,1703,57,102,162,5,276,357,87,657
998,1298000,1,1,1604,57,90,162,9,238,395,110,543
999,1299000,1,1,1532,67,93,152,2,261,335,75,547
1000,1300000,1,1,1556,34,105,173,3,263,366,83,529
1001,1301000,1,1,1551,37,95,200,3,241,344,92,539
1002,1302000,1,1,1506,40,111,161,1,248,307,96,542
1003,1303000,1,1,1680,51,92,146,4,263,447,86,591
1004,1304000,1,1,1543,13,97,213,1,224,335,121,539
1005,1305000,1,1,1851,23,96,180,2,243,520,99,688
1006,1306000,1,1,1734,54,97,182,0,241,456,102,602
1007,1307000,1,1,1616,40,106,202,1,212,375,121,559
1008,1308000,1,1,1641,18,94,189,1,266,366,113,594
1009,1309000,1,1,1611,9,98,189,2,245,387,106,575
1010,1310000,1,1,1570,66,91,169,2,252,329,97,564
1011,1311000,1,1,1575,35,106,164,8,228,348,115,571
1012,1312000,1,1,1570,38,87,196,4,274,341,92,538
1013,1313000,1,1,1752,24,87,182,4,245,500,105,605
1014,1314000,1,1,1450,18,99,177,4,250,332,91,479
1015,1315000,1,1,1631,34,101,209,5,244,362,101,575
1016,1316000,1,1,1773,22,100,221,4,243,433,108,642
1017,1317000,1,1,1619,52,90,145,9,252,390,84,597
1018,1318000,1,1,1579,16,109,175,4,245,378,108,544
1019,1319000,1,1,1623,31,97,175,8,272,381,94,565
1020,1320000,1,1,1528,22,102,174,2,259,334,84,551
1021,1321000,1,1,1504,24,87,168,5,247,353,96,524
1022,1322000,1,1,1556,30,108,182,1,245,359,88,543
1023,1323000,1,1,1821,26,86,175,5,242,524,106,657
1024,1324000,1,1,1496,37,94,129,6,246,331,85,568
1025,1325000,1,1,1590,19,102,160,1,243,412,100,553
1026,1326000,1,1,1690,91,97,215,1,244,370,106,566
1027,1327000,1,1,1673,34,91,194,0,267,419,100,568
1028,1328000,1,1,1846,36,84,190,4,221,536,124,651
1029,1329000,1,1,1695,4,86,175,6,259,454,98,613
1030,1330000,1,1,1737,24,100,173,9,246,445,102,638
1031,1331000,1,1,1461,49,102,185,3,241,321,95,465
1032,1332000,1,1,1520,28,94,211,4,232,328,121,502
1033,1333000,1,1,1588,22,101,171,7,259,381,102,545
1034,1334000,1,1,1664,32,94,193,7,234,365,114,625
1035,1335000,1,1,1471,40,95,154,2,235,351,87,507
1036,1336000,1,1,1567,32,94,162,1,260,403,94,521
1037,1337000,1,1,1514,50,81,166,1,257,321,89,549
1038,1338000,1,1,1679,47,91,155,6,251,391,95,643
1039,1339000,1,1,1511,34,97,155,4,260,327,89,545
1040,1340000,1,1,1554,9,87,170,3,253,387,92,553
1041,1341000,1,1,1539,30,85,188,2,227,370,103,534
1042,1342000,1,1,1545,31,95,177,2,248,368,86,538
1043,1343000,1,1,1973,50,102,158,1,248,595,107,712
1044,1344000,1,1,1601,31,95,224,1,229,349,102,570
1045,1345000,1,1,1813,48,94,174,0,272,469,85,671
1046,1346000,1,1,1496,28,100,184,0,254,286,95,549
1047,1347000,1,1,1640,51,98,122,0,272,401,81,615
1048,1348000,1,1,1653,46,98,171,5,246,398,110,579
1049,1349000,1,1,1673,45,95,179,1,235,414,89,615
1050,1350000,1,1,1555,26,109,208,3,220,364,116,509
1051,1351000,1,1,1749,41,103,174,3,249,432,111,636
1052,1352000,1,1,1696,19,104,179,1,245,451,97,600
1053,1353000,1,1,1619,54,92,200,0,250,359,103,561
1054,1354000,1,1,1575,37,94,179,9,230,371,97,558
1055,1355000,1,1,1728,53,122,175,6,263,396,90,623
1056,1356000,1,1,1675,38,105,149,4,250,411,84,634
1057,1357000,1,1,1511,54,99,178,1,242,332,109,496
1058,1358000,1,1,1809,21,83,181,3,257,520,98,646
1059,1359000,1,1,1532,40,116,168,4,251,333,95,525
1060,1360000,1,1,1750,21,93,186,0,251,459,96,644
1061,1361000,1,1,1737,43,94,175,1,229,482,108,605
1062,1362000,1,1,1567,37,92,198,1,243,352,100,544
1063,1363000,1,1,1434,38,94,168,1,229,322,92,490
1064,1364000,1,1,1624,17,109,206,0,230,397,116,549
1065,1365000,1,1,1549,51,91,163,0,249,378,104,513
1066,1366000,1,1,1717,32,95,169,1,279,420,74,647
1067,1367000,1,1,1643,47,88,212,13,244,339,102,598
1068,1368000,1,1,1514,25,91,203,11,236,298,115,535
1069,1369000,1,1,1741,27,92,171,4,249,480,84,634
1070,1370000,1,1,1478,50,92,164,8,247,296,89,532
1071,1371000,1,1,1593,24,100,175,3,262,341,79,609
1072,1372000,1,1,1638,36,90,221,4,227,345,120,595
1073,1373000,1,1,1718,27,115,193,1,252,438,106,586
1074,1374000,1,1,1606,23,92,191,18,252,367,109,554
1075,1375000,1,1,1547,60,90,185,5,249,310,98,550
1076,1376000,1,1,1662,36,100,173,5,246,410,98,594
1077,1377000,1,1,1584,36,107,167,4,264,349,80,577
1078,1378000,1,1,1810,17,93,194,13,234,474,114,671
1079,1379000,1,1,1482,10,91,205,2,228,318,115,513
1080,1380000,1,1,1546,50,95,157,9,245,346,96,548
1081,1381000,1,1,1425,48,89,162,2,246,301,82,495
1082,1382000,1,1,1644,37,103,195,0,235,420,125,529
1083,1383000,1,1,1620,15,82,194,3,249,379,100,598
1084,1384000,1,1,1550,33,94,180,5,260,311,110,557
1085,1385000,1,1,1624,34,91,185,4,233,385,100,592
1086,1386000,1,1,1640,47,106,199,3,256,375,91,563
1087,1387000,1,1,1608,27,99,181,0,256,385,88,572
1088,1388000,1,1,1612,18,88,196,2,256,404,103,545
1089,1389000,1,1,1702,41,83,170,0,253,434,97,624
1090,1390000,1,1,1569,20,88,202,2,225,382,122,528
1091,1391000,1,1,1489,43,119,207,1,259,297,88,475
1092,1392000,1,1,1459,46,76,148,4,275,292,83,535
1093,1393000,1,1,1668,46,102,208,7,238,399,107,561
1094,1394000,1,1,1713,39,96,200,5,233,413,108,619
1095,1395000,1,1,1618,62,101,177,9,253,403,95,518
1096,1396000,1,1,1803,29,133,160,4,270,453,102,652
1097,1397000,1,1,1807,51,91,214,8,254,447,101,641
1098,1398000,1,1,1735,81,87,211,10,249,429,101,567
1099,1399000,1,1,1560,29,99,169,8,234,358,113,550
1100,1400000,1,1,1643,15,84,184,8,248,428,100,576
1101,1401000,1,1,1855,54,104,180,7,225,477,115,693
1102,1402000,1,1,1533,18,115,184,3,242,328,114,529
1103,1403000,1,1,1676,40,109,161,8,261,410,98,589
1104,1404000,1,1,1656,72,95,180,5,239,377,95,593
1105,1405000,1,1,1834,26,95,193,3,259,487,90,681
1106,1406000,1,1,1607,51,90,210,4,246,361,101,544
1107,1407000,1,1,1733,23,106,195,6,237,449,110,607
1108,1408000,1,1,1658,14,96,199,1,246,405,107,590
1109,1409000,1,1,1528,22,103,183,1,250,360,100,509
1110,1410000,1,1,1759,28,92,157,3,270,424,92,693
1111,1411000,1,1,1629,27,109,187,2,265,382,99,558
1112,1412000,1,1,1612,31,105,188,7,246,354,98,583
1113,1413000,1,1,1700,36,92,181,2,266,438,83,602
1114,1414000,1,1,1553,32,99,154,4,240,352,84,588
1115,1415000,1,1,1580,17,102,178,4,237,378,103,561
1116,1416000,1,1,1754,34,97,157,9,262,406,92,697
1117,1417000,1,1,1585,30,91,175,4,255,390,95,545
1118,1418000,1,1,1704,50,102,162,8,266,395,89,632
1119,1419000,1,1,1681,18,84,215,13,225,422,121,583
1120,1420000,1,1,1605,26,91,177,1,266,378,84,582
1121,1421000,1,1,1535,44,91,176,6,250,326,90,552
1122,1422000,1,1,1731,32,102,177,3,248,457,90,622
1123,1423000,1,1,1619,49,90,169,2,239,396,105,569
1124,1424000,1,1,1592,36,95,201,5,225,344,104,582
1125,1425000,1,1,1489,7,92,195,7,234,316,103,535
1126,1426000,1,1,1519,25,86,188,6,233,305,99,577
1127,1427000,1,1,2105,49,100,148,3,279,656,88,782
1128,1428000,1,1,1594,29,88,180,7,228,394,100,568
1129,1429000,1,1,1601,67,110,177,6,253,356,101,531
1130,1430000,1,1,1515,44,102,168,2,219,362,105,513
1131,1431000,1,1,1788,44,97,152,3,276,478,82,656
1132,1432000,1,1,1589,25,93,190,2,244,413,105,517
1133,1433000,1,1,1383,60,94,138,8,252,272,85,474
1134,1434000,1,1,1691,17,88,166,4,263,446,93,614
1135,1435000,1,1,1622,39,91,162,5,274,401,86,564
1136,1436000,1,1,1616,50,103,220,3,222,343,103,572
1137,1437000,1,1,1737,52,109,190,4,249,429,108,596
1138,1438000,1,1,1692,74,100,171,4,251,415,82,595
1139,1439000,1,1,1580,11,101,180,3,260,345,103,577
1140,1440000,1,1,1561,18,95,196,4,243,337,107,561
1141,1441000,1,1,1498,15,94,167,7,239,301,98,577
1142,1442000,1,1,1543,47,100,182,4,255,358,101,496
1143,1443000,1,1,1671,24,92,194,5,254,386,101,615
1144,1444000,1,1,1640,35,107,144,3,265,420,80,586
1145,1445000,1,1,1988,17,97,205,2,250,549,107,761
1146,1446000,1,1,1710,28,105,204,2,237,372,108,654
1147,1447000,1,1,1716,28,93,219,9,232,441,112,582
1148,1448000,1,1,1617,31,93,217,3,254,369,114,536
1149,1449000,1,1,1549,21,87,159,2,259,385,87,549
1150,1450000,1,1,1590,45,97,193,4,238,344,100,569
1151,1451000,1,1,1538,45,114,192,7,241,321,101,517
1152,1452000,1,1,1573,40,99,167,2,248,402,97,518
1153,1453000,1,1,1594,30,92,180,0,252,385,101,554
1154,1454000,1,1,1779,40,93,149,4,240,479,94,680
1155,1455000,1,1,1748,31,107,228,2,213,450,115,602
1156,1456000,1,1,1520,31,99,198,12,237,326,116,501
1157,1457000,1,1,1625,14,101,170,6,244,430,109,551
1158,1458000,1,1,1475,39,99,149,5,251,328,84,520
1159,1459000,1,1,1423,53,99,145,4,252,258,81,531
1160,1460000,1,1,1504,47,92,151,4,252,318,86,554
1161,1461000,1,1,1692,30,87,205,3,270,396,95,606
1162,1462000,1,1,1521,53,80,122,8,276,348,75,559
1163,1463000,1,1,1585,9,107,156,6,253,396,103,555
1164,1464000,1,1,1591,5,95,182,8,236,389,112,564
1165,1465000,1,1,1674,42,109,192,5,236,417,114,559
1166,1466000,1,1,1576,36,91,170,3,241,366,92,577
1167,1467000,1,1,1679,25,98,185,4,245,407,101,614
1168,1468000,1,1,1714,38,91,168,1,239,431,110,636
1169,1469000,1,1,1867,46,109,178,5,268,536,94,631
1170,1470000,1,1,1547,18,103,180,14,239,341,107,545
1171,1471000,1,1,1431,49,90,148,2,254,302,80,506
1172,1472000,1,1,1654,27,98,204,10,240,391,99,585
1173,1473000,1,1,1604,15,104,165,10,254,409,100,547
1174,1474000,1,1,1587,29,99,228,6,214,407,123,481
1175,1475000,1,1,1655,14,105,191,2,255,381,112,595
1176,1476000,1,1,1625,47,94,218,4,218,364,107,573
1177,1477000,1,1,1636,63,98,138,10,258,410,89,570
1178,1478000,1,1,1602,24,89,155,0,285,416,72,561
1179,1479000,1,1,1758,29,105,169,2,259,471,92,631
1180,1480000,1,1,1746,58,83,165,4,252,440,85,659
1181,1481000,1,1,1644,37,100,186,2,254,406,97,562
1182,1482000,1,1,1693,11,101,202,10,257,423,114,575
1183,1483000,1,1,1519,40,100,144,5,250,336,90,554
1184,1484000,1,1,1734,23,107,215,3,230,439,114,603
1185,1485000,1,1,1613,6,100,199,2,222,387,107,590
1186,1486000,1,1,1668,19,93,182,6,244,463,98,563
1187,1487000,1,1,1469,31,96,146,9,240,347,109,491
1188,1488000,1,1,1798,52,99,223,9,217,452,121,625
1189,1489000,1,1,1748,36,94,199,2,244,455,107,611
1190,1490000,1,1,1616,20,98,170,7,259,392,76,594
1191,1491000,1,1,1721,47,109,193,5,240,412,116,599
1192,1492000,1,1,1683,58,91,154,3,260,403,94,620
1193,1493000,1,1,1619,27,99,184,6,245,393,98,567
1194,1494000,1,1,1640,31,108,185,0,252,389,92,583
1195,1495000,1,1,1821,57,88,138,9,261,520,87,661
1196,1496000,1,1,1704,35,107,159,11,250,431,96,615
1197,1497000,1,1,1581,31,92,189,4,248,404,112,501
1198,1498000,1,1,1746,34,94,240,4,210,431,111,622
1199,1499000,1,1,1612,56,93,188,9,217,371,111,567
1200,1500000,1,1,1668,69,95,165,9,247,389,88,606
1201,1501000,1,1,1555,26,97,175,6,238,350,99,564
1202,1502000,1,1,1623,13,93,184,11,242,391,108,581
1203,1503000,1,1,1939,36,101,193,3,244,570,92,700
1204,1504000,1,1,1517,45,86,135,11,248,349,79,564
1205,1505000,1,1,1732,33,87,203,5,256,387,99,662
1206,1506000,1,1,1593,25,83,184,9,242,396,104,550
1207,1507000,1,1,1607,20,100,192,4,241,400,108,542
1208,1508000,1,1,1454,52,94,203,5,250,294,90,466
1209,1509000,1,1,1584,43,115,153,1,262,377,107,526
1210,1510000,1,1,1623,27,86,171,3,258,367,92,619
1211,1511000,1,1,1639,50,107,179,6,250,409,94,544
1212,1512000,1,1,1742,44,110,169,10,244,456,107,602
1213,1513000,1,1,1623,12,88,175,9,245,418,98,578
1214,1514000,1,1,1573,7,95,202,1,220,385,110,553
1215,1515000,1,1,1724,52,101,209,0,237,449,92,584
1216,1516000,1,1,1797,57,90,175,0,250,471,94,660
1217,1517000,1,1,1514,60,92,174,8,235,321,95,529
1218,1518000,1,1,1635,52,89,134,4,284,411,76,585
1219,1519000,1,1,1488,32,95,178,5,235,341,83,519
1220,1520000,1,1,1709,25,107,172,2,230,431,101,641
1221,1521000,1,1,1623,28,94,178,4,236,410,99,574
1222,1522000,1,1,1729,23,114,194,2,240,431,105,620
1223,1523000,1,1,1475,20,94,190,3,229,349,98,492
1224,1524000,1,1,1513,34,84,167,2,246,350,90,540
1225,1525000,1,1,1515,16,86,190,0,245,356,99,523
1226,1526000,1,1,1648,54,90,171,7,276,376,86,588
1227,1527000,1,1,1596,57,96,162,3,244,378,95,561
1228,1528000,1,1,1611,56,98,165,1,245,385,82,579
1229,1529000,1,1,1688,68,97,175,4,244,398,105,597
1230,1530000,1,1,1651,7,84,222,2,240,407,111,578
1231,1531000,1,1,1758,3,91,215,5,207,502,128,607
1232,1532000,1,1,1577,2,86,201,2,245,377,115,549
1233,1533000,1,1,1666,4,95,232,1,209,437,126,562
1234,1534000,1,1,1696,29,110,182,0,242,434,102,597
1235,1535000,1,1,1536,44,95,178,1,240,334,104,540
1236,1536000,1,1,1585,33,88,213,8,230,333,119,561
1237,1537000,1,1,1733,49,100,140,2,266,450,82,644
1238,1538000,1,1,1462,68,86,178,5,244,301,107,473
1239,1539000,1,1,1561,57,94,178,4,230,356,101,541
1240,1540000,1,1,1577,20,81,169,2,257,375,94,579
1241,1541000,1,1,1574,32,111,198,7,261,333,96,536
1242,1542000,1,1,1525,29,106,172,4,271,297,84,562
1243,1543000,1,1,1556,31,103,172,7,260,343,89,551
1244,1544000,1,1,1710,12,81,199,3,263,425,107,620
1245,1545000,1,1,1523,15,101,206,2,205,354,121,519
1246,1546000,1,1,1695,53,104,193,1,249,420,102,573
1247,1547000,1,1,1751,28,92,178,8,265,421,107,652
1248,1548000,1,1,1724,38,109,160,4,253,444,93,623
1249,1549000,1,1,1744,36,110,147,2,288,424,74,663
1250,1550000,1,1,1660,26,120,190,1,237,377,96,613
1251,1551000,1,1,1801,28,112,178,3,261,471,93,655
1252,1552000,1,1,1819,18,114,176,6,258,491,100,656
1253,1553000,1,1,1399,39,80,144,4,274,297,79,482
1254,1554000,1,1,1560,45,100,188,6,228,321,108,564
1255,1555000,1,1,1698,13,101,223,3,224,445,117,572
1256,1556000,1,1,1525,17,102,220,6,236,333,104,507
1257,1557000,1,1,1657,35,109,183,11,251,413,94,561
1258,1558000,1,1,1507,20,87,150,5,259,358,88,540
1259,1559000,1,1,1559,45,98,140,6,251,337,93,589
1260,1560000,1,1,1637,29,97,185,5,224,417,99,581
1261,1561000,1,1,1742,42,90,191,5,239,427,99,649
1262,1562000,1,1,1843,46,101,151,3,254,500,88,700
1263,1563000,1,1,1431,71,88,172,14,254,249,101,482
1264,1564000,1,1,1471,53,102,186,12,248,264,103,503
1265,1565000,1,1,1534,67,94,172,10,246,340,89,516
1266,1566000,1,1,1608,21,89,154,6,241,405,99,593
1267,1567000,1,1,1639,29,97,200,8,222,362,106,615
1268,1568000,1,1,1474,34,97,136,8,264,315,92,528
1269,1569000,1,1,1582,30,84,207,11,229,355,110,556
1270,1570000,1,1,1506,46,106,152,1,283,296,84,538
1271,1571000,1,1,1489,27,101,167,6,242,316,86,544
1272,1572000,1,1,1533,31,94,147,1,246,376,100,538
1273,1573000,1,1,1726,58,86,202,4,257,410,102,607
1274,1574000,1,1,1515,23,88,177,5,222,328,108,564
1275,1575000,1,1,1742,46,96,205,5,246,398,91,655
1276,1576000,1,1,1854,50,103,188,7,256,477,113,660
1277,1577000,1,1,1467,25,92,161,2,273,317,73,524
1278,1578000,1,1,1467,46,108,204,4,226,306,102,471
1279,1579000,1,1,1632,43,104,149,2,264,375,96,599
1280,1580000,1,1,1628,33,107,175,4,228,420,97,564
1281,1581000,1,1,1727,54,103,154,4,274,436,85,617
1282,1582000,1,1,1466,54,96,177,5,246,331,102,455
1283,1583000,1,1,1555,21,97,185,5,260,349,107,531
1284,1584000,1,1,1726,36,94,166,9,229,460,107,625
1285,1585000,1,1,1604,24,92,179,2,233,401,111,562
1286,1586000,1,1,1625,36,85,227,2,237,389,109,540
1287,1587000,1,1,1643,33,93,188,1,259,404,91,574
1288,1588000,1,1,1505,33,78,170,9,238,326,93,558
1289,1589000,1,1,1582,17,100,178,3,249,389,97,549
1290,1590000,1,1,1528,19,97,204,3,233,339,103,530
1291,1591000,1,1,1459,27,86,194,3,260,272,101,516
1292,1592000,1,1,1471,41,103,144,2,274,341,76,490
1293,1593000,1,1,1632,34,97,179,6,237,369,99,611
1294,1594000,1,1,1595,50,88,174,13,295,335,93,547
1295,1595000,1,1,1619,37,91,197,3,239,367,102,583
1296,1596000,1,1,1499,61,93,154,2,263,332,76,518
1297,1597000,1,1,1460,47,84,154,3,273,333,89,477
1298,1598000,1,1,1772,6,95,171,3,243,493,103,658
1299,1599000,1,1,1585,36,112,161,2,253,395,97,529
1300,1600000,1,1,1576,20,96,198,6,235,353,113,555
1301,1601000,1,1,1622,18,102,177,6,234,397,86,602
1302,1602000,1,1,1596,28,99,171,12,260,386,99,541
1303,1603000,1,1,1668,5,97,185,3,245,386,99,648
1304,1604000,1,1,1595,7,110,168,6,267,353,102,582
1305,1605000,1,1,1678,30,114,209,2,230,399,113,581
1306,1606000,1,1,1599,29,103,193,9,271,353,107,534
1307,1607000,1,1,1742,45,103,184,6,252,390,103,659
1308,1608000,1,1,1557,40,103,164,1,238,345,103,563
1309,1609000,1,1,1636,36,114,207,7,244,364,104,560
1310,1610000,1,1,1552,23,88,196,2,215,382,110,536
1311,1611000,1,1,1939,37,107,203,4,225,556,105,702
1312,1612000,1,1,1480,48,91,142,7,269,322,86,515
1313,1613000,1,1,1719,36,94,188,7,246,417,101,630
1314,1614000,1,1,1674,45,96,188,3,267,358,91,626
1315,1615000,1,1,1651,58,106,140,6,254,412,87,588
1316,1616000,1,1,1568,47,85,199,7,234,331,101,564
1317,1617000,1,1,1671,44,117,202,2,215,401,105,585
1318,1618000,1,1,1529,22,93,166,7,271,344,83,543
1319,1619000,1,1,1670,40,102,192,7,234,407,108,580
1320,1620000,1,1,1496,50,92,138,1,269,320,80,546
1321,1621000,1,1,1607,38,90,146,7,297,362,77,590
1322,1622000,1,1,1606,25,112,158,12,264,396,96,543
1323,1623000,1,1,1572,66,105,127,4,292,340,72,566
1324,1624000,1,1,1528,37,99,170,7,249,327,85,554
1325,1625000,1,1,1573,14,84,182,4,248,396,109,536
1326,1626000,1,1,1653,18,84,162,7,278,410,104,590
1327,1627000,1,1,1533,21,93,183,2,222,372,118,522
1328,1628000,1,1,1626,54,83,211,5,243,371,94,565
1329,1629000,1,1,1613,20,90,176,7,229,395,116,580
1330,1630000,1,1,1629,53,97,160,10,257,367,94,591
1331,1631000,1,1,1738,41,88,172,2,251,492,91,601
1332,1632000,1,1,1727,33,88,218,6,236,444,109,593
1333,1633000,1,1,1614,23,85,166,4,253,418,90,575
1334,1634000,1,1,1519,34,89,191,4,241,333,109,518
1335,1635000,1,1,1514,52,98,168,2,284,307,80,523
1336,1636000,1,1,1697,13,96,203,8,245,450,114,568
1337,1637000,1,1,1575,4,92,187,0,256,395,102,539
1338,1638000,1,1,1712,21,113,203,3,256,408,97,611
1339,1639000,1,1,1608,32,90,170,3,262,384,89,578
1340,1640000,1,1,1538,34,92,185,9,247,332,107,532
1341,1641000,1,1,1845,54,92,167,2,271,495,75,689
1342,1642000,1,1,1602,27,89,156,3,271,393,79,584
1343,1643000,1,1,1671,15,88,171,2,287,398,76,634
1344,1644000,1,1,1654,21,94,165,4,265,415,94,596
1345,1645000,1,1,1712,44,86,215,8,224,469,110,556
1346,1646000,1,1,1656,63,98,140,0,262,417,88,588
1347,1647000,1,1,1563,20,101,202,8,262,321,95,554
1348,1648000,1,1,1561,14,96,163,1,250,375,91,571
1349,1649000,1,1,1596,28,90,183,0,254,381,95,565
1350,1650000,1,1,1538,48,90,155,3,243,334,93,572
1351,1651000,1,1,1499,48,105,143,3,258,340,77,525
1352,1652000,1,1,1641,35,107,180,0,239,409,98,573
1353,1653000,1,1,1676,59,114,180,0,233,442,93,555
1354,1654000,1,1,1640,31,118,171,12,259,370,101,578
1355,1655000,1,1,1592,38,90,177,6,269,376,89,547
1356,1656000,1,1,1735,28,92,179,3,247,431,85,670
1357,1657000,1,1,1608,38,123,193,4,252,362,89,547
1358,1658000,1,1,1578,59,92,156,3,260,361,93,554
1359,1659000,1,1,1565,22,101,179,3,254,341,88,577
1360,1660000,1,1,1628,28,87,181,7,241,400,92,592
1361,1661000,1,1,1513,37,110,180,14,236,330,115,491
1362,1662000,1,1,1462,29,96,162,5,264,347,92,467
1363,1663000,1,1,1599,37,92,198,5,230,347,123,567
1364,1664000,1,1,1570,26,85,167,8,260,380,96,548
1365,1665000,1,1,1521,8,106,205,6,223,321,128,524
1366,1666000,1,1,1631,21,97,177,5,243,413,94,581
1367,1667000,1,1,1544,17,88,200,6,216,319,127,571
1368,1668000,1,1,1584,39,109,159,0,248,350,100,579
1369,1669000,1,1,1527,28,96,186,3,234,305,94,581
1370,1670000,1,1,1673,44,92,186,5,244,427,90,585
1371,1671000,1,1,1594,27,103,221,2,223,339,120,559
1372,1672000,1,1,1624,23,87,177,5,246,390,88,608
1373,1673000,1,1,1740,66,87,196,6,261,425,76,623
1374,1674000,1,1,1666,16,90,227,4,231,406,120,572
1375,1675000,1,1,1558,16,113,215,1,229,349,113,522
1376,1676000,1,1,1569,26,112,133,16,267,365,78,572
1377,1677000,1,1,1506,60,108,167,3,237,330,98,503
1378,1678000,1,1,1503,20,93,180,7,236,357,98,512
1379,1679000,1,1,1618,65,102,211,2,220,354,115,549
1380,1680000,1,1,1529,33,89,179,3,248,331,93,553
1381,1681000,1,1,1600,46,100,216,1,223,332,112,570
1382,1682000,1,1,1595,60,111,191,3,265,339,92,534
1383,1683000,1,1,1806,80,112,175,8,277,458,82,614
1384,1684000,1,1,1582,22,109,209,2,240,383,104,513
1385,1685000,1,1,1607,42,78,159,9,255,358,92,614
1386,1686000,1,1,1568,18,96,174,1,238,364,109,568
1387,1687000,1,1,1595,51,103,180,6,269,318,84,584
1388,1688000,1,1,1598,56,84,130,7,286,366,76,593
1389,1689000,1,1,1607,42,82,163,7,258,374,103,578
1390,1690000,1,1,1476,20,96,226,5,213,329,132,455
1391,1691000,1,1,1569,24,83,182,2,252,367,104,555
1392,1692000,1,1,1568,16,105,163,1,264,376,98,545
1393,1693000,1,1,1484,32,91,180,3,248,342,89,499
1394,1694000,1,1,1770,49,88,185,1,253,478,79,637
1395,1695000,1,1,1449,29,98,197,6,250,253,98,518
1396,1696000,1,1,1698,43,108,170,3,253,431,78,612
1397,1697000,1,1,1652,64,89,180,14,242,377,117,569
1398,1698000,1,1,1622,25,104,168,3,268,383,80,591
1399,1699000,1,1,1521,16,98,180,4,239,340,115,529
1400,1700000,1,1,1576,20,110,160,3,249,353,101,580
1401,1701000,1,1,1610,14,100,199,5,243,373,108,568
1402,1702000,1,1,1797,21,107,185,4,248,485,107,640
1403,1703000,1,1,1461,57,109,154,3,260,313,86,479
1404,1704000,1,1,1465,33,94,190,4,254,285,109,496
1405,1705000,1,1,1517,32,85,139,5,245,339,86,586
1406,1706000,1,1,1630,36,101,202,6,230,381,99,575
1407,1707000,1,1,1631,54,91,233,7,223,363,136,524
1408,1708000,1,1,1543,68,85,140,7,277,314,77,575
1409,1709000,1,1,1524,21,95,188,4,248,346,106,516
1410,1710000,1,1,1652,18,99,199,2,245,395,98,596
1411,1711000,1,1,1541,36,92,177,15,267,298,99,557
1412,1712000,1,1,1519,31,94,181,7,229,330,100,547
1413,1713000,1,1,1459,15,94,158,7,263,294,89,539
1414,1714000,1,1,1549,26,87,168,2,258,354,88,566
1415,1715000,1,1,1609,33,92,194,0,255,383,89,563
1416,1716000,1,1,1611,40,100,172,4,237,404,104,550
1417,1717000,1,1,1518,60,75,149,2,271,356,87,518
1418,1718000,1,1,1751,43,90,216,8,239,433,99,623
1419,1719000,1,1,1521,27,90,147,2,248,365,81,561
1420,1720000,1,1,1492,36,104,207,6,228,317,121,473
1421,1721000,1,1,1567,26,88,175,5,255,344,99,575
1422,1722000,1,1,1651,47,94,160,4,262,409,77,598
1423,1723000,1,1,1547,26,92,160,4,248,397,86,534
1424,1724000,1,1,1685,53,95,164,7,232,429,101,604
1425,1725000,1,1,1450,47,96,205,1,240,263,101,497
1426,1726000,1,1,1549,48,91,167,5,238,367,105,528
1427,1727000,1,1,1755,56,95,182,8,238,438,103,635
1428,1728000,1,1,1607,26,95,196,1,273,376,94,546
1429,1729000,1,1,1587,41,99,181,2,258,360,99,547
1430,1730000,1,1,1746,23,91,188,2,266,457,92,627
1431,1731000,1,1,1794,21,87,216,2,232,489,118,629
1432,1732000,1,1,1634,49,85,164,8,237,369,107,615
1433,1733000,1,1,1448,45,101,145,3,274,288,84,508
1434,1734000,1,1,1444,11,104,188,4,216,308,110,503
1435,1735000,1,1,1767,35,96,190,8,269,433,89,647
1436,1736000,1,1,1562,32,97,150,5,256,384,96,542
1437,1737000,1,1,1651,47,96,144,3,251,432,85,593
1438,1738000,1,1,1564,28,99,167,1,264,349,92,564
1439,1739000,1,1,1509,64,94,166,1,246,351,95,492
1440,1740000,1,1,1768,66,78,170,1,325,389,61,678
1441,1741000,1,1,1576,35,98,190,2,236,358,101,556
1442,1742000,1,1,1729,57,96,172,2,273,425,89,615
1443,1743000,1,1,1783,19,96,183,5,253,471,89,667
1444,1744000,1,1,1621,20,101,176,4,276,347,89,608
1445,1745000,1,1,1518,53,90,216,4,208,316,136,495
1446,1746000,1,1,1734,43,78,161,9,271,443,85,644
1447,1747000,1,1,1466,41,83,151,5,270,304,85,527
1448,1748000,1,1,1704,25,88,154,10,247,447,85,648
1449,1749000,1,1,1499,10,101,208,4,250,341,115,470
1450,1750000,1,1,1583,37,89,190,4,252,369,93,549
1451,1751000,1,1,1605,8,109,188,3,244,366,100,587
1452,1752000,1,1,1675,46,97,208,1,235,433,107,548
1453,1753000,1,1,1436,32,92,178,0,255,291,85,503
1454,1754000,1,1,1394,34,95,165,0,243,285,93,479
1455,1755000,1,1,1547,30,113,159,4,267,311,93,570
1456,1756000,1,1,1608,46,90,189,2,236,411,98,536
1457,1757000,1,1,1673,57,107,189,5,260,411,93,551
1458,1758000,1,1,1512,60,109,166,1,249,307,89,531
1459,1759000,1,1,1545,57,94,213,5,232,319,97,528
1460,1760000,1,1,1591,48,98,178,5,266,354,91,551
1461,1761000,1,1,1696,38,96,170,3,253,448,86,602
1462,1762000,1,1,1533,71,109,168,0,242,354,87,502
1463,1763000,1,1,1605,40,89,174,0,283,359,77,583
1464,1764000,1,1,1595,39,107,200,1,246,383,90,529
1465,1765000,1,1,1698,20,104,201,2,233,426,114,598
1466,1766000,1,1,1582,25,87,181,1,250,366,98,574
1467,1767000,1,1,1726,38,99,248,0,204,405,132,600
1468,1768000,1,1,1583,29,86,207,8,246,369,102,536
1469,1769000,1,1,1370,26,97,185,3,223,279,103,454
1470,1770000,1,1,1727,41,100,192,8,240,419,97,630
1471,1771000,1,1,1684,71,85,204,4,248,388,86,598
1472,1772000,1,1,1612,21,84,149,14,242,420,102,580
1473,1773000,1,1,1581,78,101,188,9,246,367,102,490
1474,1774000,1,1,1768,29,90,195,6,229,482,98,639
1475,1775000,1,1,1752,51,110,176,4,259,464,105,583
1476,1776000,1,1,1601,30,90,191,2,234,367,99,588
1477,1777000,1,1,1708,22,86,181,1,247,432,82,657
1478,1778000,1,1,1576,22,95,176,5,240,384,98,556
1479,1779000,1,1,1518,25,102,197,3,239,321,106,525
1480,1780000,1,1,1482,17,100,166,0,240,322,94,543
1481,1781000,1,1,1571,27,88,187,1,242,347,99,580
1482,1782000,1,1,1680,32,93,138,9,265,407,87,649
1483,1783000,1,1,1529,23,111,179,2,248,334,89,543
1484,1784000,1,1,1630,30,100,230,1,235,411,111,512
1485,1785000,1,1,1611,53,110,171,5,263,389,94,526
1486,1786000,1,1,1573,40,117,146,9,257,362,84,558
1487,1787000,1,1,1622,47,89,165,2,258,410,75,576
1488,1788000,1,1,1730,20,113,212,4,232,455,109,585
1489,1789000,1,1,1752,35,92,179,5,241,470,106,624
1490,1790000,1,1,1647,22,113,212,1,232,378,100,589
1491,1791000,1,1,1701,15,96,190,10,243,447,98,602
1492,1792000,1,1,1693,39,90,209,1,251,406,102,595
1493,1793000,1,1,1653,15,111,196,3,234,406,116,572
1494,1794000,1,1,1577,19,92,171,1,269,363,87,575
1495,1795000,1,1,1592,11,92,196,8,220,366,123,576
1496,1796000,1,1,1676,13,101,183,5,261,376,104,633
1497,1797000,1,1,1491,10,119,171,2,259,303,87,540
1498,1798000,1,1,1547,21,84,180,12,250,319,98,583
1499,1799000,1,1,1493,51,115,192,1,258,257,87,532
1500,1800000,1,1,1578,73,111,172,8,270,344,91,509
1501,1801000,1,1,1667,48,96,145,6,272,414,90,596
1502,1802000,1,1,1749,18,98,221,5,215,465,133,594
1503,1803000,1,1,1649,47,85,183,7,232,419,109,567
1504,1804000,1,1,1666,31,106,216,7,231,376,115,584
1505,1805000,1,1,1605,54,94,196,6,241,363,102,549
1506,1806000,1,1,1572,41,94,150,6,245,383,89,564
1507,1807000,1,1,1781,38,97,191,5,240,436,90,684
1508,1808000,1,1,1820,79,104,205,8,236,442,97,649
1509,1809000,1,1,1695,41,89,220,6,228,403,99,609
1510,1810000,1,1,1543,5,118,171,2,231,372,96,548
1511,1811000,1,1,1637,23,96,186,2,244,411,97,578
1512,1812000,1,1,1652,56,90,153,5,270,414,76,588
1513,1813000,1,1,1624,41,87,188,8,231,371,104,594
1514,1814000,1,1,1615,29,89,163,4,249,408,99,574
1515,1815000,1,1,1542,43,102,137,5,275,345,84,551
1516,1816000,1,1,1459,30,94,164,1,246,322,92,510
1517,1817000,1,1,1689,20,97,206,4,258,422,100,582
1518,1818000,1,1,1529,25,94,145,13,258,351,105,538
1519,1819000,1,1,1719,30,92,200,4,236,427,106,624
1520,1820000,1,1,1858,24,117,196,7,271,500,102,641
1521,1821000,1,1,1630,47,95,175,2,230,407,102,572
1522,1822000,1,1,1689,19,100,206,1,241,429,99,594
1523,1823000,1,1,1452,58,85,151,3,245,362,94,454
1524,1824000,1,1,1796,27,108,222,2,232,459,128,618
1525,1825000,1,1,1651,44,99,231,2,238,374,124,539
1526,1826000,1,1,1614,38,82,145,5,294,395,86,569
1527,1827000,1,1,1617,5,98,175,5,252,397,100,585
1528,1828000,1,1,1991,55,110,174,1,278,533,89,751
1529,1829000,1,1,1670,8,97,187,4,275,400,96,603
1530,1830000,1,1,1691,57,101,189,3,238,394,108,601
1531,1831000,1,1,1544,24,91,160,4,264,374,78,549
1532,1832000,1,1,1703,49,102,185,1,231,418,93,624
1533,1833000,1,1,1525,46,98,171,5,246,340,99,520
1534,1834000,1,1,1675,24,95,190,5,247,436,115,563
1535,1835000,1,1,1532,28,103,202,2,241,317,108,531
1536,1836000,1,1,1534,22,84,172,3,250,356,91,556
1537,1837000,1,1,1451,23,99,160,3,269,321,92,484
1538,1838000,1,1,1594,46,99,163,12,260,381,90,543
1539,1839000,1,1,1575,32,99,160,7,266,352,92,567
1540,1840000,1,1,1744,13,99,198,5,248,432,114,635
1541,1841000,1,1,1844,12,89,203,4,246,513,117,660
1542,1842000,1,1,1529,27,93,161,3,255,365,101,524
1543,1843000,1,1,1553,25,85,158,2,256,374,94,559
1544,1844000,1,1,1617,55,106,145,6,259,398,85,563
1545,1845000,1,1,1684,47,100,196,0,258,382,90,611
1546,1846000,1,1,1453,40,94,160,3,241,319,93,503
1547,1847000,1,1,1650,38,89,195,8,221,359,122,618
1548,1848000,1,1,1506,31,103,184,0,224,309,112,543
1549,1849000,1,1,1654,12,97,195,4,236,419,111,580
1550,1850000,1,1,1543,17,92,162,10,258,327,101,576
1551,1851000,1,1,1707,15,94,193,5,230,458,104,608
1552,1852000,1,1,1667,21,94,160,3,255,426,87,621
1553,1853000,1,1,1728,30,104,156,12,261,429,89,647
1554,1854000,1,1,1676,42,89,209,6,232,421,109,568
1555,1855000,1,1,1696,21,99,157,3,249,454,84,629
1556,1856000,1,1,1909,38,87,183,7,254,548,107,685
1557,1857000,1,1,1491,20,100,193,5,245,306,103,519
1558,1858000,1,1,1538,40,104,193,6,247,352,91,505
1559,1859000,1,1,1514,13,89,206,5,232,345,100,524
1560,1860000,1,1,1602,42,103,182,4,239,384,103,545
1561,1861000,1,1,1583,57,82,170,2,235,396,98,543
1562,1862000,1,1,1717,54,91,187,3,239,418,109,616
1563,1863000,1,1,1714,44,86,188,11,228,421,117,619
1564,1864000,1,1,1610,10,89,225,5,210,372,139,560
1565,1865000,1,1,1702,29,86,118,6,273,450,77,663
1566,1866000,1,1,1577,31,100,169,2,261,351,89,574
1567,1867000,1,1,1379,10,100,178,6,232,281,110,462
1568,1868000,1,1,1513,58,92,164,2,264,327,98,508
1569,1869000,1,1,1612,21,96,187,6,254,393,94,561
1570,1870000,1,1,1645,14,93,177,4,244,437,108,568
1571,1871000,1,1,1521,67,90,170,7,291,272,76,548
1572,1872000,1,1,1875,28,99,192,10,248,516,114,668
1573,1873000,1,1,1453,33,106,163,9,251,297,87,507
1574,1874000,1,1,1769,66,105,194,1,261,406,83,653
1575,1875000,1,1,1704,34,104,164,7,254,451,80,610
1576,1876000,1,1,1758,46,96,184,4,264,455,101,608
1577,1877000,1,1,1432,30,86,176,5,249,283,93,510
1578,1878000,1,1,1671,12,102,205,5,237,431,119,560
1579,1879000,1,1,1639,59,85,187,5,239,375,88,601
1580,1880000,1,1,1571,30,96,185,0,263,367,83,547
1581,1881000,1,1,1632,15,105,177,6,237,404,103,585
1582,1882000,1,1,1627,36,96,168,4,236,393,99,595
1583,1883000,1,1,1558,26,87,174,6,226,372,104,563
1584,1884000,1,1,1473,20,102,174,5,236,332,94,510
1585,1885000,1,1,1686,27,104,175,1,260,433,102,584
1586,1886000,1,1,1600,63,104,123,0,289,367,64,590
1587,1887000,1,1,1544,47,96,164,1,229,352,99,556
1588,1888000,1,1,1617,43,94,142,3,247,372,93,623
1589,1889000,1,1,1677,59,83,171,11,266,340,99,648
1590,1890000,1,1,1610,41,101,191,8,238,365,92,574
1591,1891000,1,1,1587,55,101,193,1,238,351,95,553
1592,1892000,1,1,1650,41,91,208,1,242,406,109,552
1593,1893000,1,1,1695,58,83,208,5,249,385,107,600
1594,1894000,1,1,1628,41,93,195,12,232,366,123,566
1595,1895000,1,1,1654,35,99,189,1,233,415,99,583
1596,1896000,1,1,1675,35,104,192,4,246,388,100,606
1597,1897000,1,1,1641,22,88,170,2,236,432,90,601
1598,1898000,1,1,1494,38,92,146,2,242,337,93,544
1599,1899000,1,1,1671,18,82,186,5,265,419,98,598
1600,1900000,1,1,1577,41,95,138,4,247,381,78,593
1601,1901000,1,1,1538,36,102,186,5,249,366,99,495
1602,1902000,1,1,1514,27,100,194,1,232,343,106,511
1603,1903000,1,1,1538,31,98,165,4,233,393,86,528
1604,1904000,1,1,1600,15,89,188,4,247,349,99,609
1605,1905000,1,1,1561,50,98,169,3,252,353,96,540
1606,1906000,1,1,1526,25,95,192,1,231,355,107,520
1607,1907000,1,1,1750,26,83,238,1,241,413,114,634
1608,1908000,1,1,1674,13,100,188,7,248,406,93,619
1609,1909000,1,1,1777,42,91,186,12,228,463,126,629
1610,1910000,1,1,1923,20,101,195,6,258,562,103,678
1611,1911000,1,1,1645,76,97,135,2,257,385,68,625
1612,1912000,1,1,1800,29,103,192,6,238,465,112,655
1613,1913000,1,1,1762,16,107,162,5,267,490,99,616
1614,1914000,1,1,1649,41,99,152,4,261,422,89,581
1615,1915000,1,1,1547,16,100,166,4,257,391,100,513
1616,1916000,1,1,1558,42,97,159,4,234,348,95,579
1617,1917000,1,1,1542,15,98,157,6,267,335,81,583
1618,1918000,1,1,1602,57,95,141,7,282,386,73,561
1619,1919000,1,1,1609,46,101,159,3,263,420,93,524
1620,1920000,1,1,1507,19,102,199,4,223,327,101,532
1621,1921000,1,1,1618,32,96,171,2,248,377,95,597
1622,1922000,1,1,1638,32,100,217,15,212,390,142,530
1623,1923000,1,1,1761,15,92,217,5,222,467,122,621
1624,1924000,1,1,1861,33,104,187,7,225,492,121,692
1625,1925000,1,1,1844,15,113,198,0,244,508,105,661
1626,1926000,1,1,1596,49,97,178,8,243,396,101,524
1627,1927000,1,1,1672,41,93,136,7,257,447,94,597
1628,1928000,1,1,1627,49,103,213,3,234,358,117,550
1629,1929000,1,1,1647,54,97,217,8,230,338,109,594
1630,1930000,1,1,1656,23,98,154,5,268,393,83,632
1631,1931000,1,1,1679,61,87,159,13,255,375,90,639
1632,1932000,1,1,1604,36,103,234,2,250,338,100,541
1633,1933000,1,1,1696,38,87,205,1,266,425,90,584
1634,1934000,1,1,1586,11,97,176,5,243,386,107,561
1635,1935000,1,1,1530,28,92,146,3,243,346,97,575
1636,1936000,1,1,1480,40,91,140,2,300,311,68,528
1637,1937000,1,1,1575,23,116,169,2,246,345,90,584
1638,1938000,1,1,1543,31,90,204,3,258,312,93,552
1639,1939000,1,1,1519,23,89,142,10,240,363,98,554
1640,1940000,1,1,1524,16,101,204,8,230,357,107,501
1641,1941000,1,1,1726,13,100,163,11,249,456,85,649
1642,1942000,1,1,1644,34,101,197,0,241,393,108,570
1643,1943000,1,1,1495,14,109,168,2,267,301,85,549
1644,1944000,1,1,1485,30,99,157,3,258,344,80,514
1645,1945000,1,1,1583,29,92,172,0,268,371,112,539
1646,1946000,1,1,1633,55,90,172,6,254,404,82,570
1647,1947000,1,1,1570,22,85,191,7,270,352,101,542
1648,1948000,1,1,1597,20,118,235,6,232,341,115,530
1649,1949000,1,1,1776,19,110,161,1,260,441,87,697
1650,1950000,1,1,1645,64,96,146,2,261,341,79,656
1651,1951000,1,1,1690,49,86,171,5,230,418,109,622
1652,1952000,1,1,1410,44,98,191,1,241,271,106,458
1653,1953000,1,1,1530,20,95,173,3,247,337,105,550
1654,1954000,1,1,1740,48,94,176,17,270,427,80,628
1655,1955000,1,1,1643,43,114,141,14,284,401,78,568
1656,1956000,1,1,1825,31,98,164,4,280,487,79,682
1657,1957000,1,1,1700,30,101,191,3,238,429,107,601
1658,1958000,1,1,1584,40,108,130,4,280,409,76,537
1659,1959000,1,1,1760,49,101,169,5,246,436,98,656
1660,1960000,1,1,1796,82,96,199,7,246,455,98,613
1661,1961000,1,1,1432,31,91,155,4,240,339,90,482
1662,1962000,1,1,1558,31,98,162,3,270,339,79,576
1663,1963000,1,1,1840,68,103,158,0,261,500,78,672
1664,1964000,1,1,1576,30,90,180,4,247,340,109,576
1665,1965000,1,1,1473,28,90,194,3,236,322,102,498
1666,1966000,1,1,1609,23,111,191,7,252,357,107,561
1667,1967000,1,1,1727,49,109,150,2,264,439,84,630
1668,1968000,1,1,1626,57,107,159,2,246,399,101,555
1669,1969000,1,1,1682,25,121,191,0,227,414,120,584
1670,1970000,1,1,1564,39,96,160,0,230,369,104,566
1671,1971000,1,1,1528,21,100,161,1,279,373,77,516
1672,1972000,1,1,1557,24,97,171,0,251,358,94,562
1673,1973000,1,1,1541,38,91,189,1,245,330,93,554
1674,1974000,1,1,1698,58,115,203,0,261,386,99,576
1675,1975000,1,1,1511,32,108,134,0,268,326,84,559
1676,1976000,1,1,1556,26,103,195,4,248,326,101,553
1677,1977000,1,1,1671,49,92,148,0,270,443,82,587
1678,1978000,1,1,1776,43,69,126,4,280,492,87,675
1679,1979000,1,1,1598,16,102,165,5,264,380,77,589
1680,1980000,1,1,1571,24,96,174,5,268,352,74,578
1681,1981000,1,1,1624,17,85,164,8,262,409,95,584
1682,1982000,1,1,1707,29,96,212,1,243,446,104,576
1683,1983000,1,1,1689,15,89,182,2,226,446,108,621
1684,1984000,1,1,1745,21,100,183,7,243,462,103,626
1685,1985000,1,1,1638,21,103,185,2,260,396,91,580
1686,1986000,1,1,1593,30,88,192,11,231,354,105,582
1687,1987000,1,1,1606,22,102,191,6,256,300,94,635
1688,1988000,1,1,1658,29,93,153,9,261,400,88,625
1689,1989000,1,1,1828,47,109,153,6,264,514,109,626
1690,1990000,1,1,1580,24,104,222,3,246,353,110,518
1691,1991000,1,1,1789,80,114,261,0,242,377,119,596
1692,1992000,1,1,1571,71,97,139,0,246,390,83,545
1693,1993000,1,1,1650,18,87,206,1,226,380,111,621
1694,1994000,1,1,1866,31,100,201,0,242,486,99,707
1695,1995000,1,1,1464,32,107,164,0,263,298,91,509
1696,1996000,1,1,1569,35,109,179,0,238,349,110,549
1697,1997000,1,1,1737,32,101,186,1,247,475,94,601
1698,1998000,1,1,1390,30,100,147,1,257,275,79,501
1699,1999000,1,1,1722,26,91,178,1,241,472,92,621
1700,2000000,1,1,1573,27,96,164,0,266,369,89,562
1701,2001000,1,1,1597,26,113,179,2,256,326,102,593
1702,2002000,1,1,1663,19,104,248,0,207,404,118,563
1703,2003000,1,1,1565,27,90,193,3,256,335,97,564
1704,2004000,1,1,1554,43,110,136,0,256,389,86,534
1705,2005000,1,1,1617,37,115,197,3,258,368,97,542
1706,2006000,1,1,1573,40,110,155,21,280,332,95,540
1707,2007000,1,1,1478,52,87,171,4,241,300,99,524
1708,2008000,1,1,1484,39,101,175,2,258,290,92,527
1709,2009000,1,1,1739,14,98,179,1,267,435,87,658
1710,2010000,1,1,1589,23,100,194,4,273,304,93,598
1711,2011000,1,1,1645,21,118,171,13,256,404,101,561
1712,2012000,1,1,1490,47,97,152,3,242,336,96,517
1713,2013000,1,1,1565,57,108,196,3,238,370,111,482
1714,2014000,1,1,1574,38,86,189,2,234,382,88,555
1715,2015000,1,1,1746,57,101,186,5,231,454,97,615
1716,2016000,1,1,1552,36,95,208,3,244,321,108,537
1717,2017000,1,1,1547,8,92,188,4,241,390,109,515
1718,2018000,1,1,1582,27,98,188,7,256,354,89,563
1719,2019000,1,1,1491,42,93,188,9,250,275,92,542
1720,2020000,1,1,1586,29,96,174,5,241,365,86,590
1721,2021000,1,1,1737,23,101,216,4,218,425,126,624
1722,2022000,1,1,1944,22,100,177,2,258,565,86,734
1723,2023000,1,1,1738,40,99,223,3,227,427,115,604
1724,2024000,1,1,1604,38,93,150,4,283,360,70,606
1725,2025000,1,1,1586,66,84,177,4,246,366,97,546
1726,2026000,1,1,1619,23,81,162,8,250,400,90,605
1727,2027000,1,1,1756,52,90,227,6,217,439,122,603
1728,2028000,1,1,1466,9,78,206,15,246,314,123,475
1729,2029000,1,1,1527,24,101,160,1,255,399,90,497
1730,2030000,1,1,1579,18,99,201,1,250,358,97,555
1731,2031000,1,1,1819,24,113,187,3,257,504,112,619
1732,2032000,1,1,1544,29,93,190,4,232,345,100,551
1733,2033000,1,1,1786,62,103,148,2,270,496,67,638
1734,2034000,1,1,1593,13,100,171,8,262,398,93,548
1735,2035000,1,1,1560,57,92,161,5,253,351,90,551
1736,2036000,1,1,1424,45,81,135,4,267,295,78,519
1737,2037000,1,1,1597,66,91,166,4,255,366,86,563
1738,2038000,1,1,1599,36,108,183,3,250,355,94,570
1739,2039000,1,1,1607,32,97,186,3,236,367,110,576
1740,2040000,1,1,1522,35,120,142,5,256,332,87,545
1741,2041000,1,1,1500,61,98,224,4,231,311,110,461
1742,2042000,1,1,1569,33,102,145,3,254,383,89,560
1743,2043000,1,1,1701,70,91,215,10,219,379,116,601
1744,2044000,1,1,1651,25,87,187,5,247,408,98,594
1745,2045000,1,1,1623,57,104,154,3,279,369,87,570
1746,2046000,1,1,1865,42,97,187,7,260,527,98,647
1747,2047000,1,1,1570,28,101,192,5,237,353,109,545
1748,2048000,1,1,1437,19,86,167,0,237,307,93,528
1749,2049000,1,1,1442,33,100,162,7,248,279,95,518
1750,2050000,1,1,1729,32,99,156,8,275,429,86,644
1751,2051000,1,1,1589,15,90,228,6,225,379,134,512
1752,2052000,1,1,1549,32,114,180,0,235,360,87,541
1753,2053000,1,1,1538,24,112,180,1,258,329,100,534
1754,2054000,1,1,1570,36,100,203,0,256,338,94,543
1755,2055000,1,1,1646,63,109,193,2,235,405,98,541
1756,2056000,1,1,1552,21,90,196,2,223,334,109,577
1757,2057000,1,1,1521,41,100,207,2,241,317,98,515
1758,2058000,1,1,1592,26,107,158,3,250,362,78,608
1759,2059000,1,1,1577,46,101,196,7,232,379,114,502
1760,2060000,1,1,1676,55,100,216,10,229,371,115,580
1761,2061000,1,1,1761,30,90,158,7,270,455,79,672
1762,2062000,1,1,1899,45,92,181,4,268,531,86,692
1763,2063000,1,1,1442,23,92,162,11,230,304,104,516
1764,2064000,1,1,1577,38,85,215,8,238,374,98,521
1765,2065000,1,1,1604,35,91,201,12,239,351,108,567
1766,2066000,1,1,1560,33,97,159,0,258,335,89,589
1767,2067000,1,1,1654,22,111,220,0,235,377,112,577
1768,2068000,1,1,1642,66,102,151,0,256,400,80,587
1769,2069000,1,1,1637,16,98,163,2,235,439,93,591
1770,2070000,1,1,1675,54,100,168,1,261,400,86,605
1771,2071000,1,1,1810,15,109,177,1,242,523,95,648
1772,2072000,1,1,1648,22,93,199,15,236,370,117,596
1773,2073000,1,1,1716,14,97,169,8,264,442,104,618
1774,2074000,1,1,1745,44,106,165,9,232,451,106,632
1775,2075000,1,1,1775,25,92,158,5,264,477,92,662
1776,2076000,1,1,1535,32,104,171,3,238,351,106,530
1777,2077000,1,1,1627,16,84,168,1,260,383,93,622
1778,2078000,1,1,1677,34,107,157,6,262,415,98,598
1779,2079000,1,1,1632,42,84,201,3,241,406,110,545
1780,2080000,1,1,1522,28,90,175,7,224,335,123,540
1781,2081000,1,1,1667,23,105,186,4,250,394,100,605
1782,2082000,1,1,1770,18,100,192,1,235,470,96,658
1783,2083000,1,1,1460,27,88,153,2,259,318,87,526
1784,2084000,1,1,1560,2,90,205,8,236,385,113,521
1785,2085000,1,1,1728,23,75,189,5,253,450,106,627
1786,2086000,1,1,1656,49,97,172,8,237,393,104,596
1787,2087000,1,1,1739,31,121,167,2,243,460,97,618
1788,2088000,1,1,1702,56,96,158,7,272,444,86,583
1789,2089000,1,1,1619,38,132,231,4,233,332,105,544
1790,2090000,1,1,1568,33,96,165,6,245,347,85,591
1791,2091000,1,1,1724,49,99,185,9,251,424,103,604
1792,2092000,1,1,1582,32,93,169,9,240,380,111,548
1793,2093000,1,1,1584,23,106,187,8,253,363,100,544
1794,2094000,1,1,1548,20,113,179,3,254,372,96,511
1795,2095000,1,1,1647,48,91,183,9,252,377,95,592
1796,2096000,1,1,1568,27,90,190,9,224,351,113,564
1797,2097000,1,1,1752,30,84,193,3,251,457,95,639
1798,2098000,1,1,1627,53,111,137,10,278,356,77,605
1799,2099000,1,1,1658,48,92,181,8,239,411,101,578
1800,2100000,1,1,1440,13,105,200,3,224,319,116,460
1801,2101000,1,1,1546,21,94,204,2,222,337,112,554
1802,2102000,1,1,1694,29,95,194,2,231,427,99,617
1803,2103000,1,1,1754,23,102,166,2,259,470,93,639
1804,2104000,1,1,1491,53,84,159,4,244,342,110,495
1805,2105000,1,1,1657,24,123,197,9,259,386,90,569
1806,2106000,1,1,1687,62,107,144,7,265,396,88,618
1807,2107000,1,1,1532,55,97,189,3,253,284,92,559
1808,2108000,1,1,1807,19,105,178,6,246,497,108,648
1809,2109000,1,1,1676,17,94,193,1,238,439,106,588
1810,2110000,1,1,1828,14,114,187,5,263,462,104,679
1811,2111000,1,1,1597,9,101,181,11,238,338,120,599
1812,2112000,1,1,1747,51,102,191,6,251,396,106,644
1813,2113000,1,1,1594,35,101,188,7,227,353,106,577
1814,2114000,1,1,1597,33,112,144,5,275,399,74,555
1815,2115000,1,1,1432,33,78,172,11,259,281,97,501
1816,2116000,1,1,1794,47,116,200,6,250,433,102,640
1817,2117000,1,1,1645,37,114,161,2,271,416,92,552
1818,2118000,1,1,1633,36,102,215,11,229,356,104,580
1819,2119000,1,1,1737,40,95,151,4,248,476,100,623
1820,2120000,1,1,1559,15,101,187,1,245,377,101,532
1821,2121000,1,1,1635,53,99,157,2,241,397,96,590
1822,2122000,1,1,1776,87,93,204,5,230,437,109,611
1823,2123000,1,1,1535,73,99,169,10,244,279,92,569
1824,2124000,1,1,1678,47,98,220,3,255,371,100,584
1825,2125000,1,1,1731,55,89,196,2,243,424,96,626
1826,2126000,1,1,1564,36,104,149,2,248,401,84,540
1827,2127000,1,1,1409,56,91,163,2,242,284,96,475
1828,2128000,1,1,1616,26,102,198,14,248,339,111,578
1829,2129000,1,1,1444,27,74,176,6,250,334,96,481
1830,2130000,1,1,1777,25,119,176,9,257,448,100,643
1831,2131000,1,1,1559,46,93,145,5,270,375,91,534
1832,2132000,1,1,1558,45,113,180,6,276,309,65,564
1833,2133000,1,1,1642,15,92,236,7,203,382,136,571
1834,2134000,1,1,1632,33,92,179,8,260,389,84,587
1835,2135000,1,1,1674,47,82,174,10,238,465,108,550
1836,2136000,1,1,1755,36,87,199,2,220,449,115,647
1837,2137000,1,1,1582,26,106,176,2,246,343,94,589
1838,2138000,1,1,1786,29,100,136,7,261,507,97,649
1839,2139000,1,1,1529,44,100,182,3,241,339,100,520
1840,2140000,1,1,1649,31,93,144,2,263,411,89,616
1841,2141000,1,1,1439,34,92,199,6,229,310,107,462
1842,2142000,1,1,1808,38,96,171,1,245,493,82,682
1843,2143000,1,1,1657,21,115,166,3,262,407,95,588
1844,2144000,1,1,1528,46,102,159,7,239,345,100,530
1845,2145000,1,1,1446,25,98,165,5,253,334,107,459
1846,2146000,1,1,1626,35,98,163,5,266,406,85,568
1847,2147000,1,1,1610,29,98,154,8,257,399,81,584
1848,2148000,1,1,1624,28,99,156,3,260,394,94,590
1849,2149000,1,1,1764,20,96,201,6,225,483,100,633
1850,2150000,1,1,1774,36,104,172,3,237,484,93,645
1851,2151000,1,1,1547,27,99,150,2,244,346,103,576
1852,2152000,1,1,1428,41,97,180,2,253,300,91,464
1853,2153000,1,1,1789,25,98,198,10,231,482,115,630
1854,2154000,1,1,1569,33,97,165,5,245,375,104,545
1855,2155000,1,1,1719,56,105,195,3,234,417,109,600
1856,2156000,1,1,1579,28,98,197,1,231,401,109,514
1857,2157000,1,1,1690,18,93,211,9,227,416,124,592
1858,2158000,1,1,1644,22,85,186,3,231,437,109,571
1859,2159000,1,1,1598,39,103,165,3,240,380,108,560
1860,2160000,1,1,1634,20,100,196,3,226,421,101,567
1861,2161000,1,1,1582,28,92,182,2,258,373,90,557
1862,2162000,1,1,1536,31,97,157,1,254,329,89,578
1863,2163000,1,1,1609,42,105,225,1,238,392,111,495
1864,2164000,1,1,1607,18,90,185,8,246,379,101,580
1865,2165000,1,1,1621,16,85,163,6,252,430,84,585
1866,2166000,1,1,1753,67,98,153,5,275,466,76,613
1867,2167000,1,1,1735,21,96,170,3,257,436,90,662
1868,2168000,1,1,1651,18,95,151,5,274,426,84,598
1869,2169000,1,1,1634,37,90,193,5,238,387,101,583
1870,2170000,1,1,1475,25,93,168,6,247,343,94,499
1871,2171000,1,1,1458,15,103,177,4,236,297,102,524
1872,2172000,1,1,1468,19,97,199,7,247,292,109,498
1873,2173000,1,1,1535,56,92,180,13,262,349,85,498
1874,2174000,1,1,1603,19,98,169,4,230,405,103,575
1875,2175000,1,1,1597,22,82,189,5,257,355,97,590
1876,2176000,1,1,1670,9,108,185,5,262,409,116,576
1877,2177000,1,1,1526,47,94,166,8,238,345,84,544
1878,2178000,1,1,1777,14,87,193,4,250,462,116,651
1879,2179000,1,1,1538,22,91,194,8,229,342,118,534
1880,2180000,1,1,1760,39,104,173,9,246,487,89,613
1881,2181000,1,1,1581,29,89,170,5,245,328,110,605
1882,2182000,1,1,1612,49,84,190,1,265,354,89,580
1883,2183000,1,1,1903,27,103,170,9,270,485,73,766
1884,2184000,1,1,1700,33,115,184,2,249,458,96,563
1885,2185000,1,1,1645,42,90,131,4,263,397,71,647
1886,2186000,1,1,1473,46,101,162,3,251,336,102,472
1887,2187000,1,1,1588,37,100,179,3,248,367,89,565
1888,2188000,1,1,1813,11,104,219,4,244,471,128,632
1889,2189000,1,1,1508,53,101,168,6,250,281,108,541
1890,2190000,1,1,1697,47,98,224,3,238,395,116,576
1891,2191000,1,1,1613,27,64,176,4,298,373,83,588
1892,2192000,1,1,1535,32,84,169,4,247,358,98,543
1893,2193000,1,1,1406,29,102,136,4,270,292,94,479
1894,2194000,1,1,1787,31,116,195,2,254,445,109,635
1895,2195000,1,1,1761,34,94,190,5,262,440,97,639
1896,2196000,1,1,1450,35,96,166,1,238,314,94,506
1897,2197000,1,1,1617,51,90,173,6,248,389,109,551
1898,2198000,1,1,1488,25,89,178,9,244,315,107,521
1899,2199000,1,1,1543,36,90,183,6,260,356,100,512
1900,2200000,1,1,1662,24,88,205,12,213,428,114,578
1901,2201000,1,1,1688,20,89,180,5,261,436,96,601
1902,2202000,1,1,1674,51,94,120,10,266,443,82,608
1903,2203000,1,1,1586,42,101,139,13,265,340,91,595
1904,2204000,1,1,1529,40,92,163,8,267,367,80,512
1905,2205000,1,1,1782,4,113,193,5,217,461,121,668
1906,2206000,1,1,1485,55,97,200,4,232,299,98,500
1907,2207000,1,1,1640,49,88,225,8,225,377,111,557
1908,2208000,1,1,1675,20,105,204,2,228,426,107,583
1909,2209000,1,1,1764,32,99,215,1,233,448,116,620
1910,2210000,1,1,1771,22,83,190,7,224,484,112,649
1911,2211000,1,1,1400,32,91,180,2,239,259,93,504
1912,2212000,1,1,1673,41,100,182,3,252,438,102,555
1913,2213000,1,1,1561,42,103,146,3,243,356,92,576
1914,2214000,1,1,1532,28,106,186,4,269,314,94,531
1915,2215000,1,1,1731,22,96,163,12,231,486,104,617
1916,2216000,1,1,1615,32,86,197,1,256,360,95,588
1917,2217000,1,1,1521,53,92,180,5,245,321,90,535
1918,2218000,1,1,1535,44,100,187,5,237,303,98,561
1919,2219000,1,1,1682,43,101,188,0,275,394,71,610
1920,2220000,1,1,1730,51,107,204,6,235,415,107,605
1921,2221000,1,1,1679,32,101,154,9,269,408,90,616
1922,2222000,1,1,1686,72,101,198,4,250,401,103,557
1923,2223000,1,1,1664,50,84,175,7,252,371,98,627
1924,2224000,1,1,1678,19,102,203,3,248,395,114,594
1925,2225000,1,1,1685,25,96,195,3,249,444,108,565
1926,2226000,1,1,1549,18,101,187,10,229,354,120,530
1927,2227000,1,1,1546,27,106,198,3,224,350,101,537
1928,2228000,1,1,1512,28,106,176,5,250,354,97,496
1929,2229000,1,1,1688,36,84,199,1,267,402,94,605
1930,2230000,1,1,1653,28,91,156,2,254,436,79,607
1931,2231000,1,1,1846,50,87,205,8,230,455,116,695
1932,2232000,1,1,1706,40,82,137,9,290,423,71,654
1933,2233000,1,1,1736,17,89,171,5,270,410,96,678
1934,2234000,1,1,1546,31,94,188,7,212,326,131,557
1935,2235000,1,1,1562,18,86,165,9,267,377,83,557
1936,2236000,1,1,1623,36,100,163,3,255,383,95,588
1937,2237000,1,1,1699,35,92,185,13,234,416,105,619
1938,2238000,1,1,1697,47,89,209,7,257,373,87,628
1939,2239000,1,1,1689,4,91,212,7,211,449,126,589
1940,2240000,1,1,1529,21,99,165,4,243,371,108,518
1941,2241000,1,1,1586,43,112,133,3,265,389,88,553
1942,2242000,1,1,1609,34,86,151,23,239,356,115,605
1943,2243000,1,1,1766,13,90,205,5,245,467,99,642
1944,2244000,1,1,1583,26,94,199,2,231,355,108,568
1945,2245000,1,1,1534,47,105,172,2,237,326,101,544
1946,2246000,1,1,1480,19,109,203,7,230,296,102,514
1947,2247000,1,1,1675,45,98,184,8,226,400,105,609
1948,2248000,1,1,1615,39,80,148,6,263,395,106,578
1949,2249000,1,1,1670,36,92,205,9,251,380,104,593
1950,2250000,1,1,1655,16,87,198,4,243,432,109,566
1951,2251000,1,1,1555,38,94,170,2,252,374,89,536
1952,2252000,1,1,1769,20,96,170,2,238,507,104,632
1953,2253000,1,1,1338,33,84,166,5,261,230,82,477
1954,2254000,1,1,1779,30,108,169,2,267,455,85,663
1955,2255000,1,1,1598,32,93,196,2,228,360,105,582
1956,2256000,1,1,1616,25,115,225,2,238,344,115,552
1957,2257000,1,1,1797,23,105,196,1,242,496,101,633
1958,2258000,1,1,1580,17,100,154,2,242,409,90,566
1959,2259000,1,1,1666,20,104,184,4,249,409,108,588
1960,2260000,1,1,1573,53,92,182,7,250,347,98,544
1961,2261000,1,1,1472,54,113,184,2,242,291,100,486
1962,2262000,1,1,1523,36,99,150,21,246,343,106,522
1963,2263000,1,1,1533,46,89,152,15,268,321,89,553
1964,2264000,1,1,1783,27,89,158,11,256,511,82,649
1965,2265000,1,1,1441,29,101,186,3,244,298,87,493
1966,2266000,1,1,1735,36,91,169,3,283,447,75,631
1967,2267000,1,1,1682,12,91,194,4,265,435,90,591
1968,2268000,1,1,1712,66,87,146,5,258,466,79,605
1969,2269000,1,1,1459,33,101,177,0,238,306,103,501
1970,2270000,1,1,1737,2,103,191,1,239,466,104,631
1971,2271000,1,1,1996,16,91,181,1,272,574,93,768
1972,2272000,1,1,1674,45,100,201,3,238,385,106,596
1973,2273000,1,1,1607,20,103,232,5,189,373,130,555
1974,2274000,1,1,1638,43,117,173,2,229,412,80,582
1975,2275000,1,1,1659,94,99,209,5,258,357,89,548
1976,2276000,1,1,1612,46,112,166,4,258,338,89,599
1977,2277000,1,1,1769,39,98,215,3,233,445,109,627
1978,2278000,1,1,1468,32,100,157,3,238,298,97,543
1979,2279000,1,1,1552,39,97,162,2,245,347,88,572
1980,2280000,1,1,1558,23,93,185,10,254,346,97,550
1981,2281000,1,1,1555,64,96,189,6,229,349,100,522
1982,2282000,1,1,1500,41,98,184,5,255,285,98,534
1983,2283000,1,1,1597,41,102,152,4,251,372,95,580
1984,2284000,1,1,1692,23,93,209,12,235,419,116,585
1985,2285000,1,1,1601,13,92,184,2,256,338,106,610
1986,2286000,1,1,1618,43,104,232,3,217,376,137,506
1987,2287000,1,1,1647,56,101,175,1,250,407,91,566
1988,2288000,1,1,1642,27,85,170,5,237,427,96,595
1989,2289000,1,1,1725,66,83,169,6,251,478,95,577
1990,2290000,1,1,1656,68,95,177,4,273,384,89,566
1991,2291000,1,1,1542,29,96,211,7,221,323,116,539
1992,2292000,1,1,1667,38,101,166,5,270,397,80,610
1993,2293000,1,1,1471,25,111,211,1,239,311,103,470
1994,2294000,1,1,1619,48,100,167,3,248,377,81,595
1995,2295000,1,1,1542,61,106,151,7,245,320,84,568
1996,2296000,1,1,1648,15,86,183,6,218,427,114,599
1997,2297000,1,1,1607,57,95,181,4,307,355,78,530
1998,2298000,1,1,1735,16,94,181,9,249,446,99,641
1999,2299000,1,1,1776,83,93,178,9,246,492,83,592
2000,2300000,1,1,1627,24,113,190,2,260,383,92,563
2001,2301000,1,1,1427,20,110,189,1,240,320,102,445
2002,2302000,1,1,1575,20,101,188,4,253,361,90,558
2003,2303000,1,1,1542,41,110,176,4,236,339,89,547
2004,2304000,1,1,1618,30,98,161,0,258,407,86,578
2005,2305000,1,1,1720,31,91,243,1,236,402,119,597
2006,2306000,1,1,1770,17,107,214,1,240,449,107,635
2007,2307000,1,1,1721,34,81,159,3,294,411,88,651
2008,2308000,1,1,1822,27,103,200,2,226,498,117,649
2009,2309000,1,1,1549,41,94,166,4,228,366,112,538
2010,2310000,1,1,1515,30,107,207,2,239,339,97,494
2011,2311000,1,1,1599,39,107,183,3,243,379,99,546
2012,2312000,1,1,1587,56,101,168,8,237,372,83,562
2013,2313000,1,1,1519,53,92,181,5,212,362,118,496
2014,2314000,1,1,1642,37,99,152,7,250,388,106,603
2015,2315000,1,1,1518,23,92,180,2,248,368,108,497
2016,2316000,1,1,1552,24,102,184,7,238,351,100,546
2017,2317000,1,1,1604,27,96,164,11,267,347,76,616
2018,2318000,1,1,1527,27,81,168,7,262,298,85,599
2019,2319000,1,1,1717,53,91,219,3,240,423,109,579
2020,2320000,1,1,1726,46,88,182,2,262,448,86,612
2021,2321000,1,1,1509,35,91,176,4,230,349,99,525
2022,2322000,1,1,1631,38,95,192,5,252,387,99,563
2023,2323000,1,1,1516,48,94,168,3,224,345,109,525
2024,2324000,1,1,1608,25,96,191,1,245,367,102,581
2025,2325000,1,1,1607,30,102,179,6,235,379,104,572
2026,2326000,1,1,2014,15,106,186,4,247,590,101,765
2027,2327000,1,1,2107,17,95,185,1,251,673,96,789
2028,2328000,1,1,1475,39,96,184,6,222,340,111,477
2029,2329000,1,1,1712,34,115,182,1,270,464,89,557
2030,2330000,1,1,1636,65,100,215,3,234,337,101,581
2031,2331000,1,1,1600,47,103,147,4,249,360,86,604
2032,2332000,1,1,1687,41,107,171,7,245,429,102,585
2033,2333000,1,1,1726,25,84,190,7,243,426,101,650
2034,2334000,1,1,1573,36,87,164,2,263,375,77,569
2035,2335000,1,1,1527,51,104,139,16,235,336,83,563
2036,2336000,1,1,1624,8,101,194,0,216,411,110,584
2037,2337000,1,1,1666,29,96,204,7,223,399,102,606
2038,2338000,1,1,1653,28,90,179,4,245,392,93,622
2039,2339000,1,1,1552,37,107,182,1,254,332,103,536
2040,2340000,1,1,1810,22,99,206,2,223,502,114,642
2041,2341000,1,1,1766,59,88,155,11,276,460,88,629
2042,2342000,1,1,1526,46,85,168,8,249,327,100,543
2043,2343000,1,1,1531,32,98,187,4,255,319,87,549
2044,2344000,1,1,1723,33,94,204,2,227,414,109,640
2045,2345000,1,1,1513,45,94,129,14,272,347,82,530
2046,2346000,1,1,1710,47,90,159,4,255,432,92,631
2047,2347000,1,1,1592,9,100,173,5,231,416,98,560
2048,2348000,1,1,1551,27,82,177,4,261,388,101,511
2049,2349000,1,1,1736,32,94,147,5,255,466,92,645
2050,2350000,1,1,1649,50,95,166,4,279,378,98,579
2051,2351000,1,1,1692,25,106,184,10,258,392,103,614
2052,2352000,1,1,1623,29,93,176,4,233,395,109,584
2053,2353000,1,1,1486,37,89,133,7,245,345,93,537
2054,2354000,1,1,1814,25,106,176,6,269,470,99,663
2055,2355000,1,1,1710,52,102,169,2,281,392,80,632
2056,2356000,1,1,1540,43,95,192,3,238,360,96,513
2057,2357000,1,1,1662,63,80,165,5,265,416,78,590
2058,2358000,1,1,1581,32,80,164,10,253,398,84,560
2059,2359000,1,1,1611,16,95,208,1,242,370,102,577
2060,2360000,1,1,1531,32,97,206,5,245,343,100,503
2061,2361000,1,1,1609,23,107,192,3,259,407,89,529
2062,2362000,1,1,1728,36,103,158,4,245,437,96,649
2063,2363000,1,1,1698,44,107,193,3,255,395,87,614
2064,2364000,1,1,1610,56,102,190,2,245,371,99,545
2065,2365000,1,1,1555,53,98,173,5,249,315,99,563
2066,2366000,1,1,1819,15,100,172,2,238,535,95,662
2067,2367000,1,1,1667,43,99,138,6,263,404,83,631
2068,2368000,1,1,1737,30,109,168,6,266,446,81,631
2069,2369000,1,1,1645,46,91,187,3,253,408,84,573
2070,2370000,1,1,1699,15,106,200,1,243,440,118,576
2071,2371000,1,1,1603,2,88,176,7,233,414,116,567
2072,2372000,1,1,1587,27,81,204,3,222,364,117,569
2073,2373000,1,1,1684,34,99,183,3,253,426,83,603
2074,2374000,1,1,1767,35,100,206,3,225,445,113,640
2075,2375000,1,1,1517,39,96,191,3,254,313,79,542
2076,2376000,1,1,1579,12,102,202,8,226,386,126,517
2077,2377000,1,1,1638,34,111,175,7,258,402,95,556
2078,2378000,1,1,1604,24,103,189,2,246,401,100,539
2079,2379000,1,1,1623,32,116,207,2,230,396,95,545
2080,2380000,1,1,1748,43,107,213,14,228,426,107,610
2081,2381000,1,1,1540,15,101,196,5,231,346,118,528
2082,2382000,1,1,1752,40,102,193,2,238,461,112,604
2083,2383000,1,1,1650,62,112,166,7,268,400,92,543
2084,2384000,1,1,1693,26,90,156,3,266,482,88,582
2085,2385000,1,1,1498,12,87,178,5,255,360,93,508
2086,2386000,1,1,1606,41,98,181,4,268,341,91,582
2087,2387000,1,1,1588,48,77,151,12,266,363,81,590
2088,2388000,1,1,1609,31,103,149,3,264,387,82,590
2089,2389000,1,1,1683,30,97,166,6,240,418,102,624
2090,2390000,1,1,1681,20,92,162,4,262,431,91,619
2091,2391000,1,1,1673,67,103,171,3,279,408,81,561
2092,2392000,1,1,1589,23,108,167,8,258,394,87,544
2093,2393000,1,1,1552,47,92,162,10,244,356,87,554
2094,2394000,1,1,1698,33,112,191,8,215,437,119,583
2095,2395000,1,1,1531,61,90,149,9,253,338,92,539
2096,2396000,1,1,1677,43,112,184,2,277,415,77,567
2097,2397000,1,1,1591,64,92,201,1,238,351,107,537
2098,2398000,1,1,1780,24,88,202,6,221,469,111,659
2099,2399000,1,1,1678,43,122,162,5,254,384,104,604
2100,2400000,1,1,1663,6,103,180,1,249,432,91,601
2101,2401000,1,1,1463,56,96,170,3,229,306,108,495
2102,2402000,1,1,1555,22,94,187,2,252,370,93,535
2103,2403000,1,1,1533,42,91,169,3,251,362,85,530
2104,2404000,1,1,1543,46,109,195,7,273,312,94,507
2105,2405000,1,1,1713,36,106,202,9,245,403,121,591
2106,2406000,1,1,1741,42,93,194,3,249,401,112,647
2107,2407000,1,1,1682,74,93,202,14,244,345,101,609
2108,2408000,1,1,1687,33,88,189,7,238,396,102,634
2109,2409000,1,1,1467,30,84,204,8,246,260,122,513
2110,2410000,1,1,1633,42,89,189,6,262,365,90,590
2111,2411000,1,1,1692,51,106,169,2,250,364,95,655
2112,2412000,1,1,1637,38,83,187,8,273,385,96,567
2113,2413000,1,1,1647,58,102,159,5,240,380,106,597
2114,2414000,1,1,1636,31,98,193,2,247,371,102,592
2115,2415000,1,1,1737,36,106,232,2,239,389,121,612
2116,2416000,1,1,1580,22,83,172,5,262,372,99,565
2117,2417000,1,1,1770,33,96,188,5,258,472,96,622
2118,2418000,1,1,1610,46,107,193,6,252,368,88,550
2119,2419000,1,1,1531,15,103,204,8,235,339,116,511
2120,2420000,1,1,1648,49,106,198,3,233,394,105,560
2121,2421000,1,1,1673,24,110,214,3,242,389,107,584
2122,2422000,1,1,1679,34,108,180,5,263,406,88,595
2123,2423000,1,1,1719,37,91,172,4,268,460,100,587
2124,2424000,1,1,1732,44,102,196,8,233,442,119,588
2125,2425000,1,1,1638,38,98,157,4,253,433,100,555
2126,2426000,1,1,1559,36,90,205,3,240,353,102,530
2127,2427000,1,1,1564,43,108,150,4,261,352,95,551
2128,2428000,1,1,1715,32,94,228,2,237,428,114,580
2129,2429000,1,1,1601,27,68,247,2,243,328,116,570
2130,2430000,1,1,1546,28,104,167,8,275,343,83,538
2131,2431000,1,1,1627,45,93,236,4,237,351,116,545
2132,2432000,1,1,1484,31,89,161,9,243,360,94,497
2133,2433000,1,1,1508,60,113,134,10,252,317,74,548
2134,2434000,1,1,1407,20,95,189,4,231,290,100,478
2135,2435000,1,1,1598,52,90,170,7,241,370,99,569
2136,2436000,1,1,1636,27,99,224,1,237,385,110,553
2137,2437000,1,1,1551,27,103,158,3,256,363,105,536
2138,2438000,1,1,1579,40,103,144,5,252,428,98,509
2139,2439000,1,1,1770,14,88,202,3,245,483,98,637
2140,2440000,1,1,1493,22,112,180,2,247,312,97,521
2141,2441000,1,1,1744,31,113,187,2,260,442,106,603
2142,2442000,1,1,1512,29,99,174,5,264,361,94,486
2143,2443000,1,1,1546,35,104,121,7,284,327,74,594
2144,2444000,1,1,1625,34,91,132,7,253,382,86,640
2145,2445000,1,1,1518,9,96,226,6,202,342,132,505
2146,2446000,1,1,1530,20,94,160,5,256,388,92,515
2147,2447000,1,1,1489,27,104,181,9,221,303,106,538
2148,2448000,1,1,1644,34,101,167,6,233,400,114,589
2149,2449000,1,1,1817,28,101,226,5,251,473,108,625
2150,2450000,1,1,1655,36,85,208,4,232,420,116,554
2151,2451000,1,1,1958,44,95,208,4,245,554,102,706
2152,2452000,1,1,1700,63,98,202,11,223,372,119,612
2153,2453000,1,1,1595,47,107,144,15,256,399,99,528
2154,2454000,1,1,1558,30,103,187,10,241,374,108,505
2155,2455000,1,1,1716,25,96,164,3,271,430,88,639
2156,2456000,1,1,1608,37,80,179,6,264,381,90,571
2157,2457000,1,1,1456,41,95,207,3,251,268,102,489
2158,2458000,1,1,1451,43,89,192,5,223,298,100,501
2159,2459000,1,1,1833,55,102,162,1,265,469,76,703
2160,2460000,1,1,1528,18,86,214,4,218,314,120,554
2161,2461000,1,1,1570,24,90,171,3,234,406,97,545
2162,2462000,1,1,1970,21,99,209,5,224,586,134,692
2163,2463000,1,1,1700,54,77,164,14,258,404,85,644
2164,2464000,1,1,1540,44,102,180,4,289,311,90,520
2165,2465000,1,1,1625,15,91,180,7,256,407,111,558
2166,2466000,1,1,1674,32,89,160,9,275,397,82,630
2167,2467000,1,1,1488,18,103,191,2,246,313,94,521
2168,2468000,1,1,1847,20,94,173,1,284,499,92,684
2169,2469000,1,1,1602,46,102,180,5,263,384,89,533
2170,2470000,1,1,1497,28,88,196,7,231,360,115,472
2171,2471000,1,1,1543,24,83,169,4,254,380,91,538
2172,2472000,1,1,1573,56,94,181,3,251,361,96,531
2173,2473000,1,1,1704,20,83,229,9,236,413,120,594
2174,2474000,1,1,1680,20,109,210,6,240,379,115,601
2175,2475000,1,1,1497,41,87,193,0,219,298,113,546
2176,2476000,1,1,1615,27,95,177,4,247,418,95,552
2177,2477000,1,1,1652,50,103,176,1,262,412,97,551
2178,2478000,1,1,1514,44,103,210,7,229,330,110,481
2179,2479000,1,1,1594,29,95,189,3,260,372,87,559
2180,2480000,1,1,1603,26,97,197,13,223,390,113,544
2181,2481000,1,1,1538,45,79,122,4,281,349,87,571
2182,2482000,1,1,1620,24,114,197,1,237,362,113,572
2183,2483000,1,1,1457,40,88,143,8,302,271,75,530
2184,2484000,1,1,1558,30,119,172,4,254,354,91,534
2185,2485000,1,1,1511,41,97,166,2,243,321,88,553
2186,2486000,1,1,1670,27,105,174,0,258,421,91,594
2187,2487000,1,1,1659,14,104,164,0,258,395,92,632
2188,2488000,1,1,1469,33,116,202,0,243,313,87,475
2189,2489000,1,1,1601,19,93,228,2,246,343,124,546
2190,2490000,1,1,1614,34,81,221,0,236,353,113,576
2191,2491000,1,1,1540,32,106,171,1,257,354,78,541
2192,2492000,1,1,1673,16,103,209,2,247,411,105,580
2193,2493000,1,1,1566,23,85,155,1,272,341,99,590
2194,2494000,1,1,1628,15,121,163,8,255,387,99,580
2195,2495000,1,1,1435,23,91,162,4,243,320,95,497
2196,2496000,1,1,1573,39,84,187,19,243,328,99,574
2197,2497000,1,1,1576,20,109,179,4,260,368,96,540
2198,2498000,1,1,1559,19,95,188,6,243,382,103,523
2199,2499000,1,1,1619,43,112,151,10,247,388,100,568
2200,2500000,1,1,1858,35,87,177,11,248,502,103,695
2201,2501000,1,1,1674,30,92,162,5,236,422,101,626
2202,2502000,1,1,1461,34,88,180,2,234,319,96,508
2203,2503000,1,1,1609,37,98,231,4,226,366,99,548
2204,2504000,1,1,1481,13,79,175,7,245,340,90,532
2205,2505000,1,1,1732,6,95,222,9,201,462,142,595
2206,2506000,1,1,1703,69,98,200,9,234,390,123,580
2207,2507000,1,1,1549,32,94,172,6,255,318,90,582
2208,2508000,1,1,1853,50,104,170,11,262,537,100,619
2209,2509000,1,1,1748,42,93,186,2,230,496,116,583
2210,2510000,1,1,1497,62,93,180,3,247,303,93,516
2211,2511000,1,1,1483,33,86,182,6,244,368,99,465
2212,2512000,1,1,1496,16,88,157,0,240,346,96,553
2213,2513000,1,1,1699,32,92,187,3,251,414,107,613
2214,2514000,1,1,1490,41,87,181,1,253,307,85,535
2215,2515000,1,1,1378,26,89,141,2,265,315,94,446
2216,2516000,1,1,1868,48,115,151,3,269,546,82,654
2217,2517000,1,1,1899,71,96,167,2,242,543,100,678
2218,2518000,1,1,1508,38,111,182,1,248,311,99,518
2219,2519000,1,1,1502,60,104,135,4,288,302,83,526
2220,2520000,1,1,1653,20,104,226,6,224,395,116,562
2221,2521000,1,1,1658,30,105,119,14,272,448,82,588
2222,2522000,1,1,1758,79,104,194,9,255,402,115,600
2223,2523000,1,1,1542,33,103,193,3,219,343,119,529
2224,2524000,1,1,1679,21,111,181,0,231,457,99,579
2225,2525000,1,1,1683,54,92,154,4,261,360,77,681
2226,2526000,1,1,1475,45,93,141,6,248,321,89,532
2227,2527000,1,1,1641,37,128,168,8,276,363,84,577
2228,2528000,1,1,1845,84,98,186,3,255,475,95,649
2229,2529000,1,1,1811,44,103,158,2,231,504,100,669
2230,2530000,1,1,1679,29,102,164,3,267,406,86,622
2231,2531000,1,1,1563,35,100,188,2,257,326,97,558
2232,2532000,1,1,1745,32,102,183,2,255,455,87,629
2233,2533000,1,1,1694,17,95,178,5,247,459,105,588
2234,2534000,1,1,1572,2,89,185,10,245,374,124,543
2235,2535000,1,1,1466,18,97,181,12,238,299,113,508
2236,2536000,1,1,1747,36,95,198,6,236,445,99,632
2237,2537000,1,1,1742,43,87,190,3,251,409,117,642
2238,2538000,1,1,1461,31,96,146,1,248,326,100,513
2239,2539000,1,1,1556,53,95,173,5,245,329,88,568
2240,2540000,1,1,1712,27,88,213,3,230,415,109,627
2241,2541000,1,1,1631,32,110,197,4,240,382,108,558
2242,2542000,1,1,1463,33,100,162,6,251,319,107,485
2243,2543000,1,1,1347,22,78,161,9,242,257,102,476
2244,2544000,1,1,1396,17,84,171,3,269,268,86,498
2245,2545000,1,1,1516,18,92,185,1,245,335,97,543
2246,2546000,1,1,1767,32,105,197,1,240,458,95,639
2247,2547000,1,1,1563,22,89,171,1,244,413,101,522
2248,2548000,1,1,1582,24,110,147,7,225,408,109,552
2249,2549000,1,1,1712,36,81,156,2,261,423,74,679
2250,2550000,1,1,1478,15,99,179,3,240,330,100,512
2251,2551000,1,1,1539,65,118,170,4,237,349,96,500
2252,2552000,1,1,1877,22,101,160,6,247,539,96,706
2253,2553000,1,1,1688,52,94,178,3,238,409,98,616
2254,2554000,1,1,1559,47,91,188,4,206,377,127,519
2255,2555000,1,1,1612,29,93,234,2,232,347,129,546
2256,2556000,1,1,1489,42,85,146,2,267,369,77,501
2257,2557000,1,1,1545,32,113,154,4,256,342,83,561
2258,2558000,1,1,1449,47,106,171,4,240,291,98,492
2259,2559000,1,1,1619,43,94,165,3,282,334,85,613
2260,2560000,1,1,1558,38,102,152,5,271,339,87,564
2261,2561000,1,1,1727,64,84,150,1,261,450,87,630
2262,2562000,1,1,1609,18,97,194,2,250,351,90,607
2263,2563000,1,1,1708,25,97,165,4,275,443,86,613
2264,2564000,1,1,1511,23,98,160,7,252,365,90,516
2265,2565000,1,1,1541,30,108,158,7,242,342,93,561
2266,2566000,1,1,1911,63,89,201,2,266,513,87,690
2267,2567000,1,1,1599,19,72,153,6,285,417,98,549
2268,2568000,1,1,1624,48,91,164,5,252,370,91,603
2269,2569000,1,1,1509,47,95,179,5,244,332,93,514
2270,2570000,1,1,1621,46,82,153,3,246,391,102,598
2271,2571000,1,1,1673,28,106,217,3,234,385,105,595
2272,2572000,1,1,1658,70,95,190,3,242,404,96,558
2273,2573000,1,1,1733,20,102,195,2,248,455,102,609
2274,2574000,1,1,1452,28,108,184,4,249,264,95,520
2275,2575000,1,1,1531,30,101,179,1,253,334,81,552
2276,2576000,1,1,1572,21,105,181,4,236,368,101,556
2277,2577000,1,1,1577,28,85,187,6,247,404,99,521
2278,2578000,1,1,1616,19,124,188,3,267,386,99,530
2279,2579000,1,1,1596,41,99,184,6,241,386,101,538
2280,2580000,1,1,1740,52,100,177,2,248,429,97,635
2281,2581000,1,1,1578,13,94,188,0,238,351,104,590
2282,2582000,1,1,1649,39,88,147,4,257,451,103,560
2283,2583000,1,1,1657,28,99,203,1,240,411,101,574
2284,2584000,1,1,1520,42,88,194,6,228,336,104,522
2285,2585000,1,1,1823,41,80,139,10,268,495,80,710
2286,2586000,1,1,1589,28,100,205,10,246,343,109,548
2287,2587000,1,1,1757,58,105,178,6,243,399,110,658
2288,2588000,1,1,1686,18,97,160,8,264,433,96,610
2289,2589000,1,1,1563,40,97,187,15,235,380,119,490
2290,2590000,1,1,1576,15,89,165,6,261,349,99,592
2291,2591000,1,1,1578,17,100,167,4,250,372,102,566
2292,2592000,1,1,1635,57,110,136,3,272,393,75,589
2293,2593000,1,1,1739,18,114,203,2,238,436,121,607
2294,2594000,1,1,1553,28,101,161,4,279,318,75,587
2295,2595000,1,1,1682,43,113,181,1,254,379,95,616
2296,2596000,1,1,1708,48,89,180,2,262,414,80,633
2297,2597000,1,1,1540,25,89,230,2,203,350,126,515
2298,2598000,1,1,1689,28,105,169,6,246,404,88,643
2299,2599000,1,1,1669,57,99,141,12,248,421,89,602
2300,2600000,1,1,1649,43,90,235,8,201,393,118,561
2301,2601000,1,1,1501,15,104,187,5,219,346,120,505
2302,2602000,1,1,1554,24,90,179,4,254,323,102,578
2303,2603000,1,1,1577,32,97,199,5,258,349,93,544
2304,2604000,1,1,1516,31,110,158,5,243,348,97,524
2305,2605000,1,1,1689,37,106,184,5,257,417,87,596
2306,2606000,1,1,1559,37,99,183,7,231,345,107,550
2307,2607000,1,1,1697,62,88,195,7,212,409,122,602
2308,2608000,1,1,1517,56,101,152,5,256,355,88,504
2309,2609000,1,1,1489,28,100,170,8,229,322,118,514
2310,2610000,1,1,1719,34,96,200,6,241,385,112,645
2311,2611000,1,1,1752,36,92,187,5,253,434,109,636
2312,2612000,1,1,1546,43,100,188,3,241,371,93,507
2313,2613000,1,1,1453,25,104,180,3,248,297,99,497
2314,2614000,1,1,1714,39,105,191,4,261,392,98,624
2315,2615000,1,1,1537,50,93,187,1,253,333,87,533
2316,2616000,1,1,1595,29,91,193,1,251,389,93,548
2317,2617000,1,1,1521,17,113,173,3,262,330,94,529
2318,2618000,1,1,1484,29,96,162,6,252,296,87,556
2319,2619000,1,1,1379,37,86,132,5,244,301,83,491
2320,2620000,1,1,1572,54,91,165,8,253,359,94,548
2321,2621000,1,1,1623,36,95,139,3,287,385,76,602
2322,2622000,1,1,1792,47,95,192,5,256,430,102,665
2323,2623000,1,1,1701,14,94,179,3,245,451,104,611
2324,2624000,1,1,1607,32,101,189,1,241,400,104,539
2325,2625000,1,1,1593,43,103,215,3,224,356,107,542
2326,2626000,1,1,1508,38,99,200,1,239,345,104,482
2327,2627000,1,1,1722,29,103,175,4,251,422,95,643
2328,2628000,1,1,1627,37,103,182,4,262,383,96,560
2329,2629000,1,1,1545,24,96,180,2,253,339,89,562
2330,2630000,1,1,1548,15,106,183,6,251,356,94,537
2331,2631000,1,1,1622,38,92,129,3,257,416,77,610
2332,2632000,1,1,1657,18,82,179,7,254,390,102,625
2333,2633000,1,1,1697,37,97,159,3,261,424,83,633
2334,2634000,1,1,1618,64,98,151,3,265,364,81,592
2335,2635000,1,1,1452,67,94,176,9,244,290,99,473
2336,2636000,1,1,1628,7,98,214,2,222,430,124,531
2337,2637000,1,1,1671,19,93,209,2,236,407,111,594
2338,2638000,1,1,1649,15,101,154,4,262,433,93,587
2339,2639000,1,1,1391,24,89,162,3,256,292,92,473
2340,2640000,1,1,1762,20,93,169,5,260,452,93,670
2341,2641000,1,1,1522,9,89,207,4,232,333,112,536
2342,2642000,1,1,1668,74,87,183,6,234,424,97,563
2343,2643000,1,1,1525,40,84,164,10,249,343,93,542
2344,2644000,1,1,1584,20,90,177,9,258,391,92,547
2345,2645000,1,1,1562,43,99,173,7,255,357,101,527
2346,2646000,1,1,1553,50,89,196,11,226,320,118,543
2347,2647000,1,1,1516,36,95,186,7,230,337,123,502
2348,2648000,1,1,1632,18,94,192,6,243,413,101,565
2349,2649000,1,1,1669,25,118,173,7,241,398,102,605
2350,2650000,1,1,1486,16,99,196,12,244,318,102,499
2351,2651000,1,1,1787,17,84,189,7,259,488,108,635
2352,2652000,1,1,1614,27,90,169,8,274,407,99,540
2353,2653000,1,1,1563,39,91,191,14,239,350,108,531
2354,2654000,1,1,1557,12,96,176,4,251,324,109,585
2355,2655000,1,1,1480,47,96,186,3,248,342,86,472
2356,2656000,1,1,1757,13,109,221,5,245,450,102,612
2357,2657000,1,1,1596,40,84,219,2,239,321,118,573
2358,2658000,1,1,1453,31,90,197,1,264,296,101,473
2359,2659000,1,1,1540,15,93,193,2,239,351,109,538
2360,2660000,1,1,1594,52,103,186,1,257,328,84,583
2361,2661000,1,1,1699,46,89,143,7,266,452,74,622
2362,2662000,1,1,1617,39,106,195,1,266,363,93,554
2363,2663000,1,1,1501,24,112,178,1,258,300,98,530
2364,2664000,1,1,1632,30,114,179,2,268,371,93,575
2365,2665000,1,1,1597,34,107,148,7,259,386,93,563
2366,2666000,1,1,1811,31,104,174,3,226,475,111,687
2367,2667000,1,1,1466,29,99,200,2,237,307,110,482
2368,2668000,1,1,1726,49,98,212,12,228,388,109,630
2369,2669000,1,1,1661,25,106,169,4,248,417,100,592
2370,2670000,1,1,1352,42,86,139,5,250,268,94,468
2371,2671000,1,1,1706,23,93,153,4,268,442,96,627
2372,2672000,1,1,1748,71,99,175,12,240,414,109,628
2373,2673000,1,1,1535,28,91,187,5,240,353,98,533
2374,2674000,1,1,1786,24,93,195,2,252,493,112,615
2375,2675000,1,1,1681,39,84,132,12,268,447,85,614
2376,2676000,1,1,1635,35,86,187,7,238,379,99,604
2377,2677000,1,1,1740,27,123,198,3,246,397,106,640
2378,2678000,1,1,1601,40,109,202,2,224,363,110,551
2379,2679000,1,1,1444,42,109,158,3,238,291,93,510
2380,2680000,1,1,1690,69,100,182,2,261,407,93,576
2381,2681000,1,1,1786,37,92,180,8,229,464,106,670
2382,2682000,1,1,1682,24,98,197,2,238,430,109,584
2383,2683000,1,1,1667,40,98,189,2,240,417,125,556
2384,2684000,1,1,1545,19,96,195,3,227,338,98,569
2385,2685000,1,1,1634,10,86,165,17,253,427,97,579
2386,2686000,1,1,1562,39,93,205,6,220,351,120,528
2387,2687000,1,1,1491,54,96,152,13,270,300,83,523
2388,2688000,1,1,1765,32,90,146,4,258,513,81,641
2389,2689000,1,1,1614,29,103,208,11,231,407,99,526
2390,2690000,1,1,1500,36,97,142,5,261,336,88,535
2391,2691000,1,1,1621,51,103,180,6,229,394,106,552
2392,2692000,1,1,1530,58,108,208,2,254,299,122,479
2393,2693000,1,1,1572,38,98,172,3,257,350,92,562
2394,2694000,1,1,1614,39,107,169,1,269,371,86,572
2395,2695000,1,1,1650,60,99,176,7,241,335,108,624
2396,2696000,1,1,1541,48,92,166,2,254,330,96,553
2397,2697000,1,1,1508,43,84,172,1,242,330,96,540
2398,2698000,1,1,1588,39,84,195,2,263,357,96,552
2399,2699000,1,1,1579,48,107,202,2,251,372,100,497
2400,2700000,1,1,1598,35,100,206,2,241,364,97,553
2401,2701000,1,1,1757,54,97,176,4,264,423,93,646
2402,2702000,1,1,1539,46,84,146,4,269,348,77,565
2403,2703000,1,1,1733,42,89,211,2,249,386,103,651
2404,2704000,1,1,1698,17,85,173,1,257,459,94,612
2405,2705000,1,1,1624,18,101,163,13,267,389,88,585
2406,2706000,1,1,1539,32,81,141,3,236,355,89,602
2407,2707000,1,1,1449,35,97,175,5,251,289,94,503
2408,2708000,1,1,1775,48,101,138,5,243,496,79,665
2409,2709000,1,1,1534,30,95,152,9,269,345,95,539
2410,2710000,1,1,1670,54,97,147,3,260,397,78,634
2411,2711000,1,1,1525,20,87,189,19,233,341,122,514
2412,2712000,1,1,1584,8,99,183,2,274,360,107,551
2413,2713000,1,1,1715,29,91,189,3,255,402,107,639
2414,2714000,1,1,1443,33,109,178,3,240,282,108,490
2415,2715000,1,1,1768,37,99,197,4,249,457,89,636
2416,2716000,1,1,1696,32,95,176,6,266,419,90,612
2417,2717000,1,1,1657,24,106,183,4,243,407,113,577
2418,2718000,1,1,1488,42,108,173,6,242,312,115,490
2419,2719000,1,1,1644,25,77,173,5,254,438,92,580
2420,2720000,1,1,1534,37,106,182,4,257,359,96,493
2421,2721000,1,1,1614,26,114,171,1,244,381,96,581
2422,2722000,1,1,1543,39,83,148,6,259,349,95,564
2423,2723000,1,1,1544,17,96,209,5,226,319,114,558
2424,2724000,1,1,1626,20,92,221,5,236,374,115,563
2425,2725000,1,1,1668,56,101,225,5,231,398,101,551
2426,2726000,1,1,1590,43,103,174,6,277,331,95,561
2427,2727000,1,1,1461,47,93,170,8,243,295,73,532
2428,2728000,1,1,1683,51,91,169,2,252,409,79,630
2429,2729000,1,1,1735,21,95,162,6,242,487,101,621
2430,2730000,1,1,1829,39,91,179,3,294,461,88,674
2431,2731000,1,1,1813,38,99,165,5,241,484,103,678
2432,2732000,1,1,1654,53,99,193,4,256,385,81,583
2433,2733000,1,1,1558,31,91,169,10,227,387,102,541
2434,2734000,1,1,1565,17,97,189,0,224,391,105,542
2435,2735000,1,1,1896,28,118,191,3,241,534,100,681
2436,2736000,1,1,1482,42,96,184,7,231,296,96,530
2437,2737000,1,1,1696,40,91,188,2,268,428,87,592
2438,2738000,1,1,1716,35,99,212,6,240,419,110,595
2439,2739000,1,1,1463,21,89,147,5,261,313,86,541
2440,2740000,1,1,1522,43,95,218,6,224,328,110,498
2441,2741000,1,1,1475,20,97,177,9,260,325,88,499
2442,2742000,1,1,1638,61,113,167,9,262,350,80,596
2443,2743000,1,1,1720,47,109,217,5,248,429,105,560
2444,2744000,1,1,1638,13,104,163,5,260,397,98,598
2445,2745000,1,1,1616,47,66,178,2,263,395,86,579
2446,2746000,1,1,1563,19,91,191,4,232,363,102,561
2447,2747000,1,1,1599,16,97,178,3,263,393,88,561
2448,2748000,1,1,1726,45,104,200,7,251,384,95,640
2449,2749000,1,1,1495,36,111,206,7,225,302,109,499
2450,2750000,1,1,1688,59,87,195,4,235,384,104,620
2451,2751000,1,1,1686,56,100,219,6,231,373,115,586
2452,2752000,1,1,1600,19,106,196,17,235,356,125,546
2453,2753000,1,1,1527,8,122,215,5,242,348,110,477
2454,2754000,1,1,1566,41,86,194,12,217,345,121,550
2455,2755000,1,1,1447,59,97,178,4,229,316,99,465
2456,2756000,1,1,1700,40,89,182,6,250,389,109,635
2457,2757000,1,1,1631,37,97,194,2,233,408,94,566
2458,2758000,1,1,1684,34,92,205,9,231,430,112,571
2459,2759000,1,1,1745,34,94,161,3,249,466,106,632
2460,2760000,1,1,1670,20,96,182,7,255,453,98,559
2461,2761000,1,1,1593,27,103,158,9,247,379,108,562
2462,2762000,1,1,1472,41,79,160,6,257,320,94,515
2463,2763000,1,1,1480,49,96,148,6,275,312,69,525
2464,2764000,1,1,1631,71,90,204,13,245,348,95,565
2465,2765000,1,1,1730,54,94,164,8,273,420,89,628
2466,2766000,1,1,1453,39,100,202,10,238,277,115,472
2467,2767000,1,1,1680,26,90,179,3,230,439,100,613
2468,2768000,1,1,1565,25,100,183,12,255,317,92,581
2469,2769000,1,1,1481,11,101,202,5,231,334,106,491
2470,2770000,1,1,1624,34,99,203,9,232,420,99,528
2471,2771000,1,1,1608,13,95,208,10,229,366,129,558
2472,2772000,1,1,1581,41,99,204,2,226,331,114,564
2473,2773000,1,1,1638,28,81,163,3,265,398,88,612
2474,2774000,1,1,1803,39,98,182,6,238,487,112,641
2475,2775000,1,1,1562,37,102,169,6,258,369,89,532
2476,2776000,1,1,1589,36,95,193,4,267,376,93,525
2477,2777000,1,1,1650,29,103,178,6,249,384,100,601
2478,2778000,1,1,1557,45,101,145,3,250,372,93,548
2479,2779000,1,1,1589,29,106,156,11,273,330,84,600
2480,2780000,1,1,1678,22,94,182,2,256,421,107,594
2481,2781000,1,1,1573,26,97,186,2,247,355,101,559
2482,2782000,1,1,1574,51,80,194,11,234,375,110,519
2483,2783000,1,1,1757,27,97,191,10,234,429,128,641
2484,2784000,1,1,1532,28,82,135,10,269,388,77,543
2485,2785000,1,1,1642,23,100,205,5,232,363,122,592
2486,2786000,1,1,1965,28,106,177,9,271,583,88,703
2487,2787000,1,1,1559,75,90,160,6,248,305,79,596
2488,2788000,1,1,1869,51,81,137,8,264,506,82,740
2489,2789000,1,1,1689,53,101,213,3,258,377,111,573
2490,2790000,1,1,1609,33,102,122,1,264,400,83,604
2491,2791000,1,1,1598,41,103,225,2,249,311,100,567
2492,2792000,1,1,1517,37,105,199,4,228,334,112,498
2493,2793000,1,1,1793,30,104,144,12,269,486,93,655
2494,2794000,1,1,1608,48,98,206,5,237,336,105,573
2495,2795000,1,1,1531,44,100,203,8,222,291,119,544
2496,2796000,1,1,1657,46,85,140,7,270,395,83,631
2497,2797000,1,1,1874,37,90,183,8,240,560,105,651
2498,2798000,1,1,1476,19,104,185,4,234,341,97,492
2499,2799000,1,1,1602,38,91,226,8,262,308,111,558
2500,2800000,1,1,1558,52,99,149,8,271,331,87,561
2501,2801000,1,1,1817,55,102,161,3,256,473,81,686
2502,2802000,1,1,1549,31,99,208,8,231,335,122,515
2503,2803000,1,1,1555,27,98,170,9,241,356,101,553
2504,2804000,1,1,1852,31,93,185,6,257,527,95,658
2505,2805000,1,1,1646,57,96,160,6,234,399,102,592
2506,2806000,1,1,1673,25,81,170,8,255,385,91,658
2507,2807000,1,1,1605,55,102,121,7,271,382,65,602
2508,2808000,1,1,1553,18,101,195,11,225,339,121,543
2509,2809000,1,1,1587,39,114,195,3,234,347,106,549
2510,2810000,1,1,1659,63,108,177,6,260,378,92,575
2511,2811000,1,1,1562,61,85,160,8,250,360,91,547
2512,2812000,1,1,1528,33,101,160,8,282,335,74,535
2513,2813000,1,1,1517,20,87,232,3,223,330,120,502
2514,2814000,1,1,1757,45,94,152,6,260,453,101,646
2515,2815000,1,1,1674,30,110,185,2,264,399,89,595
2516,2816000,1,1,1592,24,105,182,3,248,395,104,531
2517,2817000,1,1,1764,21,90,188,5,237,508,108,607
2518,2818000,1,1,1659,37,87,194,5,248,410,101,577
2519,2819000,1,1,1558,16,123,163,5,256,371,92,532
2520,2820000,1,1,1679,30,105,175,1,251,444,96,577
2521,2821000,1,1,1585,27,114,202,1,237,358,105,541
2522,2822000,1,1,1604,8,88,198,4,240,375,104,587
2523,2823000,1,1,1565,12,94,171,6,247,394,99,542
2524,2824000,1,1,1554,16,100,183,6,235,391,117,506
2525,2825000,1,1,1593,7,92,236,6,203,374,119,556
2526,2826000,1,1,1555,44,104,146,0,252,328,78,603
2527,2827000,1,1,1512,32,96,197,0,249,317,95,526
2528,2828000,1,1,1624,20,100,229,1,228,402,107,537
2529,2829000,1,1,1566,17,100,199,1,226,360,108,555
2530,2830000,1,1,1690,56,97,204,0,241,413,107,572
2531,2831000,1,1,1700,15,96,181,2,239,456,99,612
2532,2832000,1,1,1584,28,109,150,2,267,369,90,569
2533,2833000,1,1,1504,29,89,191,4,208,342,117,524
2534,2834000,1,1,1646,38,96,186,3,228,395,97,603
2535,2835000,1,1,1661,45,98,214,6,263,363,108,564
2536,2836000,1,1,1711,25,86,176,1,273,435,94,621
2537,2837000,1,1,1603,9,97,182,5,247,382,94,587
2538,2838000,1,1,1558,48,107,209,5,222,334,113,520
2539,2839000,1,1,1462,42,98,162,8,245,324,85,498
2540,2840000,1,1,1400,51,84,140,5,259,290,77,494
2541,2841000,1,1,1529,76,96,194,4,236,308,89,526
2542,2842000,1,1,1567,19,86,222,11,223,353,124,529
2543,2843000,1,1,1696,67,106,226,3,272,375,91,556
2544,2844000,1,1,1545,40,95,168,15,230,360,107,530
2545,2845000,1,1,1767,33,115,187,6,253,461,101,611
2546,2846000,1,1,1476,28,91,176,2,250,298,98,533
2547,2847000,1,1,1858,40,109,175,8,248,490,92,696
2548,2848000,1,1,1642,42,93,151,8,258,407,94,589
2549,2849000,1,1,1493,30,95,170,8,267,319,84,520
2550,2850000,1,1,1505,39,105,190,9,226,322,106,508
2551,2851000,1,1,1424,28,96,187,5,252,261,97,498
2552,2852000,1,1,1679,16,84,178,5,248,432,106,610
2553,2853000,1,1,1611,45,112,199,2,241,394,82,536
2554,2854000,1,1,1707,24,105,169,2,242,445,92,628
2555,2855000,1,1,1723,15,98,192,5,242,451,108,612
2556,2856000,1,1,1621,48,86,189,6,236,358,113,585
2557,2857000,1,1,1701,36,89,191,8,235,414,104,624
2558,2858000,1,1,1506,51,88,155,5,250,320,94,543
2559,2859000,1,1,1554,27,98,130,3,259,391,99,547
2560,2860000,1,1,1765,42,119,182,10,254,422,98,638
2561,2861000,1,1,1561,19,87,176,9,258,348,107,557
2562,2862000,1,1,1514,47,91,192,7,239,319,133,486
2563,2863000,1,1,1878,54,97,197,4,217,539,117,653
2564,2864000,1,1,1586,36,106,166,1,264,361,90,562
2565,2865000,1,1,1492,22,90,203,8,255,327,112,475
2566,2866000,1,1,1746,41,96,141,5,255,459,92,657
2567,2867000,1,1,1709,32,100,168,12,240,425,98,634
2568,2868000,1,1,1700,10,111,217,5,223,439,122,573
2569,2869000,1,1,1566,7,101,185,1,241,352,104,575
2570,2870000,1,1,1539,49,98,191,0,230,390,110,471
2571,2871000,1,1,1696,24,104,185,1,261,412,94,615
2572,2872000,1,1,1609,29,92,192,2,218,386,121,569
2573,2873000,1,1,1431,33,92,159,5,255,253,83,551
2574,2874000,1,1,1521,23,83,175,6,250,313,102,569
2575,2875000,1,1,1602,47,103,163,5,288,337,65,594
2576,2876000,1,1,1728,33,103,194,5,245,434,103,611
2577,2877000,1,1,1559,32,91,157,11,253,356,101,558
2578,2878000,1,1,1670,36,97,200,4,229,388,125,591
2579,2879000,1,1,1466,36,110,152,10,241,284,98,535
2580,2880000,1,1,1698,34,112,184,10,252,430,107,569
2581,2881000,1,1,1675,15,105,191,7,256,392,109,600
2582,2882000,1,1,1812,43,84,200,2,285,435,80,683
2583,2883000,1,1,1706,44,108,176,4,261,422,92,599
2584,2884000,1,1,1789,56,107,215,10,229,413,99,660
2585,2885000,1,1,1875,27,113,131,6,255,544,92,707
2586,2886000,1,1,1474,27,90,187,4,227,302,100,537
2587,2887000,1,1,1681,24,91,186,0,240,434,96,610
2588,2888000,1,1,1763,43,90,191,4,264,444,86,641
2589,2889000,1,1,1641,41,101,204,6,215,369,117,588
2590,2890000,1,1,1942,44,84,177,3,243,535,95,761
2591,2891000,1,1,1415,41,98,178,2,269,263,90,474
2592,2892000,1,1,1612,31,101,150,14,262,391,95,568
2593,2893000,1,1,1461,18,114,178,5,261,291,89,505
2594,2894000,1,1,1486,20,93,154,6,244,301,91,577
2595,2895000,1,1,1878,62,98,186,8,231,509,110,674
2596,2896000,1,1,1651,19,103,217,9,237,386,122,558
2597,2897000,1,1,1794,11,104,169,1,260,464,94,691
2598,2898000,1,1,1615,43,85,205,5,239,378,109,551
2599,2899000,1,1,1569,24,91,184,23,245,362,117,523
2600,2900000,1,1,1519,10,101,188,5,254,351,111,499
2601,2901000,1,1,1628,20,110,201,1,256,354,96,590
2602,2902000,1,1,1635,34,110,200,5,239,381,110,556
2603,2903000,1,1,1765,11,83,209,5,255,462,109,631
2604,2904000,1,1,1477,12,90,174,11,231,325,109,525
2605,2905000,1,1,1674,23,106,168,7,246,422,86,616
2606,2906000,1,1,1670,41,97,158,11,232,420,109,602
2607,2907000,1,1,1767,35,116,179,3,252,477,101,604
2608,2908000,1,1,1565,32,86,178,5,250,357,82,575
2609,2909000,1,1,1630,39,96,205,10,224,370,131,555
2610,2910000,1,1,1482,46,89,133,5,249,343,77,540
2611,2911000,1,1,1697,18,102,183,5,236,468,100,585
2612,2912000,1,1,1693,23,106,214,5,229,399,118,599
2613,2913000,1,1,1488,38,92,168,8,264,320,103,495
2614,2914000,1,1,1906,32,91,158,2,257,543,75,748
2615,2915000,1,1,1744,18,103,180,3,251,433,106,650
2616,2916000,1,1,1624,42,100,144,4,232,389,99,614
2617,2917000,1,1,1593,40,124,175,4,232,356,95,567
2618,2918000,1,1,1703,44,103,179,2,272,391,93,619
2619,2919000,1,1,1512,51,96,155,4,255,319,84,548
2620,2920000,1,1,1442,53,99,177,6,236,263,94,514
2621,2921000,1,1,1507,40,102,211,1,241,338,101,473
2622,2922000,1,1,1585,66,93,155,3,243,349,87,589
2623,2923000,1,1,1474,33,95,214,3,225,318,113,473
2624,2924000,1,1,1570,45,97,163,3,241,354,101,566
2625,2925000,1,1,1523,23,93,204,3,223,368,113,496
2626,2926000,1,1,1562,51,85,150,7,262,383,84,540
2627,2927000,1,1,1757,74,98,195,1,240,413,106,630
2628,2928000,1,1,1509,15,96,179,1,256,329,94,539
2629,2929000,1,1,1461,26,102,181,9,243,339,99,462
2630,2930000,1,1,1608,32,101,194,3,252,354,107,565
2631,2931000,1,1,1666,31,88,152,6,268,437,89,595
2632,2932000,1,1,1558,43,99,160,5,239,382,85,545
2633,2933000,1,1,1577,36,98,184,2,251,369,95,542
2634,2934000,1,1,1635,46,90,149,10,262,395,81,602
2635,2935000,1,1,1602,23,98,155,1,244,404,83,594
2636,2936000,1,1,1581,28,106,207,1,263,366,101,509
2637,2937000,1,1,1636,38,110,197,2,274,408,98,509
2638,2938000,1,1,1625,17,88,153,9,260,422,100,576
2639,2939000,1,1,1582,27,88,180,6,235,396,102,548
2640,2940000,1,1,1752,47,105,229,5,199,440,123,604
2641,2941000,1,1,1462,40,90,147,3,241,315,92,534
2642,2942000,1,1,1717,33,97,206,2,261,415,98,605
2643,2943000,1,1,1680,26,111,174,1,250,419,87,612
2644,2944000,1,1,1500,53,97,136,4,253,327,88,542
2645,2945000,1,1,1576,12,82,179,3,226,411,100,563
2646,2946000,1,1,1755,17,94,165,6,259,465,83,666
2647,2947000,1,1,1584,43,84,133,11,247,383,83,600
2648,2948000,1,1,1685,57,113,202,2,244,398,104,565
2649,2949000,1,1,1538,41,99,153,2,252,354,100,537
2650,2950000,1,1,1531,20,101,204,2,211,333,116,544
2651,2951000,1,1,1570,44,114,163,1,264,364,88,532
2652,2952000,1,1,1730,16,104,221,3,219,392,117,658
2653,2953000,1,1,1498,33,96,169,12,238,323,100,527
2654,2954000,1,1,1441,36,84,185,6,226,305,110,489
2655,2955000,1,1,1571,52,85,200,14,219,336,117,548
2656,2956000,1,1,1667,34,79,161,3,246,438,109,597
2657,2957000,1,1,1545,38,108,205,1,247,332,98,516
2658,2958000,1,1,1486,54,83,174,3,262,287,78,545
2659,2959000,1,1,1601,38,90,189,4,268,359,92,561
2660,2960000,1,1,1527,48,83,189,3,245,318,90,551
2661,2961000,1,1,1769,53,99,192,4,249,428,92,652
2662,2962000,1,1,1582,29,86,177,5,233,416,104,532
2663,2963000,1,1,1467,26,94,166,2,244,320,86,529
2664,2964000,1,1,1386,44,101,190,4,220,289,103,435
2665,2965000,1,1,1526,10,90,165,12,240,360,103,546
2666,2966000,1,1,1513,14,103,168,11,250,381,100,486
2667,2967000,1,1,1547,53,100,144,7,243,363,90,547
2668,2968000,1,1,1672,24,91,188,6,249,392,109,613
2669,2969000,1,1,1572,60,98,191,0,233,359,96,535
2670,2970000,1,1,1567,15,98,162,2,242,390,102,556
2671,2971000,1,1,1583,13,92,181,1,237,359,108,592
2672,2972000,1,1,1571,22,115,191,2,243,367,105,526
2673,2973000,1,1,1454,28,89,163,3,249,315,90,517
2674,2974000,1,1,1632,18,95,189,11,243,398,104,574
2675,2975000,1,1,1694,16,97,205,4,249,425,104,594
2676,2976000,1,1,1712,72,95,160,2,266,426,73,618
2677,2977000,1,1,1434,20,84,174,2,234,289,94,537
2678,2978000,1,1,1693,17,88,204,4,249,423,99,609
2679,2979000,1,1,1858,72,94,194,6,261,460,96,675
2680,2980000,1,1,1474,29,97,190,4,241,331,105,477
2681,2981000,1,1,1653,19,95,176,5,251,407,93,607
2682,2982000,1,1,1698,40,85,199,5,257,395,97,620
2683,2983000,1,1,1622,44,89,187,2,257,403,89,551
2684,2984000,1,1,1456,41,100,131,3,240,343,86,512
2685,2985000,1,1,1560,76,95,182,6,243,318,109,531
2686,2986000,1,1,1665,24,95,164,6,263,417,94,602
2687,2987000,1,1,1705,77,100,183,8,241,442,96,558
2688,2988000,1,1,1527,48,80,161,11,233,340,108,546
2689,2989000,1,1,1518,43,87,155,13,255,331,104,530
2690,2990000,1,1,1554,22,91,185,9,256,367,96,528
2691,2991000,1,1,1591,21,104,160,2,253,376,89,586
2692,2992000,1,1,1514,53,93,141,9,250,355,89,524
2693,2993000,1,1,1583,15,101,209,10,215,373,122,538
2694,2994000,1,1,1569,26,93,181,13,233,345,100,578
2695,2995000,1,1,1692,42,91,196,6,249,428,95,585
2696,2996000,1,1,1633,51,107,184,2,260,374,94,561
2697,2997000,1,1,1598,13,97,157,4,246,399,103,579
2698,2998000,1,1,1587,34,91,153,1,257,399,91,561
2699,2999000,1,1,1735,29,125,235,7,241,399,132,567
2700,3000000,1,1,1520,55,99,174,11,257,280,83,561
2701,3001000,1,1,1709,43,95,161,9,257,449,84,611
2702,3002000,1,1,1684,28,90,191,5,231,415,110,614
2703,3003000,1,1,1624,33,98,187,6,243,381,97,579
2704,3004000,1,1,1593,35,105,199,11,231,356,104,552
2705,3005000,1,1,1818,34,116,176,6,244,486,113,643
2706,3006000,1,1,1492,45,104,166,7,271,319,86,494
2707,3007000,1,1,1516,18,90,153,9,248,348,86,564
2708,3008000,1,1,1487,43,101,172,6,224,302,102,537
2709,3009000,1,1,1777,27,89,183,4,255,425,98,696
2710,3010000,1,1,1633,42,95,187,5,280,347,93,584
2711,3011000,1,1,1690,54,96,131,7,277,404,80,641
2712,3012000,1,1,1556,41,82,170,12,240,378,108,525
2713,3013000,1,1,1643,65,99,169,10,260,327,92,621
2714,3014000,1,1,1574,37,115,180,4,254,350,90,544
2715,3015000,1,1,1509,20,98,194,2,243,342,104,506
2716,3016000,1,1,1657,46,99,193,6,254,371,99,589
2717,3017000,1,1,1579,36,108,232,2,244,316,116,525
2718,3018000,1,1,1661,18,95,187,1,227,407,102,624
2719,3019000,1,1,1630,36,121,171,3,280,351,76,592
2720,3020000,1,1,1539,47,100,147,3,264,361,80,537
2721,3021000,1,1,1847,48,88,159,4,259,505,82,702
2722,3022000,1,1,1540,25,84,182,9,249,312,102,577
2723,3023000,1,1,1569,21,99,163,4,269,359,89,565
2724,3024000,1,1,1741,27,98,228,3,255,426,108,596
2725,3025000,1,1,1708,34,91,207,7,225,418,117,609
2726,3026000,1,1,1544,29,82,155,5,245,373,110,545
2727,3027000,1,1,1715,26,101,192,4,222,452,109,609
2728,3028000,1,1,1567,45,88,172,7,245,335,100,575
2729,3029000,1,1,1552,29,106,207,1,223,351,106,529
2730,3030000,1,1,1634,22,108,157,1,245,424,95,582
2731,3031000,1,1,1611,63,90,206,4,229,333,107,579
2732,3032000,1,1,1638,16,122,201,3,246,392,101,557
2733,3033000,1,1,1641,37,91,133,5,258,396,88,633
2734,3034000,1,1,1788,86,108,179,2,278,437,86,612
2735,3035000,1,1,1571,33,92,192,4,257,350,95,548
2736,3036000,1,1,1598,19,95,198,10,233,388,111,544
2737,3037000,1,1,1567,12,101,184,4,247,379,99,541
2738,3038000,1,1,1495,36,102,159,5,265,325,81,522
2739,3039000,1,1,1545,67,94,173,6,239,367,98,501
2740,3040000,1,1,1557,40,98,167,2,262,353,82,553
2741,3041000,1,1,1583,31,109,186,4,261,359,89,544
2742,3042000,1,1,1521,29,101,168,2,228,352,98,543
2743,3043000,1,1,1640,30,85,182,4,272,398,93,576
2744,3044000,1,1,1464,38,90,149,8,273,283,87,536
2745,3045000,1,1,1645,15,101,206,12,215,413,117,566
2746,3046000,1,1,1595,52,106,217,7,253,367,107,486
2747,3047000,1,1,1533,56,83,182,8,227,319,99,559
2748,3048000,1,1,1544,37,82,192,6,216,401,116,494
2749,3049000,1,1,1619,35,108,185,5,266,365,92,563
2750,3050000,1,1,1642,11,103,203,8,242,387,104,584
2751,3051000,1,1,1431,7,87,207,3,227,295,119,486
2752,3052000,1,1,1499,15,96,198,1,233,297,104,555
2753,3053000,1,1,1680,54,89,201,3,236,393,119,585
2754,3054000,1,1,1600,44,100,165,5,242,386,103,555
2755,3055000,1,1,1875,50,96,183,9,232,556,108,641
2756,3056000,1,1,1468,13,100,209,6,229,296,110,505
2757,3057000,1,1,1670,44,102,206,16,224,394,123,561
2758,3058000,1,1,1563,41,100,157,3,269,357,81,555
2759,3059000,1,1,1474,39,101,165,2,256,326,90,495
2760,3060000,1,1,1578,36,105,169,2,259,349,92,566
2761,3061000,1,1,1611,13,92,207,9,230,392,116,552
2762,3062000,1,1,1573,52,91,197,6,244,363,98,522
2763,3063000,1,1,1612,21,91,207,9,227,393,113,551
2764,3064000,1,1,1468,53,91,149,5,268,332,69,501
2765,3065000,1,1,1571,28,106,190,4,240,356,101,546
2766,3066000,1,1,1638,45,87,181,4,235,399,104,583
2767,3067000,1,1,1556,33,106,129,7,274,395,84,528
2768,3068000,1,1,1566,38,84,154,5,258,377,87,563
2769,3069000,1,1,1507,29,99,201,1,240,340,100,497
2770,3070000,1,1,1622,21,85,186,2,227,390,99,612
2771,3071000,1,1,1473,15,97,175,7,237,309,94,539
2772,3072000,1,1,1692,30,99,213,6,226,421,112,585
2773,3073000,1,1,1484,44,111,171,3,254,305,100,496
2774,3074000,1,1,1622,34,95,153,4,267,383,91,595
2775,3075000,1,1,1552,40,110,174,7,241,341,96,543
2776,3076000,1,1,1726,58,111,211,3,261,388,97,597
2777,3077000,1,1,1613,32,110,211,5,241,335,107,572
2778,3078000,1,1,1568,28,87,175,5,241,399,100,533
2779,3079000,1,1,1646,33,91,214,4,252,354,109,589
2780,3080000,1,1,1570,33,95,225,0,230,376,105,506
2781,3081000,1,1,1439,19,96,194,7,228,299,116,480
2782,3082000,1,1,1809,30,102,202,4,259,473,108,631
2783,3083000,1,1,1605,18,105,165,7,218,446,108,538
2784,3084000,1,1,1584,32,86,177,8,233,378,95,575
2785,3085000,1,1,1573,19,99,220,1,210,333,127,564
2786,3086000,1,1,1647,43,102,153,4,254,391,92,608
2787,3087000,1,1,1679,15,90,195,4,230,412,126,607
2788,3088000,1,1,1408,21,86,175,1,263,291,89,482
2789,3089000,1,1,1617,50,85,147,13,259,397,93,573
2790,3090000,1,1,1574,41,72,192,5,278,341,99,546
2791,3091000,1,1,1622,26,93,197,1,248,362,104,591
2792,3092000,1,1,1700,46,82,182,3,234,462,107,584
2793,3093000,1,1,1780,63,96,161,3,260,455,78,664
2794,3094000,1,1,1778,19,80,191,4,230,512,115,627
2795,3095000,1,1,1873,31,93,175,5,258,538,79,694
2796,3096000,1,1,1437,24,84,155,3,248,305,94,524
2797,3097000,1,1,1571,48,86,175,18,217,366,136,525
2798,3098000,1,1,1499,47,94,163,2,255,337,77,524
2799,3099000,1,1,1725,26,103,196,4,250,434,95,617
2800,3100000,1,1,1566,37,104,197,9,253,316,110,540
2801,3101000,1,1,1735,22,98,164,11,270,450,91,629
2802,3102000,1,1,1554,17,96,169,2,263,370,92,545
2803,3103000,1,1,1697,91,91,216,2,297,339,93,568
2804,3104000,1,1,1703,10,94,197,1,241,417,109,634
2805,3105000,1,1,1580,38,96,172,5,244,389,94,542
2806,3106000,1,1,1898,37,104,178,8,230,575,100,666
2807,3107000,1,1,1725,28,108,193,3,215,447,131,600
2808,3108000,1,1,1454,39,100,192,2,239,273,92,517
2809,3109000,1,1,1444,14,94,170,10,253,353,101,449
2810,3110000,1,1,1645,23,96,164,3,267,376,91,625
2811,3111000,1,1,1597,37,90,141,1,261,397,88,582
2812,3112000,1,1,1548,26,96,188,3,232,349,95,559
2813,3113000,1,1,1456,48,99,144,10,260,329,83,483
2814,3114000,1,1,1539,45,90,166,1,242,370,97,528
2815,3115000,1,1,1688,62,96,178,3,247,419,93,590
2816,3116000,1,1,1648,56,93,136,3,270,397,81,612
2817,3117000,1,1,1675,45,93,193,1,266,398,92,587
2818,3118000,1,1,1629,9,98,171,1,267,427,97,559
2819,3119000,1,1,1807,40,98,155,6,261,492,87,668
2820,3120000,1,1,1674,26,101,180,8,252,415,111,581
2821,3121000,1,1,1550,56,95,201,7,189,344,127,531
2822,3122000,1,1,1578,14,89,190,1,259,367,107,551
2823,3123000,1,1,1525,41,101,142,1,262,348,82,548
2824,3124000,1,1,1827,7,105,213,2,209,497,130,664
2825,3125000,1,1,1555,38,99,195,3,247,328,92,553
2826,3126000,1,1,1508,27,100,193,0,242,348,98,500
2827,3127000,1,1,1462,46,115,165,0,229,253,89,565
2828,3128000,1,1,1511,31,93,176,3,229,333,113,533
2829,3129000,1,1,1688,53,92,167,1,249,385,96,645
2830,3130000,1,1,1471,34,97,166,6,238,313,96,521
2831,3131000,1,1,1740,38,100,183,6,244,463,99,607
2832,3132000,1,1,1660,38,83,149,5,250,423,98,614
2833,3133000,1,1,1654,36,87,178,6,242,383,89,633
2834,3134000,1,1,1445,40,96,138,6,260,280,76,549
2835,3135000,1,1,1780,17,91,229,5,230,494,126,588
2836,3136000,1,1,1659,38,103,147,1,249,384,96,641
2837,3137000,1,1,1574,47,101,173,0,241,374,93,545
2838,3138000,1,1,1610,36,123,180,0,273,380,82,536
2839,3139000,1,1,1657,33,84,195,7,238,360,108,632
2840,3140000,1,1,1710,34,98,165,5,250,470,101,587
2841,3141000,1,1,1528,52,93,222,5,242,329,109,476
2842,3142000,1,1,1653,28,99,223,7,222,392,121,561
2843,3143000,1,1,1737,49,103,169,2,235,432,99,648
2844,3144000,1,1,1599,36,114,195,2,248,365,109,530
2845,3145000,1,1,1741,8,85,181,10,239,480,104,634
2846,3146000,1,1,1452,16,80,207,4,226,315,117,487
2847,3147000,1,1,1596,14,95,179,6,244,355,100,603
2848,3148000,1,1,1731,25,89,206,3,231,423,114,640
2849,3149000,1,1,1655,31,117,147,2,262,421,74,601
2850,3150000,1,1,1723,42,110,251,1,248,385,98,588
2851,3151000,1,1,1464,32,102,180,2,251,270,91,536
2852,3152000,1,1,1567,20,89,166,8,270,360,86,568
2853,3153000,1,1,1721,55,101,195,4,215,462,110,579
2854,3154000,1,1,1523,31,95,215,5,214,350,130,483
2855,3155000,1,1,1567,21,96,192,1,233,349,121,554
2856,3156000,1,1,1500,19,96,200,3,236,325,98,523
2857,3157000,1,1,1722,30,88,210,7,227,443,113,604
2858,3158000,1,1,2033,53,109,138,5,270,631,71,756
2859,3159000,1,1,1761,35,107,153,3,238,505,95,625
2860,3160000,1,1,1551,45,98,186,2,246,346,95,533
2861,3161000,1,1,1514,50,99,168,6,225,302,114,550
2862,3162000,1,1,1489,44,90,183,6,249,297,98,522
2863,3163000,1,1,1759,21,105,199,4,233,454,117,626
2864,3164000,1,1,1652,20,97,169,2,230,411,94,629
2865,3165000,1,1,1559,51,99,181,5,259,337,96,531
2866,3166000,1,1,1506,40,91,161,3,246,350,84,531
2867,3167000,1,1,1534,35,93,181,1,253,337,96,538
2868,3168000,1,1,1492,54,98,167,2,250,339,98,484
2869,3169000,1,1,1549,21,102,220,3,231,306,105,561
2870,3170000,1,1,1643,25,101,191,4,236,445,109,532
2871,3171000,1,1,1577,41,67,144,7,283,391,99,545
2872,3172000,1,1,1663,20,110,194,6,241,374,115,603
2873,3173000,1,1,1600,47,99,168,4,243,380,92,567
2874,3174000,1,1,1622,63,98,208,4,232,327,105,585
2875,3175000,1,1,1772,25,95,174,2,264,469,92,651
2876,3176000,1,1,1695,16,103,185,4,231,398,110,648
2877,3177000,1,1,1691,50,102,176,0,254,413,85,611
2878,3178000,1,1,1631,44,97,153,4,252,404,79,598
2879,3179000,1,1,1614,16,102,192,2,233,424,105,540
2880,3180000,1,1,1640,47,116,168,2,254,402,90,561
2881,3181000,1,1,1707,38,96,183,3,231,391,112,653
2882,3182000,1,1,1713,7,110,183,4,263,460,85,601
2883,3183000,1,1,1715,34,92,182,2,240,415,103,647
2884,3184000,1,1,1572,16,123,183,5,223,364,117,541
2885,3185000,1,1,1469,29,84,190,5,259,311,102,489
2886,3186000,1,1,1599,40,111,233,9,229,332,126,519
2887,3187000,1,1,1684,33,89,208,4,226,403,130,591
2888,3188000,1,1,1657,35,100,147,3,257,431,102,582
2889,3189000,1,1,1575,34,88,148,5,253,383,87,577
2890,3190000,1,1,1720,58,97,188,2,273,431,93,578
2891,3191000,1,1,1483,18,89,200,2,234,330,102,508
2892,3192000,1,1,1749,61,111,170,4,251,425,98,629
2893,3193000,1,1,1646,47,102,153,6,250,413,79,596
2894,3194000,1,1,1533,45,82,186,5,239,362,100,514
2895,3195000,1,1,1446,17,97,196,3,228,290,109,506
2896,3196000,1,1,1597,29,99,171,6,261,332,87,612
2897,3197000,1,1,1727,15,101,216,6,243,450,108,588
2898,3198000,1,1,1367,26,91,167,1,240,284,94,464
2899,3199000,1,1,1610,43,91,202,1,252,331,96,594
2900,3200000,1,1,1578,25,100,251,5,220,364,129,484
2901,3201000,1,1,1586,58,93,205,15,241,301,111,562
2902,3202000,1,1,1626,48,99,196,3,240,377,90,573
2903,3203000,1,1,1496,32,93,155,3,239,355,80,539
2904,3204000,1,1,1564,24,96,190,6,240,363,102,543
2905,3205000,1,1,1508,38,96,191,6,226,301,117,533
2906,3206000,1,1,1625,15,91,201,9,230,393,114,572
2907,3207000,1,1,1625,54,95,197,5,242,362,107,563
2908,3208000,1,1,1725,25,95,200,5,249,463,94,594
2909,3209000,1,1,1779,21,108,172,4,264,447,105,658
2910,3210000,1,1,1386,51,91,151,2,241,287,94,469
2911,3211000,1,1,1790,29,103,199,3,250,484,101,621
2912,3212000,1,1,1623,36,89,202,2,224,397,119,554
2913,3213000,1,1,1781,33,94,196,9,240,473,114,622
2914,3214000,1,1,1629,46,102,148,2,252,389,93,597
2915,3215000,1,1,1612,9,104,201,3,249,357,107,582
2916,3216000,1,1,1624,19,107,172,6,257,373,102,588
2917,3217000,1,1,1621,32,104,157,4,253,409,97,565
2918,3218000,1,1,1638,22,96,214,6,221,421,130,528
2919,3219000,1,1,1803,34,107,198,2,268,424,92,678
2920,3220000,1,1,1723,25,101,176,2,245,451,91,632
2921,3221000,1,1,1682,32,105,193,3,251,385,96,617
2922,3222000,1,1,1498,33,93,172,7,230,314,103,546
2923,3223000,1,1,1454,34,90,179,10,261,297,95,488
2924,3224000,1,1,1574,42,83,174,5,233,343,112,582
2925,3225000,1,1,1642,52,109,166,2,254,396,95,568
2926,3226000,1,1,1845,44,91,184,4,250,500,104,668
2927,3227000,1,1,1723,33,104,190,2,215,447,116,616
2928,3228000,1,1,1551,37,82,177,0,239,370,107,539
2929,3229000,1,1,1671,73,96,175,2,256,372,100,597
2930,3230000,1,1,1506,42,94,155,3,266,306,86,554
2931,3231000,1,1,1861,56,101,164,4,267,478,92,699
2932,3232000,1,1,1758,26,111,163,3,229,492,106,628
2933,3233000,1,1,1599,64,95,165,3,259,362,88,563
2934,3234000,1,1,1630,57,102,161,2,261,388,90,569
2935,3235000,1,1,1684,44,114,226,1,251,360,104,584
2936,3236000,1,1,1653,32,83,184,12,223,395,113,611
2937,3237000,1,1,1657,53,98,162,4,241,391,99,609
2938,3238000,1,1,1592,38,88,210,5,254,322,99,576
2939,3239000,1,1,1685,16,110,202,7,241,410,108,591
2940,3240000,1,1,1532,31,105,194,5,247,307,92,551
2941,3241000,1,1,1665,57,106,187,0,256,369,110,580
2942,3242000,1,1,1537,35,108,188,5,244,344,98,515
2943,3243000,1,1,1505,70,106,152,10,275,295,79,518
2944,3244000,1,1,1562,29,97,181,2,220,380,107,546
2945,3245000,1,1,1617,53,96,199,0,224,353,110,582
2946,3246000,1,1,1523,31,107,222,1,223,347,103,489
2947,3247000,1,1,1581,26,101,215,1,248,362,105,523
2948,3248000,1,1,1536,21,109,211,4,230,337,107,517
2949,3249000,1,1,1837,33,103,211,8,251,490,102,639
2950,3250000,1,1,1618,22,79,179,8,255,384,100,591
2951,3251000,1,1,1561,25,100,199,7,236,358,117,519
2952,3252000,1,1,1579,18,111,201,7,259,337,111,535
2953,3253000,1,1,1579,18,103,165,5,266,359,87,576
2954,3254000,1,1,1596,23,97,156,4,254,357,98,607
2955,3255000,1,1,1644,31,104,149,13,262,396,100,589
2956,3256000,1,1,1647,9,83,215,9,239,366,125,601
2957,3257000,1,1,1596,6,104,196,3,228,416,117,526
2958,3258000,1,1,1531,27,95,162,7,271,325,90,554
2959,3259000,1,1,1659,11,90,182,7,249,436,101,583
2960,3260000,1,1,1690,24,101,191,7,244,433,113,577
2961,3261000,1,1,1552,10,91,200,4,238,347,109,553
2962,3262000,1,1,1448,41,92,153,6,223,322,96,515
2963,3263000,1,1,1541,15,96,176,7,247,366,102,532
2964,3264000,1,1,1552,14,81,160,5,265,368,91,568
2965,3265000,1,1,1522,12,98,178,9,239,357,104,525
2966,3266000,1,1,1627,21,101,191,1,266,406,83,558
2967,3267000,1,1,1567,21,102,172,0,241,391,103,537
2968,3268000,1,1,1989,43,95,165,4,277,575,86,744
2969,3269000,1,1,1719,22,119,197,4,249,427,111,590
2970,3270000,1,1,1625,34,107,174,6,248,366,103,587
2971,3271000,1,1,1645,58,96,175,7,237,395,105,572
2972,3272000,1,1,1556,46,91,201,0,237,350,107,524
2973,3273000,1,1,1509,44,88,163,3,243,367,81,520
2974,3274000,1,1,1655,24,111,207,1,223,411,122,556
2975,3275000,1,1,1633,20,104,157,1,270,414,95,572
2976,3276000,1,1,1536,28,93,173,1,271,343,82,545
2977,3277000,1,1,1634,23,93,189,3,239,412,100,575
2978,3278000,1,1,1510,56,102,177,5,262,329,93,486
2979,3279000,1,1,1526,19,110,183,7,242,353,103,509
2980,3280000,1,1,1584,39,94,163,7,271,352,76,582
2981,3281000,1,1,1645,29,97,197,3,244,379,116,580
2982,3282000,1,1,1737,50,115,161,2,268,430,84,627
2983,3283000,1,1,1514,18,93,206,0,238,308,110,541
2984,3284000,1,1,1787,42,85,197,2,242,437,97,685
2985,3285000,1,1,1620,23,110,182,6,227,391,109,572
2986,3286000,1,1,1619,59,97,154,10,254,338,91,616
2987,3287000,1,1,1652,46,95,192,8,226,410,99,576
2988,3288000,1,1,1531,27,89,158,5,245,342,87,578
2989,3289000,1,1,1707,34,96,176,1,267,417,81,635
2990,3290000,1,1,1653,26,112,198,0,223,402,105,587
2991,3291000,1,1,1844,25,95,174,0,243,518,85,704
2992,3292000,1,1,1561,13,113,164,1,287,360,100,523
2993,3293000,1,1,1701,47,92,158,1,253,456,91,603
2994,3294000,1,1,1758,25,99,188,6,235,488,100,617
2995,3295000,1,1,1607,43,102,140,2,281,376,64,599
2996,3296000,1,1,1517,37,91,180,3,234,347,103,522
2997,3297000,1,1,1608,6,104,176,4,231,386,112,589
2998,3298000,1,1,1713,29,90,189,5,244,407,100,649
2999,3299000,1,1,1610,73,95,182,7,236,337,103,577
3000,3300000,1,1,1601,19,94,190,2,251,372,105,568
3001,3301000,1,1,1653,37,98,173,3,254,360,99,629
3002,3302000,1,1,1655,49,109,160,6,228,415,93,595
3003,3303000,1,1,1464,33,80,188,3,280,283,92,505
3004,3304000,1,1,1429,54,94,162,9,241,294,96,479
3005,3305000,1,1,1643,59,106,171,2,255,409,95,546
3006,3306000,1,1,1506,47,98,200,2,240,308,98,513
3007,3307000,1,1,1735,71,96,176,7,227,418,98,642
3008,3308000,1,1,1636,26,77,187,3,227,405,101,610
3009,3309000,1,1,1677,30,109,153,3,253,447,93,589
3010,3310000,1,1,1512,49,91,231,3,239,307,98,494
3011,3311000,1,1,1562,26,94,174,6,237,376,106,543
3012,3312000,1,1,1869,13,87,193,11,230,529,123,683
3013,3313000,1,1,1764,34,95,177,3,245,457,94,659
3014,3314000,1,1,1591,57,88,156,10,249,333,88,610
3015,3315000,1,1,1744,24,98,196,11,254,449,102,610
3016,3316000,1,1,1579,42,85,175,3,256,350,98,570
3017,3317000,1,1,1644,45,97,170,10,262,411,87,562
3018,3318000,1,1,1662,26,84,196,2,249,411,109,585
3019,3319000,1,1,1558,21,90,192,5,232,390,108,520
3020,3320000,1,1,1678,26,98,199,5,250,401,96,603
3021,3321000,1,1,1736,79,80,184,4,268,375,100,646
3022,3322000,1,1,1623,25,101,160,4,266,382,90,595
3023,3323000,1,1,1546,36,93,238,6,209,326,126,512
3024,3324000,1,1,1596,38,98,162,1,243,416,92,546
3025,3325000,1,1,1604,19,94,194,7,252,365,109,564
3026,3326000,1,1,1607,38,116,197,4,228,362,114,548
3027,3327000,1,1,1509,17,94,196,3,226,338,113,522
3028,3328000,1,1,1636,47,92,182,5,215,373,125,597
3029,3329000,1,1,1633,36,105,182,7,258,360,96,589
3030,3330000,1,1,1611,25,96,174,2,262,377,96,579
3031,3331000,1,1,1668,48,101,142,1,262,446,81,587
3032,3332000,1,1,1605,24,90,209,1,237,375,100,569
3033,3333000,1,1,1650,18,92,194,6,224,455,117,544
3034,3334000,1,1,1570,43,91,173,10,243,386,104,520
3035,3335000,1,1,1738,20,100,223,4,234,425,120,612
3036,3336000,1,1,1478,49,88,170,8,235,340,121,467
3037,3337000,1,1,1550,21,96,179,5,230,389,111,519
3038,3338000,1,1,1625,32,122,172,8,263,363,93,572
3039,3339000,1,1,1607,31,69,174,8,257,374,106,588
3040,3340000,1,1,1573,19,104,163,2,273,359,86,567
3041,3341000,1,1,1419,45,85,153,6,274,311,88,457
3042,3342000,1,1,1721,15,86,152,9,262,451,101,645
3043,3343000,1,1,1755,26,94,207,2,223,471,123,609
3044,3344000,1,1,1672,17,90,197,5,230,415,103,615
3045,3345000,1,1,1746,30,95,200,8,231,434,110,638
3046,3346000,1,1,1737,32,103,188,6,222,442,116,628
3047,3347000,1,1,1505,22,94,207,4,229,343,113,493
3048,3348000,1,1,1688,33,97,157,8,256,460,92,585
3049,3349000,1,1,1620,51,102,143,4,262,385,77,596
3050,3350000,1,1,1658,24,80,170,10,260,399,84,631
3051,3351000,1,1,1684,23,82,221,8,231,385,111,623
3052,3352000,1,1,1630,25,109,183,3,240,403,90,577
3053,3353000,1,1,1626,32,106,169,8,249,379,88,595
3054,3354000,1,1,1671,14,87,191,3,247,417,100,612
3055,3355000,1,1,1501,45,90,170,6,255,326,77,532
3056,3356000,1,1,1614,36,98,172,6,248,393,108,553
3057,3357000,1,1,1613,55,98,162,1,246,394,103,554
3058,3358000,1,1,1532,41,101,186,1,253,371,101,478
3059,3359000,1,1,1620,19,88,172,1,246,409,95,590
3060,3360000,1,1,1758,41,91,197,0,244,492,102,591
3061,3361000,1,1,1656,36,108,209,2,221,380,126,574
3062,3362000,1,1,1631,20,72,198,11,257,363,107,603
3063,3363000,1,1,1525,29,90,189,5,220,373,95,524
3064,3364000,1,1,1737,39,93,184,5,291,414,86,625
3065,3365000,1,1,1687,24,89,199,1,251,449,105,569
3066,3366000,1,1,1563,38,86,142,11,267,354,82,583
3067,3367000,1,1,1646,46,90,202,3,249,407,110,539
3068,3368000,1,1,1699,42,91,156,7,234,437,104,628
3069,3369000,1,1,1527,41,101,165,12,227,348,113,520
3070,3370000,1,1,1619,23,101,189,8,241,381,118,558
3071,3371000,1,1,1585,32,95,186,2,232,364,94,580
3072,3372000,1,1,1580,74,99,181,0,253,318,86,569
3073,3373000,1,1,1666,38,102,151,6,250,436,84,599
3074,3374000,1,1,1507,32,109,179,6,255,315,89,522
3075,3375000,1,1,1504,51,83,209,6,237,309,116,493
3076,3376000,1,1,1621,40,96,162,5,276,376,79,587
3077,3377000,1,1,1681,40,101,171,2,244,461,100,562
3078,3378000,1,1,1662,17,104,194,6,244,403,104,590
3079,3379000,1,1,1591,64,91,155,1,272,349,86,573
3080,3380000,1,1,1721,35,106,199,1,250,455,104,571
3081,3381000,1,1,1699,68,104,182,0,234,413,99,599
3082,3382000,1,1,1594,50,95,150,2,264,371,84,578
3083,3383000,1,1,1577,25,120,179,3,256,346,98,550
3084,3384000,1,1,1437,19,93,167,2,235,309,99,513
3085,3385000,1,1,1842,50,105,194,3,250,487,105,648
3086,3386000,1,1,1629,40,94,191,6,253,377,83,585
3087,3387000,1,1,1698,23,102,162,7,253,447,89,615
3088,3388000,1,1,1646,55,92,218,7,214,374,127,559
3089,3389000,1,1,1491,46,102,151,7,262,299,81,543
3090,3390000,1,1,1636,11,105,182,2,253,396,100,587
3091,3391000,1,1,1716,44,106,175,0,249,423,92,627
3092,3392000,1,1,1553,29,95,180,5,235,361,90,558
3093,3393000,1,1,1508,44,87,165,3,245,354,93,517
3094,3394000,1,1,1657,35,84,184,4,248,392,95,615
3095,3395000,1,1,1565,45,86,161,9,237,389,99,539
3096,3396000,1,1,1454,14,91,182,3,234,334,99,497
3097,3397000,1,1,1615,10,96,186,5,230,432,99,557
3098,3398000,1,1,1702,34,117,145,10,252,396,95,653
3099,3399000,1,1,1493,42,94,160,7,260,320,87,523
3100,3400000,1,1,1493,58,109,163,1,271,278,81,532
3101,3401000,1,1,1920,34,93,185,0,259,541,86,722
3102,3402000,1,1,1657,31,114,202,0,243,395,108,564
3103,3403000,1,1,1434,17,90,174,3,248,337,96,469
3104,3404000,1,1,1550,66,110,191,3,256,333,84,507
3105,3405000,1,1,1747,39,86,170,9,254,453,92,644
3106,3406000,1,1,1527,41,88,170,5,260,342,85,536
3107,3407000,1,1,1670,57,100,176,2,259,408,93,575
3108,3408000,1,1,1572,31,103,160,6,239,349,89,595
3109,3409000,1,1,1589,47,97,148,4,237,388,88,580
3110,3410000,1,1,1572,22,113,180,1,265,381,94,516
3111,3411000,1,1,1639,22,95,222,3,228,383,126,560
3112,3412000,1,1,1540,21,83,182,2,225,360,97,570
3113,3413000,1,1,1738,33,108,168,4,255,433,98,639
3114,3414000,1,1,1471,22,102,170,6,247,322,98,504
3115,3415000,1,1,1555,46,93,142,7,266,366,83,552
3116,3416000,1,1,1456,35,109,155,6,245,331,97,478
3117,3417000,1,1,1687,47,90,153,8,254,404,88,643
3118,3418000,1,1,1616,40,105,163,8,265,378,81,576
3119,3419000,1,1,1600,63,117,163,4,262,369,92,530
3120,3420000,1,1,1450,21,88,179,5,234,306,93,524
3121,3421000,1,1,1517,36,106,184,5,264,309,91,522
3122,3422000,1,1,1670,25,93,189,5,238,429,112,579
3123,3423000,1,1,1518,29,97,191,12,226,343,122,498
3124,3424000,1,1,1618,17,86,195,12,250,354,109,595
3125,3425000,1,1,1710,47,98,155,4,245,411,91,659
3126,3426000,1,1,1782,14,98,229,9,197,465,127,643
3127,3427000,1,1,1561,28,87,180,6,233,326,123,578
3128,3428000,1,1,1580,73,89,166,9,259,363,82,539
3129,3429000,1,1,1643,46,103,163,10,261,404,86,570
3130,3430000,1,1,1505,33,91,179,2,259,311,92,538
3131,3431000,1,1,1706,36,90,196,3,242,401,101,637
3132,3432000,1,1,1631,7,93,182,1,230,413,105,600
3133,3433000,1,1,1628,20,98,188,8,267,392,95,560
3134,3434000,1,1,1495,67,100,189,4,252,318,93,472
3135,3435000,1,1,1472,42,105,179,4,248,311,106,477
3136,3436000,1,1,1596,47,106,193,7,242,322,95,584
3137,3437000,1,1,1654,18,89,174,10,237,412,104,610
3138,3438000,1,1,1860,25,88,169,9,264,495,93,717
3139,3439000,1,1,1745,17,123,205,1,225,494,105,575
3140,3440000,1,1,1416,26,87,195,10,228,297,103,470
3141,3441000,1,1,1665,26,99,197,4,236,428,117,558
3142,3442000,1,1,1645,27,106,169,2,250,392,97,602
3143,3443000,1,1,1574,6,108,208,3,225,367,120,537
3144,3444000,1,1,1672,13,100,182,2,239,453,94,589
3145,3445000,1,1,1671,42,111,179,1,243,417,104,574
3146,3446000,1,1,1500,28,88,162,10,259,333,83,537
3147,3447000,1,1,1496,13,97,188,4,262,289,91,552
3148,3448000,1,1,1550,46,99,227,0,216,348,118,496
3149,3449000,1,1,1731,49,97,148,2,250,481,103,601
3150,3450000,1,1,1619,26,90,186,3,234,414,105,561
3151,3451000,1,1,1520,37,100,162,4,265,345,86,521
3152,3452000,1,1,1747,41,106,157,2,255,426,89,671
3153,3453000,1,1,1654,40,104,191,7,256,381,94,581
3154,3454000,1,1,1652,7,104,157,6,254,418,94,612
3155,3455000,1,1,1592,15,88,208,5,241,381,107,547
3156,3456000,1,1,1818,19,106,194,1,252,481,105,660
3157,3457000,1,1,1621,15,84,190,3,247,417,108,557
3158,3458000,1,1,1909,23,96,208,5,254,528,120,675
3159,3459000,1,1,1606,64,90,194,4,238,380,96,540
3160,3460000,1,1,1718,44,103,170,2,258,416,89,636
3161,3461000,1,1,1494,45,93,127,1,257,348,87,536
3162,3462000,1,1,1515,46,101,219,2,236,307,105,499
3163,3463000,1,1,1528,33,86,156,10,274,267,85,617
3164,3464000,1,1,1671,34,95,187,4,232,418,98,603
3165,3465000,1,1,1526,32,90,195,3,231,345,115,515
3166,3466000,1,1,1692,24,104,186,1,253,405,85,634
3167,3467000,1,1,1684,32,97,176,2,246,385,91,655
3168,3468000,1,1,1578,32,114,159,2,257,355,82,577
3169,3469000,1,1,1611,45,92,193,5,252,357,88,579
3170,3470000,1,1,1563,29,88,197,1,214,373,110,551
3171,3471000,1,1,1710,36,96,193,4,248,417,85,631
3172,3472000,1,1,1679,50,112,206,4,231,370,108,598
3173,3473000,1,1,1769,67,95,211,9,240,410,112,625
3174,3474000,1,1,1725,22,103,211,3,235,480,109,562
3175,3475000,1,1,1497,44,100,186,2,244,294,87,540
3176,3476000,1,1,1521,63,103,172,0,255,341,98,489
3177,3477000,1,1,1558,18,96,163,8,264,378,93,538
3178,3478000,1,1,1764,13,93,170,8,262,466,87,665
3179,3479000,1,1,1730,26,84,201,0,235,445,106,633
3180,3480000,1,1,1601,37,97,157,2,256,390,84,578
3181,3481000,1,1,1531,5,86,210,6,240,338,127,519
3182,3482000,1,1,1470,29,90,191,2,241,309,95,513
3183,3483000,1,1,1631,74,82,170,10,260,372,85,578
3184,3484000,1,1,1723,36,111,198,3,255,461,85,574
3185,3485000,1,1,1604,15,80,204,3,250,358,95,599
3186,3486000,1,1,1571,40,94,157,4,245,386,81,564
3187,3487000,1,1,1534,24,96,163,3,264,352,89,543
3188,3488000,1,1,1739,62,97,197,2,243,413,103,622
3189,3489000,1,1,1756,55,86,198,6,250,425,97,639
3190,3490000,1,1,1532,31,97,195,3,245,359,107,495
3191,3491000,1,1,1558,58,100,200,4,231,316,105,544
3192,3492000,1,1,1883,39,106,179,4,242,526,96,691
3193,3493000,1,1,1631,30,103,233,2,203,387,129,544
3194,3494000,1,1,1580,33,106,186,8,212,353,125,557
3195,3495000,1,1,1570,18,115,212,4,237,330,106,548
3196,3496000,1,1,1918,35,116,183,14,247,507,104,712
3197,3497000,1,1,1677,67,108,169,8,272,379,68,606
3198,3498000,1,1,1589,37,99,184,5,240,363,97,564
3199,3499000,1,1,1869,25,113,180,2,268,492,88,701
3200,3500000,1,1,1700,42,110,187,5,233,404,101,618
3201,3501000,1,1,1567,20,107,163,8,244,347,88,590
3202,3502000,1,1,1689,54,81,183,17,231,395,101,627
3203,3503000,1,1,1648,42,91,167,7,235,417,117,572
3204,3504000,1,1,1618,80,86,220,2,268,340,81,541
3205,3505000,1,1,1494,41,100,186,2,250,320,89,506
3206,3506000,1,1,1534,51,97,184,12,213,330,134,513
3207,3507000,1,1,1612,35,93,204,3,256,388,104,529
3208,3508000,1,1,1476,29,102,187,6,245,315,96,496
3209,3509000,1,1,1555,37,79,176,2,252,344,94,571
3210,3510000,1,1,1656,20,114,202,2,256,412,106,544
3211,3511000,1,1,1685,37,91,217,10,221,380,115,614
3212,3512000,1,1,1559,42,95,146,5,252,347,72,600
3213,3513000,1,1,1684,22,103,212,7,252,356,106,626
3214,3514000,1,1,1576,42,90,141,10,252,403,91,547
3215,3515000,1,1,1818,48,108,194,2,261,475,89,641
3216,3516000,1,1,1640,47,90,147,5,284,380,80,607
3217,3517000,1,1,1612,31,108,141,13,247,380,96,596
3218,3518000,1,1,1453,23,97,187,9,250,286,100,501
3219,3519000,1,1,1567,57,93,173,16,232,377,93,526
3220,3520000,1,1,1547,60,109,193,1,224,300,111,549
3221,3521000,1,1,1518,33,83,154,6,223,410,102,507
3222,3522000,1,1,1459,45,109,168,6,254,316,106,455
3223,3523000,1,1,1539,31,91,193,1,212,345,105,561
3224,3524000,1,1,1637,42,100,231,10,215,372,137,530
3225,3525000,1,1,1581,52,88,120,12,269,380,66,594
3226,3526000,1,1,1536,25,95,178,4,246,344,97,547
3227,3527000,1,1,1636,15,98,189,3,249,387,97,598
3228,3528000,1,1,1539,28,102,223,0,221,332,111,522
3229,3529000,1,1,1568,15,82,224,5,216,362,124,540
3230,3530000,1,1,1740,20,111,196,5,275,400,94,639
3231,3531000,1,1,1507,58,101,161,13,236,304,101,533
3232,3532000,1,1,1668,48,76,144,8,313,378,73,628
3233,3533000,1,1,1565,49,101,166,4,252,344,91,558
3234,3534000,1,1,1766,36,95,137,6,272,486,80,654
3235,3535000,1,1,1816,37,107,205,6,237,502,117,605
3236,3536000,1,1,1574,31,108,198,3,247,346,107,534
3237,3537000,1,1,1666,15,100,215,0,236,425,117,558
3238,3538000,1,1,1539,25,97,162,3,262,359,92,539
3239,3539000,1,1,1698,26,101,186,3,248,421,93,620
3240,3540000,1,1,1899,54,85,199,5,233,523,102,698
3241,3541000,1,1,1723,27,86,180,5,248,420,99,658
3242,3542000,1,1,1533,24,96,181,5,221,374,107,525
3243,3543000,1,1,1666,88,102,178,5,242,426,91,534
3244,3544000,1,1,1634,23,102,168,6,250,412,95,578
3245,3545000,1,1,1845,52,106,195,1,253,471,113,654
3246,3546000,1,1,1525,16,91,156,4,252,357,97,552
3247,3547000,1,1,1498,49,85,171,10,252,327,96,508
3248,3548000,1,1,1411,36,89,146,2,260,318,83,477
3249,3549000,1,1,1724,29,94,186,6,258,412,88,651
3250,3550000,1,1,1614,64,101,163,1,261,365,82,577
3251,3551000,1,1,1627,39,112,177,7,254,364,92,582
3252,3552000,1,1,1694,33,92,193,2,252,450,110,562
3253,3553000,1,1,1569,14,86,180,4,252,354,106,573
3254,3554000,1,1,1550,61,90,174,0,248,337,96,544
3255,3555000,1,1,1651,35,92,203,0,241,410,103,567
3256,3556000,1,1,1559,47,97,199,1,235,346,99,535
3257,3557000,1,1,1660,30,101,158,4,246,446,94,581
3258,3558000,1,1,1570,7,95,195,7,243,363,111,549
3259,3559000,1,1,1612,53,97,167,5,250,381,96,563
3260,3560000,1,1,1703,35,109,162,1,245,448,90,613
3261,3561000,1,1,1490,10,94,177,3,233,359,121,493
3262,3562000,1,1,1421,26,102,154,4,253,257,86,539
3263,3563000,1,1,1407,48,90,119,9,290,294,72,485
3264,3564000,1,1,1544,30,105,187,5,238,365,98,516
3265,3565000,1,1,1580,28,99,179,1,268,349,83,573
3266,3566000,1,1,1677,8,87,189,2,237,440,103,611
3267,3567000,1,1,1596,10,98,196,0,234,350,102,606
3268,3568000,1,1,1546,42,96,186,3,258,360,79,522
3269,3569000,1,1,1541,24,96,185,2,234,352,108,540
3270,3570000,1,1,1614,68,106,172,8,237,384,96,543
3271,3571000,1,1,1718,20,92,151,8,224,502,106,615
3272,3572000,1,1,1409,17,98,132,1,278,305,81,497
3273,3573000,1,1,1619,37,104,162,7,276,367,88,578
3274,3574000,1,1,1638,67,104,159,7,247,416,95,543
3275,3575000,1,1,1507,12,88,187,0,261,342,93,524
3276,3576000,1,1,1650,38,96,178,8,234,401,97,598
3277,3577000,1,1,1623,36,88,156,5,273,385,87,593
3278,3578000,1,1,1589,12,96,178,7,247,351,97,601
3279,3579000,1,1,1592,50,100,139,2,287,370,78,566
3280,3580000,1,1,1695,51,115,159,5,262,423,78,602
3281,3581000,1,1,1691,42,92,184,10,262,414,105,582
3282,3582000,1,1,1535,35,94,181,2,241,338,100,544
3283,3583000,1,1,1519,39,93,152,2,240,329,94,570
3284,3584000,1,1,1486,49,95,153,10,243,328,91,517
3285,3585000,1,1,1478,27,102,185,2,265,319,93,485
3286,3586000,1,1,1682,21,89,198,1,226,432,130,585
3287,3587000,1,1,1525,13,90,185,6,222,373,112,524
3288,3588000,1,1,1583,24,109,157,2,245,402,100,544
3289,3589000,1,1,1718,30,91,158,10,258,446,97,628
3290,3590000,1,1,1558,45,84,210,5,236,325,114,539
3291,3591000,1,1,1614,47,98,208,1,212,373,121,554
3292,3592000,1,1,1768,29,111,165,6,260,457,86,654
3293,3593000,1,1,1426,35,86,160,7,251,308,90,489
3294,3594000,1,1,1596,25,99,198,6,253,350,106,559
3295,3595000,1,1,1634,50,97,168,6,260,410,102,541
3296,3596000,1,1,1806,30,101,167,4,251,520,87,646
3297,3597000,1,1,1589,25,95,199,2,239,334,94,601
3298,3598000,1,1,1496,53,109,182,5,257,285,86,519
3299,3599000,1,1,1723,18,101,180,7,260,453,101,603
3300,3600000,1,1,1696,28,109,194,3,256,378,98,630
3301,3601000,1,1,1652,45,89,149,3,260,396,81,629
3302,3602000,1,1,1601,28,106,203,8,247,365,104,540
3303,3603000,1,1,1568,36,101,149,5,247,351,95,584
3304,3604000,1,1,1698,56,108,148,8,268,426,78,606
3305,3605000,1,1,1810,23,99,185,2,241,464,105,691
3306,3606000,1,1,1454,21,87,182,3,245,331,95,490
3307,3607000,1,1,1604,21,95,177,4,258,393,85,571
3308,3608000,1,1,1587,17,101,187,3,258,369,96,556
3309,3609000,1,1,1639,75,88,194,13,229,366,109,565
3310,3610000,1,1,1521,25,94,159,0,269,334,83,557
3311,3611000,1,1,1639,35,106,192,4,243,350,107,602
3312,3612000,1,1,1702,24,115,166,3,246,439,98,611
3313,3613000,1,1,1725,20,96,170,4,274,401,103,657
3314,3614000,1,1,1573,28,102,216,2,216,352,124,533
3315,3615000,1,1,1807,32,95,163,5,235,520,86,671
3316,3616000,1,1,1748,39,112,233,2,235,401,104,622
3317,3617000,1,1,1573,28,108,192,8,241,358,105,533
3318,3618000,1,1,1579,43,84,156,3,246,393,98,556
3319,3619000,1,1,1597,24,102,193,1,265,368,94,550
3320,3620000,1,1,1607,48,81,200,5,251,374,96,552
3321,3621000,1,1,1547,28,112,152,0,260,361,85,549
3322,3622000,1,1,1841,36,90,222,5,224,479,126,659
3323,3623000,1,1,1699,18,104,175,5,247,391,98,661
3324,3624000,1,1,1660,26,115,208,3,242,385,114,567
3325,3625000,1,1,1786,50,107,141,4,272,455,82,675
3326,3626000,1,1,1755,36,109,178,10,237,401,111,673
3327,3627000,1,1,1613,11,109,213,2,219,411,119,529
3328,3628000,1,1,1632,13,87,163,8,240,406,91,624
3329,3629000,1,1,1487,35,95,203,4,228,320,104,498
3330,3630000,1,1,1847,37,93,206,5,247,469,96,694
3331,3631000,1,1,1490,25,94,177,9,250,323,95,517
3332,3632000,1,1,1553,29,103,164,4,248,386,87,532
3333,3633000,1,1,1690,16,93,223,1,226,439,131,561
3334,3634000,1,1,1493,32,95,169,1,229,332,100,535
3335,3635000,1,1,1549,40,95,194,14,243,316,107,540
3336,3636000,1,1,1505,60,102,193,1,224,309,116,500
3337,3637000,1,1,1780,61,105,179,4,260,421,99,651
3338,3638000,1,1,1640,40,108,155,7,259,402,91,578
3339,3639000,1,1,1406,18,109,207,1,247,251,103,470
3340,3640000,1,1,1765,18,95,176,13,225,488,118,632
3341,3641000,1,1,1722,12,87,200,7,273,390,109,644
3342,3642000,1,1,1647,28,101,178,8,254,353,97,628
3343,3643000,1,1,1579,16,94,191,6,237,376,107,552
3344,3644000,1,1,1531,40,102,180,5,246,311,100,547
3345,3645000,1,1,1818,40,105,202,3,250,447,114,657
3346,3646000,1,1,1581,47,95,197,11,250,346,97,538
3347,3647000,1,1,1546,41,107,205,2,243,344,99,505
3348,3648000,1,1,1461,27,98,201,0,243,292,102,498
3349,3649000,1,1,1757,38,93,176,4,252,485,91,618
3350,3650000,1,1,1688,19,113,196,5,234,420,115,586
3351,3651000,1,1,1484,21,91,176,7,247,322,93,527
3352,3652000,1,1,1701,30,104,170,3,254,453,93,594
3353,3653000,1,1,1522,28,105,210,2,229,332,121,495
3354,3654000,1,1,1724,31,94,215,9,216,393,118,648
3355,3655000,1,1,1540,22,103,187,4,240,345,107,532
3356,3656000,1,1,1611,16,107,179,2,248,420,77,562
3357,3657000,1,1,1650,15,79,165,2,254,414,95,626
3358,3658000,1,1,1732,47,97,180,2,265,425,89,627
3359,3659000,1,1,1757,8,82,185,2,240,502,103,635
3360,3660000,1,1,1603,40,102,169,2,265,369,93,563
3361,3661000,1,1,1645,51,108,153,2,263,376,86,606
3362,3662000,1,1,1587,40,98,143,7,247,399,96,557
3363,3663000,1,1,1548,37,94,167,8,260,350,102,530
3364,3664000,1,1,1544,25,99,223,5,245,340,113,494
3365,3665000,1,1,1687,28,96,199,3,244,400,107,610
3366,3666000,1,1,1504,32,102,177,2,220,343,97,531
3367,3667000,1,1,1778,33,116,150,8,262,450,94,665
3368,3668000,1,1,1689,72,90,203,1,241,389,103,590
3369,3669000,1,1,1524,52,91,155,13,255,331,90,537
3370,3670000,1,1,1673,24,76,197,5,229,449,104,589
3371,3671000,1,1,1606,18,106,208,4,241,361,105,563
3372,3672000,1,1,1499,34,90,195,7,211,310,112,540
3373,3673000,1,1,1737,34,101,202,7,233,410,105,645
3374,3674000,1,1,1602,17,93,172,3,247,394,93,583
3375,3675000,1,1,1578,24,105,198,2,249,352,103,545
3376,3676000,1,1,1740,23,84,183,6,263,397,94,690
3377,3677000,1,1,1896,39,91,192,5,251,515,105,698
3378,3678000,1,1,1888,58,95,168,6,254,530,98,679
3379,3679000,1,1,1672,39,87,202,4,227,433,96,584
3380,3680000,1,1,1608,23,99,199,4,242,387,101,553
3381,3681000,1,1,1760,22,110,199,1,234,463,126,605
3382,3682000,1,1,1617,19,97,195,4,252,363,89,598
3383,3683000,1,1,1495,55,120,169,2,238,318,99,494
3384,3684000,1,1,1543,21,102,189,4,259,321,106,541
3385,3685000,1,1,1558,40,99,149,2,237,370,90,571
3386,3686000,1,1,1623,30,94,166,7,236,391,107,592
3387,3687000,1,1,1451,16,96,185,8,231,352,110,453
3388,3688000,1,1,1492,37,93,162,1,237,281,102,579
3389,3689000,1,1,1584,28,94,176,3,251,373,102,557
3390,3690000,1,1,1662,56,99,153,9,292,380,85,588
3391,3691000,1,1,1564,26,95,144,2,250,382,99,566
3392,3692000,1,1,1733,34,88,143,9,239,470,95,655
3393,3693000,1,1,1626,56,97,206,4,223,372,103,565
3394,3694000,1,1,1661,17,96,214,5,223,409,116,581
3395,3695000,1,1,1696,39,96,183,4,238,410,99,627
3396,3696000,1,1,1546,37,95,165,1,249,347,109,543
3397,3697000,1,1,1496,37,92,171,2,252,341,97,504
3398,3698000,1,1,1811,22,101,192,6,269,446,95,680
3399,3699000,1,1,1766,42,94,132,5,259,442,83,709
3400,3700000,1,1,1720,48,102,189,0,235,427,100,619
3401,3701000,1,1,1571,62,104,167,6,236,348,110,538
3402,3702000,1,1,1748,49,98,195,11,218,435,119,623
3403,3703000,1,1,1530,15,89,150,6,233,368,94,575
3404,3704000,1,1,1618,63,95,164,14,239,391,98,554
3405,3705000,1,1,1656,44,96,205,5,229,364,116,597
3406,3706000,1,1,1643,55,96,169,7,280,385,86,565
3407,3707000,1,1,1667,22,92,190,7,217,388,106,645
3408,3708000,1,1,1597,28,88,193,0,247,369,95,577
3409,3709000,1,1,1555,24,119,219,5,226,373,108,481
3410,3710000,1,1,1743,23,95,181,4,249,444,93,654
3411,3711000,1,1,1577,10,105,182,5,264,350,109,552
3412,3712000,1,1,1641,12,109,145,1,286,414,85,589
3413,3713000,1,1,1620,27,108,190,5,224,397,107,562
3414,3714000,1,1,1566,60,104,160,11,248,331,94,558
3415,3715000,1,1,1629,33,75,176,5,248,428,88,576
3416,3716000,1,1,1551,16,108,181,7,239,334,99,567
3417,3717000,1,1,1626,29,98,186,4,263,345,88,613
3418,3718000,1,1,1658,50,92,201,4,242,420,94,555
3419,3719000,1,1,1785,29,107,210,3,218,459,109,650
3420,3720000,1,1,1797,26,102,197,2,231,486,106,647
3421,3721000,1,1,1478,24,105,187,0,243,305,108,506
3422,3722000,1,1,1520,11,112,173,5,252,352,112,503
3423,3723000,1,1,1685,45,76,120,7,289,448,73,627
3424,3724000,1,1,1729,41,96,161,5,252,436,96,642
3425,3725000,1,1,1458,31,85,153,5,246,339,87,512
3426,3726000,1,1,1630,68,88,176,4,235,365,107,587
3427,3727000,1,1,1581,55,112,189,15,241,333,106,530
3428,3728000,1,1,1901,27,94,169,3,258,546,97,707
3429,3729000,1,1,1750,20,94,201,5,214,499,107,610
3430,3730000,1,1,1681,14,104,190,3,254,423,109,584
3431,3731000,1,1,1586,39,114,171,3,264,365,80,550
3432,3732000,1,1,1630,45,100,148,4,250,384,93,606
3433,3733000,1,1,1598,6,113,194,3,243,384,109,546
3434,3734000,1,1,1546,39,101,197,1,206,358,119,525
3435,3735000,1,1,1707,43,92,147,8,274,445,78,620
3436,3736000,1,1,1538,48,106,168,5,242,315,89,565
3437,3737000,1,1,1752,30,81,157,7,256,484,88,649
3438,3738000,1,1,1688,29,94,193,7,258,398,110,599
3439,3739000,1,1,1507,15,100,212,3,248,312,109,508
3440,3740000,1,1,1634,47,82,208,7,260,358,109,563
3441,3741000,1,1,1653,68,98,176,3,262,375,96,575
3442,3742000,1,1,1426,42,96,165,4,244,274,107,494
3443,3743000,1,1,1695,31,98,197,3,267,418,83,598
3444,3744000,1,1,1588,29,89,180,3,249,371,93,574
3445,3745000,1,1,1685,27,99,145,7,262,410,90,645
3446,3746000,1,1,1567,69,84,161,5,248,372,78,550
3447,3747000,1,1,1662,26,90,211,3,244,388,102,598
3448,3748000,1,1,1736,35,105,169,5,253,449,94,626
3449,3749000,1,1,1850,94,101,178,4,265,459,92,657
3450,3750000,1,1,1875,26,91,177,1,267,507,87,719
3451,3751000,1,1,1411,26,89,143,2,254,286,88,523
3452,3752000,1,1,1487,63,104,139,7,271,293,79,531
3453,3753000,1,1,1595,43,108,190,0,250,357,109,538
3454,3754000,1,1,1619,44,79,183,1,254,383,100,575
3455,3755000,1,1,1748,40,100,202,0,243,472,94,597
3456,3756000,1,1,1521,32,100,162,4,268,335,90,530
3457,3757000,1,1,1688,54,83,162,3,252,450,89,595
3458,3758000,1,1,1692,17,95,196,8,225,433,106,612
3459,3759000,1,1,1731,39,98,180,6,273,409,87,639
3460,3760000,1,1,1564,35,99,208,6,246,334,103,533
3461,3761000,1,1,1753,31,118,133,1,261,484,87,638
3462,3762000,1,1,1639,37,106,167,4,265,389,81,590
3463,3763000,1,1,1488,24,96,204,11,223,330,113,487
3464,3764000,1,1,1660,47,128,199,6,262,373,95,550
3465,3765000,1,1,1524,65,88,153,2,253,347,88,528
3466,3766000,1,1,1671,34,95,182,1,236,411,111,601
3467,3767000,1,1,1759,16,92,203,4,222,447,120,655
3468,3768000,1,1,1587,29,92,182,4,269,352,81,578
3469,3769000,1,1,1780,35,91,166,1,240,469,101,677
3470,3770000,1,1,1523,39,92,154,5,228,356,101,548
3471,3771000,1,1,1519,48,97,188,6,250,328,94,508
3472,3772000,1,1,1497,31,111,174,1,249,331,104,496
3473,3773000,1,1,1523,17,103,175,2,249,348,93,536
3474,3774000,1,1,1631,47,82,171,7,247,393,82,602
3475,3775000,1,1,1530,60,94,171,7,265,304,83,546
3476,3776000,1,1,1563,43,111,151,0,250,337,86,585
3477,3777000,1,1,1433,34,105,151,4,234,311,94,500
3478,3778000,1,1,1667,23,87,171,4,241,453,98,590
3479,3779000,1,1,1533,31,97,153,9,267,340,91,545
3480,3780000,1,1,1537,20,95,178,10,245,342,109,538
3481,3781000,1,1,1452,61,97,176,7,252,261,89,509
3482,3782000,1,1,1488,66,85,187,3,260,297,90,500
3483,3783000,1,1,1541,37,94,143,2,253,351,96,565
3484,3784000,1,1,1539,46,91,190,3,210,382,113,504
3485,3785000,1,1,1577,46,96,162,2,244,389,90,548
3486,3786000,1,1,1648,61,92,174,6,253,405,88,569
3487,3787000,1,1,1679,26,99,182,4,227,423,104,614
3488,3788000,1,1,1641,36,98,168,2,252,412,94,579
3489,3789000,1,1,1674,69,86,186,4,238,409,107,575
3490,3790000,1,1,1629,10,95,189,3,237,389,115,591
3491,3791000,1,1,1504,19,104,169,9,240,348,100,515
3492,3792000,1,1,1841,12,101,189,8,249,507,107,668
3493,3793000,1,1,1698,41,90,178,4,233,421,83,648
3494,3794000,1,1,1692,29,96,154,2,269,402,94,646
3495,3795000,1,1,1376,30,107,175,10,266,245,83,460
3496,3796000,1,1,1893,29,100,160,2,260,538,85,719
3497,3797000,1,1,1560,28,90,149,8,262,346,89,588
3498,3798000,1,1,1657,34,93,157,7,246,399,85,636
3499,3799000,1,1,1620,33,94,181,1,248,408,91,564
3500,3800000,1,1,1655,31,94,154,4,253,425,97,597
3501,3801000,1,1,1872,17,94,165,2,254,527,98,715
3502,3802000,1,1,1832,33,104,185,1,256,458,89,706
3503,3803000,1,1,1542,27,86,183,6,247,337,105,551
3504,3804000,1,1,1679,17,82,172,5,272,391,98,642
3505,3805000,1,1,1598,20,92,190,2,256,385,89,564
3506,3806000,1,1,1597,46,98,153,10,233,366,102,589
3507,3807000,1,1,1644,31,97,198,1,214,436,117,550
3508,3808000,1,1,1765,26,94,190,5,255,433,110,652
3509,3809000,1,1,1551,49,92,188,4,250,372,90,506
3510,3810000,1,1,2024,52,93,166,13,247,592,98,763
3511,3811000,1,1,1703,23,99,181,4,249,441,113,593
3512,3812000,1,1,1650,60,92,162,1,257,409,82,587
3513,3813000,1,1,1585,36,90,124,7,263,401,72,592
3514,3814000,1,1,1475,49,106,160,4,262,284,78,532
3515,3815000,1,1,1576,44,92,145,12,253,378,95,557
3516,3816000,1,1,1688,29,108,209,4,274,400,114,550
3517,3817000,1,1,1557,51,86,185,6,256,363,98,512
3518,3818000,1,1,1507,40,101,197,2,233,326,109,499
3519,3819000,1,1,1538,31,99,186,3,247,315,101,556
3520,3820000,1,1,1664,17,85,184,8,230,434,105,601
3521,3821000,1,1,1814,67,92,222,1,232,475,107,618
3522,3822000,1,1,1631,28,114,209,2,256,370,109,543
3523,3823000,1,1,1461,28,105,139,1,274,320,85,509
3524,3824000,1,1,1591,18,109,207,2,258,368,99,530
3525,3825000,1,1,1821,31,85,176,3,243,492,100,691
3526,3826000,1,1,1617,17,106,225,6,223,353,127,560
3527,3827000,1,1,1597,29,84,149,6,245,387,92,605
3528,3828000,1,1,1614,41,98,204,4,243,380,107,537
3529,3829000,1,1,1440,27,109,167,4,261,276,98,498
3530,3830000,1,1,1605,33,97,170,11,258,372,111,553
3531,3831000,1,1,1517,51,113,151,2,234,288,90,588
3532,3832000,1,1,1666,79,89,170,3,243,400,98,584
3533,3833000,1,1,1678,41,102,216,4,209,402,131,573
3534,3834000,1,1,1658,48,97,216,4,257,370,96,570
3535,3835000,1,1,1605,54,120,217,11,230,359,103,511
3536,3836000,1,1,1620,17,92,169,4,269,371,86,612
3537,3837000,1,1,1623,42,97,110,7,271,425,80,591
3538,3838000,1,1,1676,43,90,136,2,267,447,85,606
3539,3839000,1,1,1640,43,95,183,1,252,385,90,591
3540,3840000,1,1,1640,50,82,181,8,250,386,99,584
3541,3841000,1,1,1566,42,103,187,2,262,340,84,546
3542,3842000,1,1,1579,15,85,187,15,220,422,105,530
3543,3843000,1,1,1822,28,84,190,6,242,511,103,658
3544,3844000,1,1,1567,28,89,205,6,248,364,112,515
3545,3845000,1,1,1635,49,95,185,4,241,345,90,626
3546,3846000,1,1,1608,31,101,202,2,232,404,108,528
3547,3847000,1,1,1461,36,93,190,8,259,289,89,497
3548,3848000,1,1,1430,43,96,212,8,231,285,98,457
3549,3849000,1,1,1862,31,89,199,2,244,524,112,661
3550,3850000,1,1,1511,69,95,189,1,243,303,92,519
3551,3851000,1,1,1776,18,113,168,7,279,436,99,656
3552,3852000,1,1,1600,50,98,165,8,241,373,103,562
3553,3853000,1,1,1519,30,87,205,7,237,300,116,537
3554,3854000,1,1,1806,40,116,185,1,253,474,107,630
3555,3855000,1,1,1769,56,112,185,2,271,441,79,623
3556,3856000,1,1,1508,29,107,140,6,242,337,85,562
3557,3857000,1,1,1727,19,92,197,1,250,488,102,578
3558,3858000,1,1,1532,22,82,164,1,252,392,88,531
3559,3859000,1,1,1488,51,86,189,1,271,300,84,506
3560,3860000,1,1,1669,64,109,168,5,237,420,111,555
3561,3861000,1,1,1517,40,76,183,15,275,340,84,504
3562,3862000,1,1,1642,55,94,182,4,241,395,103,568
3563,3863000,1,1,1680,5,102,177,2,231,435,101,627
3564,3864000,1,1,1591,13,88,165,1,256,428,90,550
3565,3865000,1,1,1641,30,97,148,4,244,455,92,571
3566,3866000,1,1,1528,32,103,194,2,234,368,99,496
3567,3867000,1,1,1567,22,110,165,2,248,424,104,492
3568,3868000,1,1,1463,23,84,186,1,251,319,107,492
3569,3869000,1,1,1607,39,104,180,6,269,355,86,568
3570,3870000,1,1,1624,19,88,170,4,258,403,97,585
3571,3871000,1,1,1520,41,111,153,9,238,348,97,523
3572,3872000,1,1,1629,28,96,160,6,242,408,95,594
3573,3873000,1,1,1633,25,111,180,2,234,395,91,595
3574,3874000,1,1,1599,24,107,203,3,237,379,103,543
3575,3875000,1,1,1904,81,91,215,0,246,501,102,668
3576,3876000,1,1,1615,52,91,159,5,247,370,85,606
3577,3877000,1,1,1643,17,108,189,3,279,394,98,555
3578,3878000,1,1,1566,59,102,160,2,262,352,79,550
3579,3879000,1,1,1426,30,90,155,4,229,321,100,497
3580,3880000,1,1,1613,42,104,187,4,242,395,92,547
3581,3881000,1,1,1680,30,110,170,2,246,430,91,601
3582,3882000,1,1,1478,26,114,208,3,203,350,130,444
3583,3883000,1,1,1705,35,81,134,2,272,392,91,698
3584,3884000,1,1,1724,37,95,149,4,255,489,95,600
3585,3885000,1,1,1558,50,101,138,7,240,409,95,518
3586,3886000,1,1,1591,17,102,180,3,243,408,103,535
3587,3887000,1,1,1475,24,108,201,3,254,288,98,499
3588,3888000,1,1,1502,45,88,198,7,247,316,101,500
3589,3889000,1,1,1453,57,96,180,2,264,314,78,462
3590,3890000,1,1,1589,21,83,170,4,231,428,102,550
3591,3891000,1,1,1446,37,104,156,5,283,317,81,463
3592,3892000,1,1,1692,41,106,205,5,244,404,101,586
3593,3893000,1,1,1561,10,98,190,4,264,340,99,556
3594,3894000,1,1,1798,26,100,159,6,268,524,88,627
3595,3895000,1,1,1599,34,98,188,1,235,362,109,572
3596,3896000,1,1,1773,27,100,200,2,258,468,99,619
3597,3897000,1,1,1530,57,103,217,2,225,304,108,514
3598,3898000,1,1,1687,62,100,181,5,238,414,100,587
3599,3899000,1,1,1663,48,84,172,11,261,369,105,613
3600,3900000,1,1,1628,54,102,157,2,262,407,88,556
3601,3901000,1,1,1403,34,100,210,0,232,241,118,468
3602,3902000,1,1,1474,33,85,177,2,260,276,107,534
3603,3903000,1,1,1744,15,92,215,4,219,441,119,639
3604,3904000,1,1,1515,22,96,179,2,280,330,83,523
3605,3905000,1,1,1604,27,90,182,3,244,400,90,568
3606,3906000,1,1,1818,73,94,195,9,268,431,89,659
3607,3907000,1,1,1515,41,102,178,1,243,305,95,550
3608,3908000,1,1,1633,27,101,180,6,237,404,109,569
3609,3909000,1,1,1546,29,103,211,8,242,287,94,572
3610,3910000,1,1,1643,22,98,176,6,254,409,88,590
3611,3911000,1,1,1581,25,106,182,3,278,357,86,544
3612,3912000,1,1,1526,35,84,139,14,269,347,84,554
3613,3913000,1,1,1631,28,94,193,1,247,352,92,624
3614,3914000,1,1,1673,73,94,210,2,235,357,98,604
3615,3915000,1,1,1607,18,104,196,6,222,390,109,562
3616,3916000,1,1,1614,40,92,159,14,262,367,78,602
3617,3917000,1,1,1691,45,113,188,0,283,401,71,590
3618,3918000,1,1,1617,32,102,105,11,258,429,89,591
3619,3919000,1,1,1622,52,95,180,2,244,396,97,556
3620,3920000,1,1,1602,6,107,186,5,235,366,112,585
3621,3921000,1,1,1661,12,105,205,7,255,398,102,577
3622,3922000,1,1,1547,55,99,136,4,264,349,80,560
3623,3923000,1,1,1471,66,92,167,9,240,308,108,481
3624,3924000,1,1,1710,30,58,161,6,266,480,94,615
3625,3925000,1,1,1626,12,96,196,4,253,369,96,600
3626,3926000,1,1,1461,44,94,184,8,235,285,108,503
3627,3927000,1,1,1798,28,112,215,1,230,459,109,644
3628,3928000,1,1,1946,38,95,150,2,243,594,94,730
3629,3929000,1,1,1623,25,96,195,11,220,409,123,544
3630,3930000,1,1,1496,50,82,182,6,249,331,101,495
3631,3931000,1,1,1616,29,104,218,2,219,393,111,540
3632,3932000,1,1,1539,38,103,197,1,224,336,112,528
3633,3933000,1,1,1835,23,105,154,4,272,524,94,659
3634,3934000,1,1,1490,28,99,138,4,255,320,83,563
3635,3935000,1,1,1704,28,96,217,7,217,421,125,593
3636,3936000,1,1,1566,22,98,205,8,220,379,107,527
3637,3937000,1,1,1633,51,93,191,9,260,363,93,573
3638,3938000,1,1,1528,28,95,166,4,271,355,85,524
3639,3939000,1,1,1631,27,91,159,3,263,393,97,598
3640,3940000,1,1,1544,30,80,167,13,255,344,99,556
3641,3941000,1,1,1525,40,83,109,8,277,331,74,603
3642,3942000,1,1,1637,38,86,176,1,246,402,91,597
3643,3943000,1,1,1742,42,103,194,3,239,423,109,629
3644,3944000,1,1,1662,30,93,235,4,225,389,119,567
3645,3945000,1,1,1576,22,82,168,5,231,417,101,550
3646,3946000,1,1,1605,29,84,179,3,255,370,102,583
3647,3947000,1,1,1636,35,89,158,5,234,402,102,611
3648,3948000,1,1,1725,25,100,171,1,273,422,92,641
3649,3949000,1,1,1739,35,92,182,9,252,447,100,622
3650,3950000,1,1,1575,15,93,184,5,252,389,97,540
3651,3951000,1,1,1565,23,101,150,1,264,376,87,563
3652,3952000,1,1,1559,17,95,179,4,266,326,92,580
3653,3953000,1,1,1825,30,95,188,1,240,489,96,686
3654,3954000,1,1,1640,20,86,175,3,249,415,96,596
3655,3955000,1,1,1632,45,94,156,4,240,412,108,573
3656,3956000,1,1,1519,25,92,190,6,214,328,111,553
3657,3957000,1,1,1673,46,91,143,0,257,426,86,624
3658,3958000,1,1,1578,21,87,204,1,247,364,105,549
3659,3959000,1,1,1631,22,89,176,1,248,405,96,594
3660,3960000,1,1,1663,26,90,190,1,246,375,92,643
3661,3961000,1,1,1701,44,101,188,4,255,432,94,583
3662,3962000,1,1,1643,22,104,187,9,233,424,103,561
3663,3963000,1,1,1492,35,98,195,7,250,287,98,522
3664,3964000,1,1,1632,27,103,172,3,239,399,105,584
3665,3965000,1,1,1681,28,100,201,1,231,430,105,585
3666,3966000,1,1,1577,60,94,191,3,230,348,100,551
3667,3967000,1,1,1952,36,105,185,6,256,525,102,737
3668,3968000,1,1,1501,21,101,192,6,235,339,90,517
3669,3969000,1,1,1697,12,96,190,2,210,461,111,615
3670,3970000,1,1,1706,92,101,183,3,239,384,90,614
3671,3971000,1,1,1841,25,98,201,6,223,502,118,668
3672,3972000,1,1,1414,27,108,163,2,213,307,111,483
3673,3973000,1,1,1518,47,98,155,1,261,336,78,542
3674,3974000,1,1,1617,25,99,177,10,242,392,101,571
3675,3975000,1,1,1719,40,91,144,11,250,422,88,673
3676,3976000,1,1,1716,26,97,183,3,256,408,99,644
3677,3977000,1,1,1589,52,98,167,1,274,331,76,590
3678,3978000,1,1,1683,35,100,178,6,276,428,84,576
3679,3979000,1,1,1655,13,85,175,6,246,435,96,599
3680,3980000,1,1,1658,44,96,157,2,247,423,89,600
3681,3981000,1,1,1502,16,97,194,3,255,343,98,496
3682,3982000,1,1,1710,38,88,183,8,242,431,110,610
3683,3983000,1,1,1742,23,89,155,4,288,452,82,649
3684,3984000,1,1,1742,50,88,145,17,262,427,105,648
3685,3985000,1,1,1428,35,104,164,7,243,266,80,529
3686,3986000,1,1,1464,28,105,172,4,264,295,80,516
3687,3987000,1,1,1467,57,87,144,5,249,318,79,528
3688,3988000,1,1,1671,55,82,176,15,231,403,96,613
3689,3989000,1,1,1538,23,99,188,4,237,358,104,525
3690,3990000,1,1,1709,57,103,153,10,272,426,74,614
3691,3991000,1,1,1755,34,99,184,9,235,443,97,654
3692,3992000,1,1,1671,14,84,192,1,241,428,96,615
3693,3993000,1,1,1617,29,109,191,3,256,376,92,561
3694,3994000,1,1,1381,43,95,190,7,228,241,118,459
3695,3995000,1,1,1762,42,107,217,2,230,444,99,621
3696,3996000,1,1,1631,22,90,209,4,223,400,105,578
3697,3997000,1,1,1537,49,96,220,7,243,331,114,477
3698,3998000,1,1,1688,15,93,164,1,244,449,98,624
3699,3999000,1,1,1563,21,89,184,8,258,373,98,532
3700,4000000,1,1,1672,37,104,178,3,250,421,91,588
3701,4001000,1,1,1595,23,105,172,6,269,368,91,561
3702,4002000,1,1,1637,29,103,216,6,218,386,131,548
3703,4003000,1,1,1644,24,107,150,2,280,355,80,646
3704,4004000,1,1,1645,33,100,196,4,267,388,105,552
3705,4005000,1,1,1554,50,92,235,2,239,335,112,489
3706,4006000,1,1,1477,24,84,193,3,231,292,92,558
3707,4007000,1,1,1611,17,98,174,5,249,389,110,569
3708,4008000,1,1,1518,40,88,147,9,244,327,97,566
3709,4009000,1,1,1562,16,85,208,5,237,371,123,517
3710,4010000,1,1,1769,29,106,192,1,249,460,90,642
3711,4011000,1,1,1708,26,102,167,4,264,432,90,623
3712,4012000,1,1,1873,12,109,182,1,241,566,98,664
3713,4013000,1,1,1590,63,104,146,1,254,339,82,601
3714,4014000,1,1,1762,19,105,192,4,246,466,111,619
3715,4015000,1,1,1625,43,91,181,10,248,350,93,609
3716,4016000,1,1,1716,19,87,181,5,251,432,96,645
3717,4017000,1,1,1716,41,133,183,3,251,427,97,581
3718,4018000,1,1,1761,13,107,202,2,238,503,106,590
3719,4019000,1,1,1518,41,116,164,5,270,319,82,521
3720,4020000,1,1,1656,50,99,157,1,258,401,79,611
3721,4021000,1,1,1517,14,91,179,2,265,349,99,518
3722,4022000,1,1,1595,25,90,172,1,239,396,102,570
3723,4023000,1,1,1660,31,103,165,2,268,371,101,619
3724,4024000,1,1,1740,20,120,152,5,256,457,82,648
3725,4025000,1,1,1867,47,88,165,7,239,502,106,713
3726,4026000,1,1,1663,32,97,178,8,247,412,97,592
3727,4027000,1,1,1524,24,89,172,11,239,345,109,535
3728,4028000,1,1,1607,31,78,192,15,237,386,125,543
3729,4029000,1,1,1600,24,102,184,3,244,377,98,568
3730,4030000,1,1,1623,18,105,164,7,271,427,96,535
3731,4031000,1,1,1706,47,94,151,5,251,449,96,613
3732,4032000,1,1,1676,23,74,218,4,231,423,122,581
3733,4033000,1,1,1473,20,91,166,3,245,332,88,528
3734,4034000,1,1,1526,40,82,203,4,244,347,100,506
3735,4035000,1,1,1739,53,96,179,2,233,447,101,628
3736,4036000,1,1,1662,33,112,183,5,236,425,89,579
3737,4037000,1,1,1728,36,74,196,6,273,419,94,630
3738,4038000,1,1,1679,19,95,163,10,234,412,116,630
3739,4039000,1,1,1503,12,104,177,5,258,340,101,506
3740,4040000,1,1,1571,31,101,183,4,261,340,81,570
3741,4041000,1,1,1618,30,93,127,1,261,379,88,639
3742,4042000,1,1,1565,51,77,178,8,290,326,85,550
3743,4043000,1,1,1781,33,99,197,5,242,497,102,606
3744,4044000,1,1,1557,37,94,180,5,258,378,86,519
3745,4045000,1,1,1582,23,89,186,5,232,374,111,562
3746,4046000,1,1,1581,39,83,151,4,285,373,91,555
3747,4047000,1,1,1558,39,88,179,5,242,342,106,557
3748,4048000,1,1,1647,41,105,163,4,252,390,86,606
3749,4049000,1,1,1530,48,92,173,5,252,329,100,531
3750,4050000,1,1,1549,55,84,130,11,250,363,92,564
3751,4051000,1,1,1576,50,98,124,8,265,376,75,580
3752,4052000,1,1,1476,56,102,192,4,206,280,121,515
3753,4053000,1,1,1718,42,91,156,4,243,456,95,631
3754,4054000,1,1,1622,47,97,212,2,246,411,100,507
3755,4055000,1,1,1775,44,119,192,0,250,471,93,606
3756,4056000,1,1,1591,12,108,200,0,238,345,108,580
3757,4057000,1,1,1589,17,83,194,2,240,389,111,553
3758,4058000,1,1,1553,19,100,185,1,258,331,104,555
3759,4059000,1,1,1677,58,90,149,4,265,382,82,647
3760,4060000,1,1,1625,13,114,170,4,267,395,102,560
3761,4061000,1,1,1504,30,81,169,6,256,368,84,510
3762,4062000,1,1,1548,23,94,179,4,253,366,101,528
3763,4063000,1,1,1619,50,110,178,4,262,331,87,597
3764,4064000,1,1,1684,45,98,163,1,247,432,89,609
3765,4065000,1,1,1437,26,98,207,1,248,291,101,465
3766,4066000,1,1,1422,14,87,195,6,217,273,110,520
3767,4067000,1,1,1686,7,89,181,4,239,445,113,608
3768,4068000,1,1,1627,44,114,170,3,252,364,86,594
3769,4069000,1,1,1609,27,95,162,1,245,383,92,604
3770,4070000,1,1,1653,19,93,203,4,245,410,114,565
3771,4071000,1,1,1613,40,86,191,11,243,360,101,581
3772,4072000,1,1,1838,42,106,199,2,231,497,106,655
3773,4073000,1,1,1590,44,88,183,9,243,343,108,572
3774,4074000,1,1,1700,33,115,178,5,260,385,87,637
3775,4075000,1,1,1751,37,97,161,2,264,436,93,661
3776,4076000,1,1,1635,46,99,160,4,253,412,90,571
3777,4077000,1,1,1615,36,96,177,3,261,384,81,577
3778,4078000,1,1,1489,21,84,172,13,262,302,104,531
3779,4079000,1,1,1543,43,99,212,11,218,333,120,507
3780,4080000,1,1,1600,43,98,182,2,253,399,94,529
3781,4081000,1,1,1706,25,107,212,5,249,371,104,633
3782,4082000,1,1,1831,16,120,198,7,276,448,109,657
3783,4083000,1,1,1629,39,99,198,11,244,374,116,548
3784,4084000,1,1,1609,11,85,176,3,245,417,109,563
3785,4085000,1,1,1930,36,96,202,12,238,533,108,705
3786,4086000,1,1,1623,26,96,178,14,261,386,100,562
3787,4087000,1,1,1668,21,104,220,9,214,401,127,572
3788,4088000,1,1,1549,37,95,166,4,268,341,85,553
3789,4089000,1,1,1660,7,105,215,0,213,439,122,559
3790,4090000,1,1,1516,54,89,162,1,263,320,80,547
3791,4091000,1,1,1516,26,103,174,2,263,320,83,545
3792,4092000,1,1,1707,45,74,152,14,252,441,104,625
3793,4093000,1,1,1648,39,109,179,5,252,376,112,576
3794,4094000,1,1,1525,44,97,188,2,237,327,107,523
3795,4095000,1,1,1608,39,106,224,14,229,322,119,555
3796,4096000,1,1,1744,37,88,229,1,231,450,114,594
3797,4097000,1,1,1682,24,90,157,3,275,448,83,602
3798,4098000,1,1,1584,41,91,144,9,250,378,86,585
3799,4099000,1,1,1670,27,86,190,11,228,434,107,587
3800,4100000,1,1,1643,32,90,126,7,256,475,76,581
3801,4101000,1,1,1658,27,96,186,6,252,383,105,603
3802,4102000,1,1,1617,57,98,157,7,260,370,83,585
3803,4103000,1,1,1701,34,92,154,5,270,400,87,659
3804,4104000,1,1,1717,28,104,203,7,255,426,113,581
3805,4105000,1,1,1531,71,84,174,10,236,323,97,536
3806,4106000,1,1,1628,40,93,128,16,254,377,90,630
3807,4107000,1,1,1700,68,95,170,12,248,416,84,607
3808,4108000,1,1,1691,13,105,208,3,243,442,112,565
3809,4109000,1,1,1612,40,98,146,3,265,408,77,575
3810,4110000,1,1,1728,9,96,195,3,240,435,101,649
3811,4111000,1,1,1604,39,100,183,4,242,383,98,555
3812,4112000,1,1,1433,35,88,171,7,244,305,104,479
3813,4113000,1,1,1698,51,95,181,10,240,405,98,618
3814,4114000,1,1,1857,44,78,182,4,253,507,94,695
3815,4115000,1,1,1545,25,91,178,15,224,350,116,546
3816,4116000,1,1,1730,40,109,157,6,259,447,90,622
3817,4117000,1,1,1730,44,94,155,8,261,445,83,640
3818,4118000,1,1,1544,34,83,182,4,231,360,89,561
3819,4119000,1,1,1596,19,94,164,4,267,367,85,596
3820,4120000,1,1,1634,41,90,209,1,220,407,112,554
3821,4121000,1,1,1803,44,95,181,5,220,476,108,674
3822,4122000,1,1,1645,28,95,194,5,232,390,106,595
3823,4123000,1,1,1732,35,105,208,4,237,459,104,580
3824,4124000,1,1,1650,41,95,189,2,263,376,96,588
3825,4125000,1,1,1605,50,83,192,5,267,362,96,550
3826,4126000,1,1,1611,36,80,206,3,231,386,99,570
3827,4127000,1,1,1684,33,96,210,2,250,398,103,592
3828,4128000,1,1,1834,35,94,190,2,265,494,86,668
3829,4129000,1,1,1707,40,95,173,8,268,420,91,612
3830,4130000,1,1,1662,48,94,192,4,226,397,102,599
3831,4131000,1,1,1474,31,111,153,5,259,308,90,517
3832,4132000,1,1,1540,18,75,193,6,241,352,99,556
3833,4133000,1,1,1619,46,108,159,4,276,371,87,568
3834,4134000,1,1,1962,40,98,209,4,235,547,98,731
3835,4135000,1,1,1669,40,83,123,10,297,409,76,631
3836,4136000,1,1,1606,56,96,153,8,272,389,80,552
3837,4137000,1,1,1681,40,93,195,12,251,385,107,598
3838,4138000,1,1,1643,37,92,225,3,223,361,112,590
3839,4139000,1,1,1609,54,100,161,3,266,394,90,541
3840,4140000,1,1,1443,45,102,146,3,251,316,95,485
3841,4141000,1,1,1542,26,110,181,3,250,339,102,531
3842,4142000,1,1,1463,20,92,165,5,286,280,87,528
3843,4143000,1,1,1762,30,99,151,6,242,468,91,675
3844,4144000,1,1,1516,29,87,179,5,240,342,104,530
3845,4145000,1,1,1624,38,104,189,8,228,358,128,571
3846,4146000,1,1,1628,50,97,178,5,251,398,91,558
3847,4147000,1,1,1741,48,87,159,2,287,427,71,660
3848,4148000,1,1,1805,51,97,188,4,285,426,102,652
3849,4149000,1,1,1506,19,101,169,5,261,331,92,528
3850,4150000,1,1,1635,20,97,189,8,232,404,112,573
3851,4151000,1,1,1703,29,100,207,4,244,405,123,591
3852,4152000,1,1,1702,23,86,209,2,263,413,104,602
3853,4153000,1,1,1700,35,105,186,5,256,394,89,630
3854,4154000,1,1,1694,28,90,172,3,257,451,95,598
3855,4155000,1,1,1779,32,82,172,16,254,476,96,651
3856,4156000,1,1,1495,22,97,181,4,251,322,94,524
3857,4157000,1,1,1513,31,87,146,8,265,356,85,535
3858,4158000,1,1,1586,35,96,191,4,255,319,100,586
3859,4159000,1,1,1423,14,97,201,1,235,282,114,479
3860,4160000,1,1,1453,22,97,158,2,232,327,90,525
3861,4161000,1,1,1707,40,88,179,12,252,405,110,621
3862,4162000,1,1,1700,34,100,227,2,235,396,120,586
3863,4163000,1,1,1549,14,101,200,5,244,359,110,516
3864,4164000,1,1,1576,55,101,153,3,248,377,77,562
3865,4165000,1,1,1536,36,95,192,4,245,333,96,535
3866,4166000,1,1,1654,56,109,204,3,216,380,124,562
3867,4167000,1,1,1691,43,87,232,10,214,413,127,565
3868,4168000,1,1,1556,50,106,163,2,245,358,99,533
3869,4169000,1,1,1564,31,99,146,6,242,368,105,567
3870,4170000,1,1,1647,41,115,211,6,235,396,111,532
3871,4171000,1,1,1761,40,94,169,2,269,475,83,629
3872,4172000,1,1,1519,22,92,194,0,231,336,121,523
3873,4173000,1,1,1522,17,97,177,5,269,311,95,551
3874,4174000,1,1,1616,26,97,169,3,259,345,91,626
3875,4175000,1,1,1591,48,85,171,2,270,385,81,549
3876,4176000,1,1,1874,37,90,183,3,218,557,115,671
3877,4177000,1,1,1614,29,87,149,10,256,412,86,585
3878,4178000,1,1,1796,42,97,205,3,233,446,110,660
3879,4179000,1,1,1552,33,96,193,6,243,364,95,522
3880,4180000,1,1,1688,33,111,224,4,231,400,117,568
3881,4181000,1,1,1465,18,91,182,3,244,279,115,533
3882,4182000,1,1,1606,50,92,164,8,271,387,88,546
3883,4183000,1,1,1560,74,91,170,1,247,364,100,513
3884,4184000,1,1,1685,39,92,220,4,233,427,122,548
3885,4185000,1,1,1724,14,88,219,3,240,441,121,598
3886,4186000,1,1,1486,32,98,199,2,252,286,99,518
3887,4187000,1,1,1600,28,100,177,10,225,408,113,539
3888,4188000,1,1,1566,59,102,157,7,246,371,86,538
3889,4189000,1,1,1604,34,94,179,5,252,356,105,579
3890,4190000,1,1,1864,20,107,185,3,242,503,105,699
3891,4191000,1,1,1743,28,88,179,11,252,459,87,639
3892,4192000,1,1,1730,45,105,180,5,257,418,82,638
3893,4193000,1,1,1814,27,94,172,4,241,507,99,670
3894,4194000,1,1,1603,28,106,152,11,255,401,93,557
3895,4195000,1,1,1632,22,97,176,9,238,388,97,605
3896,4196000,1,1,1686,43,125,166,7,252,411,92,590
3897,4197000,1,1,1452,29,108,194,6,238,299,105,473
3898,4198000,1,1,1584,55,90,166,1,271,360,92,549
3899,4199000,1,1,1751,24,105,189,9,247,469,103,605
3900,4200000,1,1,1611,14,92,233,4,246,344,113,565
3901,4201000,1,1,1811,23,90,163,8,258,532,91,646
3902,4202000,1,1,1815,43,101,134,8,264,489,79,697
3903,4203000,1,1,1719,12,97,186,4,233,449,115,623
3904,4204000,1,1,1618,53,102,190,6,233,377,105,552
3905,4205000,1,1,1692,27,106,143,3,264,432,83,634
3906,4206000,1,1,1659,44,89,168,0,250,395,96,617
3907,4207000,1,1,1655,51,104,140,7,270,393,87,603
3908,4208000,1,1,1804,50,81,169,1,235,496,96,676
3909,4209000,1,1,1639,37,88,179,5,251,368,89,622
3910,4210000,1,1,1874,38,93,171,6,239,517,97,713
3911,4211000,1,1,1773,54,88,154,3,254,488,97,635
3912,4212000,1,1,1681,44,86,164,7,251,383,102,644
3913,4213000,1,1,1663,42,91,159,1,261,433,86,590
3914,4214000,1,1,1589,47,99,147,1,248,388,99,560
3915,4215000,1,1,1439,33,98,187,1,234,314,93,479
3916,4216000,1,1,1489,47,94,134,1,277,329,71,536
3917,4217000,1,1,1695,19,93,197,0,233,432,106,615
3918,4218000,1,1,1699,21,109,211,3,255,427,110,563
3919,4219000,1,1,1762,49,110,200,7,251,444,94,607
3920,4220000,1,1,1612,30,91,218,2,225,399,122,525
3921,4221000,1,1,1585,24,110,161,3,270,386,85,546
3922,4222000,1,1,1727,49,103,200,4,241,411,110,609
3923,4223000,1,1,1569,33,101,188,2,251,357,100,537
3924,4224000,1,1,1590,18,110,173,2,242,379,103,563
3925,4225000,1,1,1526,30,103,179,4,251,322,89,548
3926,4226000,1,1,1588,26,92,147,7,269,381,75,591
3927,4227000,1,1,1800,50,105,212,1,246,472,100,614
3928,4228000,1,1,1557,29,92,163,3,252,386,82,550
3929,4229000,1,1,1458,66,86,163,8,277,250,75,533
3930,4230000,1,1,1759,38,98,200,5,239,466,86,627
3931,4231000,1,1,1512,28,77,206,1,234,347,116,503
3932,4232000,1,1,1657,19,92,201,8,241,381,95,620
3933,4233000,1,1,1763,33,118,208,7,238,407,111,641
3934,4234000,1,1,1528,35,96,170,5,263,324,92,543
3935,4235000,1,1,1491,31,93,178,8,234,333,108,506
3936,4236000,1,1,1395,40,90,150,9,251,273,101,481
3937,4237000,1,1,1487,21,89,184,13,257,270,97,556
3938,4238000,1,1,1783,16,110,188,2,230,502,112,623
3939,4239000,1,1,1571,50,93,128,8,261,360,76,595
3940,4240000,1,1,1786,50,97,218,3,231,434,115,638
3941,4241000,1,1,1660,19,87,154,4,259,437,88,612
3942,4242000,1,1,1657,33,124,223,2,248,345,97,585
3943,4243000,1,1,1644,19,78,156,5,256,439,89,602
3944,4244000,1,1,1648,30,111,174,6,263,432,90,542
3945,4245000,1,1,1733,36,95,190,13,243,434,106,616
3946,4246000,1,1,1533,49,97,218,10,209,348,134,468
3947,4247000,1,1,1801,29,108,182,7,258,478,85,654
3948,4248000,1,1,1598,8,87,176,4,259,368,97,599
3949,4249000,1,1,1475,30,103,199,1,239,285,106,512
3950,4250000,1,1,1636,44,119,150,3,264,392,84,580
3951,4251000,1,1,1719,19,103,188,4,231,466,101,607
3952,4252000,1,1,1558,52,100,164,5,256,348,79,554
3953,4253000,1,1,1760,48,99,163,6,232,472,97,643
3954,4254000,1,1,1610,20,104,184,4,250,389,88,571
3955,4255000,1,1,1548,22,103,184,4,247,395,103,490
3956,4256000,1,1,1438,19,102,152,1,263,313,93,495
3957,4257000,1,1,1595,58,118,179,0,231,321,105,583
3958,4258000,1,1,1874,28,85,166,2,245,550,100,698
3959,4259000,1,1,1717,22,106,231,1,221,426,120,590
3960,4260000,1,1,1498,23,106,193,3,239,316,111,507
3961,4261000,1,1,1592,44,92,157,0,258,365,103,573
3962,4262000,1,1,1636,48,108,151,7,276,373,64,609
3963,4263000,1,1,1502,23,101,190,10,234,297,105,542
3964,4264000,1,1,1693,29,99,210,6,217,429,112,591
3965,4265000,1,1,1539,20,92,165,6,262,338,79,577
3966,4266000,1,1,1813,33,101,182,1,244,519,109,624
3967,4267000,1,1,1548,19,97,182,3,237,361,112,537
3968,4268000,1,1,1522,28,101,162,2,277,326,79,547
3969,4269000,1,1,1524,24,103,132,8,272,352,86,547
3970,4270000,1,1,1508,46,110,134,3,283,351,82,499
3971,4271000,1,1,1596,22,77,180,8,247,390,97,575
3972,4272000,1,1,1811,19,97,197,4,242,463,91,698
3973,4273000,1,1,1803,13,98,208,3,221,513,124,623
3974,4274000,1,1,1486,41,88,222,3,234,304,120,474
3975,4275000,1,1,1887,33,82,212,5,248,498,103,706
3976,4276000,1,1,1717,12,109,189,3,246,429,98,631
3977,4277000,1,1,1590,7,95,184,3,254,429,107,511
3978,4278000,1,1,1685,8,118,194,3,247,414,111,590
3979,4279000,1,1,1639,21,114,208,3,225,384,114,570
3980,4280000,1,1,1427,22,82,178,2,250,300,100,493
3981,4281000,1,1,1570,40,101,185,2,241,357,100,544
3982,4282000,1,1,1851,4,88,185,5,242,525,97,705
3983,4283000,1,1,1800,21,108,179,5,251,505,92,639
3984,4284000,1,1,1538,39,110,162,11,229,335,113,539
3985,4285000,1,1,1427,13,94,206,1,231,282,115,485
3986,4286000,1,1,1679,35,97,199,0,239,414,98,597
3987,4287000,1,1,1550,10,88,195,0,246,340,101,570
3988,4288000,1,1,1698,23,88,222,1,214,432,111,607
3989,4289000,1,1,1643,40,84,186,1,241,381,92,618
3990,4290000,1,1,1554,25,85,176,4,248,364,100,552
3991,4291000,1,1,1690,34,94,194,7,259,377,99,626
3992,4292000,1,1,1720,26,85,195,2,258,398,94,662
3993,4293000,1,1,1635,65,89,175,3,254,390,87,572
3994,4294000,1,1,1745,20,107,193,4,248,417,101,655
3995,4295000,1,1,1567,39,107,174,2,254,363,88,540
3996,4296000,1,1,1561,59,87,171,8,239,355,93,549
3997,4297000,1,1,1552,16,91,206,12,220,363,125,519
3998,4298000,1,1,1581,14,100,185,4,222,393,113,550
3999,4299000,1,1,1696,40,108,184,5,245,387,108,619
4000,4300000,1,1,1661,44,111,156,4,252,410,86,598
4001,4301000,1,1,1541,56,96,190,8,237,322,98,534
4002,4302000,1,1,1545,43,103,180,3,233,325,111,547
4003,4303000,1,1,1657,27,106,165,1,244,443,92,579
4004,4304000,1,1,1671,27,92,187,3,253,420,95,594
4005,4305000,1,1,1535,12,99,202,2,245,361,100,514
4006,4306000,1,1,1740,17,105,167,1,252,470,95,633
4007,4307000,1,1,1574,33,94,187,4,229,363,94,570
4008,4308000,1,1,1642,41,97,185,9,223,384,111,592
4009,4309000,1,1,1547,32,95,158,9,247,340,83,583
4010,4310000,1,1,1717,48,101,186,3,249,421,92,617
4011,4311000,1,1,1648,25,95,203,2,267,351,94,611
4012,4312000,1,1,1623,29,88,176,3,227,429,111,560
4013,4313000,1,1,1749,57,103,170,3,260,457,96,603
4014,4314000,1,1,1624,30,114,177,5,257,390,93,558
4015,4315000,1,1,1549,40,99,136,5,261,360,82,566
4016,4316000,1,1,1482,70,110,151,2,282,294,78,495
4017,4317000,1,1,1568,60,108,198,3,236,311,115,537
4018,4318000,1,1,1498,47,95,183,0,242,338,89,504
4019,4319000,1,1,1602,39,99,184,1,244,372,91,572
4020,4320000,1,1,1798,37,118,179,9,236,507,121,591
4021,4321000,1,1,1486,44,90,146,6,263,339,96,502
4022,4322000,1,1,1715,36,102,221,16,251,383,100,606
4023,4323000,1,1,1880,34,102,162,8,248,544,92,690
4024,4324000,1,1,1666,48,101,230,3,235,404,112,533
4025,4325000,1,1,1526,34,97,128,5,265,348,76,573
4026,4326000,1,1,1709,58,102,168,7,230,436,112,596
4027,4327000,1,1,1551,29,97,181,1,236,382,102,523
4028,4328000,1,1,1689,49,94,193,8,252,395,90,608
4029,4329000,1,1,1625,51,113,171,2,237,408,94,549
4030,4330000,1,1,1661,25,115,189,2,247,392,100,591
4031,4331000,1,1,1482,34,101,171,0,261,286,86,543
4032,4332000,1,1,1749,38,90,197,5,252,463,100,604
4033,4333000,1,1,1593,46,98,209,1,207,384,127,521
4034,4334000,1,1,1497,15,101,175,3,236,332,104,531
4035,4335000,1,1,1493,38,77,173,10,249,365,93,488
4036,4336000,1,1,1658,14,106,198,6,232,441,119,542
4037,4337000,1,1,1527,37,90,172,4,273,362,80,509
4038,4338000,1,1,1760,44,102,216,14,240,420,103,621
4039,4339000,1,1,1548,48,76,197,8,256,323,107,533
4040,4340000,1,1,1532,17,100,204,2,223,379,113,494
4041,4341000,1,1,1598,35,83,193,5,234,387,95,566
4042,4342000,1,1,1568,36,100,203,14,230,304,116,565
4043,4343000,1,1,1496,17,95,182,6,249,334,102,511
4044,4344000,1,1,1694,45,107,168,11,268,393,75,627
4045,4345000,1,1,1482,37,101,180,5,247,335,84,493
4046,4346000,1,1,1478,35,101,151,7,247,321,84,532
4047,4347000,1,1,1676,18,97,174,9,254,415,93,616
4048,4348000,1,1,1751,22,92,197,4,236,466,99,635
4049,4349000,1,1,1630,71,100,176,3,262,345,92,581
4050,4350000,1,1,1638,14,116,172,2,269,393,93,579
4051,4351000,1,1,1394,40,106,149,4,244,266,79,506
4052,4352000,1,1,1708,24,89,202,4,248,429,120,592
4053,4353000,1,1,1549,53,92,181,14,220,366,128,495
4054,4354000,1,1,1604,61,76,182,10,270,353,74,578
4055,4355000,1,1,1587,20,102,164,11,245,396,100,549
4056,4356000,1,1,1464,23,97,147,5,260,314,96,522
4057,4357000,1,1,1530,56,90,180,3,251,334,92,524
4058,4358000,1,1,1725,30,101,197,9,249,447,101,591
4059,4359000,1,1,1598,41,92,192,5,258,372,94,544
4060,4360000,1,1,1766,63,88,224,9,223,472,132,555
4061,4361000,1,1,1684,33,95,185,3,269,409,87,603
4062,4362000,1,1,1650,25,98,200,7,228,396,102,594
4063,4363000,1,1,1622,26,94,179,5,237,372,108,601
4064,4364000,1,1,1478,28,88,167,3,242,326,97,527
4065,4365000,1,1,1574,44,104,193,2,240,344,98,549
4066,4366000,1,1,1640,38,94,186,4,219,423,108,568
4067,4367000,1,1,1571,67,101,185,6,257,319,100,536
4068,4368000,1,1,2021,14,92,175,10,258,604,99,769
4069,4369000,1,1,1609,20,105,163,3,261,413,80,564
4070,4370000,1,1,1523,18,89,183,8,235,341,111,538
4071,4371000,1,1,1628,17,106,165,2,263,388,80,607
4072,4372000,1,1,1678,17,105,213,4,221,396,117,605
4073,4373000,1,1,1661,20,108,169,1,256,426,108,573
4074,4374000,1,1,1733,20,83,207,6,227,476,124,590
4075,4375000,1,1,1676,31,100,161,4,253,453,94,580
4076,4376000,1,1,1629,44,103,178,9,236,395,116,548
4077,4377000,1,1,1787,46,105,211,7,214,468,118,618
4078,4378000,1,1,1489,35,97,193,2,242,329,89,502
4079,4379000,1,1,1637,70,98,154,7,261,413,86,548
4080,4380000,1,1,1649,15,102,176,6,239,399,106,606
4081,4381000,1,1,1466,43,104,183,8,248,275,102,503
4082,4382000,1,1,1501,40,104,185,8,265,289,92,518
4083,4383000,1,1,1615,4,115,169,6,241,395,101,584
4084,4384000,1,1,1583,47,115,224,3,235,321,108,530
4085,4385000,1,1,1591,36,106,154,3,274,384,75,559
4086,4386000,1,1,1663,30,95,181,6,248,413,101,589
4087,4387000,1,1,1556,51,95,187,5,242,371,88,517
4088,4388000,1,1,1579,41,95,148,0,252,384,94,565
4089,4389000,1,1,1646,23,95,172,2,251,411,97,595
4090,4390000,1,1,1682,22,95,200,1,238,447,121,558
4091,4391000,1,1,1596,45,89,156,11,215,418,119,543
4092,4392000,1,1,1576,47,103,170,5,280,331,88,552
4093,4393000,1,1,1866,26,102,187,0,253,541,92,665
4094,4394000,1,1,1481,37,91,162,3,236,315,98,539
4095,4395000,1,1,1878,37,110,163,1,266,551,86,664
4096,4396000,1,1,1668,25,90,200,1,240,423,106,583
4097,4397000,1,1,1524,24,97,200,0,247,362,101,493
4098,4398000,1,1,1365,36,87,194,2,236,248,109,453
4099,4399000,1,1,1580,39,96,173,1,239,330,109,593
4100,4400000,1,1,1728,20,92,195,7,258,422,106,628
4101,4401000,1,1,1589,29,85,172,7,221,431,102,542
4102,4402000,1,1,1761,49,127,210,2,257,418,92,606
4103,4403000,1,1,1585,38,82,153,1,274,386,70,581
4104,4404000,1,1,1788,36,105,162,11,243,459,97,675
4105,4405000,1,1,1501,46,83,166,6,268,284,87,561
4106,4406000,1,1,1583,42,106,173,11,258,350,96,547
4107,4407000,1,1,1513,20,87,182,2,256,350,88,528
4108,4408000,1,1,1717,48,80,150,7,273,419,82,658
4109,4409000,1,1,1564,30,101,150,3,273,343,90,574
4110,4410000,1,1,1667,12,98,212,6,244,384,111,600
4111,4411000,1,1,1567,57,90,200,2,225,319,114,560
4112,4412000,1,1,1705,48,109,183,13,234,378,106,634
4113,4413000,1,1,1608,48,84,217,10,246,376,105,522
4114,4414000,1,1,1863,37,89,185,3,270,496,98,685
4115,4415000,1,1,1706,38,81,152,1,254,437,95,648
4116,4416000,1,1,1588,18,95,141,7,234,373,93,627
4117,4417000,1,1,1667,14,76,181,6,279,421,108,582
4118,4418000,1,1,1705,37,94,133,1,292,449,88,611
4119,4419000,1,1,1637,31,105,161,9,256,400,97,578
4120,4420000,1,1,1525,49,92,163,6,276,286,79,574
4121,4421000,1,1,1764,35,100,184,0,237,456,99,653
4122,4422000,1,1,1574,40,103,187,16,249,358,102,519
4123,4423000,1,1,1543,34,92,173,9,232,325,104,574
4124,4424000,1,1,1480,22,106,168,7,258,282,94,543
4125,4425000,1,1,1544,60,93,170,1,265,347,84,524
4126,4426000,1,1,1713,10,100,215,10,219,427,121,611
4127,4427000,1,1,1614,25,94,170,2,246,391,87,599
4128,4428000,1,1,1662,26,86,210,5,258,368,92,617
4129,4429000,1,1,1761,17,93,201,0,239,468,115,628
4130,4430000,1,1,1619,27,92,166,5,254,383,90,602
4131,4431000,1,1,1665,28,86,176,6,252,419,110,588
4132,4432000,1,1,1660,48,101,183,1,257,434,88,548
4133,4433000,1,1,1804,19,91,205,6,224,460,118,681
4134,4434000,1,1,1547,52,92,175,5,241,339,107,536
4135,4435000,1,1,1613,18,88,203,2,231,379,118,574
4136,4436000,1,1,1704,80,120,199,4,249,383,93,576
4137,4437000,1,1,1654,32,83,220,6,231,402,115,565
4138,4438000,1,1,1673,32,103,207,1,230,384,103,613
4139,4439000,1,1,1741,30,97,211,3,229,447,111,613
4140,4440000,1,1,1506,49,105,163,4,251,321,93,520
4141,4441000,1,1,1661,49,103,154,4,253,396,91,611
4142,4442000,1,1,1496,28,83,180,8,236,336,99,526
4143,4443000,1,1,1767,24,109,163,3,260,503,86,619
4144,4444000,1,1,1664,27,91,195,5,243,356,107,640
4145,4445000,1,1,1568,19,107,190,6,240,363,115,528
4146,4446000,1,1,1749,52,110,212,2,263,418,99,593
4147,4447000,1,1,1568,43,94,151,5,263,334,99,579
4148,4448000,1,1,1737,30,104,204,2,222,449,115,611
4149,4449000,1,1,1626,16,107,189,3,242,382,109,578
4150,4450000,1,1,1647,17,90,196,4,220,429,115,576
4151,4451000,1,1,1569,30,87,167,5,239,387,97,557
4152,4452000,1,1,1690,27,105,166,1,257,434,89,611
4153,4453000,1,1,1606,43,105,183,7,223,353,109,583
4154,4454000,1,1,1625,44,92,185,2,255,355,89,603
4155,4455000,1,1,1519,29,103,148,3,276,306,78,576
4156,4456000,1,1,1520,38,107,164,2,278,326,74,531
4157,4457000,1,1,1501,46,88,194,4,250,329,93,497
4158,4458000,1,1,1696,27,102,190,2,249,418,85,623
4159,4459000,1,1,1469,38,102,178,3,231,328,115,474
4160,4460000,1,1,1446,38,101,202,11,239,270,104,481
4161,4461000,1,1,1785,41,86,142,14,255,513,81,653
4162,4462000,1,1,1528,36,91,200,4,226,356,103,512
4163,4463000,1,1,1891,28,104,209,4,232,489,111,714
4164,4464000,1,1,1510,37,115,166,10,257,318,93,514
4165,4465000,1,1,1520,24,87,189,9,251,331,105,524
4166,4466000,1,1,1522,16,97,165,6,270,353,101,514
4167,4467000,1,1,1608,39,95,171,5,236,409,103,550
4168,4468000,1,1,1584,71,84,168,6,258,355,91,551
4169,4469000,1,1,1540,33,89,172,4,257,340,98,547
4170,4470000,1,1,1615,56,103,209,3,264,352,102,526
4171,4471000,1,1,1477,40,95,161,5,254,287,76,559
4172,4472000,1,1,1564,65,108,160,2,275,348,74,532
4173,4473000,1,1,1554,40,100,187,2,222,346,115,542
4174,4474000,1,1,1491,38,92,150,1,298,296,69,547
4175,4475000,1,1,1629,55,109,193,3,252,371,108,538
4176,4476000,1,1,1646,61,91,135,4,254,411,84,606
4177,4477000,1,1,1816,44,119,188,11,248,480,97,629
4178,4478000,1,1,1613,12,113,186,2,242,419,93,546
4179,4479000,1,1,1664,34,107,161,5,242,398,88,629
4180,4480000,1,1,1616,39,94,178,6,232,355,96,616
4181,4481000,1,1,1782,23,102,171,2,250,465,93,676
4182,4482000,1,1,1504,45,91,137,3,257,341,85,545
4183,4483000,1,1,1671,23,102,171,4,248,434,92,597
4184,4484000,1,1,1735,44,115,149,2,262,462,86,615
4185,4485000,1,1,1641,32,85,164,5,229,437,112,577
4186,4486000,1,1,1550,63,87,167,6,261,345,81,540
4187,4487000,1,1,1608,34,113,150,2,239,428,91,551
4188,4488000,1,1,1585,21,94,164,1,250,401,94,560
4189,4489000,1,1,1521,20,104,201,2,226,307,106,555
4190,4490000,1,1,1744,29,93,188,5,241,471,106,611
4191,4491000,1,1,1366,15,82,181,2,238,328,98,422
4192,4492000,1,1,1653,24,102,199,10,231,401,110,576
4193,4493000,1,1,1713,62,86,161,3,272,414,76,639
4194,4494000,1,1,1594,25,95,243,2,216,330,126,557
4195,4495000,1,1,1839,27,91,170,4,246,553,103,645
4196,4496000,1,1,1575,26,83,152,5,262,379,87,581
4197,4497000,1,1,1657,28,99,184,5,222,446,98,575
4198,4498000,1,1,1673,29,83,200,8,238,402,112,601
4199,4499000,1,1,1454,32,88,145,3,259,320,87,520
4200,4500000,1,1,1650,35,88,173,4,247,382,92,629
4201,4501000,1,1,1584,30,93,237,3,234,328,96,563
4202,4502000,1,1,1667,16,120,222,6,228,408,112,555
4203,4503000,1,1,1487,26,91,167,3,231,330,104,535
4204,4504000,1,1,1600,40,89,185,10,233,364,107,572
4205,4505000,1,1,1647,28,92,173,5,254,409,103,583
4206,4506000,1,1,1717,23,103,189,1,254,483,95,569
4207,4507000,1,1,1528,38,93,209,6,234,340,116,492
4208,4508000,1,1,1706,34,104,178,8,236,439,111,596
4209,4509000,1,1,1680,45,107,217,8,248,371,97,587
4210,4510000,1,1,1672,10,102,191,1,237,451,101,579
4211,4511000,1,1,1591,3,113,189,4,263,382,108,529
4212,4512000,1,1,1738,41,96,164,5,248,445,86,653
4213,4513000,1,1,1678,14,95,194,1,241,414,106,613
4214,4514000,1,1,1588,14,104,198,0,233,403,105,531
4215,4515000,1,1,1552,33,94,168,4,249,335,95,574
4216,4516000,1,1,1546,48,94,132,1,248,344,77,602
4217,4517000,1,1,1578,31,90,180,2,230,353,107,585
4218,4518000,1,1,1641,28,73,210,3,242,401,109,575
4219,4519000,1,1,1709,28,95,206,4,243,435,109,589
4220,4520000,1,1,1751,44,109,203,0,237,446,105,607
4221,4521000,1,1,1849,51,100,162,4,277,511,83,661
4222,4522000,1,1,1721,22,91,191,3,242,448,121,603
4223,4523000,1,1,1672,47,95,174,2,255,412,89,598
4224,4524000,1,1,1711,30,106,212,1,255,419,97,591
4225,4525000,1,1,1572,7,109,167,3,263,355,91,577
4226,4526000,1,1,1785,44,92,169,0,240,479,102,659
4227,4527000,1,1,1772,11,108,216,0,226,488,123,600
4228,4528000,1,1,1750,19,110,191,0,245,501,107,577
4229,4529000,1,1,1656,46,88,149,8,288,374,83,620
4230,4530000,1,1,1567,41,99,196,1,260,316,98,556
4231,4531000,1,1,1639,25,102,197,7,260,371,100,577
4232,4532000,1,1,1682,27,93,161,7,256,442,86,610
4233,4533000,1,1,1687,21,103,175,8,244,417,99,620
4234,4534000,1,1,1655,53,109,162,2,236,408,102,583
4235,4535000,1,1,1559,59,102,177,4,238,353,105,521
4236,4536000,1,1,1527,18,95,171,6,266,326,95,550
4237,4537000,1,1,1572,33,93,154,9,272,342,73,596
4238,4538000,1,1,1810,59,104,205,6,260,431,99,646
4239,4539000,1,1,1581,14,91,177,5,233,395,101,565
4240,4540000,1,1,1560,10,98,195,6,244,358,103,546
4241,4541000,1,1,1741,43,89,179,3,233,467,97,630
4242,4542000,1,1,1670,16,103,194,1,256,427,102,571
4243,4543000,1,1,1684,26,93,196,6,247,436,104,576
4244,4544000,1,1,1765,26,100,210,2,248,450,102,627
4245,4545000,1,1,1666,35,77,197,0,289,364,79,625
4246,4546000,1,1,1558,37,89,203,1,233,350,103,542
4247,4547000,1,1,1522,35,89,151,4,251,362,99,531
4248,4548000,1,1,1596,20,101,191,8,250,397,111,518
4249,4549000,1,1,1691,43,88,151,6,244,443,100,616
4250,4550000,1,1,1754,76,97,178,6,261,394,78,664
4251,4551000,1,1,1687,30,96,190,3,245,416,91,616
4252,4552000,1,1,1637,56,113,154,7,271,387,79,570
4253,4553000,1,1,1656,23,94,211,2,226,404,116,580
4254,4554000,1,1,1700,62,92,129,8,267,453,81,608
4255,4555000,1,1,1725,46,92,197,8,224,473,121,564
4256,4556000,1,1,1448,18,96,190,4,241,312,93,494
4257,4557000,1,1,1589,16,103,198,2,220,403,117,530
4258,4558000,1,1,1663,26,113,176,1,268,396,78,605
4259,4559000,1,1,1520,49,73,184,3,262,326,105,518
4260,4560000,1,1,1469,19,83,172,8,241,311,98,537
4261,4561000,1,1,1709,36,111,183,1,244,449,101,584
4262,4562000,1,1,1732,40,94,169,4,239,445,85,656
4263,4563000,1,1,1538,21,100,184,9,235,356,99,534
4264,4564000,1,1,1626,68,99,202,5,223,348,115,566
4265,4565000,1,1,1588,53,90,183,9,261,384,96,512
4266,4566000,1,1,1595,34,92,130,13,279,373,90,584
4267,4567000,1,1,1648,60,90,150,3,261,422,78,584
4268,4568000,1,1,1552,13,95,245,5,222,348,130,494
4269,4569000,1,1,1732,34,88,177,5,248,435,95,650
4270,4570000,1,1,1729,17,110,206,1,248,459,115,573
4271,4571000,1,1,1591,46,101,206,2,229,377,104,526
4272,4572000,1,1,1654,43,107,167,0,272,382,68,615
4273,4573000,1,1,1599,16,100,154,1,249,399,92,588
4274,4574000,1,1,1851,19,100,181,1,251,510,91,698
4275,4575000,1,1,1564,22,111,157,2,261,306,75,630
4276,4576000,1,1,1486,28,94,186,5,240,283,107,543
4277,4577000,1,1,1617,82,89,197,1,245,378,104,521
4278,4578000,1,1,1706,45,100,119,3,273,483,69,614
4279,4579000,1,1,1661,7,102,183,3,253,417,102,594
4280,4580000,1,1,1688,44,99,191,3,254,412,84,601
4281,4581000,1,1,1671,40,116,189,7,275,427,85,532
4282,4582000,1,1,1506,65,106,144,12,254,338,89,498
4283,4583000,1,1,1635,36,93,178,5,260,381,95,587
4284,4584000,1,1,1564,45,80,155,9,279,384,82,530
4285,4585000,1,1,1573,24,92,177,4,241,361,102,572
4286,4586000,1,1,1740,58,113,182,4,236,436,103,608
4287,4587000,1,1,1654,31,100,136,2,262,414,80,629
4288,4588000,1,1,1559,37,108,190,0,265,340,84,535
4289,4589000,1,1,1548,39,109,181,3,216,369,116,515
4290,4590000,1,1,1432,24,95,202,5,243,276,103,484
4291,4591000,1,1,1527,35,95,165,5,240,345,100,542
4292,4592000,1,1,1822,24,95,206,8,260,499,98,632
4293,4593000,1,1,1534,23,79,177,4,262,372,94,523
4294,4594000,1,1,1564,56,68,154,10,282,346,90,558
4295,4595000,1,1,1654,35,87,213,2,246,375,91,605
4296,4596000,1,1,1664,20,80,153,13,261,435,94,608
4297,4597000,1,1,1574,55,95,186,4,230,372,101,531
4298,4598000,1,1,1850,33,87,193,3,241,502,94,697
4299,4599000,1,1,1686,31,89,207,6,238,407,105,603
4300,4600000,1,1,1532,19,107,206,7,244,319,107,523
4301,4601000,1,1,1580,45,91,211,4,260,337,89,543
4302,4602000,1,1,1537,26,94,163,2,250,389,90,523
4303,4603000,1,1,1662,47,84,155,3,283,435,78,577
4304,4604000,1,1,1627,20,102,194,2,258,384,95,572
4305,4605000,1,1,1699,37,106,197,2,251,416,89,601
4306,4606000,1,1,1465,25,93,185,2,233,330,97,500
4307,4607000,1,1,1620,45,90,193,2,254,401,92,543
4308,4608000,1,1,1489,33,87,186,1,253,333,84,512
4309,4609000,1,1,1610,19,91,191,1,262,377,97,572
4310,4610000,1,1,1541,32,107,184,4,257,347,99,511
4311,4611000,1,1,1671,51,89,169,12,261,400,97,592
4312,4612000,1,1,1666,27,92,198,2,243,406,107,591
4313,4613000,1,1,1559,13,99,202,6,230,339,107,563
4314,4614000,1,1,1702,36,104,149,6,252,419,104,632
4315,4615000,1,1,1489,51,88,155,4,233,330,84,544
4316,4616000,1,1,1578,21,101,165,6,236,362,95,592
4317,4617000,1,1,1601,53,104,183,1,264,346,88,562
4318,4618000,1,1,1640,51,98,181,1,253,354,104,598
4319,4619000,1,1,1654,30,95,196,0,234,412,107,580
4320,4620000,1,1,1594,64,106,155,1,268,327,79,594
4321,4621000,1,1,1698,27,103,197,3,255,413,110,590
4322,4622000,1,1,1513,25,106,140,5,267,340,75,555
4323,4623000,1,1,1597,46,97,166,3,259,380,98,548
4324,4624000,1,1,1581,60,92,177,4,235,329,110,574
4325,4625000,1,1,1591,42,91,200,2,245,346,96,569
4326,4626000,1,1,1613,20,100,201,4,234,357,109,588
4327,4627000,1,1,1632,39,84,188,4,242,428,105,542
4328,4628000,1,1,1496,50,95,157,6,268,324,96,500
4329,4629000,1,1,1479,23,96,180,9,222,319,109,521
4330,4630000,1,1,1522,41,87,150,14,268,312,103,547
4331,4631000,1,1,1682,31,89,236,8,231,437,130,520
4332,4632000,1,1,1697,27,95,188,7,251,398,93,638
4333,4633000,1,1,1473,69,94,184,3,229,299,96,499
4334,4634000,1,1,1520,45,99,152,9,242,311,90,572
4335,4635000,1,1,1575,29,94,210,1,245,374,97,525
4336,4636000,1,1,1536,33,102,185,1,224,341,120,530
4337,4637000,1,1,1669,51,100,177,0,230,391,111,609
4338,4638000,1,1,1778,35,83,177,2,257,489,89,646
4339,4639000,1,1,1828,71,96,181,6,267,471,83,653
4340,4640000,1,1,1631,21,85,156,6,257,384,99,623
4341,4641000,1,1,1489,44,100,158,4,263,348,92,480
4342,4642000,1,1,1526,30,101,182,5,262,309,88,549
4343,4643000,1,1,1587,28,112,173,4,230,381,102,557
4344,4644000,1,1,1664,24,81,179,4,230,446,108,592
4345,4645000,1,1,1626,15,101,188,4,250,394,109,565
4346,4646000,1,1,1482,23,88,187,1,252,318,88,525
4347,4647000,1,1,1561,10,109,228,1,215,345,137,516
4348,4648000,1,1,1754,13,112,195,1,247,450,99,637
4349,4649000,1,1,1648,22,86,193,2,239,416,110,580
4350,4650000,1,1,1695,41,92,210,2,250,365,101,634
4351,4651000,1,1,1559,19,90,199,3,237,351,107,553
4352,4652000,1,1,1617,29,98,237,14,233,337,124,545
4353,4653000,1,1,1700,34,92,185,3,262,396,110,618
4354,4654000,1,1,1555,12,97,185,7,253,362,111,528
4355,4655000,1,1,1433,35,92,176,4,218,288,116,504
4356,4656000,1,1,1532,6,94,205,2,217,365,115,528
4357,4657000,1,1,1685,21,96,193,7,237,396,114,621
4358,4658000,1,1,1557,35,87,194,1,249,332,90,569
4359,4659000,1,1,1743,16,98,188,3,258,440,102,638
4360,4660000,1,1,1523,43,99,139,8,256,346,90,542
4361,4661000,1,1,1635,16,80,173,6,263,413,113,571
4362,4662000,1,1,1739,49,92,197,11,245,417,96,632
4363,4663000,1,1,1702,32,97,175,1,266,421,94,616
4364,4664000,1,1,1532,19,103,177,2,253,357,94,527
4365,4665000,1,1,1598,15,96,195,5,220,394,122,551
4366,4666000,1,1,1561,21,98,207,6,246,315,93,575
4367,4667000,1,1,1606,17,85,180,3,240,419,94,568
4368,4668000,1,1,1602,46,109,195,1,240,350,99,562
4369,4669000,1,1,1454,15,76,178,2,275,292,88,528
4370,4670000,1,1,1619,41,85,149,6,274,360,82,622
4371,4671000,1,1,1545,40,89,167,11,245,336,98,559
4372,4672000,1,1,1436,46,83,169,5,242,302,105,484
4373,4673000,1,1,1621,25,90,187,8,227,382,103,599
4374,4674000,1,1,1611,19,99,138,8,267,414,78,588
4375,4675000,1,1,1702,32,94,191,4,250,413,98,620
4376,4676000,1,1,1664,33,95,204,7,213,408,123,581
4377,4677000,1,1,1648,16,88,219,12,249,372,113,579
4378,4678000,1,1,1593,39,86,182,5,245,363,97,576
4379,4679000,1,1,1975,60,88,187,13,252,544,102,729
4380,4680000,1,1,1753,17,95,183,2,225,483,113,635
4381,4681000,1,1,1492,65,107,169,4,267,282,85,513
4382,4682000,1,1,1564,20,85,167,5,267,358,98,564
4383,4683000,1,1,1606,15,93,185,6,236,389,110,572
4384,4684000,1,1,1730,42,93,159,10,259,467,101,599
4385,4685000,1,1,1579,35,104,181,5,257,350,94,553
4386,4686000,1,1,1472,44,96,142,9,246,332,91,512
4387,4687000,1,1,1403,38,94,167,8,242,313,98,443
4388,4688000,1,1,1477,34,93,179,5,244,339,94,489
4389,4689000,1,1,1572,62,98,188,4,256,327,103,534
4390,4690000,1,1,1564,34,91,184,6,256,378,92,523
4391,4691000,1,1,1752,30,92,205,4,242,448,96,635
4392,4692000,1,1,1661,34,98,185,6,260,390,92,596
4393,4693000,1,1,1419,39,102,191,6,236,244,111,490
4394,4694000,1,1,1523,45,90,164,9,214,358,117,526
4395,4695000,1,1,1686,33,112,216,5,227,421,110,562
4396,4696000,1,1,1572,29,95,228,7,231,319,119,544
4397,4697000,1,1,1505,28,115,166,6,252,293,84,561
4398,4698000,1,1,1649,31,105,188,5,268,360,78,614
4399,4699000,1,1,1573,57,91,142,6,246,379,93,559
4400,4700000,1,1,1795,36,113,203,3,232,501,110,597
4401,4701000,1,1,1687,17,103,180,4,244,412,107,620
4402,4702000,1,1,1558,27,93,190,9,249,371,102,517
4403,4703000,1,1,1853,37,103,178,6,264,463,87,715
4404,4704000,1,1,1551,58,97,156,6,234,360,95,545
4405,4705000,1,1,1713,48,99,168,8,223,464,118,585
4406,4706000,1,1,1477,36,105,139,4,278,331,78,506
4407,4707000,1,1,1679,37,99,186,9,218,431,116,583
4408,4708000,1,1,1541,66,116,191,8,226,328,97,509
4409,4709000,1,1,1477,30,90,185,5,256,286,88,537
4410,4710000,1,1,1647,48,107,169,2,259,387,94,581
4411,4711000,1,1,1621,41,106,179,3,252,388,102,550
4412,4712000,1,1,1563,56,86,192,4,231,345,99,550
4413,4713000,1,1,1836,32,107,195,9,255,453,107,678
4414,4714000,1,1,1775,38,82,212,5,237,470,107,624
4415,4715000,1,1,1667,11,83,197,6,236,407,114,613
4416,4716000,1,1,1727,42,97,211,2,237,412,96,630
4417,4717000,1,1,1752,34,90,209,3,225,418,118,655
4418,4718000,1,1,1633,31,105,165,10,246,379,93,604
4419,4719000,1,1,1574,58,90,146,2,265,337,83,593
4420,4720000,1,1,1623,34,101,179,5,267,384,85,568
4421,4721000,1,1,1525,32,102,230,0,215,348,128,470
4422,4722000,1,1,1945,31,99,198,6,228,550,112,721
4423,4723000,1,1,1831,28,89,169,3,244,493,96,709
4424,4724000,1,1,1613,13,89,185,14,250,335,105,622
4425,4725000,1,1,1554,33,99,183,1,232,378,97,531
4426,4726000,1,1,1679,17,98,210,2,207,443,116,586
4427,4727000,1,1,1601,36,79,144,7,273,397,82,583
4428,4728000,1,1,1523,20,103,180,5,265,309,96,545
4429,4729000,1,1,1600,45,82,194,4,245,344,109,577
4430,4730000,1,1,1574,21,98,171,2,234,381,106,561
4431,4731000,1,1,1646,41,90,171,5,252,374,97,616
4432,4732000,1,1,1708,50,113,192,3,255,434,102,559
4433,4733000,1,1,1573,56,114,163,2,229,367,103,539
4434,4734000,1,1,1624,37,104,171,7,247,358,116,584
4435,4735000,1,1,1691,57,96,153,5,253,464,90,573
4436,4736000,1,1,1504,15,82,177,5,262,334,91,538
4437,4737000,1,1,1570,25,85,165,8,246,362,93,586
4438,4738000,1,1,1529,27,92,177,3,249,380,87,514
4439,4739000,1,1,1695,29,115,214,4,231,415,116,571
4440,4740000,1,1,1620,17,92,211,2,234,398,116,550
4441,4741000,1,1,1464,16,105,214,1,221,357,115,435
4442,4742000,1,1,1643,23,104,192,0,255,382,98,589
4443,4743000,1,1,1559,21,110,209,0,227,343,113,536
4444,4744000,1,1,1469,34,88,206,2,235,305,103,496
4445,4745000,1,1,1795,43,96,153,8,238,503,105,649
4446,4746000,1,1,1495,50,111,179,3,237,314,92,509
4447,4747000,1,1,1692,29,84,155,6,286,425,89,618
4448,4748000,1,1,1748,41,102,201,2,255,430,109,608
4449,4749000,1,1,1605,61,101,200,4,237,357,103,542
4450,4750000,1,1,1693,28,106,185,6,250,421,96,601
4451,4751000,1,1,1632,22,92,200,4,242,398,102,572
4452,4752000,1,1,1470,20,90,160,5,270,332,90,503
4453,4753000,1,1,1651,18,100,210,3,235,401,108,576
4454,4754000,1,1,1940,57,78,173,4,253,574,80,721
4455,4755000,1,1,1810,22,92,184,3,251,474,98,686
4456,4756000,1,1,1500,62,88,168,2,243,321,95,521
4457,4757000,1,1,1718,26,97,189,2,239,432,110,623
4458,4758000,1,1,1556,43,83,192,2,218,325,111,582
4459,4759000,1,1,1874,26,102,225,4,225,503,109,680
4460,4760000,1,1,1740,11,100,184,3,240,482,96,624
4461,4761000,1,1,1816,8,104,200,4,257,492,104,647
4462,4762000,1,1,1663,17,104,198,3,260,367,100,614
4463,4763000,1,1,1687,43,109,201,1,275,401,95,562
4464,4764000,1,1,1648,53,91,200,5,239,374,104,582
4465,4765000,1,1,1559,20,107,193,2,250,334,91,562
4466,4766000,1,1,1654,43,94,174,6,248,376,98,615
4467,4767000,1,1,1662,53,103,157,11,248,413,98,579
4468,4768000,1,1,1562,37,95,190,4,251,344,97,544
4469,4769000,1,1,1677,24,96,173,3,262,398,88,633
4470,4770000,1,1,1523,38,106,193,3,251,319,101,512
4471,4771000,1,1,1536,21,96,201,4,218,348,124,524
4472,4772000,1,1,1566,59,89,184,4,260,352,74,544
4473,4773000,1,1,1565,25,108,177,1,248,376,99,531
4474,4774000,1,1,1554,39,94,195,4,213,365,117,527
4475,4775000,1,1,1626,26,107,194,3,238,398,114,546
4476,4776000,1,1,1545,17,90,173,4,242,386,101,532
4477,4777000,1,1,1553,36,112,212,10,255,278,99,551
4478,4778000,1,1,1689,15,92,169,6,240,411,100,656
4479,4779000,1,1,1703,41,92,176,4,259,385,94,652
4480,4780000,1,1,1572,31,93,172,5,252,372,83,564
4481,4781000,1,1,1661,55,97,191,2,261,357,93,605
4482,4782000,1,1,1386,26,99,129,3,263,302,79,485
4483,4783000,1,1,1646,37,88,222,4,239,401,96,559
4484,4784000,1,1,1551,45,96,171,1,236,367,106,529
4485,4785000,1,1,1491,34,95,136,2,240,372,77,535
4486,4786000,1,1,1725,36,96,164,2,256,417,90,664
4487,4787000,1,1,1681,31,92,194,2,246,429,97,590
4488,4788000,1,1,1685,24,97,189,0,247,430,94,604
4489,4789000,1,1,1662,18,88,186,6,224,453,110,577
4490,4790000,1,1,1880,66,106,203,2,253,498,97,655
4491,4791000,1,1,1942,56,112,214,8,256,503,106,687
4492,4792000,1,1,1596,54,103,192,6,249,321,99,572
4493,4793000,1,1,1715,66,112,184,1,249,421,96,586
4494,4794000,1,1,1640,40,92,174,8,262,402,85,577
4495,4795000,1,1,1751,21,97,181,6,244,436,103,663
4496,4796000,1,1,1585,41,83,191,3,261,351,97,558
4497,4797000,1,1,1614,46,92,179,5,213,407,119,553
4498,4798000,1,1,1793,45,103,150,1,267,453,90,684
4499,4799000,1,1,1660,17,100,207,1,220,433,113,569
4500,4800000,1,1,1619,30,91,197,8,254,377,106,556
4501,4801000,1,1,1680,35,109,207,6,240,359,98,626
4502,4802000,1,1,1505,39,95,178,3,232,349,91,518
4503,4803000,1,1,1468,65,95,170,7,262,272,79,518
4504,4804000,1,1,1496,33,95,173,4,247,288,99,557
4505,4805000,1,1,1691,16,104,207,6,232,422,137,567
4506,4806000,1,1,1483,20,80,199,8,217,346,115,498
4507,4807000,1,1,1442,63,86,184,3,260,262,72,512
4508,4808000,1,1,1652,24,92,192,5,250,424,104,561
4509,4809000,1,1,1390,49,107,156,6,235,269,93,475
4510,4810000,1,1,1524,57,99,136,8,262,377,75,510
4511,4811000,1,1,1660,14,93,206,9,231,365,110,632
4512,4812000,1,1,1987,21,107,181,9,222,576,112,759
4513,4813000,1,1,1555,26,92,163,4,282,330,90,568
4514,4814000,1,1,1532,33,99,177,6,258,344,87,528
4515,4815000,1,1,1586,21,98,180,0,249,383,89,566
4516,4816000,1,1,1648,44,90,163,3,255,368,98,627
4517,4817000,1,1,1639,47,107,173,0,251,384,95,582
4518,4818000,1,1,1630,54,85,186,1,257,362,90,595
4519,4819000,1,1,1604,39,97,150,8,257,370,90,593
4520,4820000,1,1,1623,57,97,148,1,270,394,95,561
4521,4821000,1,1,1551,44,89,162,11,245,356,97,547
4522,4822000,1,1,1660,24,105,203,4,250,361,94,619
4523,4823000,1,1,1637,15,67,176,6,234,410,112,617
4524,4824000,1,1,1509,25,105,158,6,273,316,82,544
4525,4825000,1,1,1591,9,93,224,4,234,389,115,523
4526,4826000,1,1,1833,69,92,176,4,252,483,98,659
4527,4827000,1,1,1614,30,103,138,7,237,402,101,596
4528,4828000,1,1,1718,65,95,194,5,246,414,96,603
4529,4829000,1,1,1605,33,114,144,1,255,377,97,584
4530,4830000,1,1,1619,26,97,190,13,238,392,114,549
4531,4831000,1,1,1669,34,99,184,0,238,376,99,639
4532,4832000,1,1,1433,27,104,204,1,247,297,105,448
4533,4833000,1,1,1753,29,104,193,2,237,444,93,651
4534,4834000,1,1,1563,37,112,171,5,238,356,95,549
4535,4835000,1,1,1560,19,114,192,0,263,337,103,532
4536,4836000,1,1,1604,55,93,163,1,255,388,91,558
4537,4837000,1,1,1723,31,94,142,5,254,479,93,625
4538,4838000,1,1,1584,34,99,183,1,218,371,106,572
4539,4839000,1,1,1713,51,106,221,5,257,377,120,576
4540,4840000,1,1,1566,23,98,171,5,263,337,83,586
4541,4841000,1,1,1749,17,101,182,1,245,458,94,651
4542,4842000,1,1,1546,69,91,162,6,262,334,93,529
4543,4843000,1,1,1628,15,81,172,11,255,390,93,611
4544,4844000,1,1,1584,8,96,194,9,241,385,119,532
4545,4845000,1,1,1662,15,93,197,2,234,399,103,619
4546,4846000,1,1,1577,38,91,182,1,259,357,90,559
4547,4847000,1,1,1595,31,83,188,5,277,388,97,526
4548,4848000,1,1,1620,29,101,161,3,248,403,80,595
4549,4849000,1,1,1713,10,92,189,3,252,405,102,660
4550,4850000,1,1,1502,14,117,188,1,242,333,110,497
4551,4851000,1,1,1523,44,86,180,6,213,338,114,542
4552,4852000,1,1,1600,23,93,194,3,267,344,93,583
4553,4853000,1,1,1741,40,78,199,4,266,428,101,625
4554,4854000,1,1,1547,31,85,154,3,235,379,100,560
4555,4855000,1,1,1534,20,103,209,6,240,346,99,511
4556,4856000,1,1,1611,85,100,181,4,290,331,85,535
4557,4857000,1,1,1542,26,90,168,2,240,349,101,566
4558,4858000,1,1,1557,23,94,186,3,220,369,115,547
4559,4859000,1,1,1608,56,85,181,6,254,348,92,586
4560,4860000,1,1,1647,39,100,192,7,241,392,105,571
4561,4861000,1,1,1575,49,105,176,1,244,391,81,528
4562,4862000,1,1,1690,26,89,214,7,211,399,120,624
4563,4863000,1,1,1538,32,103,168,1,234,370,99,531
4564,4864000,1,1,1546,41,108,222,1,241,305,110,518
4565,4865000,1,1,1543,23,78,180,1,257,362,101,541
4566,4866000,1,1,1727,46,101,160,0,259,436,82,643
4567,4867000,1,1,1589,36,112,191,4,252,345,106,543
4568,4868000,1,1,1508,31,105,158,8,244,351,101,510
4569,4869000,1,1,1606,19,99,149,6,253,422,87,571
4570,4870000,1,1,1567,40,95,205,3,255,363,90,516
4571,4871000,1,1,1517,17,95,184,3,245,340,104,529
4572,4872000,1,1,1835,47,86,218,3,252,483,101,645
4573,4873000,1,1,1456,35,90,146,1,264,309,94,517
4574,4874000,1,1,1657,40,101,173,3,263,385,81,611
4575,4875000,1,1,1663,24,93,193,3,233,427,96,594
4576,4876000,1,1,1738,47,87,152,5,263,473,97,614
4577,4877000,1,1,1589,44,84,168,12,233,385,101,562
4578,4878000,1,1,1614,22,106,204,6,232,381,107,556
4579,4879000,1,1,1716,39,94,208,4,252,426,109,584
4580,4880000,1,1,1689,23,92,199,6,234,416,110,609
4581,4881000,1,1,1697,17,95,173,4,262,413,98,635
4582,4882000,1,1,1786,29,105,182,5,246,456,100,663
4583,4883000,1,1,1755,49,98,209,3,234,431,101,630
4584,4884000,1,1,1679,14,86,193,1,269,434,96,586
4585,4885000,1,1,1685,35,83,179,6,277,401,96,608
4586,4886000,1,1,1782,78,102,196,3,286,390,75,652
4587,4887000,1,1,1665,21,108,193,5,247,416,96,579
4588,4888000,1,1,1628,40,92,137,6,265,411,84,593
4589,4889000,1,1,1562,24,106,174,4,249,349,97,559
4590,4890000,1,1,1636,61,109,179,4,269,344,82,588
4591,4891000,1,1,1734,18,98,154,1,263,459,84,657
4592,4892000,1,1,1721,37,116,201,3,244,406,101,613
4593,4893000,1,1,1704,49,85,162,7,252,443,89,617
4594,4894000,1,1,1625,51,79,160,8,237,375,107,608
4595,4895000,1,1,1613,15,86,187,5,247,388,94,591
4596,4896000,1,1,1648,26,85,218,1,244,394,98,582
4597,4897000,1,1,1615,69,107,189,2,241,347,111,549
4598,4898000,1,1,1616,22,99,185,3,229,437,114,527
4599,4899000,1,1,1887,16,103,209,7,233,514,115,690
4600,4900000,1,1,1560,65,87,158,3,283,358,76,530
4601,4901000,1,1,1472,15,103,165,3,250,321,91,524
4602,4902000,1,1,1510,26,95,189,4,240,308,105,543
4603,4903000,1,1,1554,47,98,137,3,254,349,80,586
4604,4904000,1,1,1555,56,96,182,3,229,337,101,551
4605,4905000,1,1,1759,28,99,179,4,241,463,97,648
4606,4906000,1,1,1650,71,92,186,16,265,337,103,580
4607,4907000,1,1,1687,25,91,179,4,254,374,93,667
4608,4908000,1,1,1493,13,100,173,1,239,327,96,544
4609,4909000,1,1,1632,34,111,182,7,248,371,94,585
4610,4910000,1,1,1584,24,102,201,1,235,359,107,555
4611,4911000,1,1,1651,37,110,171,2,242,421,100,568
4612,4912000,1,1,1534,11,109,187,5,234,360,105,523
4613,4913000,1,1,1527,41,87,156,5,252,369,95,522
4614,4914000,1,1,1474,35,84,152,3,272,309,76,543
4615,4915000,1,1,1538,17,77,167,6,255,339,78,599
4616,4916000,1,1,1591,28,96,178,5,248,377,98,561
4617,4917000,1,1,1815,23,98,183,2,252,538,101,618
4618,4918000,1,1,1921,32,98,190,1,258,555,94,693
4619,4919000,1,1,1664,59,106,199,2,227,411,106,554
4620,4920000,1,1,1635,31,98,174,3,246,431,102,550
4621,4921000,1,1,1589,39,112,193,4,213,376,133,519
4622,4922000,1,1,1648,50,106,208,0,260,370,87,567
4623,4923000,1,1,1599,48,99,179,11,235,330,118,579
4624,4924000,1,1,1603,12,93,167,9,258,414,89,561
4625,4925000,1,1,1585,28,91,171,1,267,332,85,610
4626,4926000,1,1,1632,10,105,169,6,238,441,87,576
4627,4927000,1,1,1555,46,101,176,9,260,362,97,504
4628,4928000,1,1,1617,28,82,190,7,248,354,99,609
4629,4929000,1,1,1485,38,99,166,1,251,308,95,527
4630,4930000,1,1,1833,48,111,161,1,250,486,97,679
4631,4931000,1,1,1630,68,102,162,1,254,374,83,586
4632,4932000,1,1,1741,63,99,208,4,263,387,97,620
4633,4933000,1,1,1698,21,93,197,3,244,447,96,597
4634,4934000,1,1,1749,40,87,214,2,229,457,122,598
4635,4935000,1,1,1537,30,97,208,2,239,343,112,506
4636,4936000,1,1,1488,42,96,182,4,251,303,92,518
4637,4937000,1,1,1568,37,93,165,4,279,334,85,571
4638,4938000,1,1,1704,25,103,166,3,264,419,92,632
4639,4939000,1,1,1644,34,86,212,1,238,403,101,569
4640,4940000,1,1,1695,41,97,227,0,248,400,104,578
4641,4941000,1,1,1571,21,104,195,2,233,397,108,511
4642,4942000,1,1,1652,29,110,177,1,264,377,98,596
4643,4943000,1,1,1516,24,88,185,9,232,329,111,538
4644,4944000,1,1,1798,53,106,192,7,244,478,115,603
4645,4945000,1,1,1609,37,88,183,5,247,356,101,592
4646,4946000,1,1,1573,50,86,166,3,269,357,92,550
4647,4947000,1,1,1616,34,87,207,17,228,363,112,568
4648,4948000,1,1,1639,56,105,191,9,262,378,95,543
4649,4949000,1,1,1658,36,97,161,1,251,410,90,612
4650,4950000,1,1,1634,77,104,237,6,226,353,122,509
4651,4951000,1,1,1556,42,101,154,1,261,347,81,569
4652,4952000,1,1,1538,42,107,145,8,264,325,91,556
4653,4953000,1,1,1541,37,94,157,4,251,361,80,557
4654,4954000,1,1,1586,40,95,143,2,241,442,96,527
4655,4955000,1,1,1610,44,106,189,2,249,391,90,539
4656,4956000,1,1,1673,24,86,165,6,246,455,101,590
4657,4957000,1,1,1524,11,94,187,3,255,366,98,510
4658,4958000,1,1,1575,38,94,167,5,273,328,85,585
4659,4959000,1,1,1828,23,102,154,11,241,514,89,694
4660,4960000,1,1,1609,48,88,151,10,252,400,83,577
4661,4961000,1,1,1698,55,113,198,11,253,401,101,566
4662,4962000,1,1,1643,24,95,194,11,259,323,96,641
4663,4963000,1,1,1601,41,94,192,5,253,338,98,580
4664,4964000,1,1,1739,30,104,190,4,244,476,92,599
4665,4965000,1,1,1708,8,92,185,7,250,419,101,646
4666,4966000,1,1,1688,20,110,193,3,284,384,90,604
4667,4967000,1,1,1582,22,93,205,4,228,377,114,539
4668,4968000,1,1,1651,42,111,201,2,235,406,99,555
4669,4969000,1,1,1672,25,90,189,9,268,403,100,588
4670,4970000,1,1,1738,47,99,218,2,232,423,121,596
4671,4971000,1,1,1733,33,98,200,6,241,442,106,607
4672,4972000,1,1,1793,16,89,205,11,225,482,124,641
4673,4973000,1,1,1655,46,89,170,8,249,409,91,593
4674,4974000,1,1,1633,25,92,199,9,249,367,106,586
4675,4975000,1,1,1734,41,115,152,3,240,492,105,586
4676,4976000,1,1,1741,28,101,181,10,245,454,114,608
4677,4977000,1,1,1652,41,105,197,3,255,419,81,551
4678,4978000,1,1,1516,36,90,188,5,253,281,93,570
4679,4979000,1,1,1467,35,94,183,4,231,318,99,503
4680,4980000,1,1,1551,26,95,154,3,251,394,96,532
4681,4981000,1,1,1648,24,108,201,5,254,432,111,513
4682,4982000,1,1,1625,38,102,193,3,264,344,87,594
4683,4983000,1,1,1749,69,109,193,4,242,442,112,578
4684,4984000,1,1,1567,44,90,138,3,261,377,88,566
4685,4985000,1,1,1573,45,93,228,2,225,327,114,539
4686,4986000,1,1,1626,31,91,180,1,247,398,93,585
4687,4987000,1,1,1494,15,83,152,5,262,357,100,520
4688,4988000,1,1,1695,58,106,147,6,261,418,84,615
4689,4989000,1,1,1649,31,89,138,3,254,462,81,591
4690,4990000,1,1,1648,32,90,179,6,264,387,87,603
4691,4991000,1,1,1651,20,99,192,1,258,404,95,582
4692,4992000,1,1,1618,63,100,180,4,252,352,95,572
4693,4993000,1,1,1673,19,106,202,1,254,368,107,616
4694,4994000,1,1,1499,38,99,192,6,249,305,100,510
4695,4995000,1,1,1532,16,102,215,6,233,315,115,530
4696,4996000,1,1,1658,38,95,184,2,254,400,86,599
4697,4997000,1,1,1535,19,106,171,10,247,345,104,533
4698,4998000,1,1,1783,18,123,166,8,260,459,94,655
4699,4999000,1,1,1673,40,84,191,3,249,381,100,625
4700,5000000,1,1,1568,22,90,137,10,248,391,88,582
