"posterior_row","iteration","tree_no","map_within_draw","time_00","time_01","time_10","time_11"
1,301000,1,1,362.105669580909,34.9578843030268,297.145646408495,82.2449497075688
2,302000,1,1,366.859190184221,26.5195767256922,291.446014211079,91.6293688790078
3,303000,1,1,357.515392790448,29.4362031137485,298.573036847438,90.929517248365
4,304000,1,1,359.743502122239,33.8951424951745,290.987974686401,91.8275306961858
5,305000,1,1,370.734883815764,26.4840098493335,289.253465745273,89.9817905896302
6,306000,1,1,364.840849222632,31.5707260401105,299.065826149867,80.9767485873904
7,307000,1,1,358.822109062206,34.1188117746761,292.53899890861,90.9742302545079
8,308000,1,1,361.408557458522,31.6108196343958,300.154954405502,83.279818501581
9,309000,1,1,366.025394009732,23.4276687910544,293.882081081979,93.1190061172346
10,310000,1,1,363.293210670252,31.9375537873092,299.984672208196,81.2387133342432
11,311000,1,1,365.995744872462,30.9648890204971,296.242686145137,83.2508299619037
12,312000,1,1,361.000326843264,30.7043768879537,291.949339716939,92.800106551843
13,313000,1,1,356.95818990654,30.9438511816154,294.200073527588,94.3520353842567
14,314000,1,1,359.028410304473,34.5956064694889,298.41072098123,84.4194122448079
15,315000,1,1,370.164870957111,24.9969461237695,297.190214133428,84.1021187856918
16,316000,1,1,356.536280030764,32.6893560471875,302.121100320927,85.1074136011215
17,317000,1,1,364.477006488117,30.4087207484632,296.256814387032,85.3116083763884
18,318000,1,1,358.961865098684,30.7236021769131,293.63604475181,93.1326379725929
19,319000,1,1,361.6763439832,30.789520197618,290.377907714843,93.6103781043381
20,320000,1,1,356.228239456282,36.2778150381285,287.370082246271,96.5780132593177
21,321000,1,1,363.94428383126,33.9736123114601,293.558802510699,84.9774513465816
22,322000,1,1,360.638267612896,33.1271544918772,294.658784012998,88.0299438822293
23,323000,1,1,356.789414616635,33.8152252727849,295.162393144432,90.6871169661482
24,324000,1,1,367.653444199974,28.1776150840623,293.102047480406,87.5210432355579
25,325000,1,1,369.973484537983,26.7447383513121,298.91775573776,80.8181713729445
26,326000,1,1,359.580897204373,31.9203802314965,279.971011105719,104.981861458412
27,327000,1,1,360.006920782614,31.3179480783214,291.861177517527,93.2681036215378
28,328000,1,1,363.71600238823,33.7755695105193,298.262987007619,80.6995910936322
29,329000,1,1,367.241641468716,29.25304366133,274.226903325935,105.73256154402
30,330000,1,1,357.341514517048,37.4338543316179,287.60216864313,94.0766125082044
31,331000,1,1,355.396495801945,39.2876485020593,285.145562572973,96.6244431230229
32,332000,1,1,360.107197494474,30.116040858157,286.508698770327,99.7222128770419
33,333000,1,1,369.966397961689,30.9511432334935,286.821759054381,88.7148497504365
34,334000,1,1,356.252797064648,28.9844109476225,301.396303053905,89.8206389338243
35,335000,1,1,356.508777516121,35.7520685489139,292.236488839914,91.9568150950508
36,336000,1,1,358.127355705709,34.7658519790089,301.071500685156,82.4894416301256
37,337000,1,1,350.344259119792,40.867510405415,304.002258472828,81.2401220019644
38,338000,1,1,358.30327501859,35.357994765718,280.723702389939,102.069177825752
39,339000,1,1,362.501724341319,29.1896894814374,296.001428404343,88.7613077729014
40,340000,1,1,352.808982859631,32.1601395271743,293.341760714373,98.1432668988218
41,341000,1,1,359.915104659511,39.1415853561988,284.091287187948,93.3061727963422
42,342000,1,1,355.252496954576,37.5474982431523,296.223393794286,87.4307610079856
43,343000,1,1,364.177244382737,31.6551918208979,290.603008419558,90.0187053768065
44,344000,1,1,373.40488861319,28.7628563742017,293.53785322637,80.7485517862386
45,345000,1,1,358.61567390768,34.2740648072996,298.210849423209,85.3535618618122
46,346000,1,1,362.98361694311,25.4222496988348,299.434449351467,88.6138340065884
47,347000,1,1,361.740233787508,34.9372721262858,288.523886312491,91.2527577737153
48,348000,1,1,371.845691932619,30.9409972990816,287.153001649361,86.5144591189381
49,349000,1,1,364.227064305171,28.3987761821884,295.753718948401,88.0745905642394
50,350000,1,1,364.828631756826,29.7640907058074,300.138185842528,81.7232416948386
51,351000,1,1,359.091199554946,32.3757853937953,299.879607507199,85.1075575440603
52,352000,1,1,367.403041019675,22.393149240946,301.362072224009,85.2958875153698
53,353000,1,1,363.954021671168,30.4639373278306,283.704606607143,98.3315843938575
54,354000,1,1,360.092736597629,31.9883622500343,297.742460855386,86.630590296951
55,355000,1,1,364.807801888573,27.6846781864992,289.032691615522,94.9289783094051
56,356000,1,1,362.055762111874,32.3200653062484,296.476533579453,85.6017890024243
57,357000,1,1,368.293646716733,32.7924544598426,289.700770693,85.6672781304252
58,358000,1,1,358.390879349358,33.2908317296892,296.321326481935,88.4511124390176
59,359000,1,1,365.476730493721,34.8654236063104,283.477485035983,92.6345108639849
60,360000,1,1,352.876783868484,33.3386863894012,298.106784408616,92.1318953334993
61,361000,1,1,363.220577028551,31.6830311836488,291.585973853464,89.9645679343363
62,362000,1,1,362.602042684921,32.733673135356,295.187058615711,85.9313755640122
63,363000,1,1,352.563656002639,36.0265768328342,290.639019692324,97.2248974722036
64,364000,1,1,369.551088097264,26.7991563323178,293.656846995116,86.4470585753023
65,365000,1,1,356.985344259485,27.7383614410434,304.621257116918,87.109187182553
66,366000,1,1,356.061285307879,33.6267474975772,293.176620830859,93.589496363685
67,367000,1,1,366.036459052417,28.4826106448157,292.334747985702,89.6003323170653
68,368000,1,1,360.996242925817,31.5404388747798,296.207652881348,87.7098153180556
69,369000,1,1,361.654277956523,32.1268877818138,293.231942899401,89.4410413622624
70,370000,1,1,359.751430417049,34.9974556952198,290.742616303164,90.9626475845681
71,371000,1,1,346.755441394185,38.5601388049914,290.593976178174,100.544593622649
72,372000,1,1,359.179831528904,34.9227065652804,285.665227959032,96.6863839467839
73,373000,1,1,359.334535766054,33.5763335546714,294.980864504349,88.562416174925
74,374000,1,1,361.118343214424,31.7243254048252,296.371531669571,87.2399497111802
75,375000,1,1,359.696071401538,33.8787598388619,286.255960244673,96.6233585149273
76,376000,1,1,360.221976623332,30.9759714661761,293.60093750843,91.6552644020621
77,377000,1,1,365.151076989638,34.5643052911343,288.344277386259,88.3944903329684
78,378000,1,1,359.439269082523,34.1223650683815,294.868475958612,88.0240398904838
79,379000,1,1,360.466884708463,24.963475748686,299.718451337072,91.3053382057796
80,380000,1,1,357.952861560661,33.3023138882787,293.99340194715,91.2055726039099
81,381000,1,1,361.215068329937,35.6216835657525,284.463914802103,95.1534833022078
82,382000,1,1,356.9354413347,34.1584631444539,292.852180340995,92.5080651798502
83,383000,1,1,378.596988104211,25.6352406590085,288.251334959353,83.970586277428
84,384000,1,1,359.332898485658,34.7577342348375,296.549321937408,85.8141953420967
85,385000,1,1,353.001190869046,27.6912285677025,307.285917702695,88.4758128605572
86,386000,1,1,359.181468137008,32.6868830976844,292.06779618752,92.5180025777876
87,387000,1,1,365.273872943715,35.1695027640177,291.799028857528,84.2117454347389
88,388000,1,1,356.980893576768,33.43051639054,297.6547834294,88.3879566032927
89,389000,1,1,356.650683131478,32.2781333893445,295.461022203433,92.0643112757444
90,390000,1,1,365.260967553757,25.0464324056573,298.90425781739,87.2424922231957
91,391000,1,1,363.215405930948,30.7218696133279,294.571382838459,87.9454916172657
92,392000,1,1,363.20800094265,29.5801228880775,300.413888932255,83.252137237017
93,393000,1,1,359.034816787922,32.3598460301235,290.83134316881,94.228144013145
94,394000,1,1,365.333676254894,25.3501728605936,295.244695083194,90.5256058013186
95,395000,1,1,362.483741319762,33.2511131621264,292.245969937613,88.4733255804985
96,396000,1,1,359.986625465415,28.3282556993674,298.004459009146,90.1348098260724
97,397000,1,1,361.773907163514,32.6832348131941,288.094254460765,93.9027535625269
98,398000,1,1,353.214013675186,29.8587955137088,301.62411034158,91.7572304695253
99,399000,1,1,356.958983644356,34.0444007078749,288.023588438155,97.4271772096148
100,400000,1,1,362.494542897548,32.3333514413759,300.91106451002,80.7151911510556
101,401000,1,1,364.442565951497,34.4686495219675,297.80165592149,79.741278605046
102,402000,1,1,356.073501739035,32.9618048059213,307.131780304431,80.2870631506124
103,403000,1,1,355.740380182089,32.6770669248197,293.424075811508,94.6126270815831
104,404000,1,1,366.158077504576,28.9392092620528,298.210902635176,83.145960598196
105,405000,1,1,358.661163603008,37.907261160308,290.458266305338,89.4274589313455
106,406000,1,1,359.852761251802,24.2185681211576,297.852212293079,94.5306083339607
107,407000,1,1,357.011435253615,33.9150434285446,292.227667975203,93.3000033426379
108,408000,1,1,358.52773565749,38.1629321960593,287.965008693878,91.7984734525727
109,409000,1,1,363.28488584028,29.7176970560831,293.273681896751,90.1778852068859
110,410000,1,1,378.606068838723,28.3963909276321,284.19098851717,85.2607017164751
111,411000,1,1,362.738620960149,32.6166057198478,287.666754987983,93.43216833202
112,412000,1,1,360.522433343162,30.1578169212721,300.772975151854,85.0009245837113
113,413000,1,1,373.105808778797,26.0756224871912,290.681424953968,86.591293780044
114,414000,1,1,364.869961493933,27.8484970213771,295.529498944159,88.2061925405314
115,415000,1,1,356.264326534247,30.8304557241567,303.413877089136,85.9454906524602
116,416000,1,1,357.240373685732,28.7685084742116,301.915061353872,88.5302064861835
117,417000,1,1,360.811120518157,30.1432891630582,300.652348335512,84.8473919832727
118,418000,1,1,364.020864898165,32.4806790461983,283.50726446151,96.4453415941261
119,419000,1,1,364.107152638104,34.3569152614278,293.081193292557,84.908888807912
120,420000,1,1,369.289397650562,29.4021079396413,289.57080934226,88.191835067536
121,421000,1,1,358.091006095477,37.7770285485806,287.036250974947,93.5498643809949
122,422000,1,1,363.897700714629,34.3551653524894,286.915719258085,91.2855646747968
123,423000,1,1,376.550486060531,26.153391414873,286.893934195577,86.8563383290187
124,424000,1,1,345.343610212795,38.4012861950972,305.139441911012,87.5698116810957
125,425000,1,1,352.357238398167,35.6827727017318,291.868065416419,96.5460734836823
126,426000,1,1,363.56376217535,26.6450051236039,291.033894956544,95.211487744502
127,427000,1,1,361.4595402422,30.4580904676271,299.233914158068,85.3026051321049
128,428000,1,1,359.235833132308,36.2653683938012,296.371198752695,84.5817497211952
129,429000,1,1,366.553047571755,34.4132744930352,287.090111316035,88.3977166191748
130,430000,1,1,361.034781664084,29.9972194523425,290.345326427306,95.0768224562679
131,431000,1,1,366.362288441609,29.5863302097334,289.112304325565,91.3932270230925
132,432000,1,1,357.870308813956,35.9229890877169,294.745182638882,87.9156694594447
133,433000,1,1,365.103620483498,31.254125425844,294.53964075444,85.5567633362175
134,434000,1,1,364.740516824388,34.3931453718351,281.109549041305,96.2109387624719
135,435000,1,1,366.769738504547,28.5302103469584,295.092380726297,86.0618204221973
136,436000,1,1,362.291418155564,28.3442582737834,299.457778828393,86.3606947422602
137,437000,1,1,357.316556819239,27.8647600904619,296.914033018125,94.3588000721739
138,438000,1,1,356.958151110054,36.8007437893125,276.674155350566,106.021099750067
139,439000,1,1,357.712770793449,35.5456185872917,294.456707777148,88.7390528421115
140,440000,1,1,365.139362175053,26.8451240669598,296.850548219529,87.6191155384574
141,441000,1,1,355.947115669046,36.1535192640199,301.228358814761,83.1251562521733
142,442000,1,1,358.040289742582,38.121505653968,289.789990775371,90.5023638280782
143,443000,1,1,361.423986139225,31.1021160805909,295.564037975204,88.3640098049803
144,444000,1,1,367.508115493425,33.7779017532479,276.779604091424,98.3885286619026
145,445000,1,1,357.252494602042,28.7346186849706,300.768149434791,89.6988872781965
146,446000,1,1,362.319503005742,31.9392757566007,292.573222544893,89.6221486927649
147,447000,1,1,362.263675602444,32.1887239768721,302.303728133414,79.6980222872696
148,448000,1,1,361.533961536624,37.350034986858,280.466155973942,97.1039975025755
149,449000,1,1,362.674508817407,28.1358173429987,297.12845328448,88.5153705551145
150,450000,1,1,366.752883061839,29.8653350962867,289.070979960564,90.7649518813103
151,451000,1,1,364.028811241858,30.0700947768312,288.185208263321,94.1700357179904
152,452000,1,1,367.391619563408,29.456742670125,295.661616573671,83.9441711927957
153,453000,1,1,357.396666587392,31.9178741783144,296.299883282696,90.8397259515971
154,454000,1,1,365.601483528392,28.1784575511572,293.496069077195,89.178139843256
155,455000,1,1,367.731010750975,28.9105994225779,283.478032777185,96.3345070492623
156,456000,1,1,353.029670342165,31.793584968497,296.716189502732,94.9147051866055
157,457000,1,1,351.352695425385,34.7997245458672,299.419397475402,90.8823325533455
158,458000,1,1,360.135783159849,33.0387423337137,288.051191175791,95.2284333306462
159,459000,1,1,356.403165022835,36.3847171742429,300.44283038604,83.2234374168826
160,460000,1,1,361.338419680579,34.575856835707,283.905338323994,96.6345351597198
161,461000,1,1,369.8031774203,27.3622590602427,287.995373206906,91.2933403125514
162,462000,1,1,355.52028970373,32.9479649007313,283.775362107414,104.210533288125
163,463000,1,1,364.358365134695,33.319713657932,293.040357697877,85.7357135094958
164,464000,1,1,354.619871593421,37.6279111477347,293.688183197114,90.5181840617303
165,465000,1,1,359.074123547485,35.3315500923205,292.521833356251,89.5266430039432
166,466000,1,1,352.825007472561,33.895042876051,300.621487048502,89.1126126028859
167,467000,1,1,355.246634571504,27.608044720616,299.709177023459,93.8902936844214
168,468000,1,1,363.835324459705,25.8522640774572,293.393827561307,93.3727339015305
169,469000,1,1,356.321406390694,38.6344888306766,287.496243393684,94.0020113849448
170,470000,1,1,362.092852400476,33.2519986496688,288.510850502515,92.5984484473397
171,471000,1,1,352.436860947967,31.8459812660453,309.138290996552,83.0330167894356
172,472000,1,1,350.413802252281,36.5092547603305,298.301689052385,91.229403935004
173,473000,1,1,364.401176670233,32.3080960894426,286.353021224796,93.3918560155277
174,474000,1,1,361.319798688041,36.6194747835498,283.216913665684,95.2979628627252
175,475000,1,1,372.704930575856,25.2505578780971,273.12098475833,105.377676787717
176,476000,1,1,363.490557701209,28.8136280453447,294.753847144682,89.3961171087641
177,477000,1,1,372.006942817998,26.0588070976356,288.026302119849,90.3620979645171
178,478000,1,1,364.560636776579,32.5732813920441,281.963533294141,97.3566985372357
179,479000,1,1,360.644702826256,31.107617048803,292.586231206209,92.1155989187315
180,480000,1,1,367.631215274685,30.0237343900486,291.19926881704,87.5999315182265
181,481000,1,1,372.073325919083,27.1756522617999,293.658911592734,83.5462602263833
182,482000,1,1,368.302383937016,30.8774891065751,289.0674758721,88.2068010843088
183,483000,1,1,356.405312088293,33.6854931038911,290.089496869726,96.2738479380897
184,484000,1,1,359.445895632953,33.6187311078366,291.211008673751,92.1785145854591
185,485000,1,1,360.903829205491,37.0010094250428,288.566457974911,89.9828533945547
186,486000,1,1,363.990163765411,33.2394671657912,294.427870509167,84.7966485596303
187,487000,1,1,366.033534913541,27.9531779868617,299.011501281493,83.4559358181036
188,488000,1,1,362.991722681549,35.6252206453011,289.369211046767,88.4679956263824
189,489000,1,1,364.111352849267,31.9588200026809,287.865256385101,92.5187207629518
190,490000,1,1,362.161012569379,32.020520831547,290.28981284735,91.9828037517247
191,491000,1,1,351.610244988615,32.8402772879954,298.449901272966,93.5537264504231
192,492000,1,1,364.210485339992,34.0612832872666,285.38315094789,92.7992304248517
193,493000,1,1,362.159553818258,37.2261794365418,280.656650012679,96.4117667325213
194,494000,1,1,365.727065791079,28.8185697112478,287.312286282771,94.5962282149021
195,495000,1,1,364.82214475217,29.0047996096417,287.71232594953,94.9148796886589
196,496000,1,1,362.881013937921,31.2673929963728,295.849153143635,86.456589922071
197,497000,1,1,359.666854239774,34.4291271103261,288.05679055319,94.3013780967098
198,498000,1,1,363.794079188343,35.5911585905326,276.769433796512,100.299478424613
199,499000,1,1,362.289634726546,35.7182671112173,288.24148045875,90.2047677034861
200,500000,1,1,367.489589345249,27.7807458849937,291.435285177462,89.7485295922949
201,501000,1,1,359.963943445697,35.1557126909743,290.555944220025,90.7785496433036
202,502000,1,1,358.259222754932,29.5832690930933,302.030367514038,86.5812906379361
203,503000,1,1,373.133859619915,26.3181105848658,293.663367481015,83.3388123142045
204,504000,1,1,365.27327703722,29.981419414864,299.773190563191,81.4262629847258
205,505000,1,1,364.274863651919,35.9877190119774,285.941846872294,90.249720463809
206,506000,1,1,357.984190531671,31.1595562894754,290.081813283126,97.2285898957272
207,507000,1,1,372.356995848387,27.0898204621476,286.565079330004,90.4422543594621
208,508000,1,1,360.795236033632,35.7022469569034,281.575410491,98.3812565184649
209,509000,1,1,361.6022133582,33.5960418021821,286.925418732239,94.3304761073783
210,510000,1,1,355.10887177813,37.5791745031812,292.385757720114,91.380345998574
211,511000,1,1,368.522908368809,24.8296418531746,292.32741284514,90.7741869328765
212,512000,1,1,359.524734545603,32.5386290406921,290.966121843361,93.4246645703433
213,513000,1,1,365.916293937199,23.0755630327242,295.057744398704,92.4045486313725
214,514000,1,1,361.317604438464,31.8579328525762,301.667770896989,81.6108418119711
215,515000,1,1,363.898653531535,30.4308010456444,295.189321516068,86.9353739067534
216,516000,1,1,372.995640426711,26.6920832831542,283.248870980737,93.517555309398
217,517000,1,1,363.11507459434,39.8337247109462,283.537008687983,89.9683420067313
218,518000,1,1,358.187381712538,31.9188310123599,295.06287692194,91.2850603531619
219,519000,1,1,367.260356406532,28.9116225718107,290.661481418614,89.6206896030429
220,520000,1,1,360.083314294951,32.9233912789453,288.011786194708,95.4356582313959
221,521000,1,1,366.675828890484,31.0643785951632,295.477627346641,83.2363151677116
222,522000,1,1,374.365990064553,24.2268595117038,293.398956404394,84.4623440193488
223,523000,1,1,365.705989343008,30.6551948568547,287.451910855584,92.6410549445537
224,524000,1,1,363.257951160691,31.98015514404,299.722787618803,81.4932560764667
225,525000,1,1,355.812329183152,35.2508377602012,295.801816308124,89.5891667485231
226,526000,1,1,366.023908483425,33.9246789234881,280.425590227261,96.0799723658262
227,527000,1,1,360.916233217483,33.0080764542829,288.546720923917,93.9831194043174
228,528000,1,1,361.447369964179,37.3523967122155,284.753936579465,92.9004467441404
229,529000,1,1,361.575671398679,31.2566696325472,297.278092737492,86.3437162312823
230,530000,1,1,363.137280225527,26.801477110784,296.823876413654,89.6915162500351
231,531000,1,1,366.049721492629,31.7011859721945,282.128720287728,96.574522247449
232,532000,1,1,348.845038298927,35.6105321337571,298.2709249513,93.7276546160154
233,533000,1,1,358.790155645435,34.1156232394059,292.102859065998,91.4455120491616
234,534000,1,1,355.363469581753,33.8907694986646,299.15587574921,88.044035170373
235,535000,1,1,354.637446022412,41.5800547810425,297.266153472851,82.9704957236946
236,536000,1,1,364.095496278745,27.5875345849961,297.267194623992,87.5039245122674
237,537000,1,1,368.178017622582,28.2996357987402,295.088091248578,84.8884053301005
238,538000,1,1,364.013596443183,29.5921208596386,291.02519777226,91.8232349249182
239,539000,1,1,363.418574736776,33.5718012769651,292.523695328852,86.9400786574068
240,540000,1,1,362.223974208956,33.287226504024,292.457547758893,88.4854015281277
241,541000,1,1,357.465645715398,29.0311257652058,296.71189896678,93.2454795526159
242,542000,1,1,364.173614942132,34.3276336236291,289.711827403897,88.2410740303421
243,543000,1,1,358.189055283782,35.2116072579602,292.942064202227,90.111423256031
244,544000,1,1,366.530517797209,30.7346113682014,296.453069495461,82.7359513391286
245,545000,1,1,358.604581196215,31.8438082248292,289.242518782174,96.7632417967811
246,546000,1,1,353.700792242491,33.0275471542806,290.314520941937,99.4112896612912
247,547000,1,1,360.358256266395,37.2944646138006,287.86545823537,90.9359708844344
248,548000,1,1,372.783593271886,30.3096362940523,287.109068488761,86.2518519453002
249,549000,1,1,362.591475548199,33.0043535367025,290.435516719148,90.4228041959501
250,550000,1,1,355.857957690608,33.9039660849067,292.742729731032,93.9494964934535
251,551000,1,1,361.706534203528,30.6319285247306,289.63736214757,94.4783251241709
252,552000,1,1,361.715384980256,28.8516415811376,297.094827935392,88.7922955032144
253,553000,1,1,358.983324513286,36.8578616195614,290.266264042482,90.3466998246703
254,554000,1,1,364.458349283996,32.0633945538841,289.95420294983,89.9782032122898
255,555000,1,1,358.549008954976,40.3321662350652,288.98492238645,88.5880524235091
256,556000,1,1,372.487473412217,27.6222878350563,294.789400035433,81.5549887172928
257,557000,1,1,358.6388545587,32.910726853655,292.80524311437,92.099325473275
258,558000,1,1,358.273293579777,35.634732732688,292.737402013953,89.8087216735823
259,559000,1,1,361.105104363474,30.8806061034918,296.492564498179,87.9758750348549
260,560000,1,1,359.229993626346,35.0610057036982,290.936460910122,91.2266897598333
261,561000,1,1,365.21064822878,28.8634151726474,307.061299705195,75.3187868933782
262,562000,1,1,356.054641128849,33.5113682270462,295.828757967343,91.0593826767619
263,563000,1,1,365.230632993566,29.5914040844403,291.637782207295,89.9943307146983
264,564000,1,1,358.310659811759,33.1337201531815,300.538063841883,84.4717061931771
265,565000,1,1,358.157795022462,35.7649745278107,289.647736554017,92.8836438957106
266,566000,1,1,356.230195540533,34.6523749823131,305.788101752288,79.7834777248658
267,567000,1,1,360.143354966347,27.5466562572182,303.023155999739,85.7409827766961
268,568000,1,1,357.391955663795,35.641416238944,290.753525316417,92.667252780844
269,569000,1,1,373.860103675971,24.1177658316425,285.741002868967,92.7352776234199
270,570000,1,1,370.23633348674,27.281713638641,290.284179907043,88.6519229675754
271,571000,1,1,364.411056251411,32.4783666976669,298.448543520944,81.1161835299775
272,572000,1,1,354.512016145329,35.1660246991849,288.222559607632,98.5535495478543
273,573000,1,1,367.03386038656,23.9774976686366,298.974730333592,86.4680616112112
274,574000,1,1,354.446175944583,41.0091652434588,290.42396052436,90.5748482875983
275,575000,1,1,358.709831449955,31.8761569115085,303.669796995194,82.1983646433422
276,576000,1,1,367.930749918514,28.9032185826326,286.58268332289,93.0374981759641
277,577000,1,1,356.497242419571,31.8675186070143,297.211657038922,90.8777319344923
278,578000,1,1,360.062547755731,30.3460957179967,300.830846576071,85.2146599502007
279,579000,1,1,360.210930885149,32.6035194604011,296.640257345496,86.9994423089544
280,580000,1,1,360.525361720836,31.198208752208,290.890492361801,93.8400871651542
281,581000,1,1,360.026823960228,31.4070567573294,295.376368137322,89.6439011451211
282,582000,1,1,363.477177440374,29.9622386243609,292.866435228654,90.1482987066109
283,583000,1,1,366.455383321494,33.2567819613416,289.31522902521,87.4267556919547
284,584000,1,1,357.439467294075,30.9029865564541,296.592339178281,91.51935697119
285,585000,1,1,366.512866189348,31.2132555272838,285.903673680799,92.8243546025695
286,586000,1,1,354.298132130317,38.3738430704092,289.334767784283,94.4474070149904
287,587000,1,1,358.270669981104,30.5927179257071,301.652595777095,85.9381663160941
288,588000,1,1,351.18163944939,35.9272565441724,300.529894993738,88.8153590126989
289,589000,1,1,367.923493227717,30.3287886462498,285.716298434846,92.4855696911871
290,590000,1,1,355.553365973745,33.48245223807,288.070023540286,99.3483082478985
291,591000,1,1,356.331046015769,31.4932573539598,288.614064410354,100.015782219917
292,592000,1,1,358.608909794005,29.1304971704521,297.183694807452,91.5310482280908
293,593000,1,1,362.991282718657,30.1599519375333,295.389925747787,87.9129895960221
294,594000,1,1,347.998226203941,41.3532112434529,292.717386439114,94.3853261134931
295,595000,1,1,370.532494745147,31.9141641170608,286.602723136165,87.404768001627
296,596000,1,1,357.58552535283,33.5058521616139,301.85584462241,83.5069278631462
297,597000,1,1,362.055930660676,35.0457668768485,284.567575757612,94.7848767048638
298,598000,1,1,355.451379195796,33.6700528881569,299.783991661664,87.5487262543828
299,599000,1,1,363.57371473584,34.7002168393354,289.774748921315,88.4054695035096
300,600000,1,1,363.080651024973,29.6724524784216,288.365283442024,95.3357630545821
301,601000,1,1,362.367072063575,27.2600238536103,299.245011449159,87.5820426336553
302,602000,1,1,351.130574786242,32.7273079085685,298.163628829731,94.4326384754583
303,603000,1,1,359.908699929479,32.0799082748511,297.27419864889,87.1913431467794
304,604000,1,1,364.701748039642,31.6185666663274,289.169414199838,90.9644210941926
305,605000,1,1,355.269333370307,36.6092488992841,293.357079212206,91.2184885182036
306,606000,1,1,352.674113987377,38.9703760291468,283.649774484704,101.159885498771
307,607000,1,1,359.083087657039,31.37259311117,290.734600134419,95.2638690973725
308,608000,1,1,362.227196559035,31.7003149374915,300.061169184009,82.4654693194641
309,609000,1,1,370.203314162267,27.8640022381184,298.878206207585,79.5086273920291
310,610000,1,1,360.381825921719,30.6136455759988,288.906815492125,96.5518630101574
311,611000,1,1,367.788011498861,31.3328100338537,286.998731717909,90.3345967493766
312,612000,1,1,368.124327878781,25.7376909232331,295.734312224277,86.8578189737088
313,613000,1,1,358.515548583177,33.7388693495377,295.108021374759,89.0917106925261
314,614000,1,1,358.166871014353,41.8961262047227,292.114570484227,84.2765822966977
315,615000,1,1,359.743067588437,33.6144031871204,296.57632501279,86.5203542116524
316,616000,1,1,363.951440275008,28.3110779983723,290.004799966387,94.1868317602325
317,617000,1,1,362.698212413008,29.596398976524,291.577491762944,92.5820468475239
318,618000,1,1,359.783142199615,31.2456630646154,291.729675944347,93.6956687914227
319,619000,1,1,357.202599851289,38.2784371253871,291.146259717911,89.8268533054136
320,620000,1,1,362.787516827958,34.642079637296,283.798087037521,95.2264664972246
321,621000,1,1,366.215570712919,25.467161065407,299.602205747735,85.1692124739393
322,622000,1,1,351.816190850046,32.3632457468578,301.684030454976,90.590682948121
323,623000,1,1,355.681630561845,32.9839648601039,286.72081640048,101.067738177571
324,624000,1,1,361.237304339712,33.0210766417323,286.565414277761,95.6303547407943
325,625000,1,1,358.37455106054,30.6976440795457,300.674725378074,86.7072294818395
326,626000,1,1,365.512235409618,36.1745297457824,284.874639146738,89.8927456978616
327,627000,1,1,368.681130258151,31.913117683816,285.269631981698,90.5902700763344
328,628000,1,1,371.485946936131,25.9207648486175,283.244058573475,95.8033796417767
329,629000,1,1,358.675042035805,37.2556544818942,294.981475446996,85.5419780353047
330,630000,1,1,363.384605926036,31.2187205388656,277.711407831901,104.139415703198
331,631000,1,1,364.356276008792,32.0061193770309,287.790785405057,92.3009692091205
332,632000,1,1,364.674821847046,31.1633741582577,297.819905964404,82.7960480302927
333,633000,1,1,361.514402578935,35.5782180017431,288.518002989122,90.8435264302
334,634000,1,1,362.776354132228,28.1423188737555,302.03434534246,83.5011316515569
335,635000,1,1,359.806485688879,33.7290062444355,289.961812598441,92.9568454682445
336,636000,1,1,360.656408726019,26.7348017786764,300.965849107373,88.0970903879313
337,637000,1,1,368.15014439682,26.9066665429942,289.699147840564,91.6981912196226
338,638000,1,1,366.739960527928,29.7096040596806,287.266055440389,92.738529972002
339,639000,1,1,362.411370826058,33.2463271083373,295.009855171196,85.7865968944088
340,640000,1,1,363.678514458273,27.9908638470447,286.448652358282,98.3361193363999
341,641000,1,1,356.908338429096,33.598598799565,293.483494961469,92.4637178098696
342,642000,1,1,354.196008376277,35.1168133267723,292.613060303176,94.5282679937753
343,643000,1,1,357.711270037232,35.0854550854809,285.959241790865,97.6981830864221
344,644000,1,1,356.25765192525,35.1968389160814,285.575122664808,99.4245364938603
345,645000,1,1,358.209230453599,32.0061730502495,299.856489898009,86.3822565981427
346,646000,1,1,364.402026731561,34.318044093703,289.130483808847,88.6035953658887
347,647000,1,1,366.518370867605,30.0772407881914,296.68969876516,83.1688395790432
348,648000,1,1,360.213089152433,36.1283731034769,300.314485714963,79.7982020291274
349,649000,1,1,361.073135559845,32.4125740784192,295.434774696129,87.5336656656074
350,650000,1,1,366.333901001926,27.0984553629526,300.170105594787,82.8516880403337
351,651000,1,1,360.282914172635,35.1240562330461,289.395255195985,91.6519243983334
352,652000,1,1,370.193781125301,25.0866216833275,290.695930885872,90.4778163054994
353,653000,1,1,362.493092442783,35.3174647807497,284.647429972381,93.996162804086
354,654000,1,1,355.089439460358,33.4103603269427,303.154639372693,84.7997108400068
355,655000,1,1,369.362811172798,26.1320161080884,293.158148050341,87.8011746687729
356,656000,1,1,370.462650299707,25.8915073534241,288.455650268922,91.6443420779468
357,657000,1,1,368.810260068695,29.0485548126171,292.521505832009,86.073829286679
358,658000,1,1,362.674305989559,29.5613409401078,289.692528773578,94.5259742967552
359,659000,1,1,357.605530856312,32.651634324379,296.102172520173,90.0948122991357
360,660000,1,1,364.077709871367,30.9830315537619,278.323583949202,103.069824625669
361,661000,1,1,365.796795916805,32.3445480875774,290.620463975394,87.6923420202233
362,662000,1,1,367.062376512627,31.3932576065158,281.593842868473,96.4046730123848
363,663000,1,1,360.913388533885,30.7712606585899,300.61310894247,84.1563918650548
364,664000,1,1,362.442258590693,33.1609628637476,293.036053951796,87.8148745937642
365,665000,1,1,357.36498882028,32.9559701801374,292.350115294695,93.7830757048872
366,666000,1,1,363.579271284726,27.6670401051659,296.731097810008,88.4767408001003
367,667000,1,1,370.433176757789,28.313784208186,290.164460580155,87.5427284538704
368,668000,1,1,356.160161233494,36.6363977834083,280.830447385867,102.827143597231
369,669000,1,1,360.251665853221,37.3633089694554,292.848942814412,85.9902323629111
370,670000,1,1,362.148467258631,30.6240730185434,290.391946844436,93.2896628783893
371,671000,1,1,365.976821926649,27.1494554535716,294.206181735623,89.1216908841558
372,672000,1,1,356.329191862891,37.3971114715102,296.303467505402,86.4243791601966
373,673000,1,1,354.18157734171,32.0369488778265,296.371399900325,93.8642238801386
374,674000,1,1,360.234166037595,36.8531369598994,292.196375121264,87.1704718812417
375,675000,1,1,364.633252366812,29.4536405121326,283.498647629832,98.8686094912234
376,676000,1,1,364.80176445752,25.0390042123936,288.23605090402,98.3773304260662
377,677000,1,1,363.037400679935,30.2033580050173,288.199827894337,95.0135634207103
378,678000,1,1,361.418238593859,35.1111629722396,289.784359585574,90.1403888483274
379,679000,1,1,369.771866392336,29.6974055001119,291.357950644733,85.626927462819
380,680000,1,1,347.882428368299,42.6409079270068,291.707865401908,94.2229483027867
381,681000,1,1,364.575631908389,34.5569538701684,292.925924835865,84.3956393855784
382,682000,1,1,362.063586440758,33.7429694883091,284.953058964434,95.6945351064996
383,683000,1,1,366.303964859961,25.611743763489,294.67123989943,89.8672014771196
384,684000,1,1,361.83902595306,37.3343005993556,292.923915859366,84.3569075882187
385,685000,1,1,357.914808128116,32.3238267674481,306.17835611337,80.0371589910654
386,686000,1,1,365.324607584199,31.0095345130942,295.773700366491,84.3463075362159
387,687000,1,1,364.70263873419,30.0623219039322,291.095604312429,90.593585049448
388,688000,1,1,356.630241194067,36.2103668699197,296.294399916273,87.3191420197402
389,689000,1,1,353.559640416901,31.6620832222398,305.353676570651,85.8787497902074
390,690000,1,1,360.690241957266,30.1406823676207,294.205836520099,91.4173891550139
391,691000,1,1,358.499697393282,32.3350731855994,291.515231688662,94.1041477324561
392,692000,1,1,356.459201229081,39.5749635068645,290.296337977917,90.123647286137
393,693000,1,1,367.479172331226,30.0497805503159,285.883611059976,93.041586058482
394,694000,1,1,363.203091000457,31.5954228794214,289.523538381421,92.1320977387006
395,695000,1,1,369.353791005899,24.9698088132041,292.948819284393,89.1817308965032
396,696000,1,1,347.728427178411,37.3940054848319,303.926145741313,87.4055715954443
397,697000,1,1,362.79011551914,35.3307032646489,291.259808571901,87.0735226443104
398,698000,1,1,365.732952525178,28.5566645127672,290.82668567377,91.3378472882846
399,699000,1,1,357.953984268773,30.1330444474025,294.954676786825,93.4124444969997
400,700000,1,1,363.037895475987,25.501126428075,292.62953856032,95.285589535618
401,701000,1,1,354.32862811224,35.1288174658704,289.971101899593,97.0256025222967
402,702000,1,1,362.495635469392,31.0094916153393,291.344398113864,91.6046248014039
403,703000,1,1,363.402765032332,29.9093026251683,288.136076491212,95.006005851287
404,704000,1,1,359.73217182869,34.6830981467679,285.44791049212,96.5909695324226
405,705000,1,1,365.614328470186,30.9270304199833,293.139785743617,86.7730053662139
406,706000,1,1,365.040810821301,30.2342265921267,278.330720319292,102.848392267281
407,707000,1,1,359.866196670112,30.268663395181,290.449815784112,95.8694741505944
408,708000,1,1,362.946198537705,30.8965717106355,289.314827031384,93.2965527202752
409,709000,1,1,358.077050463644,38.2117686207114,287.720384660508,92.4449462551364
410,710000,1,1,360.419650095203,30.3407160750469,296.109079816864,89.5847040128858
411,711000,1,1,370.686481092365,26.7704866603696,289.696673475462,89.3005087718032
412,712000,1,1,362.602037621409,30.4810533253899,288.133441415765,95.237617637436
413,713000,1,1,356.373407176556,33.2689617156781,294.253618303518,92.5581628042474
414,714000,1,1,360.967010490796,32.3739802896306,299.160851207643,83.95230801193
415,715000,1,1,362.052517436943,35.5483425816899,282.488950418014,96.3643395633527
416,716000,1,1,365.739567907528,33.1605189814943,282.36034207228,95.1937210386981
417,717000,1,1,363.320770457909,32.1391197400466,291.833264473566,89.160995328479
418,718000,1,1,358.481356725482,30.8689202979624,301.221493195987,85.882379780569
419,719000,1,1,366.202253293887,33.3796203050098,294.580434157528,82.2918422435754
420,720000,1,1,363.716898670593,34.7135255416434,286.599405140043,91.4243206477208
421,721000,1,1,364.191272361157,29.280319093282,298.743599602703,84.238958942858
422,722000,1,1,368.672954160225,32.6432789994052,286.772844576541,88.3650722638287
423,723000,1,1,354.988457176106,32.8162958023618,302.070747719819,86.5786493017128
424,724000,1,1,368.177033858418,31.4695186610306,287.121678273628,89.6859192069241
425,725000,1,1,365.555482292445,33.3651101062427,282.609380865107,94.9241767362054
426,726000,1,1,354.203715128593,38.0933880830225,295.20018530642,88.9568614819649
427,727000,1,1,368.115876982976,32.6262636192792,289.882460711654,85.8295486860906
428,728000,1,1,371.273181071683,27.4742483505712,292.184430025327,85.5222905524183
429,729000,1,1,354.100077573873,33.151202691839,304.93593206675,84.2669376675384
430,730000,1,1,363.399415506084,29.0165195255149,284.260185982107,99.778028986294
431,731000,1,1,360.956711174244,31.3892065691299,297.145570696507,86.9626615601194
432,732000,1,1,365.038210216153,29.2957885212165,298.201860447432,83.9182908151988
433,733000,1,1,365.640317016452,30.6978213437827,291.854445462938,88.2615661768272
434,734000,1,1,362.596471904857,33.102695153911,297.373781027075,83.3812019141561
435,735000,1,1,362.477595830325,25.5911340496037,305.465527208229,82.9198929118424
436,736000,1,1,367.167751921611,30.6709190069731,299.812772609579,78.8027064618366
437,737000,1,1,366.740040877044,31.0292618170025,296.820953594471,81.8638937114824
438,738000,1,1,354.040945913212,33.9988096003907,302.001731896135,86.4126625902623
439,739000,1,1,362.45420827965,29.4974109697308,291.826598732783,92.6759320178359
440,740000,1,1,372.315020682971,24.6063148674657,294.527804672052,85.0050097775116
441,741000,1,1,360.241622286505,32.211636276571,288.764924961269,95.2359664756547
442,742000,1,1,364.319944898451,30.2787417235151,282.344763120452,99.5107002575822
443,743000,1,1,349.604410958555,33.1635147007466,305.484151151427,88.2020731892717
444,744000,1,1,362.571452956437,33.3132835701497,282.783096822459,97.7863166509542
445,745000,1,1,356.083742231356,34.0627897129257,295.636383583928,90.6712344717903
446,746000,1,1,356.18699855999,27.8501079470118,295.547527487524,96.8695160054742
447,747000,1,1,361.79405233165,33.2496516900252,285.542718594292,95.8677273840335
448,748000,1,1,369.587937371778,27.275561052066,284.188429817219,95.4022217589371
449,749000,1,1,359.719051932683,30.2502741814107,298.1901297477,88.294694138207
450,750000,1,1,363.409915640613,33.2655618682493,291.164513908782,88.6141585823556
451,751000,1,1,362.604968917028,32.2092354316545,289.748554449627,91.8913912016899
452,752000,1,1,365.490695394908,32.3127146889763,285.567693984616,93.0830459315
453,753000,1,1,367.890748132035,34.1736934511327,286.910029174876,87.4796792419568
454,754000,1,1,365.773777868839,31.2653793721682,293.247534839503,86.1674579194898
455,755000,1,1,361.856620899953,35.7328486502485,289.833945047924,89.0307354018746
456,756000,1,1,366.478030158939,29.1134161936476,290.375427372934,90.4872762744799
457,757000,1,1,354.788173161095,35.4179591958565,299.747795269943,86.5002223731053
458,758000,1,1,367.801857257063,25.9357415401442,290.582108888391,92.1344423144023
459,759000,1,1,355.406796700291,36.2757397219591,295.093042947147,89.6785706306032
460,760000,1,1,362.445191058672,31.5089680149125,282.274465230517,100.225525695898
461,761000,1,1,364.921343053962,31.9698628893373,288.384322743587,91.1786213131131
462,762000,1,1,360.038556507277,37.6267922310068,288.034139831463,90.7546614302535
463,763000,1,1,359.76834580673,30.7153190955087,303.122864370401,82.84762072736
464,764000,1,1,358.374978481614,34.4053779873248,300.338647841695,83.3351456893662
465,765000,1,1,369.530044165687,24.5639003133284,296.543312684109,85.8168928368759
466,766000,1,1,357.704393033367,34.2575603684343,294.009708597116,90.4824880010825
467,767000,1,1,361.496407869794,27.8510653522687,288.26715962281,98.8395171551277
468,768000,1,1,361.465778267936,35.7482227741075,297.35918379663,81.8809651613264
469,769000,1,1,358.376765392664,36.960784460479,288.164665177356,92.9519349695002
470,770000,1,1,360.144070867115,29.940915110125,293.957014544584,92.4121494781754
471,771000,1,1,365.684441552624,31.7125305627554,286.002542856697,93.054635027924
472,772000,1,1,358.790372242378,35.9941032671808,285.676717190954,95.9929572994868
473,773000,1,1,368.588441526337,24.0347630988364,292.421552510378,91.4093928644494
474,774000,1,1,360.016196919426,34.5030897117333,296.130159830415,85.8047035384256
475,775000,1,1,365.264748248884,33.3846707515148,293.904333204167,83.9003977954342
476,776000,1,1,354.694234920537,32.579830959023,296.632176271066,92.547907849374
477,777000,1,1,356.914877654826,32.1581024683436,302.931391012707,84.4497788641239
478,778000,1,1,368.996354815081,30.9891112522057,287.45054684491,89.0181370878039
479,779000,1,1,367.675253756482,26.3607095858884,292.266578571238,90.1516080863912
480,780000,1,1,364.977247121341,26.1768862896994,296.795566407128,88.5044501818311
481,781000,1,1,360.705992552016,31.2277336700825,289.750616952961,94.7698068249404
482,782000,1,1,369.967954596675,30.327309455703,289.767882491129,86.3910034564925
483,783000,1,1,359.161093040815,39.1823086153354,274.176693491214,103.934054852636
484,784000,1,1,353.267016396282,33.8443240945489,307.618411723842,81.724397785327
485,785000,1,1,359.435610374449,34.5126702878701,292.853884164001,89.65198517368
486,786000,1,1,372.197042701961,24.2450161720607,288.693953515479,91.3181376104987
487,787000,1,1,353.649938763702,32.6448308177563,307.970396348917,82.1889840696244
488,788000,1,1,355.884817988056,35.6728439567229,295.167431158354,89.7290568968664
489,789000,1,1,366.803643399062,29.8844754992499,285.277158597083,94.4888725046056
490,790000,1,1,351.916137152745,41.0475473873175,284.164323510978,99.3261419489594
491,791000,1,1,357.54678228753,35.0351239829732,283.61652946309,100.255714266407
492,792000,1,1,367.629698625806,32.1646146203191,287.990121309678,88.6697154441968
493,793000,1,1,363.841018463529,34.2082657215037,293.479361667684,84.9255041472837
494,794000,1,1,352.513061129412,36.3388762541845,298.088452690661,89.5137599257423
495,795000,1,1,355.061884608336,31.6831668504361,301.489814206393,88.219284334835
496,796000,1,1,364.443849615079,35.7389447806094,280.985839662963,95.2855159413491
497,797000,1,1,357.371789253409,26.8256175709319,301.533867167043,90.7228760086157
498,798000,1,1,365.489531703552,25.9209304173965,303.976045310908,81.0676425681429
499,799000,1,1,364.473441131017,31.2676309232545,293.321783065545,87.3912948801839
500,800000,1,1,369.098259084223,31.3387247534121,297.778444071083,78.2387220912816
501,801000,1,1,364.750963255092,30.2913195098966,284.967245580515,96.4446216544959
502,802000,1,1,361.815489320308,35.8403109989725,284.985183400769,93.8131662799505
503,803000,1,1,367.323692026776,29.3917591294644,295.87596881648,83.86273002728
504,804000,1,1,365.607205584741,33.3796792056866,289.291250866002,88.1760143435707
505,805000,1,1,351.189277971634,34.8545123295752,303.769468330011,86.6408913687798
506,806000,1,1,364.677512089227,30.3200862718461,290.83294161738,90.6236100215469
507,807000,1,1,352.788604940934,34.8439747406675,305.293907106649,83.527663211749
508,808000,1,1,357.14456878287,35.9049743074826,298.123868860981,85.2807380486665
509,809000,1,1,353.507639920328,34.3083924706953,299.343511567616,89.2946060413604
510,810000,1,1,364.543625410246,30.7133884802388,275.780587280369,105.416548829146
511,811000,1,1,366.010739166202,31.3799827412784,295.133911254026,83.9295168384934
512,812000,1,1,360.357135499179,32.6052854141408,284.74377967634,98.7479494103396
513,813000,1,1,354.064733611068,36.1591526218353,301.779006487313,84.451257279784
514,814000,1,1,362.467026789212,27.5313420252135,288.880989726488,97.5747914590862
515,815000,1,1,364.244129209461,24.6067361967264,302.092774717311,85.5105098765014
516,816000,1,1,368.584903854836,34.3075144313993,287.003186894814,86.5585448189502
517,817000,1,1,359.046462572228,33.4013945529263,296.146123652928,87.8601692219177
518,818000,1,1,372.248027885882,29.2114858872876,290.009958910247,84.9846773165835
519,819000,1,1,358.755283843096,34.1268550898462,292.78197431888,90.7900367481774
520,820000,1,1,362.031681817333,31.2903237573193,292.746998216035,90.3851462093124
521,821000,1,1,365.551006465177,30.1642195183888,293.504653592467,87.2342704239673
522,822000,1,1,360.873450359239,30.5550827506733,299.705117751853,85.3204991382347
523,823000,1,1,363.433490897838,34.7668968661602,289.322332697579,88.9314295384231
524,824000,1,1,357.787820579083,31.0141320789982,286.085005102799,101.567192239119
525,825000,1,1,354.033583525102,38.5914852194837,287.828716653242,96.0003646021721
526,826000,1,1,357.340586963197,32.5227931986287,294.472008261423,92.1187615767517
527,827000,1,1,365.266766963203,33.153473675681,283.758120930343,94.2757884307737
528,828000,1,1,361.179898565152,36.6101508552686,298.215368325846,80.4487322537338
529,829000,1,1,370.82114802907,27.7672828333177,294.710801163235,83.1549179743779
530,830000,1,1,360.099364228974,31.8117583132337,299.527562729458,85.0154647283344
531,831000,1,1,361.674293568691,32.3274857709486,297.731836713595,84.720533946765
532,832000,1,1,364.668102452798,32.2414301460807,288.833386451504,90.711230949617
533,833000,1,1,365.363715257775,26.9460130294828,290.935541699743,93.2088800129992
534,834000,1,1,356.924821501394,34.208017670012,295.657690686438,89.6636201421564
535,835000,1,1,362.463222532552,31.427455265754,284.157124270749,98.4063479309456
536,836000,1,1,362.705240219294,30.8854596068364,290.039236323356,92.824213850514
537,837000,1,1,360.826947530242,39.7371524448182,287.112430164045,88.7776198608944
538,838000,1,1,365.399793833526,30.3553398580264,291.085038268853,89.613978039595
539,839000,1,1,360.896513871391,30.0907237963162,289.527427243955,95.9394850883374
540,840000,1,1,358.346325105126,31.3856987756112,292.659014439504,94.0631116797588
541,841000,1,1,358.422931367676,32.0325351282124,298.028337210979,87.9703462931326
542,842000,1,1,358.674516145163,35.1665989603935,293.27725096912,89.3357839253231
543,843000,1,1,358.664933556129,30.635271144968,301.268736041768,85.8852092571352
544,844000,1,1,367.518105429467,33.0121203203704,291.056819330227,84.8671049199362
545,845000,1,1,354.712326092999,34.7663824846933,299.000294979161,87.9751464431473
546,846000,1,1,356.375001556831,36.2087973237946,288.567586453571,95.3027646658033
547,847000,1,1,359.235767049074,30.7100359681478,294.585764715627,91.9225822671516
548,848000,1,1,374.221330817863,26.4105697892715,286.10336668725,89.7188827056159
549,849000,1,1,360.718345228983,30.9476192253578,297.541273182879,87.24691236278
550,850000,1,1,362.613739413279,35.2031858357248,286.174382203472,92.4628425475248
551,851000,1,1,353.847714075213,35.1810474583869,291.864728783796,95.5606596826042
552,852000,1,1,362.662388311096,33.4885508480215,278.65541118052,101.647799660363
553,853000,1,1,361.279729139168,32.3855813670834,293.410633925124,89.3782055686241
554,854000,1,1,366.302322512803,27.8911957903479,293.077862007208,89.1827696896406
555,855000,1,1,368.008568835787,26.9699684234565,292.762983905818,88.7126288349385
556,856000,1,1,363.195089235118,33.8096141966296,284.438624172138,95.0108223961137
557,857000,1,1,359.271258200116,38.058210316189,285.657932449483,93.4667490342116
558,858000,1,1,363.873277561014,29.169356734829,296.524085821894,86.8874298822624
559,859000,1,1,363.629010882704,31.5368842851236,290.931183661232,90.3570711709397
560,860000,1,1,356.28340117769,34.9057323122803,298.170026766787,87.094989743243
561,861000,1,1,362.071124613483,29.2144597449966,301.724718712875,83.4438469286451
562,862000,1,1,355.106779702343,35.9928131026238,294.165399043033,91.1891581519999
563,863000,1,1,358.113622505816,33.9705132606272,295.484921879492,88.8850923540651
564,864000,1,1,363.666104415801,34.0202721342702,291.344116824689,87.4236566252393
565,865000,1,1,363.160805846894,30.54432043373,302.281973829726,80.4670498896505
566,866000,1,1,360.135560573083,30.6369881019066,289.861262336503,95.820338988507
567,867000,1,1,364.774659612635,30.606275903141,288.241519815508,92.8316946687154
568,868000,1,1,358.191970435845,35.7071270972693,300.137607607502,82.4174448593839
569,869000,1,1,359.148571810222,35.9696641973842,285.036236092034,96.2996779003605
570,870000,1,1,358.02732217797,38.3969251371747,293.167446284213,86.8624564006418
571,871000,1,1,355.196771064383,35.8643085981499,282.49896454432,102.894105793147
572,872000,1,1,357.653681190149,36.4229466461005,296.153277839924,86.2242443238271
573,873000,1,1,380.258486534838,24.3830232384699,283.943218684582,87.8694215421105
574,874000,1,1,360.360981490922,30.412372493121,302.472234884487,83.20856113147
575,875000,1,1,364.775866159683,32.9277342560733,289.324789802045,89.4257597821985
576,876000,1,1,361.378013379743,29.2525401115446,296.756851791273,89.066744717439
577,877000,1,1,362.548312077381,31.7904115964925,300.882954060764,81.2324722653624
578,878000,1,1,361.073294568942,32.9942815016102,288.829209695809,93.557364233639
579,879000,1,1,360.35104447747,36.9687260921509,285.080239965333,94.0541394650459
580,880000,1,1,361.810456288011,28.6262144943109,294.758590672446,91.258888545232
581,881000,1,1,355.882667282467,36.993377930343,295.663325322842,87.9147794643483
582,882000,1,1,364.872584693628,26.4533751484836,293.403576640217,91.7246135176718
583,883000,1,1,363.546966717325,37.8910871116387,291.768335768301,83.2477604027357
584,884000,1,1,351.439593939837,35.6796757201967,292.555666772632,96.7792135673345
585,885000,1,1,361.791450382868,27.8107931339529,295.254255025244,91.5976514579351
586,886000,1,1,364.473386116241,30.7696186553347,289.724986176203,91.4861590522217
587,887000,1,1,361.665390763847,33.0207010837842,287.613439437441,94.1546187149277
588,888000,1,1,361.566057287063,35.0297777249341,295.661507508842,84.1968074791605
589,889000,1,1,348.495741740009,35.8849797069995,300.203950492057,91.869478060935
590,890000,1,1,363.887997124527,31.8901944171084,284.496039996153,96.179918462212
591,891000,1,1,360.42872020481,28.6663175133003,296.123137276257,91.2359750056325
592,892000,1,1,352.424038411676,39.8786094408292,285.973595995262,98.1779061522332
593,893000,1,1,357.307699308646,30.4479842731739,302.22071221384,86.4777542043394
594,894000,1,1,358.394690111128,30.8947347903169,299.544728103983,87.6199969945726
595,895000,1,1,366.093491477493,27.6015152255621,298.431541412676,84.3276018842691
596,896000,1,1,359.75692979677,37.9554568454107,297.538388163512,81.2033751943067
597,897000,1,1,362.839430744226,27.7965408070756,291.889647556337,93.9285308923616
598,898000,1,1,360.531219494274,40.4358534313158,289.314215140095,86.1728619343157
599,899000,1,1,362.579317550549,31.3149069012381,292.853028148526,89.7068973996873
600,900000,1,1,351.495458797752,33.1183163223031,300.400099199968,91.4402756799772
601,901000,1,1,368.754195182881,30.488130702927,275.104337936521,102.10748617767
602,902000,1,1,363.679805179769,34.4221458861665,291.179330613191,87.1728683208734
603,903000,1,1,368.0465772087,30.0156580561629,298.033554593738,80.3583601413995
604,904000,1,1,355.846514630163,32.3964620149424,299.293937108405,88.9172362464898
605,905000,1,1,365.294012027008,29.0507679176614,295.495929084505,86.6134409708258
606,906000,1,1,364.676482134859,28.332040192729,296.025327208431,87.4203004639813
607,907000,1,1,359.588349716834,34.4309571470264,292.319289044751,90.1155540913892
608,908000,1,1,366.548791112497,31.9885196223096,283.015154591457,94.9016846737368
609,909000,1,1,365.883852604917,27.9598985971594,295.810168271023,86.8002305269003
610,910000,1,1,346.481131101621,35.6925827656874,305.662748002425,88.6176881302668
611,911000,1,1,362.273566708611,28.1956153898556,298.516547288326,87.4684206132071
612,912000,1,1,355.535219539746,35.9445668907173,288.847639457849,96.1267241116875
613,913000,1,1,369.603241970835,29.0190720980032,288.544144638557,89.2876912926054
614,914000,1,1,369.757543363149,31.9924140777906,282.405968378346,92.2982241807145
615,915000,1,1,361.755768753507,32.4393027782879,284.464395976833,97.7946824913725
616,916000,1,1,356.746778498511,35.7322685043504,292.80603903188,91.1690639652579
617,917000,1,1,357.895215119513,29.0903884455821,299.499452529808,89.9690939050965
618,918000,1,1,352.128939690653,43.5518626558846,285.797104620306,94.9762430331569
619,919000,1,1,361.182613785256,30.2623984283487,291.821907563437,93.187230222959
620,920000,1,1,369.361802424771,28.3829221051905,286.725871624138,91.9835538459005
621,921000,1,1,366.090931013403,31.329415819759,288.503030498812,90.530772668026
622,922000,1,1,364.375543723178,26.2520934503056,301.394483000996,84.4320298255199
623,923000,1,1,353.432416661913,34.6549934001964,296.411939101616,91.9548008362746
624,924000,1,1,358.804385329577,34.8945690331669,291.867243153201,90.8879524840546
625,925000,1,1,373.329518366789,28.9562375082529,293.290511964537,80.8778821604206
626,926000,1,1,368.53599259261,29.1424995172527,279.226908374909,99.5487495152282
627,927000,1,1,380.229310683502,22.6508522010622,288.409225740058,85.1647613753782
628,928000,1,1,360.591596296019,30.2168491165403,298.052397521161,87.5933070662793
629,929000,1,1,364.668841059955,37.2623888945884,285.439136205853,89.083783839603
630,930000,1,1,360.138837965505,39.7718665448241,289.142044607242,87.401400882429
631,931000,1,1,360.08688122112,33.8774115965884,292.328399529732,90.1614576525592
632,932000,1,1,365.330294591896,32.3905700126551,294.096388526356,84.6368968690934
633,933000,1,1,367.226867789646,28.9569742376966,288.926207455702,91.3441005169558
634,934000,1,1,361.614217074176,36.0177484431727,288.612919273892,90.2092652087591
635,935000,1,1,367.930203019754,28.9970635688949,289.62159378745,89.9052896239007
636,936000,1,1,352.664386407709,38.0336478430633,292.97551825457,92.7805974946571
637,937000,1,1,356.459043906283,37.4987729599654,289.603003697249,92.8933294365029
638,938000,1,1,357.416125161917,33.6987042038235,302.858452835003,82.4808677992569
639,939000,1,1,361.393597117237,32.3957364825371,297.708767535288,84.9560488649378
640,940000,1,1,360.079687395429,29.740043226948,293.682317187886,92.9521021897371
641,941000,1,1,348.117472677041,37.4795399104149,296.187349335537,94.6697880770074
642,942000,1,1,363.217745349914,33.848726193605,287.128711463055,92.2589669934264
643,943000,1,1,364.59745861667,29.3918039670449,295.540086330039,86.9248010862466
644,944000,1,1,360.071638108895,32.9497390279978,286.741958103265,96.6908147598418
645,945000,1,1,362.319411468461,30.366935310331,297.790503031632,85.9773001895759
646,946000,1,1,362.921635258081,31.4555386297976,285.556795492745,96.5201806193763
647,947000,1,1,358.56314401377,34.5724476087936,294.075427634266,89.2431307431707
648,948000,1,1,359.307406370719,33.126413327026,295.992948302353,88.0273819999014
649,949000,1,1,359.436690679981,39.1485630301468,285.218603054337,92.6502932355349
650,950000,1,1,363.912196717139,31.3519434504882,295.928239984858,85.2617698475142
651,951000,1,1,370.28320660257,24.6051682778026,300.695687532276,80.8700875873515
652,952000,1,1,365.464978663661,27.7223948702059,295.371479636162,87.8952968299711
653,953000,1,1,365.792273336888,29.4437980983828,296.386026564537,84.8320520001913
654,954000,1,1,367.338783941501,29.5726276135145,299.39703968888,80.1456987561043
655,955000,1,1,363.883105946421,25.9971157435553,300.899063452835,85.6748648571885
656,956000,1,1,368.326215300583,28.5066377092364,286.519975817112,93.1013211730686
657,957000,1,1,365.403726982499,27.0220319252954,295.385923684144,88.6424674080613
658,958000,1,1,364.565934590232,32.7264227345752,286.645009581057,92.5167830941366
659,959000,1,1,350.16282236677,35.7570614646941,292.802129782419,97.7321363861169
660,960000,1,1,362.043365730589,31.6623160841218,297.95499742154,84.7934707637498
661,961000,1,1,355.228364079654,38.3889923170468,290.61080084536,92.2259927579394
662,962000,1,1,356.491741448178,33.6443210617173,291.180243084615,95.1378444054892
663,963000,1,1,365.014483182066,27.7217111396029,301.102121292556,82.6158343857748
664,964000,1,1,364.466640037437,29.6080723166995,290.490271038828,91.8891666070354
665,965000,1,1,363.932659749798,30.9523410771582,296.681581687665,84.887567485378
666,966000,1,1,355.775814105402,39.3199655056832,287.440784582638,93.9175858062774
667,967000,1,1,360.806815869077,27.7846944148582,299.348042545678,88.5145971703868
668,968000,1,1,351.82528900709,33.8551430336132,306.24831524072,84.5254027185758
669,969000,1,1,350.873783550093,30.4905512843471,306.485457720529,88.604357445031
670,970000,1,1,362.558500448277,27.5552964244218,298.345430302374,87.9949228249274
671,971000,1,1,356.297005465932,32.6249772163519,300.181804632063,87.3503626856528
672,972000,1,1,362.727375105464,27.2372179532074,299.620999022632,86.8685579186968
673,973000,1,1,361.389995326068,36.7594841743841,283.408129415944,94.8965410836043
674,974000,1,1,357.307296255926,32.9523947940217,297.572549174909,88.6219097751425
675,975000,1,1,359.553715057234,35.052342491916,287.440185566846,94.4079068840043
676,976000,1,1,355.117523347991,30.5574725125835,297.679526084468,93.0996280549569
677,977000,1,1,368.540273897254,26.5183826238269,289.055451041147,92.340042437772
678,978000,1,1,348.206532143018,39.7688433288283,294.161413543501,94.3173609846528
679,979000,1,1,363.233232929897,31.0063646670806,302.633124752299,79.581427650724
680,980000,1,1,360.368539613985,29.5382092904649,293.305737782807,93.2416633127432
681,981000,1,1,365.422256363485,29.3924764051476,291.941997264009,89.6974199673585
682,982000,1,1,362.585462170354,29.2296972596329,290.990524803273,93.6484657667408
683,983000,1,1,356.895684112829,37.2509692583155,291.833606047057,90.4738905817991
684,984000,1,1,360.978345839988,34.5512755040904,292.484085165876,88.4404434900453
685,985000,1,1,365.387115104222,31.8283141124585,289.464091710202,89.7746290731179
686,986000,1,1,370.955459661356,26.3111029771417,291.954635149505,87.232952211997
687,987000,1,1,352.78955049418,34.5174029489566,296.514401661323,92.6327948955406
688,988000,1,1,358.84094709292,30.4472991099273,291.351980612263,95.8139231848901
689,989000,1,1,369.552686251855,30.1409410954563,288.040222487641,88.7203001650474
690,990000,1,1,361.892914335138,31.5403189242459,289.143048648458,93.8778680921583
691,991000,1,1,365.416224581011,27.3350970444843,298.307597016926,85.3952313575787
692,992000,1,1,364.024848539965,24.6146059765502,304.089498229447,83.7251972540384
693,993000,1,1,363.754455465182,26.730415473148,291.028032380963,94.941246680707
694,994000,1,1,355.643672489262,31.5698267588134,299.30652127374,89.9341294781839
695,995000,1,1,355.542234458559,40.9263983926311,292.474487519368,87.5110296294421
696,996000,1,1,373.95674825603,30.0148907942014,282.894189411931,89.5883215378377
697,997000,1,1,367.148286956461,34.5268159693441,291.78246066318,82.9965864110156
698,998000,1,1,364.178021974306,25.5977427867553,301.9989271195,84.6794581194383
699,999000,1,1,360.004297903809,36.4392489701074,300.284116852851,79.7264862732327
700,1000000,1,1,369.025020633194,25.3981469475956,305.622757156372,76.4082252628384
701,1001000,1,1,365.25995881918,32.4850933239386,286.872331238567,91.8367666183141
702,1002000,1,1,360.008151081584,37.8437430604932,292.329077822851,86.2731780350725
703,1003000,1,1,368.424179330675,28.4519643748989,288.922925863363,90.6550804310625
704,1004000,1,1,365.022608122283,29.5845131395698,291.289068431749,90.5579603063981
705,1005000,1,1,354.950081424961,32.3375355039348,300.663139000514,88.5033940705905
706,1006000,1,1,363.220474309211,32.4017997944455,295.109052217629,85.7228236787148
707,1007000,1,1,363.367693152391,30.6207181786146,296.336257069761,86.1294815992336
708,1008000,1,1,364.787629080043,29.0086001440977,299.009015837183,83.6489049386763
709,1009000,1,1,361.370744704636,31.5146876982945,293.724943382348,89.8437742147215
710,1010000,1,1,357.622110460467,35.5748877815101,293.703295998952,89.5538557590702
711,1011000,1,1,371.098522334914,27.1216895961161,291.465520617683,86.768417451287
712,1012000,1,1,359.347142065167,29.8018336420357,291.087412705585,96.2177615872132
713,1013000,1,1,361.562970895657,33.966013720762,290.868061100321,90.0571042832608
714,1014000,1,1,363.57109923908,32.5138073261019,289.63995896266,90.7292844721587
715,1015000,1,1,368.194629314921,29.0713743726266,286.58246712116,92.605679191292
716,1016000,1,1,356.268328316936,37.7540586315856,287.200497704662,95.2312653468165
717,1017000,1,1,366.309483803407,34.0575637877408,291.039571280519,85.047531128333
718,1018000,1,1,361.959189641217,36.9740856837077,274.729372288977,102.791502386098
719,1019000,1,1,356.340210145894,34.0113331342807,305.328311435372,80.7742952844535
720,1020000,1,1,366.282744026807,31.8122982887273,286.006217358391,92.3528903260745
721,1021000,1,1,358.279206112418,31.146351613726,296.82192016797,90.2066721058851
722,1022000,1,1,351.32716823777,34.3035103769808,301.268096932031,89.5553744532177
723,1023000,1,1,364.288926966403,34.2009067112236,293.201366860258,84.7629494621152
724,1024000,1,1,365.28454831896,27.86725547082,292.87984329506,90.4225029151594
725,1025000,1,1,364.299505152597,35.9129216720835,287.344154359493,88.8975688158263
726,1026000,1,1,363.772342584776,32.8315566840692,284.081338369881,95.7689123612737
727,1027000,1,1,367.469026250722,29.909352137506,283.583116154431,95.4926554573406
728,1028000,1,1,358.465989296513,31.4213528541048,298.666743402818,87.9000644465642
729,1029000,1,1,360.485166176516,27.0726610408997,301.277931690014,87.6183910925696
730,1030000,1,1,360.5769622424,35.9133536438237,292.170559553574,87.7932745602021
731,1031000,1,1,351.906198356893,34.088803669598,303.946814562569,86.5123334109398
732,1032000,1,1,357.768153389691,35.4249539884876,289.722572510131,93.5384701116902
733,1033000,1,1,365.158078258697,32.2211884504342,294.937579554659,84.1373037362096
734,1034000,1,1,363.011025455583,32.7803374207975,294.736632207941,85.9261549156783
735,1035000,1,1,366.04846012372,30.8549483485057,283.316894088052,96.2338474397217
736,1036000,1,1,361.423884149795,29.1306444367929,293.572833887792,92.3267875256201
737,1037000,1,1,362.905281514013,37.2994808598087,288.313922497056,87.9354651291222
738,1038000,1,1,356.052653236117,37.1098415687635,299.356232210569,83.9354229845503
739,1039000,1,1,359.590420393891,37.3467999418152,296.351654823294,83.1652748409999
740,1040000,1,1,363.560248551372,31.4038621419992,289.593424048163,91.8966152584659
741,1041000,1,1,371.651255132922,28.3514693702524,280.786121593135,95.6653039036906
742,1042000,1,1,359.019038271765,33.6235482410753,300.794168650631,83.0173948365291
743,1043000,1,1,365.453052931931,27.0618074746907,293.53450009385,90.4047894995285
744,1044000,1,1,352.891436161009,36.6895281415343,294.078256971727,92.7949287257296
745,1045000,1,1,361.814553686633,32.674930454935,293.850325151025,88.1143407074066
746,1046000,1,1,358.37784181447,29.3324522743579,295.574417934229,93.1694379769432
747,1047000,1,1,363.311410846274,34.6700385203254,284.455792648067,94.0169079853338
748,1048000,1,1,370.23652233711,27.705781664897,290.917850294271,87.5939957037222
749,1049000,1,1,373.702636370143,24.3723233951574,291.576385421769,86.8028048129302
750,1050000,1,1,372.539100884018,34.4808587402924,274.884301404116,94.5498889715731
751,1051000,1,1,358.704917719231,33.8314408752999,296.098805633222,87.8189857722473
752,1052000,1,1,359.159047953109,34.3097946748066,281.283076777654,101.70223059443
753,1053000,1,1,362.547727804776,34.0521916062522,287.667652242403,92.1865783465686
754,1054000,1,1,359.872818639988,32.6685508866509,286.909142253969,97.0036382193913
755,1055000,1,1,360.924418901034,31.6433549957014,298.277797404883,85.6085786983816
756,1056000,1,1,355.515346926734,33.9574818246903,292.891827938358,94.0894933102174
757,1057000,1,1,357.230218711549,33.1023276563139,300.203292106414,85.9183115257239
758,1058000,1,1,365.793118433028,32.866199502421,288.800695480998,88.9941365835527
759,1059000,1,1,359.445595908098,28.7540886600222,290.101357274805,98.1531081570741
760,1060000,1,1,358.123845856014,35.9277031118175,282.567643453526,99.8349575786418
761,1061000,1,1,357.328018371846,29.7756939218289,304.59642211579,84.7540155905354
762,1062000,1,1,356.648871350267,29.1667505721986,298.511882558564,92.1266455189696
763,1063000,1,1,365.184590094529,34.9903385976899,282.757228291103,93.5219930166779
764,1064000,1,1,369.757195515037,31.3268972561144,286.744586046066,88.6254711827826
765,1065000,1,1,357.601134845513,35.8439002051377,288.372278148424,94.6368368009251
766,1066000,1,1,362.511227223171,32.9454797563936,293.54760049766,87.4498425227753
767,1067000,1,1,363.123604645075,32.7080636834032,293.975287552911,86.6471941186101
768,1068000,1,1,363.535657874202,33.5345712998214,292.344160703693,87.0397601222835
769,1069000,1,1,371.106490248438,26.6961823408639,291.702433030395,86.9490443803025
770,1070000,1,1,357.751315642276,34.4958007602836,293.156627243792,91.0504063536479
771,1071000,1,1,365.447038251632,32.4120613791349,283.769817044766,94.8252333244671
772,1072000,1,1,359.533066278229,35.7342963751766,289.439477553643,91.747309792951
773,1073000,1,1,370.204580086258,26.2769525639214,293.884558185654,86.0880591641662
774,1074000,1,1,356.821028741363,31.8283227073504,294.945462417268,92.859336134019
775,1075000,1,1,354.937501961966,33.8556442618958,287.762032136627,99.8989716395114
776,1076000,1,1,366.294716275202,29.8902436527716,283.735925400764,96.5332646712627
777,1077000,1,1,356.847748007527,38.5647972984154,299.41549228872,81.6261124053376
778,1078000,1,1,366.115029419922,28.8360696315952,287.225885767112,94.277165181371
779,1079000,1,1,358.533327739227,33.2304162389075,293.637177564411,91.0532284574552
780,1080000,1,1,360.542229926191,30.5481254432911,294.556407434451,90.8073871960671
781,1081000,1,1,365.70430434619,27.9651832279727,307.399868857355,75.3847935684821
782,1082000,1,1,361.724970255599,29.1757352472758,297.178453984677,88.3749905124479
783,1083000,1,1,358.300146982544,31.1939995161599,294.851271548036,92.1087319532603
784,1084000,1,1,361.981982462197,36.2022638611757,286.520648690931,91.7492549856965
785,1085000,1,1,367.412493600264,37.5042482897835,285.216213121254,86.3211949886984
786,1086000,1,1,367.03938512026,31.112355775664,287.472672127876,90.8297369761995
787,1087000,1,1,359.603151150943,34.4572888289201,298.29663819801,84.0970718221269
788,1088000,1,1,357.545794241747,35.6313852908072,296.840550733663,86.4364197337827
789,1089000,1,1,365.570591831386,28.7626545046357,291.38799930801,90.7329043559681
790,1090000,1,1,365.553716819075,27.2085925996039,295.624004822807,88.0678357585145
791,1091000,1,1,366.043561200308,33.8032453480446,295.161725041293,81.4456184103545
792,1092000,1,1,370.660201881322,29.2412663781349,276.881237578029,99.6714441625139
793,1093000,1,1,361.511743390107,35.3569145178756,293.817911696881,85.7675803951366
794,1094000,1,1,361.387173674111,32.8760101984293,286.181315694189,96.0096504332711
795,1095000,1,1,355.367322918154,36.9600730986894,293.460785325586,90.6659686575708
796,1096000,1,1,360.507574097232,33.2745717926097,289.695505879405,92.9764982307524
797,1097000,1,1,359.673008185843,35.9672964751799,289.320075512126,91.4937698268512
798,1098000,1,1,364.373148222128,28.9638910581821,282.810594137414,100.306516582276
799,1099000,1,1,361.930729390615,39.3019666603843,285.5413945193,89.6800594297006
800,1100000,1,1,360.46348348409,32.2006622179644,298.033145338891,85.7568589590544
801,1101000,1,1,360.798561258468,30.67203209303,303.052527571362,81.9310290771398
802,1102000,1,1,349.85042946012,41.8604816758785,294.035083901894,90.7081549621074
803,1103000,1,1,362.624268118469,32.3613627756652,294.2171715532,87.2513475526658
804,1104000,1,1,373.457685347272,24.0410959810068,292.273563916872,86.6818047548494
805,1105000,1,1,363.078691920385,30.174301106732,288.531837080742,94.6693198921413
806,1106000,1,1,362.062883663424,33.4074782774332,295.327304290138,85.6564837690049
807,1107000,1,1,352.038553721647,36.187798252657,298.787757823219,89.4400402024771
808,1108000,1,1,360.813438766191,34.7217093370685,287.731289050604,93.1877128461367
809,1109000,1,1,362.978335267723,30.7901002835688,280.41412097696,102.271593471748
810,1110000,1,1,362.636663107434,34.9846208984101,276.174487958662,102.658378035493
811,1111000,1,1,366.566409928205,31.3856052990745,287.762326410551,90.7398083621692
812,1112000,1,1,361.196265760602,31.9090387978345,290.996876606905,92.3519688346594
813,1113000,1,1,359.054517170076,33.6747395017043,292.154581461041,91.5703118671783
814,1114000,1,1,363.060473482618,26.1541219895999,300.045266472237,87.1942880555445
815,1115000,1,1,354.513726698944,35.6283012225362,298.634589689167,87.6775323893528
816,1116000,1,1,363.068354890481,29.353907036566,286.742198143476,97.2896899294771
817,1117000,1,1,368.645421193674,31.339862945426,288.18158412939,88.2872817315099
818,1118000,1,1,357.267525946059,37.0881415228354,293.1568414911,88.9416410400049
819,1119000,1,1,356.05175952913,36.425546528407,296.585859040301,87.3909849021613
820,1120000,1,1,364.109778936654,33.1457192560069,286.536800273399,92.6618515339404
821,1121000,1,1,364.349919566039,28.0528145228556,299.19081252952,84.8606033815856
822,1122000,1,1,356.249559632798,35.0199832753221,293.967155747151,91.2174513447289
823,1123000,1,1,362.10242069519,29.9901402340904,293.964490579624,90.3970984910955
824,1124000,1,1,363.35395162318,34.982479017625,285.480317826041,92.6374015331546
825,1125000,1,1,350.489779564183,34.9875816576949,302.661243167509,88.3155456106133
826,1126000,1,1,361.244997612527,34.370719027666,298.124465957811,82.7139674019968
827,1127000,1,1,363.002290328228,36.1120335863419,286.483373930322,90.8564521551082
828,1128000,1,1,368.426059802235,26.6198532419409,297.523669856737,83.8845670990873
829,1129000,1,1,362.330753040097,35.3374019055256,293.374038104115,85.4119569502626
830,1130000,1,1,380.796926490853,25.3309360144962,290.41107873707,79.915208757581
831,1131000,1,1,358.39028112787,28.4987526603402,297.502822910236,92.0622933015535
832,1132000,1,1,360.915952905418,32.4053649755359,297.293278017922,85.8395541011244
833,1133000,1,1,365.770439095743,35.1493066313364,280.011864786856,95.5225394860642
834,1134000,1,1,362.530629792396,29.2970013453668,299.940481315494,84.6860375467426
835,1135000,1,1,353.832619780864,32.097048728333,300.625670166945,89.8988113238584
836,1136000,1,1,355.119126630237,33.9776821289943,292.810387815302,94.546953425467
837,1137000,1,1,362.699535323537,32.9648082204492,291.185713138367,89.6040933176469
838,1138000,1,1,367.545226677522,29.1238239420594,294.19921309156,85.585886288858
839,1139000,1,1,354.621589998154,32.3415739953723,309.591024238717,79.899961767757
840,1140000,1,1,363.635994132122,34.5395869546092,284.321623908394,93.9569450048743
841,1141000,1,1,353.005748558227,36.7646164536265,292.643228036644,94.0405569515022
842,1142000,1,1,367.622301698437,32.7923313291013,285.230210482945,90.8093064895169
843,1143000,1,1,360.55291335593,28.3734580530157,288.811885088774,98.7158935022806
844,1144000,1,1,370.35637628695,30.2250526284114,292.166810677009,83.70591040763
845,1145000,1,1,366.510879603284,34.3811597533819,285.041969749123,90.5201408942104
846,1146000,1,1,367.757641639977,29.8802217530787,288.774451087603,90.0418355193409
847,1147000,1,1,364.511460037792,36.9374191863596,290.359156692759,84.646114083089
848,1148000,1,1,366.092945954753,23.5576783197732,294.027976961645,92.7755487638287
849,1149000,1,1,358.625667659025,28.2838698893631,300.851929353412,88.6926830982
850,1150000,1,1,359.967997510686,38.342065741837,285.117389975782,93.0266967716946
851,1151000,1,1,357.088877777218,33.8663223003225,299.173245883227,86.3257040392321
852,1152000,1,1,357.775787309954,37.4336484597346,294.378078528839,86.8666357014721
853,1153000,1,1,361.523387211868,30.0627682371462,293.338083413652,91.5299111373343
854,1154000,1,1,365.80818483761,35.9559336632699,288.538133427067,86.1518980720528
855,1155000,1,1,360.239704120878,34.0356393740774,292.796871561231,89.3819349438134
856,1156000,1,1,366.165178805949,31.6773917725253,292.713674220753,85.8979052007728
857,1157000,1,1,365.610997423957,34.5696088630208,287.566895270533,88.7066484424894
858,1158000,1,1,362.755933031404,32.21510318602,293.346478269337,88.1366355132396
859,1159000,1,1,362.63955721986,24.5523371650744,290.082603680693,99.1796519343728
860,1160000,1,1,356.80952793959,33.4567017906087,289.095798070774,97.0921221990273
861,1161000,1,1,359.773201381336,31.7385450161362,291.031440120275,93.9109634822534
862,1162000,1,1,356.789294404031,37.477845709196,278.901519865044,103.285490021729
863,1163000,1,1,360.253463494053,33.892324085767,292.611639680273,89.6967227399071
864,1164000,1,1,360.89473653252,35.682546307487,290.770132227741,89.1067349322521
865,1165000,1,1,362.977051523663,29.2603489871865,293.267911092151,90.9488383969992
866,1166000,1,1,359.884373915051,31.4084607075061,298.129401979868,87.0319133975753
867,1167000,1,1,364.381403027957,24.8942385657427,307.078393309529,80.1001150967716
868,1168000,1,1,365.907025620201,25.8308155997257,297.014543173618,87.7017656064554
869,1169000,1,1,366.121533922135,35.2264179459094,278.787294939384,96.3189031925717
870,1170000,1,1,370.318855876768,32.7009264890033,278.262046759844,95.1723208743843
871,1171000,1,1,364.518881875671,27.3170924243207,296.135229265276,88.4829464347324
872,1172000,1,1,355.727765037517,31.6579999990296,307.772187241315,81.2961977221383
873,1173000,1,1,360.20512430767,29.7358305575158,294.249849492245,92.2633456425699
874,1174000,1,1,365.289624755199,33.9883114709651,292.920553532961,84.2556602408754
875,1175000,1,1,370.897246824568,26.6519095830865,288.657068828445,90.2479247639006
876,1176000,1,1,350.584707617463,31.5269125918676,297.767218164486,96.5753116261833
877,1177000,1,1,359.916035248996,33.7044525439994,282.397593671556,100.436068535449
878,1178000,1,1,356.24628249794,29.109857704531,299.560117373819,91.5378924237097
879,1179000,1,1,363.592431459577,27.333899299397,307.681559068918,77.8462601721075
880,1180000,1,1,364.856932788828,32.1909290880849,286.904528420215,92.5017597028726
881,1181000,1,1,367.86171992178,27.7645801789023,288.899753365873,91.9280965334447
882,1182000,1,1,362.646071113788,26.4525711217823,282.829187385307,104.526320379123
883,1183000,1,1,368.690014747419,28.8576152210944,292.284745388447,86.62177464304
884,1184000,1,1,355.662113380345,35.0641749863128,288.55712317385,97.1707384594913
885,1185000,1,1,359.353869350279,33.7957919098263,301.350776844057,81.9537118958374
886,1186000,1,1,363.265406812716,32.3608939712012,296.875481832023,83.9523673840592
887,1187000,1,1,371.53011423151,26.9564417152192,286.122999428655,91.8445946246164
888,1188000,1,1,364.307951857154,29.7191045303828,287.487287736218,94.9398058762458
889,1189000,1,1,370.374668126245,26.5724481377318,287.018376159428,92.4886575765948
890,1190000,1,1,355.907079784003,33.6478101236215,294.035276919143,92.8639831732327
891,1191000,1,1,347.405074112684,31.8061070781788,299.237746815084,98.0052219940536
892,1192000,1,1,365.598706293574,32.2423797187776,289.218056540239,89.3950074474098
893,1193000,1,1,363.960981499071,28.817927015585,291.1303847886,92.5448566967442
894,1194000,1,1,355.661516127017,37.6491403508619,283.593013523707,99.5504799984139
895,1195000,1,1,364.498743001173,32.1786535250296,296.981792097548,82.7949613762502
896,1196000,1,1,357.472643776532,38.0951242590603,289.713595919173,91.1727860452351
897,1197000,1,1,359.086791006598,34.6789029127461,291.263246440727,91.425209639929
898,1198000,1,1,361.125341927169,32.6053183321926,293.854680200533,88.868809540105
899,1199000,1,1,365.73118802972,28.004030294471,289.54093472675,93.1779969490584
900,1200000,1,1,355.855074912089,30.8269400833481,302.50504059724,87.2670944073227
901,1201000,1,1,356.073899015272,36.7393992223698,295.415722268098,88.225129494261
902,1202000,1,1,362.889737685375,31.8971683108283,291.989575452362,89.6776685514345
903,1203000,1,1,360.598708002951,37.3494751280567,295.171790692913,83.3341761760792
904,1204000,1,1,360.238412909195,32.4114917876622,292.183126093131,91.6211192100117
905,1205000,1,1,359.154556375754,37.388872858844,288.721941098633,91.188779666769
906,1206000,1,1,357.611925665259,35.1185688349856,296.877960006849,86.8456954929057
907,1207000,1,1,368.839315438176,27.8436784310102,292.515335347269,87.2558207835455
908,1208000,1,1,364.766626397195,33.1908068251374,289.302526494416,89.1941902832519
909,1209000,1,1,358.811000859512,36.5089015970131,291.424712577635,89.7095349658404
910,1210000,1,1,368.449113359636,27.6758135535587,284.965190113565,95.3640329732404
911,1211000,1,1,367.496123695552,26.9594744609214,300.620182491221,81.3783693523061
912,1212000,1,1,371.615268935996,24.3833464820138,290.891245270806,89.5642893111839
913,1213000,1,1,353.232341161239,35.0833916606714,298.271552153182,89.866865024908
914,1214000,1,1,365.543146439158,35.1164800507447,293.411210635194,82.3833128749031
915,1215000,1,1,353.949181471743,34.8716051735326,289.642998106811,97.9903652479138
916,1216000,1,1,359.997179253204,33.7733084365438,295.399280898027,87.2843814122252
917,1217000,1,1,359.7771182069,30.2232622472671,293.875497822188,92.578271723645
918,1218000,1,1,359.403714728269,28.5677537094694,297.436881619751,91.0457999425098
919,1219000,1,1,369.505040895527,24.3092413803814,298.259817031892,84.3800506921999
920,1220000,1,1,365.103659227549,30.4451237402378,294.355525252899,86.5498417793146
921,1221000,1,1,361.442673744411,30.4595297045841,302.412234389503,82.1397121615018
922,1222000,1,1,353.450194587876,34.7928886763446,291.639924836396,96.5711418993837
923,1223000,1,1,355.829986512532,32.6259132082101,294.318832571348,93.6794177079093
924,1224000,1,1,353.103452819749,32.7902954156602,297.969272637028,92.5911291275632
925,1225000,1,1,364.409013692129,29.4164655786599,290.856167192436,91.7725035367755
926,1226000,1,1,358.991768173542,33.043097346335,294.037706788102,90.3815776920209
927,1227000,1,1,357.854293226552,32.7818064669377,297.77244732051,88.0456029860006
928,1228000,1,1,356.834259224108,25.6553368293981,300.91203634011,93.0525176063838
929,1229000,1,1,365.063096780685,29.0098504558978,293.330447784138,89.050754979279
930,1230000,1,1,358.109596310467,32.7188289220282,293.354194474697,92.2715302928079
931,1231000,1,1,356.937701503019,36.0923312790141,289.495285638954,93.9288315790132
932,1232000,1,1,362.454284010125,35.1114476305563,288.837674271785,90.0507440875339
933,1233000,1,1,355.515987745605,38.3876598788176,299.129631806731,83.4208705688469
934,1234000,1,1,359.809882230543,28.276912219199,298.57008882376,89.797266726498
935,1235000,1,1,357.339181353326,38.6731320155318,299.914536565901,80.5273000652418
936,1236000,1,1,355.82851498108,36.1684386683145,300.416913458369,84.0402828922368
937,1237000,1,1,367.966269955935,26.2741571524642,293.484781876769,88.7289410148318
938,1238000,1,1,370.428868174417,33.2388482815095,280.470384766496,92.3160487775784
939,1239000,1,1,362.2241002966,34.3147030317988,292.974716730545,86.9406299410561
940,1240000,1,1,364.076315935561,28.3304364103924,290.569871462157,93.4775261918896
941,1241000,1,1,365.045068227499,30.828771729621,288.430001572587,92.1503084702929
942,1242000,1,1,360.514410744286,36.4377777372523,277.860734956328,101.641226562133
943,1243000,1,1,355.742439100241,33.6004450158028,291.958559074511,95.1527068094446
944,1244000,1,1,354.951809975862,34.8532763424722,300.782330911037,85.866732770628
945,1245000,1,1,364.586585922314,31.3420296265087,285.765804187898,94.7597302632785
946,1246000,1,1,363.761390619379,33.4140122841785,287.829504392903,91.4492427035403
947,1247000,1,1,363.298712245804,24.6001686111463,306.696089225452,81.8591799175982
948,1248000,1,1,366.919755272768,32.3221664168071,288.925467696089,88.2867606143358
949,1249000,1,1,356.972234820757,36.3812676195918,285.956932208219,97.1437153514317
950,1250000,1,1,359.81857010679,35.0700042400287,292.816729669543,88.7488459836383
951,1251000,1,1,356.961940603116,34.566572857138,295.261135626203,89.664500913543
952,1252000,1,1,356.997022160032,38.0071456346713,286.70764718839,94.7423350169069
953,1253000,1,1,364.55827311225,26.4602541525595,291.575008554513,93.8606141806779
954,1254000,1,1,361.241376356712,32.7946842059889,291.853499369201,90.5645900680978
955,1255000,1,1,360.680141757929,31.328816989739,288.090365162967,96.354826089365
956,1256000,1,1,354.179020969456,34.46636310255,298.793417699415,89.0153482285792
957,1257000,1,1,381.567532595089,29.0944412911962,276.545219425758,89.2469566879571
958,1258000,1,1,357.864777617541,36.4931723699937,293.250486975646,88.8457130368194
959,1259000,1,1,361.12789288363,30.9076430702871,301.481076835007,82.9375372110762
960,1260000,1,1,372.503108913541,34.5793135314411,273.982907820197,95.3888197348209
961,1261000,1,1,362.897650356455,31.538202421574,296.49169497938,85.5266022425913
962,1262000,1,1,363.281118446037,30.2168190767427,291.388344137975,91.5678683392458
963,1263000,1,1,361.612999572092,33.5466828755371,298.867250527757,82.4272170246133
964,1264000,1,1,370.058206211369,29.2006950207133,285.908032262311,91.287216505607
965,1265000,1,1,356.237204000468,33.2695278005626,307.504122149434,79.4432960495356
966,1266000,1,1,363.290093836614,28.1670763141946,295.437523721797,89.5594561273942
967,1267000,1,1,361.65562614973,33.1143092819163,283.337150504721,98.3470640636327
968,1268000,1,1,358.211245053965,31.1583930790778,291.00650751164,96.078004355317
969,1269000,1,1,363.144532812089,29.5617212741535,292.457657881098,91.29023803266
970,1270000,1,1,359.301354095104,28.369598355231,289.232946275476,99.5502512741898
971,1271000,1,1,367.509305382713,34.7285408672317,288.69987026616,85.5164334838952
972,1272000,1,1,363.575610553585,23.5538275010858,301.785160318345,87.5395516269842
973,1273000,1,1,357.720797980235,32.6493991707261,292.895031059444,93.1889217895947
974,1274000,1,1,360.17574107284,34.9109420280364,294.505049963298,86.8624169358263
975,1275000,1,1,354.600325822428,33.1329628688611,298.621394185035,90.0994671236762
976,1276000,1,1,359.203308913677,27.9665731173524,300.144840404169,89.139427564801
977,1277000,1,1,360.070543256997,32.0465908156687,285.76392655403,98.5730893733036
978,1278000,1,1,359.336676234102,34.1719141342542,299.112521478477,83.8330381531673
979,1279000,1,1,361.190577976671,29.9889164400521,296.329505656313,88.9451499269636
980,1280000,1,1,352.691801534281,37.5656666126108,295.557100930971,90.6395809221378
981,1281000,1,1,352.934618765666,34.4287061898625,300.196559650013,88.8942653944576
982,1282000,1,1,367.966461212225,31.0760592157547,282.702203927949,94.7094256440718
983,1283000,1,1,356.325870045087,35.7505987423742,292.188885051554,92.1887961609844
984,1284000,1,1,363.916849823132,29.3875237499472,292.185352257481,90.9644241694398
985,1285000,1,1,358.689923698812,32.6937079876955,294.384504624293,90.6860136891991
986,1286000,1,1,347.566331117289,40.6486171914404,290.263776935822,97.9754247554485
987,1287000,1,1,368.41826304174,28.4059587882916,287.690978178263,91.9389499917053
988,1288000,1,1,364.20564169283,33.7854036820854,283.577908092214,94.8851965328705
989,1289000,1,1,360.211376113975,30.034796316784,293.320552720389,92.8874248488522
990,1290000,1,1,368.158153639656,31.2263853692422,284.888681813193,92.1809291779082
991,1291000,1,1,357.734310435247,31.0771349794237,293.086023362861,94.5566812224676
992,1292000,1,1,361.327102959692,35.9191493837607,290.928387692675,88.2795099638717
993,1293000,1,1,359.560650579876,34.0602700819193,290.489251670454,92.343977667751
994,1294000,1,1,351.803053078095,38.1657643998672,300.43034048423,86.0549920378081
995,1295000,1,1,365.751244141951,33.1918902516748,292.126507550007,85.3845080563681
996,1296000,1,1,360.974358939046,33.379441054037,290.439327570538,91.6610224363796
997,1297000,1,1,357.261259540004,28.821041768199,285.066737493043,105.305111198754
998,1298000,1,1,365.931163896849,26.2994067655875,298.648470146838,85.575109190725
999,1299000,1,1,367.349013578759,27.4109039805319,296.50405172661,85.1901807140994
1000,1300000,1,1,364.957351718927,32.9246746052112,288.293883341309,90.2782403345529
1001,1301000,1,1,361.810565829947,34.2006793786873,289.293268319978,91.1496364713871
1002,1302000,1,1,372.060385903423,27.5251737571801,282.191714715733,94.6768756236633
1003,1303000,1,1,363.797250028575,28.1880006027147,299.776288245819,84.6926111228913
1004,1304000,1,1,357.812406312274,35.9952432035619,285.057697293493,97.5888031906714
1005,1305000,1,1,360.205172010884,32.4043074851929,292.439155572685,91.4055149312379
1006,1306000,1,1,365.89025095915,31.8165454646184,294.263340618319,84.4840129579127
1007,1307000,1,1,366.041536826283,30.4587675021585,284.452841326493,95.5010043450654
1008,1308000,1,1,353.099852893118,30.0120171206291,299.251306440375,94.090973545877
1009,1309000,1,1,358.001291938517,34.0684661079397,294.019959968013,90.3644319855304
1010,1310000,1,1,363.794363042206,28.5537401569992,288.074263800386,96.0317830004092
1011,1311000,1,1,370.052300443314,29.3740589569451,281.986959085373,95.0408315143679
1012,1312000,1,1,357.362614416392,35.0346578823931,290.894388914565,93.1624887866502
1013,1313000,1,1,358.197458475999,31.1764156146744,297.070640240158,90.009635669168
1014,1314000,1,1,363.06964017517,33.874819688696,298.577422141591,80.9322679945424
1015,1315000,1,1,359.774358535375,35.5694259323424,281.837175216762,99.2731903155207
1016,1316000,1,1,355.770115924301,36.2110403396943,288.07064870917,96.4023450268353
1017,1317000,1,1,369.709622712438,27.3556832054301,290.886005788412,88.5028382937201
1018,1318000,1,1,358.3344998407,31.4297775256137,294.725612181816,91.9642604518708
1019,1319000,1,1,357.93194974385,31.286133949985,301.763202518613,85.4728637875515
1020,1320000,1,1,368.507506978491,35.0155905364039,284.993169705662,87.9378827794435
1021,1321000,1,1,363.925107717008,28.3257135525329,295.595019086078,88.6083096443806
1022,1322000,1,1,372.548461677794,31.2061283120107,288.486885873032,84.2126741371626
1023,1323000,1,1,361.849738495346,30.0371133243539,297.276264792443,87.291033387857
1024,1324000,1,1,361.906378769151,28.6105337336753,291.706116548271,94.2311209489034
1025,1325000,1,1,360.156148855909,30.589275765271,303.953461885293,81.755263493527
1026,1326000,1,1,365.356299919184,25.352958018656,289.324771711726,96.420120350434
1027,1327000,1,1,357.683010351058,32.4597733349408,300.957424163489,85.3539421505127
1028,1328000,1,1,358.192423182608,29.9209840974229,299.670466023758,88.6702766962115
1029,1329000,1,1,354.968304930223,33.113381109268,303.042911679596,85.329552280913
1030,1330000,1,1,361.998504605536,32.3805498936566,291.607505276103,90.4675902247048
1031,1331000,1,1,366.460208530767,34.0291981859192,295.489574859268,80.4751684240458
1032,1332000,1,1,354.974874753789,34.7385186959236,298.441447709311,88.2993088409765
1033,1333000,1,1,357.196041924105,32.938378971544,298.488039544032,87.831689560319
1034,1334000,1,1,360.76469913381,30.9416142720621,288.1857232437,96.5621133504277
1035,1335000,1,1,367.513299838707,27.4345095614533,295.861935022418,85.6444055774223
1036,1336000,1,1,368.232501686223,28.3268314492684,296.48376111112,83.4110557533879
1037,1337000,1,1,361.537685355729,29.1657301410314,292.000003656885,93.7507308463549
1038,1338000,1,1,361.531356928123,28.2495018330565,289.848952252732,96.8243389860884
1039,1339000,1,1,367.545148292257,31.0875502803462,289.367106494489,88.4543449329075
1040,1340000,1,1,359.857534772472,32.3828314640906,297.011650649452,87.2021331139854
1041,1341000,1,1,361.763617584783,34.7765257876223,289.210709332512,90.7032972950825
1042,1342000,1,1,365.983850643443,33.6532904296053,289.342310711864,87.4746982150879
1043,1343000,1,1,363.80913203935,22.6258421728785,304.436518251355,85.5826575364158
1044,1344000,1,1,356.485740164733,36.5824673399,290.665715259033,92.7202272363339
1045,1345000,1,1,359.322428930789,31.6987825340797,294.775679377249,90.657259157882
1046,1346000,1,1,356.675906322777,35.6926280150169,286.458092291219,97.6275233709867
1047,1347000,1,1,370.748592786997,23.9850603611516,289.316502661897,92.403994189955
1048,1348000,1,1,365.214926156407,26.7055951531006,296.301552793853,88.2320758966394
1049,1349000,1,1,366.39712025862,30.3060941093534,288.118706704021,91.6322289280052
1050,1350000,1,1,359.769147612503,38.6771000256582,293.209017763506,84.7988845983329
1051,1351000,1,1,358.294545770977,29.6965741056857,298.528203843627,89.9348262797105
1052,1352000,1,1,359.87153603935,32.5693021736477,294.48648644127,89.5268253457327
1053,1353000,1,1,362.242268606888,28.7999629796713,292.371423529521,93.0404948839202
1054,1354000,1,1,366.207062950633,30.4347432365235,292.377896328217,87.434447484627
1055,1355000,1,1,368.236988170839,32.6037345136365,285.818187447984,89.795239867541
1056,1356000,1,1,374.112597691998,24.5196325692116,289.796118613456,88.0258011253345
1057,1357000,1,1,362.810381587456,26.0671476007417,302.609876132384,84.9667446794188
1058,1358000,1,1,352.90428421716,35.5577114916211,304.433546608898,83.5586076823211
1059,1359000,1,1,372.482668486273,29.7105839117379,286.296001262114,87.9648963398755
1060,1360000,1,1,364.501845600175,31.7148482669062,293.398520964485,86.8389351684337
1061,1361000,1,1,367.1721421704,28.9367981796927,295.887190101516,84.4580195483909
1062,1362000,1,1,358.755083123569,32.6069030926619,298.14379827985,86.9483655039196
1063,1363000,1,1,362.983213276467,30.697245065728,293.930180473223,88.8435111845827
1064,1364000,1,1,362.709824081715,31.5695406907749,289.032418833082,93.1423663944289
1065,1365000,1,1,363.634183651465,26.3686380283474,299.42905907991,87.0222692402774
1066,1366000,1,1,358.187610924675,32.4415044610561,294.138483387097,91.6865512271726
1067,1367000,1,1,361.047686565051,36.7734421039531,284.886428321004,93.7465930099918
1068,1368000,1,1,356.7792167521,35.5016726695773,285.16615862119,99.0071019571329
1069,1369000,1,1,363.742418896021,30.1742511333351,298.994564509169,83.5429154614749
1070,1370000,1,1,370.675216308144,29.5947319679491,284.928841243562,91.2553604803452
1071,1371000,1,1,356.977853250991,36.5833120503331,288.755226160824,94.137758537852
1072,1372000,1,1,357.357275795666,35.2351762281391,284.950657215786,98.9110407604089
1073,1373000,1,1,356.371763654042,33.3956204656403,299.617005745552,87.0697601347661
1074,1374000,1,1,353.209422818027,35.8511043510189,297.983155518629,89.4104673123249
1075,1375000,1,1,364.907129379748,29.6983134217665,286.521273732127,95.3274334663585
1076,1376000,1,1,367.144622193751,27.4013732095764,291.098761852321,90.8093927443515
1077,1377000,1,1,353.644764265365,32.5655273376654,295.59199202398,94.6518663729899
1078,1378000,1,1,354.782133963241,40.3845575377376,290.917954390709,90.3695041083133
1079,1379000,1,1,356.657982543441,35.189223829512,294.719834957305,89.887108669742
1080,1380000,1,1,364.23678050194,30.4537279478339,296.907014579039,84.8566269711868
1081,1381000,1,1,364.616849054875,28.2729320604603,297.805079156491,85.7592897281737
1082,1382000,1,1,357.005880044747,29.3424380216411,298.81428639296,91.2915455406519
1083,1383000,1,1,351.941613142723,34.8151347173288,298.51659185971,91.1808102802381
1084,1384000,1,1,354.420814493726,31.8533388750298,293.599352721363,96.5806439098809
1085,1385000,1,1,361.715251322581,32.2758089604801,287.932712760095,94.5303769568439
1086,1386000,1,1,362.707808640287,36.6676246473718,287.782733311169,89.295983401172
1087,1387000,1,1,363.421172823957,34.6085172703968,292.613736008407,85.8107238972388
1088,1388000,1,1,353.215591912808,34.1197835522626,304.548867511859,84.5699070230709
1089,1389000,1,1,359.865258269567,28.9938751320873,296.327581251985,91.2674353463608
1090,1390000,1,1,354.341745790408,34.0908344159852,297.291794274766,90.7297755188416
1091,1391000,1,1,363.505574231518,34.6839355098104,291.668976435421,86.5956638232502
1092,1392000,1,1,366.773828665486,26.0335869322052,292.711383156558,90.9353512457508
1093,1393000,1,1,360.577645140158,34.6461452323813,296.001615554514,85.2287440729465
1094,1394000,1,1,357.069981474639,33.790815556331,292.518740807332,93.0746121616983
1095,1395000,1,1,366.524781547206,26.5381671816422,302.423521121468,80.967680149684
1096,1396000,1,1,363.220851905724,28.9261263412887,291.44713188128,92.8600398717072
1097,1397000,1,1,358.732056337728,35.5582400884575,289.941657232184,92.2221963416306
1098,1398000,1,1,362.776486655305,30.9931524980799,297.859309735742,84.8252011108735
1099,1399000,1,1,364.993924901764,31.215827440347,295.360198872064,84.8841987858246
1100,1400000,1,1,360.570942472099,31.3172248337354,297.522254031032,87.0437286631335
1101,1401000,1,1,371.537990660772,28.701019488677,286.453426723549,89.7617131270023
1102,1402000,1,1,362.236359158664,34.0879719401322,289.940201501089,90.189617400115
1103,1403000,1,1,365.400472637322,30.8451123350676,287.053121227478,93.1554438001326
1104,1404000,1,1,367.993708515331,30.4657521790888,284.61363856034,93.3810507452406
1105,1405000,1,1,353.622781049986,37.0314254977702,288.359004760179,97.4409386920644
1106,1406000,1,1,357.403627665718,33.8815948827818,295.992892734233,89.1760347172668
1107,1407000,1,1,357.720399639437,35.5313258446036,290.424463266879,92.7779612490808
1108,1408000,1,1,358.360283765314,32.3859793428052,290.759072436027,94.9488144558539
1109,1409000,1,1,358.296841380417,33.3426153821276,300.155822562973,84.6588706744827
1110,1410000,1,1,354.503855923821,31.4496051205631,284.317431324852,106.183257630764
1111,1411000,1,1,359.317717523915,33.712765996025,292.579538452202,90.844128027858
1112,1412000,1,1,368.516901736784,32.4610586795242,284.585155024154,90.8910345595383
1113,1413000,1,1,356.085856971638,32.0835053483736,301.524947676759,86.7598400032297
1114,1414000,1,1,363.276979662605,31.066122481222,284.787738670307,97.3233091858668
1115,1415000,1,1,364.173358809987,33.4685133349385,288.442397976012,90.3698798790622
1116,1416000,1,1,365.648649265381,31.5986054425209,277.787690889654,101.419204402443
1117,1417000,1,1,359.723213459945,35.1878813259747,293.063766152306,88.4792890617735
1118,1418000,1,1,360.758838616663,33.6183879576086,289.441883931749,92.6350394939795
1119,1419000,1,1,352.184824274013,36.7731840474075,300.759032706266,86.7371089723133
1120,1420000,1,1,358.660069073188,30.4997545234664,298.862723454124,88.4316029492218
1121,1421000,1,1,363.318280163135,30.2157144511945,289.418984468034,93.5011709176369
1122,1422000,1,1,366.644099664693,32.8641190101377,287.619286202501,89.3266451226679
1123,1423000,1,1,362.18083945444,28.3439750024239,293.784604141061,92.144731402075
1124,1424000,1,1,363.777103580264,32.1730799952698,285.515023930199,94.9889424942674
1125,1425000,1,1,358.425684933201,37.6955176120329,293.255139041984,87.0778084127824
1126,1426000,1,1,361.539687346112,36.506102872314,277.128945529166,101.279414252408
1127,1427000,1,1,363.650984226871,24.8813274260283,299.970910444566,87.9509279025346
1128,1428000,1,1,365.099818555263,31.467878420986,293.942080707594,85.9443723161575
1129,1429000,1,1,357.146155392082,32.959667784601,298.708967090335,87.6393597329821
1130,1430000,1,1,369.475363007584,32.3305656783971,289.281232704423,85.3669886095962
1131,1431000,1,1,365.300943997898,27.3528986399623,293.208788894598,90.5915184675413
1132,1432000,1,1,359.522639818195,33.1469010385586,301.747511892684,82.0370972505619
1133,1433000,1,1,367.358403546957,24.5232902367444,296.354660191529,88.2177960247696
1134,1434000,1,1,357.649938753942,32.9287416927865,295.210662521073,90.6648070321985
1135,1435000,1,1,358.228277764639,32.4366447066381,301.011840109888,84.7773874188342
1136,1436000,1,1,361.517879689682,36.6885767824549,285.439697701085,92.8079958267775
1137,1437000,1,1,364.072530149512,30.1936634912253,296.417391768447,85.7705645908159
1138,1438000,1,1,366.37752739353,28.4589036152079,297.563589507846,84.0541294834165
1139,1439000,1,1,353.204135370758,32.1746870821905,298.305000060935,92.7703274861167
1140,1440000,1,1,359.28799874195,33.7711551347148,285.857200096955,97.5377960263802
1141,1441000,1,1,364.048664190735,33.382644237043,280.413973973338,98.6088675988836
1142,1442000,1,1,363.943347952341,28.7155013577789,299.928621980953,83.8666787089274
1143,1443000,1,1,358.635540526974,33.0815655120774,285.711447165556,99.0255967953928
1144,1444000,1,1,367.928503729411,30.5042891411532,293.78708488218,84.2342722472557
1145,1445000,1,1,355.118238686182,36.9406411795953,283.417393297932,100.977876836291
1146,1446000,1,1,361.396417227332,34.2300968256754,274.842912663722,105.98472328327
1147,1447000,1,1,356.03633931932,36.427007701302,294.918514940312,89.0722880390655
1148,1448000,1,1,354.735659314487,34.1324814562387,297.427741226877,90.1582680023965
1149,1449000,1,1,352.819790489654,27.2291301006444,310.424637977975,85.980591431726
1150,1450000,1,1,360.014886110759,33.6128771969682,292.296991274442,90.5293954178299
1151,1451000,1,1,370.94096387007,32.3859591165599,285.221624999513,87.9056020138577
1152,1452000,1,1,364.75127604028,27.7385397008471,303.21103953763,80.753294721243
1153,1453000,1,1,359.920449560954,30.5300602496179,299.314277562016,86.6893626274122
1154,1454000,1,1,373.856955622752,26.8579000188463,285.298391518431,90.4409028399716
1155,1455000,1,1,364.527133546546,38.1560472827909,283.606587915324,90.1643812553397
1156,1456000,1,1,360.383948113391,34.4401496686953,295.294118376148,86.3359338417657
1157,1457000,1,1,362.827282276387,29.110936317958,297.673559530877,86.8423718747777
1158,1458000,1,1,364.710829199906,31.9545124466772,293.214430010955,86.5743783424611
1159,1459000,1,1,371.604581112266,23.8544245738628,286.061753240498,94.9333910733727
1160,1460000,1,1,363.120136514437,29.008596366334,293.638446293861,90.686970825368
1161,1461000,1,1,354.299430017558,34.1781281304885,295.643953500102,92.3326383518512
1162,1462000,1,1,362.173464777536,24.9222905468889,302.200055431937,87.1583392436379
1163,1463000,1,1,363.391387345984,30.8182521204382,294.911901368429,87.3326091651492
1164,1464000,1,1,354.632940693306,36.614636057922,289.184415798638,96.0221574501335
1165,1465000,1,1,362.791578484263,32.466775559395,295.376537642728,85.8192583136141
1166,1466000,1,1,365.388423027868,29.9042000775538,289.338528112182,91.8229987823969
1167,1467000,1,1,355.974051833974,34.354129715793,294.900805255192,91.2251631950411
1168,1468000,1,1,357.857987437105,30.1829803587968,283.087441330931,105.325740873167
1169,1469000,1,1,357.155549224638,31.3749279574196,303.370766953834,84.5529058641083
1170,1470000,1,1,362.006391903156,35.0428109081828,289.448797114679,89.9561500739824
1171,1471000,1,1,364.224520955192,30.6093217394765,292.898824341734,88.7214829635976
1172,1472000,1,1,358.338343889222,39.1589936720298,291.629004757866,87.3278076808813
1173,1473000,1,1,361.814402687764,32.847828499649,302.111380385227,79.6805384273604
1174,1474000,1,1,356.230319696209,38.1983662444627,303.305719051512,78.7197450078162
1175,1475000,1,1,354.644321629154,36.1540095951873,286.242654777442,99.4131639982168
1176,1476000,1,1,362.50386450714,35.7951084120651,281.632726818186,96.5224502626096
1177,1477000,1,1,370.811671487031,22.1981445973165,297.624219384128,85.8201145315239
1178,1478000,1,1,357.256816182019,28.3005490772272,311.874716806762,79.0220679339917
1179,1479000,1,1,363.93493174294,30.4981478859128,295.380440794629,86.6406295765188
1180,1480000,1,1,362.784452635636,30.2418731573057,295.587957526299,87.8398666807594
1181,1481000,1,1,364.045348263233,32.4851003654821,292.792617218095,87.1310841531895
1182,1482000,1,1,355.300662979743,32.8821988243016,296.48526717466,91.7860210212948
1183,1483000,1,1,365.820647838096,28.199056959035,288.993671027815,93.4407741750536
1184,1484000,1,1,359.694492096698,35.0660030525654,293.201034680646,88.4926201700904
1185,1485000,1,1,362.589891474295,38.4050109236579,279.684873306065,95.7743742959821
1186,1486000,1,1,358.521781987242,32.4953613846856,303.152893435018,82.2841131930546
1187,1487000,1,1,363.515111271748,27.761732756929,297.702874576751,87.4744313945723
1188,1488000,1,1,357.324809103142,37.3237032485938,288.578109843158,93.2275278051061
1189,1489000,1,1,355.951496554316,31.9890436176441,302.844330129481,85.6692796985591
1190,1490000,1,1,361.238532257642,34.8729476500712,289.430990718033,90.9116793742542
1191,1491000,1,1,361.822682827587,35.3927010529666,284.636332465287,94.6024336541598
1192,1492000,1,1,366.847435558531,24.3772806812153,289.631022532814,95.59841122744
1193,1493000,1,1,358.835446107101,31.2872966430381,295.116696979248,91.2147102706131
1194,1494000,1,1,357.083095479926,35.7527883806554,292.850320012566,90.7679461268518
1195,1495000,1,1,364.442037192143,26.7400121935743,298.689218367253,86.5828822470289
1196,1496000,1,1,366.716509447476,30.6355071365896,290.194088459361,88.9080449565728
1197,1497000,1,1,361.20451506594,31.281673199358,298.236132900233,85.7318288344686
1198,1498000,1,1,361.517220276413,39.4187903899333,281.617983124681,93.900156208972
1199,1499000,1,1,367.04307790491,31.2402172716658,284.731794849343,93.4390599740818
1200,1500000,1,1,371.952722450315,27.2317704573134,286.033018765656,91.2366383267159
1201,1501000,1,1,360.104216198573,32.5934985059539,290.523227745289,93.2332075501838
1202,1502000,1,1,354.708709706143,37.1822613827038,289.936189213162,94.6269896979916
1203,1503000,1,1,366.147865123874,30.1237379241973,292.480101483842,87.7024454680865
1204,1504000,1,1,375.602525935045,26.8596677334946,281.15394496626,92.8380113652005
1205,1505000,1,1,351.148559702362,34.7750732079204,288.450153401934,102.080363687784
1206,1506000,1,1,360.176840609626,32.3668019196139,297.083164743728,86.8273427270328
1207,1507000,1,1,354.741809321435,33.7345227981527,303.70165235992,84.2761655204932
1208,1508000,1,1,360.148138104807,37.5422478994182,295.900607555854,82.8631564399211
1209,1509000,1,1,366.599180576101,24.8323730339124,296.206789347335,88.8158070426514
1210,1510000,1,1,357.444150791295,32.9103766304666,290.036143246742,96.063479331497
1211,1511000,1,1,367.384019023796,27.7430367339797,294.276305189421,87.0507890528029
1212,1512000,1,1,363.521203160522,29.0668018861291,293.679299665351,90.1868452879978
1213,1513000,1,1,353.982908170786,37.2451985936762,299.686261643897,85.5397815916411
1214,1514000,1,1,363.429545450137,34.5570606934212,293.009112148545,85.4584317078968
1215,1515000,1,1,363.960245964678,30.7406791707263,297.050612899571,84.7026119650254
1216,1516000,1,1,356.362370468107,28.7045082341516,300.424825473679,90.9624458240619
1217,1517000,1,1,366.353936158758,34.102348010409,281.968674564389,94.0291912664433
1218,1518000,1,1,363.38066521464,26.153316033195,300.61309135008,86.3070774020841
1219,1519000,1,1,366.083976638968,35.4154402368476,292.060176440954,82.8945566832305
1220,1520000,1,1,365.409472750208,31.6609531498952,285.735105880644,93.6486182192531
1221,1521000,1,1,364.694485219943,34.338448953452,294.757113652022,82.6641021745828
1222,1522000,1,1,362.071720898828,35.6960613838944,287.076924579218,91.6094431380591
1223,1523000,1,1,360.929259037107,31.3128883171733,303.003158368886,81.2088442768342
1224,1524000,1,1,365.315415366425,31.192073698642,292.545409654453,87.40125128048
1225,1525000,1,1,354.0070577939,35.9194528632582,300.593146741705,85.934492601137
1226,1526000,1,1,357.359241905909,29.059332292966,299.610697308632,90.4248784924922
1227,1527000,1,1,367.837684622834,27.4304597446925,293.741510723223,87.4444949092497
1228,1528000,1,1,366.862321733263,29.9909770478173,293.233142825731,86.3677083931889
1229,1529000,1,1,370.417020758927,26.1907079793551,286.916738792222,92.9296824694965
1230,1530000,1,1,352.785494408563,39.1435600801823,294.773559915967,89.7515355952877
1231,1531000,1,1,355.233332188923,36.2948792568267,297.830539540679,87.0953990135708
1232,1532000,1,1,352.050514495275,32.8698118394034,300.773683188821,90.7601404765
1233,1533000,1,1,360.213465730657,37.1172101043601,294.330969442734,84.7925047222492
1234,1534000,1,1,356.797707881872,33.4637249624382,296.969141106829,89.2235760488609
1235,1535000,1,1,362.930529197822,30.1576765349046,286.296226079089,97.0697181881847
1236,1536000,1,1,356.00861489651,34.397444721382,290.795281218132,95.2528091639757
1237,1537000,1,1,364.553015893902,26.3988410001408,293.201006862632,92.3012862433246
1238,1538000,1,1,365.667356206292,26.6304996491984,300.837483349308,83.3188107952015
1239,1539000,1,1,369.365452279095,28.158241108042,291.260448355039,87.6700082578245
1240,1540000,1,1,354.693680356252,31.7437781147689,296.783645990572,93.2330455384071
1241,1541000,1,1,362.245031589914,32.1741983402624,291.326286260279,90.7086338095447
1242,1542000,1,1,361.454856819624,33.4843409186223,288.007121351562,93.5078309101925
1243,1543000,1,1,361.392949142555,33.7848018906102,291.727145967444,89.5492529993905
1244,1544000,1,1,352.47870375088,37.2511707188123,293.062715354144,93.661560176164
1245,1545000,1,1,363.613058714781,36.2753627333695,289.955666733031,86.6100618188187
1246,1546000,1,1,360.316319584114,32.1649397717133,298.723883524551,85.2490071196214
1247,1547000,1,1,353.68971877629,33.290896350995,293.979646009417,95.4938888632981
1248,1548000,1,1,370.741764555557,27.1841096925859,287.666895456562,90.8613802952944
1249,1549000,1,1,361.411630885133,31.5050633210953,288.849390102129,94.6880656916426
1250,1550000,1,1,365.630345718839,35.793976030173,280.193859040929,94.8359692100595
1251,1551000,1,1,357.979279348288,31.8128247940195,291.91311691047,94.7489289472224
1252,1552000,1,1,361.994515512622,31.5020539675641,290.968807591651,91.9887729281625
1253,1553000,1,1,353.75485841699,31.0600977400182,303.645830999856,87.9933628431365
1254,1554000,1,1,368.638693801999,31.9242190844912,278.85112716378,97.0401099497303
1255,1555000,1,1,351.719118157591,41.2646427510881,294.242115571739,89.2282735195815
1256,1556000,1,1,359.835017686097,35.141315427319,292.226017976273,89.2517989103118
1257,1557000,1,1,358.701079455596,36.6038449256557,298.322843035262,82.8263825834857
1258,1558000,1,1,361.624971670426,29.0751922257818,298.920372654804,86.833613448988
1259,1559000,1,1,369.543819585572,24.5362121328689,283.904719644856,98.4693986367029
1260,1560000,1,1,362.603847279122,33.0408893492705,289.999353469053,90.8100599025542
1261,1561000,1,1,358.278619345442,35.4625247799027,288.990382837276,93.722623037379
1262,1562000,1,1,366.881419934552,27.1719913432073,292.039521523442,90.3612171987989
1263,1563000,1,1,364.878651875633,25.2188476446305,292.309504331703,94.0471461480328
1264,1564000,1,1,362.738203456673,29.6073550138104,297.280077945908,86.8285135836083
1265,1565000,1,1,366.48628801249,32.2175488608476,291.540160191445,86.2101529352177
1266,1566000,1,1,362.841593521908,29.7181900209363,291.455215472255,92.4391509849009
1267,1567000,1,1,356.529390141822,38.7364851641201,281.612066914604,99.5762077794538
1268,1568000,1,1,361.485138274264,25.6845751188948,297.751179062949,91.5332575438923
1269,1569000,1,1,357.130387031065,35.293187402034,292.621200268415,91.4093752984858
1270,1570000,1,1,364.841998406524,26.1869590423405,298.631407239914,86.7937853112213
1271,1571000,1,1,370.077883840799,32.7971959710067,286.011287173565,87.5677830146294
1272,1572000,1,1,367.930575384657,23.7951034738777,299.75049217529,84.9779789661755
1273,1573000,1,1,356.445169788788,31.9596544002813,298.815703953845,89.2336218570855
1274,1574000,1,1,361.327447785102,33.8301439695895,288.722631887521,92.5739263577877
1275,1575000,1,1,364.726370176777,36.8560330481489,279.976581335974,94.8951654390997
1276,1576000,1,1,356.965633680729,28.6818979285671,295.377951419942,95.4286669707621
1277,1577000,1,1,356.52402870539,32.5535988846023,296.001040743111,91.3754816668963
1278,1578000,1,1,364.850763605924,35.0761671468221,291.095664141465,85.4315551057891
1279,1579000,1,1,364.373123046895,27.6022040868752,290.207715540031,94.2711073261983
1280,1580000,1,1,366.769391538417,31.2170124733496,292.609076368524,85.8586696197092
1281,1581000,1,1,365.212605706776,26.5815598863188,293.678343313251,90.981641093654
1282,1582000,1,1,367.921909052738,29.1413357023651,297.869661481846,81.5212437630504
1283,1583000,1,1,348.997340541844,32.5843277480797,304.192187556248,90.6802941538281
1284,1584000,1,1,364.569024826856,27.7747485451306,291.280695609695,92.8296810183182
1285,1585000,1,1,360.740328736007,27.5892702018621,301.988534376981,86.1360166851497
1286,1586000,1,1,354.681630357481,34.7747115023415,301.6081355182,85.3896726219775
1287,1587000,1,1,359.64294991342,31.7047768368185,301.014811504646,84.0916117451156
1288,1588000,1,1,357.765691824375,34.8211016991721,292.813625301783,91.0537311746698
1289,1589000,1,1,361.871799467355,32.3665459179902,300.055607469455,82.1601971452001
1290,1590000,1,1,367.322898593359,34.6138136435755,284.579984675863,89.9374530872017
1291,1591000,1,1,358.553538423226,34.0596439879019,291.084613585185,92.7563540036867
1292,1592000,1,1,373.117796723437,25.8852061461045,296.019976727979,81.431170402479
1293,1593000,1,1,357.704267345743,34.7028775762221,288.793333090735,95.2536719872998
1294,1594000,1,1,358.10828655641,32.5513331326973,294.371155593655,91.4233747172376
1295,1595000,1,1,355.640830283835,34.9302519780733,290.260486484307,95.6225812537846
1296,1596000,1,1,363.744392709936,27.3844744082134,300.435747055887,84.8895358259636
1297,1597000,1,1,362.56226577538,25.4937249973155,306.214275385229,82.1838838420757
1298,1598000,1,1,364.497336198366,29.5586430587592,294.270116598092,88.1280541447822
1299,1599000,1,1,366.292528396668,25.6754598677075,301.687989637838,82.7981720977864
1300,1600000,1,1,358.248835210273,33.9764633865536,292.708750273249,91.5201011299246
1301,1601000,1,1,369.338262259981,35.4060796475575,285.528316393549,86.1814916989118
1302,1602000,1,1,358.44443894741,34.7398914281219,301.225579213129,82.0442404113396
1303,1603000,1,1,353.790557965336,35.473757088094,287.414306743099,99.7755282034708
1304,1604000,1,1,357.642927871363,34.6870872038327,283.338990836877,100.785144087927
1305,1605000,1,1,365.298128003443,33.106957524303,287.941518974157,90.1075454980967
1306,1606000,1,1,356.797143476834,33.3041242788562,295.117020996127,91.2358612481823
1307,1607000,1,1,359.505127874713,32.8284006363621,291.499420573687,92.6212009152379
1308,1608000,1,1,365.305354564445,31.6245118174052,285.997157426999,93.5271261911501
1309,1609000,1,1,365.194784239753,33.7188030302363,287.600011457361,89.9405512726504
1310,1610000,1,1,364.4878460527,32.8336620682113,294.74427301169,84.3883688673978
1311,1611000,1,1,363.033336677873,37.6923659426216,284.858057455471,90.8703899240346
1312,1612000,1,1,360.351728883253,26.7091127721184,300.377852355498,89.0154559891298
1313,1613000,1,1,361.648059851387,33.2012123126499,285.48724006317,96.1176377727926
1314,1614000,1,1,362.855360270822,34.1132429556338,283.067660648579,96.4178861249649
1315,1615000,1,1,368.211646997585,25.866540003088,295.917255366535,86.4587076327926
1316,1616000,1,1,359.222113621426,32.8537624395928,290.219416350899,94.1588575880821
1317,1617000,1,1,375.374060489588,32.1936247393074,283.15568973022,85.7307750408844
1318,1618000,1,1,360.156894045947,33.2855783288529,298.890682660564,84.120994964636
1319,1619000,1,1,359.781739155448,29.7493647555006,290.892429773637,96.0306163154138
1320,1620000,1,1,365.011387737773,26.4946160259959,290.563210051265,94.3849361849657
1321,1621000,1,1,360.27698895278,29.2253678233336,299.043063427244,87.9087297966424
1322,1622000,1,1,365.980433874964,30.4548877875782,295.313192400602,84.7056359368563
1323,1623000,1,1,363.986201220821,24.4736172170581,300.566249916598,87.4280816455226
1324,1624000,1,1,369.251587249251,32.2326242856309,289.069762564692,85.9001759004257
1325,1625000,1,1,358.249067052394,30.7318673915106,304.264728518979,83.2084870371163
1326,1626000,1,1,354.962604032953,31.3825947347076,296.689730743059,93.4192204892797
1327,1627000,1,1,363.504025556992,27.0482158391305,298.569668063327,87.3322405405501
1328,1628000,1,1,355.571998327884,36.637935265044,292.612193902842,91.6320225042305
1329,1629000,1,1,365.264870615641,32.3313650801767,292.28967982701,86.5682344771722
1330,1630000,1,1,362.842595039822,26.9709963192539,290.60290322599,96.037655414934
1331,1631000,1,1,358.94219744704,31.0627441548037,303.008966249429,83.4402421487274
1332,1632000,1,1,352.804732976382,37.2879735744083,298.705529153163,87.6559142960471
1333,1633000,1,1,362.321265315669,32.6093675958804,295.276556489159,86.2469605992915
1334,1634000,1,1,359.68297443858,33.8143069003748,297.838942643375,85.1179260176707
1335,1635000,1,1,361.468042553565,30.1102510784164,295.434556530141,89.4412998378776
1336,1636000,1,1,350.846147758403,37.8679943384073,303.680840746951,84.059167156238
1337,1637000,1,1,358.582643671669,35.2507573949052,293.899105092519,88.7216438409071
1338,1638000,1,1,359.801763911406,35.2895046604276,290.50233971866,90.8605417095072
1339,1639000,1,1,359.64000210499,27.7805026352074,296.816518044701,92.2171272151019
1340,1640000,1,1,364.800915482045,30.4064755173601,289.625552364502,91.6212066360927
1341,1641000,1,1,358.998484495257,32.1956209229193,299.540386945153,85.7196576366698
1342,1642000,1,1,361.359167386498,32.1005518366869,296.90033297979,86.0940977970251
1343,1643000,1,1,352.952571890181,34.6657906127183,298.361338602304,90.4744488947964
1344,1644000,1,1,353.089015458022,30.1943926150436,306.896596603968,86.2741453229667
1345,1645000,1,1,360.926676563124,32.7718626515123,303.841928446265,78.9136823390989
1346,1646000,1,1,372.280210829147,21.8835247486512,299.165213263046,83.1252011591567
1347,1647000,1,1,354.945325637732,36.9466856149362,290.455734478868,94.1064042684635
1348,1648000,1,1,359.427272338916,31.2981934892716,292.541558009355,93.1871261624569
1349,1649000,1,1,352.119467762922,34.0257681824519,297.326029317846,92.9828847367795
1350,1650000,1,1,368.481375330454,23.8716442626797,291.917861685825,92.1832687210417
1351,1651000,1,1,370.131234509822,26.2882510928735,296.082343536447,83.9523208608569
1352,1652000,1,1,367.46080824607,29.2849209711398,289.352780228119,90.3556405546708
1353,1653000,1,1,375.614778357112,26.9576142299772,289.833541604843,84.0482158080678
1354,1654000,1,1,367.632059391376,31.1502089295519,289.988829537697,87.6830521413754
1355,1655000,1,1,357.789418101176,29.1727697724657,306.65949744768,82.8324646786781
1356,1656000,1,1,361.481811346045,32.6279516842432,288.530379037965,93.8140079317462
1357,1657000,1,1,366.081638596343,35.2413763800937,290.986959072922,84.144175950641
1358,1658000,1,1,366.269389472323,24.7866860538088,295.350640163308,90.0474343105606
1359,1659000,1,1,363.46969015075,35.9054443918234,288.310183491408,88.7688319660182
1360,1660000,1,1,359.583047037735,35.4410605720241,292.490174078425,88.939868311816
1361,1661000,1,1,366.176704444677,31.8563401016183,293.724108882103,84.6969965716016
1362,1662000,1,1,366.327409501301,31.4085227170737,302.311453474416,76.4067643072095
1363,1663000,1,1,357.412701238094,30.3275927070501,292.867075552423,95.8467805024331
1364,1664000,1,1,358.273012626286,34.0732595476467,295.67174606119,88.4361317648772
1365,1665000,1,1,354.895405213085,36.0559893684663,291.51001416542,93.992741253029
1366,1666000,1,1,362.538846938804,32.9659337157119,291.954951612053,88.9944177334315
1367,1667000,1,1,358.382876307522,31.6484070577764,286.728474404148,99.6943922305528
1368,1668000,1,1,365.61586143497,31.2546169855375,286.927015472493,92.6566561069994
1369,1669000,1,1,367.057798542992,33.8086178321649,279.079990865376,96.5077427594674
1370,1670000,1,1,363.59180298648,33.0387008846622,291.660425606007,88.1632205228512
1371,1671000,1,1,358.936539627368,33.6502155013863,288.366343940122,95.5010509311239
1372,1672000,1,1,360.777408803761,36.172087140406,284.684478031531,94.820176024302
1373,1673000,1,1,363.811812015809,33.5934144737636,292.065116659201,86.9838068512263
1374,1674000,1,1,348.884036928017,40.139637803687,294.740691517961,92.6897837503355
1375,1675000,1,1,364.162808814671,34.0823296883546,289.651135244545,88.5578762524291
1376,1676000,1,1,373.032967456651,32.0370397635395,291.540593338321,79.8435494414886
1377,1677000,1,1,368.395545424076,28.5910735786623,293.140138132868,86.3273928643942
1378,1678000,1,1,354.682488227246,35.2785780263874,301.909912927641,84.5831708187262
1379,1679000,1,1,363.846125337982,32.2323178790921,286.295488565397,94.0802182175295
1380,1680000,1,1,364.648917975199,31.3126583504481,287.066008672361,93.4265650019918
1381,1681000,1,1,359.913591380135,36.7739751488899,286.105801465226,93.6607820057484
1382,1682000,1,1,363.496678200092,30.6104049335865,296.943840886629,85.403225979693
1383,1683000,1,1,364.448536711819,26.4829610831315,297.270902304803,88.2517499002456
1384,1684000,1,1,353.946921577658,38.0626612513757,302.207917815611,82.2366493553553
1385,1685000,1,1,362.657713913826,28.3025440834543,290.447915902899,95.0459760998208
1386,1686000,1,1,361.413608701948,31.6367519718205,298.400880926464,85.0029083997679
1387,1687000,1,1,356.439087314319,30.2656955941446,294.429543478754,95.3198236127826
1388,1688000,1,1,362.908401267923,25.3476042110066,294.319458466745,93.878686054326
1389,1689000,1,1,361.405488866049,28.8940154171461,302.740521138689,83.4141245781156
1390,1690000,1,1,357.630605699625,39.0240425906115,293.772886485953,86.02661522381
1391,1691000,1,1,349.952043466057,33.1001399453793,301.111327866598,92.2906387219665
1392,1692000,1,1,362.280564074455,30.4392391061204,297.001021161911,86.7333256575129
1393,1693000,1,1,361.497377304584,32.9038004981119,297.520604514031,84.5323676832726
1394,1694000,1,1,362.406002031888,32.8830285972295,294.769204209391,86.3959151614912
1395,1695000,1,1,353.963725591683,38.1664226698984,291.395205694953,92.9287960434652
1396,1696000,1,1,365.882428653732,35.1338187394411,287.377126286033,88.0607763207939
1397,1697000,1,1,361.705701313047,28.1950029751884,292.335544055697,94.2179016560675
1398,1698000,1,1,361.481380705919,33.7350971611403,291.966205805844,89.2714663270967
1399,1699000,1,1,359.595004059312,32.4202095669041,292.438430645456,92.0005057283284
1400,1700000,1,1,363.81712450388,31.0574019270777,291.719464115833,89.8601594532095
1401,1701000,1,1,355.752085523216,35.3743008349687,296.242223504132,89.0855401376835
1402,1702000,1,1,361.384815754338,34.6168319178678,293.654853909519,86.7976484182752
1403,1703000,1,1,371.218294702633,27.5189671132536,293.625563792784,84.091324391329
1404,1704000,1,1,355.299673963389,35.4403437071531,291.477886351986,94.2362459774717
1405,1705000,1,1,362.855603214965,30.8220259495611,285.405459991694,97.3710608437799
1406,1706000,1,1,357.982801875974,40.4466206455646,286.573144794694,91.4515826837683
1407,1707000,1,1,360.649547920847,29.5939049445029,296.320532056409,89.8901650782413
1408,1708000,1,1,365.837558857546,27.9156582382476,288.561699738158,94.1392331660482
1409,1709000,1,1,354.513498786514,37.9165662612725,294.260241704959,89.763843247255
1410,1710000,1,1,355.850811769505,35.3898031949933,292.947040349996,92.2664946855058
1411,1711000,1,1,355.737407173451,33.9529188825464,283.633102939019,103.130721004983
1412,1712000,1,1,365.356847566602,29.6137607731308,285.649564080102,95.8339775801649
1413,1713000,1,1,360.355408783023,33.1295684468648,291.941808625872,91.0273641442403
1414,1714000,1,1,359.859984053517,31.913890576541,292.329287481461,92.3509878884816
1415,1715000,1,1,351.014434470738,34.1731906241148,305.508303668542,85.7582212366046
1416,1716000,1,1,367.736524835935,27.5119229310407,294.605200859129,86.6005013738947
1417,1717000,1,1,359.614522387957,25.6732232553294,312.410741360776,78.7556629959379
1418,1718000,1,1,360.616165657468,38.2599824177308,288.355035612649,89.2229663121523
1419,1719000,1,1,364.447973320797,32.2829803177252,296.804560066334,82.9186362951436
1420,1720000,1,1,358.712700783758,35.1997987516537,294.941758947058,87.5998915175303
1421,1721000,1,1,360.26836483755,29.7282025908572,293.878549811203,92.5790327603902
1422,1722000,1,1,362.873172788119,29.8396167667549,299.605905823112,84.1354546220132
1423,1723000,1,1,356.51297794772,31.7497735185376,307.862718111159,80.3286804225834
1424,1724000,1,1,372.23178586399,25.1918558845948,288.776155199073,90.2543530523416
1425,1725000,1,1,364.941588158719,34.8428956699087,279.688964304432,96.9807018669404
1426,1726000,1,1,363.138117208368,28.6258536163013,296.81032024622,87.8798589291105
1427,1727000,1,1,364.340281607001,32.2844620549781,283.826480870358,96.0029254676629
1428,1728000,1,1,351.055983251044,36.0820388326791,303.371063704069,85.9450642122083
1429,1729000,1,1,363.10798317525,30.6005827601221,293.480127125768,89.2654569388599
1430,1730000,1,1,355.873235921337,36.6683255017062,295.501257154241,88.411331422716
1431,1731000,1,1,353.80374880871,32.6089161000433,300.017635398285,90.0238496929614
1432,1732000,1,1,366.043581572636,25.0451755416375,288.646519836087,96.7188730496396
1433,1733000,1,1,364.021757520924,26.2644495613458,296.175733692111,89.9922092256195
1434,1734000,1,1,360.300338357831,37.2830224165908,285.232089849181,93.6386993763966
1435,1735000,1,1,354.732344832843,36.3469272762948,293.115579597249,92.259298293613
1436,1736000,1,1,366.172889566183,28.7865900783322,296.991989596995,84.5026807584893
1437,1737000,1,1,370.000625535069,26.5950544304893,295.140597881508,84.7178721529339
1438,1738000,1,1,357.985893966376,32.8690482202065,292.390897869693,93.2083099437239
1439,1739000,1,1,365.348641821222,29.6202611675662,298.071244761966,83.4140022492462
1440,1740000,1,1,349.139890808425,31.7865172399324,299.218832581147,96.3089093704954
1441,1741000,1,1,360.189800227574,32.2652929984065,292.846037269484,91.1530195045354
1442,1742000,1,1,363.316944518118,29.0228211010221,297.225644703314,86.8887396775459
1443,1743000,1,1,359.406488146599,34.0794588426905,293.69236482414,89.2758381865708
1444,1744000,1,1,358.150559442962,29.8699933782092,291.80880686708,96.6247903117495
1445,1745000,1,1,363.603465569376,29.6980062520775,288.973995833724,94.1786823448231
1446,1746000,1,1,359.986192201973,31.156040589251,294.117557025366,91.1943601834094
1447,1747000,1,1,359.998546972174,30.9910540092206,294.588832454306,90.8757165643003
1448,1748000,1,1,359.42556801633,33.8750168281475,290.870709372081,92.2828557834416
1449,1749000,1,1,355.863777518729,35.2185802889972,301.41214587324,83.9596463190336
1450,1750000,1,1,355.174999231245,33.1211939707344,301.287761565808,86.8701952322127
1451,1751000,1,1,360.746298512381,38.1461031842951,281.661889535659,95.8998587676647
1452,1752000,1,1,360.845304927492,33.5558964926218,299.054245771242,82.9987028086441
1453,1753000,1,1,358.936912373466,34.0579699410508,294.33396193307,89.1253057524128
1454,1754000,1,1,367.610683535637,31.1573127657225,289.793749238774,87.8924044598666
1455,1755000,1,1,361.759055186359,31.6459866111955,288.438085859542,94.6110223429037
1456,1756000,1,1,362.68656179373,32.4583841585754,298.757643544624,82.5515605030701
1457,1757000,1,1,359.619761182162,28.8872844578645,302.581025540108,85.3660788198655
1458,1758000,1,1,370.06300444479,26.6012016803356,289.515776720428,90.2741671544468
1459,1759000,1,1,364.754859739734,31.4092728830996,291.439098818139,88.8509185590275
1460,1760000,1,1,357.811392813026,32.2030784416511,294.583822649576,91.8558560957475
1461,1761000,1,1,367.467182831622,30.6036667698547,295.103317448263,83.2799829502607
1462,1762000,1,1,371.591720092841,29.4683269893155,291.005113987083,84.3889889307612
1463,1763000,1,1,352.164030134057,32.2883171869349,296.075363358563,95.9264393204445
1464,1764000,1,1,357.834108006004,37.7888353334158,293.469409920574,87.361796740006
1465,1765000,1,1,351.782033436885,36.731787479203,296.430178471604,91.5101506123082
1466,1766000,1,1,354.605808606552,32.1215841672906,298.833851762356,90.892905463802
1467,1767000,1,1,355.038234671127,37.7971460732223,282.489459957354,101.129309298296
1468,1768000,1,1,356.292641082622,36.3389510317251,297.753635619082,86.068922266571
1469,1769000,1,1,365.830322176774,33.1050164753731,292.563410016754,84.9554013310993
1470,1770000,1,1,366.197213516172,32.4407695206467,284.98474469332,92.8314222698606
1471,1771000,1,1,362.392813824224,31.2490568801944,293.495447360915,89.3168319346668
1472,1772000,1,1,365.259241981249,30.4135354863793,293.028186957126,87.7531855752464
1473,1773000,1,1,370.762371286249,26.0490224331025,298.275816309895,81.3669399707538
1474,1774000,1,1,363.54018709546,32.6142504277635,287.269331751008,93.0303807257683
1475,1775000,1,1,360.27468867248,30.2061027762636,302.910622367266,83.0627361839906
1476,1776000,1,1,363.457581610824,35.882188554035,282.155205236875,94.9591745982653
1477,1777000,1,1,360.318289450785,35.3290329939428,287.571171591281,93.2356559639914
1478,1778000,1,1,365.044136555027,32.0939779158406,294.96591127385,84.3501242552825
1479,1779000,1,1,364.440497982545,32.2197669495166,292.506506340082,87.2873787278569
1480,1780000,1,1,368.001645653594,31.1335154135996,290.843721652609,86.4752672801976
1481,1781000,1,1,358.565270786024,33.1593955766182,287.015526918041,97.7139567193163
1482,1782000,1,1,359.790952313024,28.8968715379787,291.276363103356,96.4899630456405
1483,1783000,1,1,365.607725641515,31.7183965499548,288.236053120174,90.8919746883559
1484,1784000,1,1,357.510752680853,38.2266073406586,291.401523961921,89.3152660165681
1485,1785000,1,1,363.513199137908,31.546645905004,303.548255982114,77.8460489749733
1486,1786000,1,1,364.703743172605,28.2700051144927,287.012537040408,96.4678646724949
1487,1787000,1,1,366.588372424157,31.9768632588789,292.796720606176,85.0921937107884
1488,1788000,1,1,362.171730375187,38.2537145620616,290.897569354033,85.1311357087177
1489,1789000,1,1,360.715206551866,31.993241487413,296.808467721976,86.9372342387444
1490,1790000,1,1,357.67340186426,41.9181870671096,280.544674027216,96.3178870414145
1491,1791000,1,1,354.092230890559,39.7902085566061,294.768965323277,87.8027452295586
1492,1792000,1,1,353.352995326308,34.4369666796541,295.367908294136,93.2962796999024
1493,1793000,1,1,362.933977209948,34.3376287251937,295.829485399073,83.3530586657858
1494,1794000,1,1,354.171358798259,31.7901310520818,299.72716442198,90.7654957276791
1495,1795000,1,1,359.939218054202,33.7011599399396,290.938199035836,91.8755729700226
1496,1796000,1,1,357.049221489104,34.5377361712835,286.084286007844,98.7829063317688
1497,1797000,1,1,362.839341499879,32.6407499257809,288.132647632694,92.8414109416461
1498,1798000,1,1,359.549456489163,34.9125038743392,283.096496972631,98.8956926638675
1499,1799000,1,1,361.493992387852,33.0728973506911,289.201502478686,92.6857577827706
1500,1800000,1,1,367.378136327548,26.2408018044682,296.388727095957,86.4464847720265
1501,1801000,1,1,365.706963161465,25.5398057575504,292.550839171778,92.6565419092067
1502,1802000,1,1,356.858628706629,36.3939695093842,292.048615548301,91.1529362356849
1503,1803000,1,1,362.006153612215,32.8167950229676,296.242721041629,85.3884803231878
1504,1804000,1,1,363.485396934487,35.2801239290934,286.891107720909,90.7975214155106
1505,1805000,1,1,358.323426039135,33.0049594373464,295.294937990062,89.8308265334571
1506,1806000,1,1,369.47945659665,27.8477331840658,294.179805229436,84.947154989848
1507,1807000,1,1,360.649069508329,34.9177332748238,284.517706318401,96.3696408984461
1508,1808000,1,1,366.424011614024,31.2836494122539,284.027233507209,94.7192554665134
1509,1809000,1,1,356.938258860796,40.8920463443575,289.412433210795,89.2114115840522
1510,1810000,1,1,373.032945160886,32.8531655037162,282.227230682303,88.3408086530943
1511,1811000,1,1,360.432162790761,35.2044260783305,292.800275940482,88.0172851904262
1512,1812000,1,1,362.06791180974,28.2054542484264,294.967167015714,91.2136169261203
1513,1813000,1,1,359.104142095218,33.7736695331731,291.087319869073,92.4890185025359
1514,1814000,1,1,356.617206184089,31.1767271305503,302.501570505275,86.1586461800863
1515,1815000,1,1,369.109152478351,26.3874213810403,294.847214568454,86.1103615721548
1516,1816000,1,1,364.443389831221,28.9434240176075,298.37076181102,84.696574340152
1517,1817000,1,1,357.470156293923,33.8683517223445,299.331657448081,85.7839845356514
1518,1818000,1,1,357.593403318303,26.7579151960243,301.634782518463,90.4680489672094
1519,1819000,1,1,355.346138045694,37.3581190651424,287.367954846035,96.3819380431293
1520,1820000,1,1,351.018406789806,34.9074008997018,303.646410523239,86.8819317872537
1521,1821000,1,1,368.830785905971,30.3172015306343,290.225650494045,87.0805120693495
1522,1822000,1,1,360.775609375926,37.091995063508,292.702031312396,85.8845142481706
1523,1823000,1,1,364.236592049677,29.8499937189308,304.237972136799,78.1295920945931
1524,1824000,1,1,359.001084583939,36.2942550604517,289.20222646012,91.9565838954888
1525,1825000,1,1,351.876317255068,33.8010938363141,303.114428487935,87.6623104206826
1526,1826000,1,1,356.889018304728,25.8641029700253,305.45073218178,88.2502965434665
1527,1827000,1,1,355.87654799436,35.7633272033994,291.871115344627,92.9431594576136
1528,1828000,1,1,362.70407892706,27.9231462354017,292.088109977818,93.7388148597203
1529,1829000,1,1,355.215167368525,35.461266196505,294.028047261541,91.7496691734284
1530,1830000,1,1,362.850690746754,29.9100195118658,288.716895997879,94.9765437435012
1531,1831000,1,1,358.978142514152,31.9095737326948,301.410091065513,84.1563426876404
1532,1832000,1,1,374.593783881273,28.6159283585614,283.137852205131,90.1065855550346
1533,1833000,1,1,365.482989128161,28.7473884636901,299.088068983986,83.1357034241632
1534,1834000,1,1,351.861379509644,36.3265241196441,306.954694569911,81.3115518008003
1535,1835000,1,1,358.549912317621,33.3365149124278,290.68390452144,93.8838182485117
1536,1836000,1,1,356.203448067868,34.5089311192667,297.131039290211,88.610731522655
1537,1837000,1,1,360.523354973876,30.3361042578367,301.062225870743,84.5324648975446
1538,1838000,1,1,369.450283092601,29.4572743439333,298.208728530836,79.3378640326296
1539,1839000,1,1,360.061168631945,30.0575797564951,295.995043538443,90.3403580731161
1540,1840000,1,1,352.553088608924,35.2251022396871,295.081661430722,93.5942977206672
1541,1841000,1,1,357.538818168121,35.1318663118025,292.69271100393,91.090754516146
1542,1842000,1,1,360.80319716111,29.3710719686607,298.83566810174,87.4442127684895
1543,1843000,1,1,359.246342832992,29.1476441325604,299.439242996807,88.6209200376406
1544,1844000,1,1,371.489124717113,30.8398831948154,292.727601355655,81.3975407324163
1545,1845000,1,1,356.002553171684,32.3629219007456,299.371573425127,88.7171015024427
1546,1846000,1,1,368.32571803862,27.9889328668362,293.067324301306,87.0721747932371
1547,1847000,1,1,365.011621827264,30.0984360560713,286.819542748772,94.5245493678922
1548,1848000,1,1,365.594855294237,30.4829863877739,289.397117177548,90.9791911404419
1549,1849000,1,1,356.535505473705,36.7870473632899,294.39538976386,88.7362073991446
1550,1850000,1,1,359.929647937953,32.5561538512495,290.832416258677,93.1359319521206
1551,1851000,1,1,360.672121014352,33.9904318941185,297.828686449618,83.9629106419106
1552,1852000,1,1,357.200346480793,30.8232458526257,300.684009929596,87.7465477369852
1553,1853000,1,1,364.858514252603,30.4153523259536,286.099218358515,95.0810650629283
1554,1854000,1,1,358.846374134398,34.8461241448538,297.799947947741,84.9617037730075
1555,1855000,1,1,366.46878937297,29.2129576114529,292.485576457405,88.2868265581724
1556,1856000,1,1,356.779018552153,29.8663815490563,299.443509696726,90.3652402020646
1557,1857000,1,1,354.508440070757,35.8135237410831,291.939482060638,94.1927041275218
1558,1858000,1,1,358.24642686032,35.4063756921193,300.064545568135,82.7368018794258
1559,1859000,1,1,358.849616260112,38.7055950544095,292.953082630253,85.9458560552254
1560,1860000,1,1,365.516911725819,31.1462650717715,293.107340805145,86.6836323972646
1561,1861000,1,1,365.188341386811,26.6234132069994,297.341009343947,87.3013860622421
1562,1862000,1,1,362.180569272509,28.5080194025929,293.631115624934,92.1344456999636
1563,1863000,1,1,364.998855887164,29.4599922881526,287.859919417789,94.1353824068945
1564,1864000,1,1,352.627034182713,39.5314766691985,292.975030706939,91.3206084411486
1565,1865000,1,1,366.551094264703,22.7562789264963,292.093245004562,95.0535318042381
1566,1866000,1,1,356.628676279133,33.6214874706772,296.539734602707,89.6642516474835
1567,1867000,1,1,365.434327854945,30.9610361354622,293.758972594331,86.2998134152621
1568,1868000,1,1,359.814978646924,28.214255570659,301.483504754756,86.9414110276606
1569,1869000,1,1,353.859603627233,35.4230405773861,293.918802509031,93.2527032863508
1570,1870000,1,1,354.999387402705,33.6165592666976,296.886663913677,90.9515394169204
1571,1871000,1,1,363.230968694106,28.7661974512724,295.704314322489,88.7526695321329
1572,1872000,1,1,357.946584569723,30.4041020432492,299.621485828969,88.4819775580594
1573,1873000,1,1,367.226902134963,30.9762778663582,290.122180854582,88.1287891440973
1574,1874000,1,1,362.060875108035,31.2952704420091,288.956438750537,94.1415656994188
1575,1875000,1,1,361.857189924982,33.6045979662069,292.732262988919,88.2600991198921
1576,1876000,1,1,355.057279048018,34.4969919453927,295.429147223441,91.470731783149
1577,1877000,1,1,359.055189049928,31.3476363290216,294.82999775063,91.2213268704204
1578,1878000,1,1,357.634952614543,35.4070072671494,291.381985196274,92.0302049220334
1579,1879000,1,1,362.888093934714,33.5039426216347,289.726712564217,90.3354008794347
1580,1880000,1,1,356.675024253581,33.4555305305803,296.08773650794,90.2358587078988
1581,1881000,1,1,359.084058911797,34.9980937384644,291.540168126483,90.8318292232561
1582,1882000,1,1,365.77466736634,28.1745594236477,293.229566375085,89.2753568349267
1583,1883000,1,1,359.635636269021,33.6243262475132,288.116825235602,95.0773622478639
1584,1884000,1,1,361.121613107627,33.7649300551466,293.914007333651,87.6535995035759
1585,1885000,1,1,361.329843673403,34.1914949795902,296.79884962216,84.1339617248465
1586,1886000,1,1,363.197122694263,23.9880652096104,295.560768454026,93.7081936421003
1587,1887000,1,1,369.675085428331,27.2947821151633,286.325190583728,93.1590918727773
1588,1888000,1,1,371.397749790852,23.7713721286876,288.955325059501,92.3297030209588
1589,1889000,1,1,354.898865124632,27.8174866453881,283.55331472769,110.18448350229
1590,1890000,1,1,368.487237039367,37.8953140768814,278.896642590656,91.1749562930956
1591,1891000,1,1,369.509885468607,30.2514107093318,283.188992204005,93.5038616180559
1592,1892000,1,1,356.031274434976,33.6199365876495,299.080910170735,87.7220288066398
1593,1893000,1,1,355.494499054276,31.4789470735509,295.711585675657,93.7691181965156
1594,1894000,1,1,359.378702873415,35.4605238338807,286.611240968843,95.0036823238611
1595,1895000,1,1,365.120212277109,31.7058405432269,293.581713700612,86.0463834790519
1596,1896000,1,1,358.220473731267,37.8606888642909,288.89515108778,91.4778363166618
1597,1897000,1,1,358.199890207016,33.6794154977919,294.393864670616,90.1809796245753
1598,1898000,1,1,370.075555206204,26.2506778974359,289.156406121453,90.9715107749077
1599,1899000,1,1,353.650059219526,37.4494435271516,295.876056256382,89.4785909969405
1600,1900000,1,1,368.69073697512,28.1963710335014,284.497238912174,95.0698030792044
1601,1901000,1,1,362.140344331031,32.6214073952039,294.240789725102,87.4516085486641
1602,1902000,1,1,361.646144547419,35.3966430549212,295.081767609217,84.329594788443
1603,1903000,1,1,370.086456646494,32.3784870599661,293.079198478456,80.9100078150839
1604,1904000,1,1,356.099957811632,35.3446618232082,287.364840239643,97.6446901255171
1605,1905000,1,1,365.421102066572,27.2625348712734,297.191036723068,86.5794763390874
1606,1906000,1,1,359.532260336943,32.6644330632276,290.140941278442,94.1165153213873
1607,1907000,1,1,346.978886856555,42.3969909476236,288.40126114173,98.6770110540917
1608,1908000,1,1,359.278833609424,37.6563689563429,287.032166880752,92.4867805534815
1609,1909000,1,1,364.871921582157,29.7137236237154,289.232740817674,92.6357639764532
1610,1910000,1,1,356.561668337204,32.0828231964284,297.108938380283,90.700720086084
1611,1911000,1,1,374.931263869521,24.744947879139,284.166153916817,92.6117843345223
1612,1912000,1,1,363.762581628413,31.2491376255492,285.23645134414,96.2059794018975
1613,1913000,1,1,354.349520296203,30.7373490419776,305.167582215786,86.1996984460335
1614,1914000,1,1,361.685932146265,27.0380958054592,300.155930236312,87.5741918119646
1615,1915000,1,1,359.38075603399,31.2320937799193,308.125750571692,77.7155496143986
1616,1916000,1,1,375.039515984714,25.4133029375943,284.369599400745,91.6317316769468
1617,1917000,1,1,359.700219182154,35.8684167960957,283.401033026618,97.4844809951317
1618,1918000,1,1,365.759659240818,28.8690637940738,298.032994291318,83.7924326737897
1619,1919000,1,1,363.699272696265,29.4978407567962,299.588469167345,83.6685673795941
1620,1920000,1,1,362.337759429391,38.7811969668577,283.284231031505,92.0509625722468
1621,1921000,1,1,362.27938404485,30.5246400203158,289.20405855879,94.4460673760441
1622,1922000,1,1,360.765708063686,33.601082690603,294.123827152923,87.9635320927884
1623,1923000,1,1,355.503369893532,35.5426942183982,291.117679144845,94.2904067432255
1624,1924000,1,1,367.044614804399,28.7659585504793,283.938765791691,96.7048108534308
1625,1925000,1,1,357.208742203211,36.7616875295397,291.966633109725,90.517087157525
1626,1926000,1,1,368.167416859558,28.5365756586888,294.975988317794,84.7741691639591
1627,1927000,1,1,372.781320018001,26.534774326539,292.485533652563,84.6525220028979
1628,1928000,1,1,363.089646151103,32.4966666474358,288.00694156484,92.8608956366216
1629,1929000,1,1,361.498751204355,38.1022769197519,277.098640319299,99.7544815565935
1630,1930000,1,1,354.72812408637,31.3045999415231,292.966827075771,97.4545988963359
1631,1931000,1,1,365.841305570787,30.933358644972,285.553671464004,94.1258143202369
1632,1932000,1,1,353.45160407182,41.2153337258842,290.666626117426,91.1205860848697
1633,1933000,1,1,354.821263884921,37.7203630937269,299.432279897671,84.4802431236806
1634,1934000,1,1,362.225496266881,33.9996738780875,296.165854963154,84.0631248918781
1635,1935000,1,1,367.182034577724,26.4078945722016,289.838291206798,93.025929643276
1636,1936000,1,1,354.979279248916,31.572306739056,302.504799902644,87.3977641093843
1637,1937000,1,1,373.075485198335,29.0174144984271,282.978054666452,91.3831956367861
1638,1938000,1,1,350.299065082023,41.2980586828631,292.159552163789,92.6974740713245
1639,1939000,1,1,367.535931821017,28.1984390530944,295.331417916861,85.3883612090269
1640,1940000,1,1,357.314553183459,37.4961145320919,295.405549070021,86.2379332144282
1641,1941000,1,1,368.091004348596,33.807882472717,287.298816007644,87.2564471710424
1642,1942000,1,1,357.538563318635,36.1038922106161,296.914675407621,85.8970190631282
1643,1943000,1,1,358.18814484925,35.1166707008211,290.202667076855,92.9466673730742
1644,1944000,1,1,362.624520250349,32.561883560832,297.228258808281,84.0394873805382
1645,1945000,1,1,359.658125506423,25.3573783115631,303.216642119016,88.2220040629979
1646,1946000,1,1,361.236058608283,30.1515680927459,297.395862420035,87.6706608789356
1647,1947000,1,1,344.273584312934,38.4840971494955,301.835250402032,91.8612181355377
1648,1948000,1,1,353.432884977877,41.2002634968352,286.727709944559,95.0932915807282
1649,1949000,1,1,364.826055125344,31.9883157038379,282.975860668383,96.6639185024346
1650,1950000,1,1,368.933207666561,25.2057838558658,280.827756784979,101.487401692594
1651,1951000,1,1,363.139919192923,28.0377905936711,288.752748163457,96.5236920499485
1652,1952000,1,1,362.244573638654,29.0921568552182,297.700508906458,87.4169105996698
1653,1953000,1,1,359.061854639293,28.753386380006,294.814495957215,93.8244130234864
1654,1954000,1,1,359.440449430003,32.5699968269795,292.520168536973,91.9235352060439
1655,1955000,1,1,365.042915594881,32.0702241811633,298.47556172306,80.8654485008956
1656,1956000,1,1,356.57332446475,35.9132816161311,297.217218635345,86.7503252837741
1657,1957000,1,1,361.266058387433,33.4918953853078,294.974998044812,86.7211981824471
1658,1958000,1,1,365.173369870781,26.7121522463668,300.284356266752,84.2842716161003
1659,1959000,1,1,365.102307531576,31.145628636118,288.773538722929,91.4326751093767
1660,1960000,1,1,368.523750472595,29.1234846058968,293.384663591633,85.4222513298754
1661,1961000,1,1,360.067302759354,34.0624279483207,300.067193505814,82.2572257865119
1662,1962000,1,1,358.076098642667,32.3406647262416,294.763978953769,91.273407677322
1663,1963000,1,1,371.786458616445,25.0365214471183,293.134583734937,86.4965862014991
1664,1964000,1,1,362.302600303576,29.9484919247888,290.277441125842,93.9256166457935
1665,1965000,1,1,356.846718812934,33.4432734648115,292.795942189591,93.3682155326639
1666,1966000,1,1,357.483090456423,34.140667462378,295.878862065644,88.9515300155549
1667,1967000,1,1,362.691941477119,28.0905408733478,296.203879068339,89.4677885811947
1668,1968000,1,1,369.556153954198,27.2211390680362,291.490548920517,88.1863080572486
1669,1969000,1,1,363.728442632414,34.9505688823444,290.492077284838,87.283061200404
1670,1970000,1,1,368.635948942169,27.7416558392522,290.174761836164,89.9017833824152
1671,1971000,1,1,355.963781447444,31.2148297103748,307.053642916884,82.2218959252975
1672,1972000,1,1,357.517195770538,32.0691034584538,300.040098637322,86.8277521336859
1673,1973000,1,1,358.880373607684,33.669371843514,288.315338971359,95.5890655774426
1674,1974000,1,1,368.183107216915,31.1170015968387,286.009531960918,91.1445092253291
1675,1975000,1,1,362.141784707832,25.9691832756148,300.318422452859,88.0247595636936
1676,1976000,1,1,360.842927836159,33.216633983364,285.368955711625,97.0256324688519
1677,1977000,1,1,367.909442369798,27.5097910673995,301.111002534198,79.9239140286041
1678,1978000,1,1,355.70327356614,28.3218175759782,300.411512819817,92.0175460380648
1679,1979000,1,1,363.752157285503,32.4188663265981,287.40417035869,92.8789560292087
1680,1980000,1,1,357.047615173187,37.6471138525817,291.534634055594,90.2247869186379
1681,1981000,1,1,359.868074798593,29.6374883852686,301.384756923738,85.5638298924007
1682,1982000,1,1,357.866140007804,33.7191340399609,296.924803302037,87.9440726501985
1683,1983000,1,1,363.391139002332,30.9993176908861,290.874981004548,91.1887123022341
1684,1984000,1,1,364.152006454987,32.7173362334893,290.570486754379,89.0143205571453
1685,1985000,1,1,358.342006890731,30.4314860064274,299.997371918232,87.6832851846097
1686,1986000,1,1,357.160418992612,34.5850392006037,289.595676601601,95.1130152051825
1687,1987000,1,1,354.65543006341,37.3239110543102,277.321771186493,107.153037695788
1688,1988000,1,1,367.53940457099,29.2674965867119,283.724778983285,95.9224698590131
1689,1989000,1,1,364.110566782215,27.9315636473207,300.742435803522,83.6695837669425
1690,1990000,1,1,356.486815291274,36.3533326209524,295.312235701466,88.3017663863076
1691,1991000,1,1,356.445038162512,35.9290223220228,282.193031353311,101.887058162154
1692,1992000,1,1,371.902869219828,23.727435148196,297.74292342253,83.0809222094459
1693,1993000,1,1,360.145402848454,35.026188825439,282.772767511725,98.5097908143826
1694,1994000,1,1,357.649529480478,35.0978514460317,288.778133912335,94.9286351611553
1695,1995000,1,1,361.305366529893,27.5256837273662,297.229014536165,90.3940852065754
1696,1996000,1,1,363.382811813283,30.105871812262,293.676158905845,89.2893074686101
1697,1997000,1,1,357.930905386308,32.9884991231575,301.105468055163,84.4292774353709
1698,1998000,1,1,367.777420470492,28.9945363651901,290.317362993247,89.3648301710707
1699,1999000,1,1,368.505010892901,30.9294494487495,286.776209634575,90.2434800237743
1700,2000000,1,1,354.437144958806,34.3041859396599,300.798368656318,86.9144504452166
1701,2001000,1,1,362.706278837632,32.5740026106855,284.675888788821,96.4979797628611
1702,2002000,1,1,359.131716092732,40.6393040711058,284.425028013501,92.2581018226609
1703,2003000,1,1,353.88261446938,35.9278302164328,291.45652790185,95.1871774123377
1704,2004000,1,1,372.276965730268,23.6817569627699,295.19263749253,85.302789814432
1705,2005000,1,1,364.124087518428,34.2766331352508,291.142840127385,86.9105892189356
1706,2006000,1,1,358.262207672825,31.8457492452214,299.874975180109,86.4712179018445
1707,2007000,1,1,368.690257917877,29.4921321840659,287.77903581318,90.4927240848768
1708,2008000,1,1,363.488018549788,29.5443536032738,288.937116675926,94.4846611710118
1709,2009000,1,1,357.631831735687,34.1504771298351,292.235820756609,92.4360203778686
1710,2010000,1,1,349.182408531036,38.9490746621211,290.801046905213,97.5216199016296
1711,2011000,1,1,362.509220905617,36.758836937519,288.47796433127,88.7081278255944
1712,2012000,1,1,368.061433846206,25.0355059568514,295.353693933889,88.0035162630534
1713,2013000,1,1,365.448710218411,29.323850668595,296.813170159235,84.8684189537593
1714,2014000,1,1,363.62589785195,35.4572818392363,290.523472891261,86.8474974175527
1715,2015000,1,1,368.338589545042,31.2611991198105,292.346013876147,84.5083474590002
1716,2016000,1,1,358.883440116671,35.4817498296796,284.325173068798,97.763786984851
1717,2017000,1,1,362.807637351696,33.4939076063904,298.975767469569,81.1768375723442
1718,2018000,1,1,358.913421502833,34.6472059108365,295.985629970186,86.9078926161445
1719,2019000,1,1,360.639453149489,35.3209655861052,284.134855716482,96.3588755479233
1720,2020000,1,1,359.354881438679,35.5229799744895,285.09557617663,96.4807124102014
1721,2021000,1,1,361.414350389186,36.2454442343791,286.581510265827,92.2128451106086
1722,2022000,1,1,356.280916881398,35.7905576418953,292.809294525976,91.5733809507312
1723,2023000,1,1,360.791465002761,34.1617634150836,290.299512910757,91.2014086713986
1724,2024000,1,1,362.376906609155,27.3694581470922,292.530302611663,94.1774826320892
1725,2025000,1,1,363.912679673697,29.4678057226635,296.413391867723,86.6602727359174
1726,2026000,1,1,357.583938064525,33.0603865459759,291.113422800553,94.6964025889465
1727,2027000,1,1,356.702361083156,34.426714096084,293.670576317429,91.6544985033305
1728,2028000,1,1,342.895766992606,37.4879342985962,300.925830541105,95.1446181676931
1729,2029000,1,1,367.620351780064,29.0840569579602,303.160802106177,76.5889391557982
1730,2030000,1,1,357.065309868853,36.4326787663178,291.5896104,91.3665509648285
1731,2031000,1,1,356.582649794132,30.6218223867207,303.808561067323,85.4411167518239
1732,2032000,1,1,362.753889049031,33.8681437697237,287.136006007922,92.696111173324
1733,2033000,1,1,370.356612309486,28.656858333071,295.777563095752,81.6631162616911
1734,2034000,1,1,353.848226252108,36.8039317928959,302.180494653351,83.6214973016448
1735,2035000,1,1,359.598261420712,28.9162919298039,297.17764049371,90.761956155774
1736,2036000,1,1,365.938837445896,24.3636046946503,293.750639345373,92.4010685140809
1737,2037000,1,1,367.956700645267,26.189645361687,294.068839204176,88.2389647888705
1738,2038000,1,1,362.820423837918,31.4506690457036,289.504545276999,92.6785118393798
1739,2039000,1,1,360.654368839331,30.1909334116937,290.889962495361,94.7188852536142
1740,2040000,1,1,369.34685729975,26.1114656755041,288.026102391532,92.9697246332136
1741,2041000,1,1,355.226121659858,35.7935760763447,297.642711525398,87.7917407383997
1742,2042000,1,1,370.0197659359,28.8797845447666,289.306405398579,88.2481941207545
1743,2043000,1,1,369.765097270244,29.9870852914745,285.737155021813,90.9648124164678
1744,2044000,1,1,350.835114475721,35.1625887190266,293.987195510959,96.4692512942929
1745,2045000,1,1,365.020377706125,27.8945834059711,294.6438569113,88.8953319766043
1746,2046000,1,1,359.091824078446,33.867371447052,298.262928770251,85.2320257042512
1747,2047000,1,1,357.89427643119,34.1971672140688,293.430091491278,90.9326148634634
1748,2048000,1,1,360.447303389555,32.4732165111374,291.510351519051,92.0232785802565
1749,2049000,1,1,366.315991109573,30.0205238314922,288.587896580431,91.5297384785036
1750,2050000,1,1,357.714214012198,31.1407089002055,298.582455968362,89.0167711192345
1751,2051000,1,1,352.774989781582,33.1038491817063,302.271497874435,88.3038131622768
1752,2052000,1,1,374.512736775809,33.2403092340654,283.303705223901,85.3973987662243
1753,2053000,1,1,360.852658277946,31.1747088033883,292.656805737103,91.7699771815619
1754,2054000,1,1,357.370187506443,33.0962265618275,298.322294115575,87.6654418161539
1755,2055000,1,1,374.072533472977,25.8003278872106,284.431316701462,92.14997193835
1756,2056000,1,1,362.615906619,34.502109826031,280.403274141768,98.9328594132008
1757,2057000,1,1,358.534420253054,36.5348231334391,292.823104102928,88.5618025105789
1758,2058000,1,1,365.211328342344,30.5643891251919,283.718471636445,96.9599608960186
1759,2059000,1,1,366.729168848041,30.1100654085424,297.48480869604,82.1301070473768
1760,2060000,1,1,362.279179447922,36.7335596205441,279.10417846911,98.337232462424
1761,2061000,1,1,364.826888366356,28.7549991978556,294.28941701834,88.5828454174484
1762,2062000,1,1,355.674018527148,33.8623794257508,298.614213193558,88.3035388535436
1763,2063000,1,1,364.708256709042,30.3312679765691,287.468341179837,93.9462841345515
1764,2064000,1,1,353.523848639331,35.0013366379224,305.078428253911,82.8505364688356
1765,2065000,1,1,357.07665354532,39.3174286915118,286.318363758571,93.7417040045978
1766,2066000,1,1,362.593482552566,26.9362793060633,294.122214192852,92.8021739485191
1767,2067000,1,1,357.48612571963,36.2021233095511,288.302720709473,94.4631802613457
1768,2068000,1,1,367.176742378068,26.7849175989831,293.237528952161,89.2549610707878
1769,2069000,1,1,367.300066947843,32.3439568526811,290.688576424897,86.1215497745793
1770,2070000,1,1,365.208601292442,27.9980554236704,291.057385605007,92.1901076788802
1771,2071000,1,1,366.665102249082,33.5296212311857,296.200929055431,80.0584974643011
1772,2072000,1,1,352.35045954321,38.1906760671559,291.180477999645,94.7325363899892
1773,2073000,1,1,353.881889870556,30.5576539313571,296.595666595486,95.4189396026012
1774,2074000,1,1,375.670448823587,26.3709710910573,284.108262381805,90.3044677035501
1775,2075000,1,1,357.528859377874,30.6169454106894,297.624522567902,90.6838226435342
1776,2076000,1,1,364.446477088077,29.3641807616143,295.014556003407,87.6289361469019
1777,2077000,1,1,357.593988572746,32.261243541344,286.026788178692,100.572129707219
1778,2078000,1,1,365.136179017002,29.8343134222038,295.287006423474,86.1966511373207
1779,2079000,1,1,351.473835756414,35.0954303336698,301.917011651607,87.9678722583097
1780,2080000,1,1,363.34366267459,29.61458201285,290.43838958378,93.0575157287801
1781,2081000,1,1,355.432788933743,31.0011462333664,294.023336282954,95.9968785499362
1782,2082000,1,1,367.662130118443,32.3300802737694,283.115367432682,93.3465721751048
1783,2083000,1,1,361.969137167854,28.1225164377504,298.096877664471,88.2656187299243
1784,2084000,1,1,348.918642038735,36.8155791041556,302.985478770047,87.7344500870619
1785,2085000,1,1,356.758100035315,33.3089236027587,297.099416622732,89.2877097391948
1786,2086000,1,1,364.362317150309,26.3697659950353,291.805747176015,93.9163196786406
1787,2087000,1,1,371.54658542297,31.3348450720782,281.185305280193,92.3874142247583
1788,2088000,1,1,367.458527468892,26.2913058181649,300.722845710044,81.9814710028989
1789,2089000,1,1,366.106993361252,36.4077372078353,286.41449445553,87.524924975383
1790,2090000,1,1,360.053321071863,33.297687646272,287.418649554801,95.6844917270642
1791,2091000,1,1,367.353797021282,29.982801878483,289.209448245173,89.9081028550619
1792,2092000,1,1,369.533820106561,26.7755689325216,287.89667734368,92.2480836172379
1793,2093000,1,1,360.916426231025,32.0788542896572,292.586526182279,90.8723432970384
1794,2094000,1,1,361.353566993139,35.2113218806109,299.61230932416,80.27695180209
1795,2095000,1,1,356.183920750732,33.6373198259585,293.699377148921,92.9335322743876
1796,2096000,1,1,364.287061560776,30.1798462857902,285.84314979949,96.1440923539435
1797,2097000,1,1,354.710895247519,36.5065199636412,296.010442288483,89.2262925003567
1798,2098000,1,1,363.493296000444,30.28185845072,289.704455168176,92.9745403806606
1799,2099000,1,1,363.621823682245,33.0604909880404,289.261709365045,90.5101259646697
1800,2100000,1,1,359.437736329032,34.2525424673089,294.915152723725,87.848718479934
1801,2101000,1,1,360.4851102697,33.7951058411598,286.962447503863,95.2114863852771
1802,2102000,1,1,367.565979411859,33.8166578791986,285.78105503082,89.290457678123
1803,2103000,1,1,366.291398320481,32.6744680853049,290.98255124128,86.5057323529344
1804,2104000,1,1,366.034606744438,22.5962586765103,301.830446153275,85.9928384257773
1805,2105000,1,1,366.252787142694,36.6417122805663,282.880815354816,90.6788352219239
1806,2106000,1,1,366.121181502658,25.2744667518841,292.342379344667,92.7161224007906
1807,2107000,1,1,364.171214914138,30.5152570701312,286.157289096522,95.6103889192094
1808,2108000,1,1,360.065232328583,30.9904613829846,285.850840709149,99.5476155792841
1809,2109000,1,1,356.671691549587,34.9576346938607,298.482339761048,86.3424839955043
1810,2110000,1,1,358.079494320512,33.7961742164769,289.20117253563,95.3773089273804
1811,2111000,1,1,362.063926429233,33.3074628871096,279.494932963218,101.58782772044
1812,2112000,1,1,364.156716579696,33.1517211758036,281.038690006315,98.1070222381861
1813,2113000,1,1,369.446773164689,30.8681686327131,281.986941455582,94.1522667470163
1814,2114000,1,1,368.193227972694,27.9258054085893,300.058074234261,80.2770423844563
1815,2115000,1,1,356.965140750045,30.7530538793804,294.91299476719,93.8229606033846
1816,2116000,1,1,362.032514356709,35.617909059924,283.302902163435,95.5008244199321
1817,2117000,1,1,361.686460547732,31.0259026575126,294.065860056088,89.6759267386676
1818,2118000,1,1,361.347533486831,38.0971155726836,285.21230831716,91.7971926233256
1819,2119000,1,1,364.219709561909,26.3182890680857,297.823470059472,88.092681310534
1820,2120000,1,1,357.593559127635,32.5687400208203,297.019557806477,89.272293045068
1821,2121000,1,1,368.088126702403,29.7935464592084,287.678668481117,90.8938083572715
1822,2122000,1,1,364.847198021343,28.1550143771706,293.434977056911,90.0169605445763
1823,2123000,1,1,369.118382155654,27.252219811554,284.960610323103,95.1229377096891
1824,2124000,1,1,356.922087229431,36.9670047325575,291.246995867296,91.3180621707156
1825,2125000,1,1,361.478667908228,33.0368263068819,293.947288195254,87.9913675896362
1826,2126000,1,1,368.141104010539,28.617235884602,299.24416990151,80.4516402033493
1827,2127000,1,1,363.490668343662,27.010032521683,298.314606941226,87.6388421934288
1828,2128000,1,1,359.551969329804,36.7584202571574,288.22199999021,91.9217604228287
1829,2129000,1,1,357.400385032639,32.3775266722278,304.998847115383,81.6773911797501
1830,2130000,1,1,364.453589075431,35.2601324146112,284.297576323768,92.4428521861891
1831,2131000,1,1,360.545821272404,28.4337131530436,303.086876952627,84.3877386219261
1832,2132000,1,1,369.696402011867,34.4988133320785,284.168053574217,88.0908810818375
1833,2133000,1,1,357.082005707065,36.410641021881,287.126359726015,95.8351435450395
1834,2134000,1,1,358.577120924866,33.1303402764743,290.187501579645,94.559187219014
1835,2135000,1,1,363.453937452713,29.4391530419586,304.390286888356,79.1707726169721
1836,2136000,1,1,359.609598298404,35.4434422407457,285.363133273527,96.037976187324
1837,2137000,1,1,365.222273406639,31.1655281493789,280.32234237497,99.7440060690119
1838,2138000,1,1,367.244757006138,25.683372609467,295.61879285258,87.907227531815
1839,2139000,1,1,365.952472546788,29.7733280941205,290.586783121384,90.1415662377072
1840,2140000,1,1,363.904939224502,26.8710489743231,293.848917380578,91.8292444205966
1841,2141000,1,1,358.336594637344,34.0037489576801,300.989653906304,83.1241524986719
1842,2142000,1,1,363.876416389877,33.5997169748645,287.227788184881,91.7502284503766
1843,2143000,1,1,366.808461737592,27.2321565098762,291.556055573741,90.8574761787916
1844,2144000,1,1,369.533684331089,27.8447457572506,288.91990759994,90.1558123117213
1845,2145000,1,1,356.785030654399,30.9438590641315,301.291606681712,87.4336535997573
1846,2146000,1,1,356.330809678206,35.2398548982574,296.060837555896,88.8226478676403
1847,2147000,1,1,365.605286205218,31.2017065345847,293.059160256609,86.5879970035881
1848,2148000,1,1,364.475303811502,29.3751597713574,288.808751672335,93.7949347448058
1849,2149000,1,1,359.852242897222,36.1009590287806,292.627910490345,87.8730375836529
1850,2150000,1,1,358.632133305746,34.4516984195366,295.232655948522,88.137662326195
1851,2151000,1,1,369.72998100537,25.1973927925748,283.594324964205,97.9324512378504
1852,2152000,1,1,361.539687067786,31.1263488806742,297.965466394406,85.8226476571337
1853,2153000,1,1,361.592479604592,35.2377728919777,286.971374262219,92.6525232412121
1854,2154000,1,1,367.875715199968,27.5187575193276,294.608030067649,86.4516472130556
1855,2155000,1,1,368.547123403391,27.7741423908656,288.565181802952,91.5677024027918
1856,2156000,1,1,361.185213792347,33.4387300059121,295.156542345563,86.6736638561774
1857,2157000,1,1,361.575738050217,34.1410960613568,286.838458340798,93.8988575476288
1858,2158000,1,1,361.651950146062,32.3579424728124,297.415712961433,85.028544419693
1859,2159000,1,1,362.502548406677,25.8084172528014,299.892359607875,88.2508247326465
1860,2160000,1,1,357.163306207604,36.8897249220345,293.290313635415,89.1108052349462
1861,2161000,1,1,356.801962563329,37.1820494584027,296.163710694866,86.3064272834015
1862,2162000,1,1,365.739764042435,26.9280892941172,288.509874825764,95.2764218376842
1863,2163000,1,1,356.843771580401,36.4962701346639,299.553014715194,83.5610935697418
1864,2164000,1,1,355.911086530917,36.1988897945371,293.557544889598,90.7866287849479
1865,2165000,1,1,358.304882766831,30.8891977599797,303.209908481581,84.0501609916083
1866,2166000,1,1,360.951286765899,28.6279869490181,302.028180472386,84.8466958126967
1867,2167000,1,1,360.005817203986,34.3268202272498,287.451080664021,94.6704319047429
1868,2168000,1,1,360.297139317781,30.2460457433264,300.062947731087,85.848017207806
1869,2169000,1,1,361.835304034242,31.6878228653627,291.43151040654,91.4995126938555
1870,2170000,1,1,360.754581088664,35.3841832783909,295.003770902345,85.3116147306003
1871,2171000,1,1,359.7043581512,32.9084730503622,290.14245794164,93.6988608567977
1872,2172000,1,1,357.357357143392,34.6297928498819,289.967539506916,94.4994604998097
1873,2173000,1,1,359.511097915888,34.9287443129078,295.788908068348,86.2253997028562
1874,2174000,1,1,362.958474059604,30.1216949501022,291.73124604114,91.6427349491539
1875,2175000,1,1,358.627255349077,33.4931104376225,290.375310358609,93.9584738546917
1876,2176000,1,1,354.261443332893,32.6729587064245,295.733154911185,93.7865930494977
1877,2177000,1,1,373.577756180937,27.6088983206896,287.996416014863,87.2710794835106
1878,2178000,1,1,352.923287633888,31.6327273109529,301.492138957059,90.4059960980998
1879,2179000,1,1,360.688659334449,33.1963656374336,293.411941216898,89.1571838112195
1880,2180000,1,1,365.083280503676,33.0415416832302,297.259004163733,81.0703236493605
1881,2181000,1,1,359.479936028721,27.1382393894453,289.537066415217,100.298908166616
1882,2182000,1,1,361.783184229966,31.0499531432102,294.296037613687,89.3249750131368
1883,2183000,1,1,362.121938294139,37.4021704341911,278.007489208805,98.9225520628655
1884,2184000,1,1,363.269628212292,31.8806890416546,295.607286837585,85.6965459084684
1885,2185000,1,1,364.764901097996,26.4736614830799,290.571891037738,94.6436963811863
1886,2186000,1,1,364.086527728453,26.9377911486956,300.9279792701,84.5018518527506
1887,2187000,1,1,366.062080921165,31.3066190750631,287.922274896171,91.1631751076007
1888,2188000,1,1,346.645890714933,37.9143216698076,301.735987144268,90.1579504709909
1889,2189000,1,1,367.947117870466,26.0217106581252,283.393249476346,99.0920719950628
1890,2190000,1,1,356.14863510524,35.4393614232204,292.68376841312,92.1823850584191
1891,2191000,1,1,352.24808825818,34.1272912771632,298.680778789577,91.3979916750792
1892,2192000,1,1,361.474355577798,31.4641392998927,297.322235624519,86.1934194977896
1893,2193000,1,1,361.263810598783,24.238520330272,305.17786370322,85.7739553677248
1894,2194000,1,1,362.423971543131,33.8485921891232,289.057745687737,91.1238405800085
1895,2195000,1,1,355.664641136418,34.6650523204617,294.993798250247,91.1306582928731
1896,2196000,1,1,368.771226583384,31.6843655452947,284.311121201634,91.6874366696869
1897,2197000,1,1,358.637117774173,27.6312301138648,306.831978740767,83.3538233711956
1898,2198000,1,1,358.478767003361,32.0265375532436,296.239432987429,89.709412455966
1899,2199000,1,1,352.69709080903,32.1153232420061,302.823101253677,88.8186346952868
1900,2200000,1,1,365.465277249009,32.6022030669716,294.079260142677,84.3074095413427
1901,2201000,1,1,356.163190275406,33.649848160957,301.0164976735,85.6246138901374
1902,2202000,1,1,368.968397447821,23.146077660024,297.453249090271,86.8864258018835
1903,2203000,1,1,361.302564904085,26.0857378618612,294.884807631373,94.1810396026804
1904,2204000,1,1,362.214401832375,32.7511054609438,299.847820416076,81.6408222906057
1905,2205000,1,1,361.242346075259,36.1852630580037,283.272415021566,95.7541258451721
1906,2206000,1,1,366.661110761753,34.2871352903092,289.284558155006,86.2213457929319
1907,2207000,1,1,353.368397863794,39.834175154237,290.87093357856,92.3806434034096
1908,2208000,1,1,365.271596658962,35.2857571806651,291.187325884693,84.7094702756799
1909,2209000,1,1,358.686991816051,35.6901116243451,289.80673333701,92.2703132225931
1910,2210000,1,1,361.746206457451,30.9251292364423,298.934353724414,84.8484605816933
1911,2211000,1,1,363.293329534063,34.4636654338243,283.960281503825,94.7368735282873
1912,2212000,1,1,364.049983612281,28.6908626561133,301.631313728173,82.0819900034335
1913,2213000,1,1,370.422680076484,27.2389348211049,286.830652546026,91.961882556386
1914,2214000,1,1,356.857300144423,33.2155181957258,297.147254680696,89.234076979155
1915,2215000,1,1,369.488777889544,29.8492189433125,293.103076422755,84.0130767443882
1916,2216000,1,1,356.689106419955,34.4334088555705,287.132957410653,98.1986773138215
1917,2217000,1,1,369.85716308561,28.2442555145597,288.689071951449,89.6636594483815
1918,2218000,1,1,364.645226818067,30.5968250126128,284.552594341804,96.6595038275168
1919,2219000,1,1,363.191256679709,32.7039495673097,288.385027762318,92.1739159906634
1920,2220000,1,1,365.28600197682,34.8338208088718,285.241320600566,91.0930066137424
1921,2221000,1,1,361.672841255863,30.3761040239128,292.921461517179,91.4837432030454
1922,2222000,1,1,362.272804046949,29.1168057669655,296.901425819298,88.1631143667882
1923,2223000,1,1,360.479785336832,30.6830047774143,288.746994194315,96.5443656914387
1924,2224000,1,1,354.790344067773,37.3192883636121,291.725064466334,92.6194531022804
1925,2225000,1,1,358.083207194591,35.3077965862448,301.287063903525,81.7760823156391
1926,2226000,1,1,358.853357581007,35.3792670475258,292.461257203015,89.7602681684525
1927,2227000,1,1,366.145938432144,36.6088080051107,283.538969356801,90.1604342059447
1928,2228000,1,1,360.755146516832,31.5403147845385,302.60396877217,81.5547199264595
1929,2229000,1,1,356.676762163873,31.8853063803193,299.13378300509,88.758298450717
1930,2230000,1,1,361.721537342896,33.3822630099216,295.66657793779,85.6837717093925
1931,2231000,1,1,366.598452716182,30.1988068067534,287.981904149425,91.6749863276404
1932,2232000,1,1,360.313273389471,28.3551975879713,295.656016365974,92.1296626565839
1933,2233000,1,1,350.706361409551,32.0539867719534,281.141910887802,112.551890930693
1934,2234000,1,1,355.740690421736,34.4544163898332,291.089765642072,95.1692775463587
1935,2235000,1,1,363.545990712524,32.605256731369,297.996368421982,82.3065341341244
1936,2236000,1,1,360.267101016746,31.5224650105861,288.202711281664,96.461872691004
1937,2237000,1,1,354.185798971443,35.6431856452689,287.827458721242,98.7977066620469
1938,2238000,1,1,349.406130841311,42.4382543001899,288.201758038691,96.4080068198078
1939,2239000,1,1,359.047221550541,33.8038443780549,293.643764391598,89.9593196798057
1940,2240000,1,1,359.46552293568,31.1937585022378,300.463327034652,85.3315415274307
1941,2241000,1,1,369.99571269837,24.6327145413134,295.650675763192,86.1750469971245
1942,2242000,1,1,364.336719497577,29.1593626936507,284.381422905344,98.5766449034284
1943,2243000,1,1,355.800984123137,39.444943846087,291.116378802174,90.0918432286022
1944,2244000,1,1,355.503951771742,35.4312355919453,293.253209825173,92.2657528111397
1945,2245000,1,1,373.98230292106,27.9844704959359,281.745445749109,92.7419308338943
1946,2246000,1,1,358.12313882111,39.3615016761478,288.115652265479,90.8538572372634
1947,2247000,1,1,369.436763714561,32.0006997579486,279.068550086825,95.9481364406645
1948,2248000,1,1,356.520025490777,27.2125339676022,301.125797862698,91.5957926789231
1949,2249000,1,1,355.374020967349,36.5294241973225,288.143360724786,96.4073441105422
1950,2250000,1,1,353.872655570932,34.5453373473833,296.219162864057,91.8169942176278
1951,2251000,1,1,368.116066883474,27.9594550688982,292.68572417778,87.6929038698474
1952,2252000,1,1,366.028771549141,32.7206222569846,294.145276009714,83.5594801841604
1953,2253000,1,1,363.197412453376,33.5421575954698,290.405735067932,89.3088448832223
1954,2254000,1,1,359.695287704033,33.1578164392462,289.08054537779,94.5205004789311
1955,2255000,1,1,358.397898100128,37.212688180324,286.122567801087,94.7209959184615
1956,2256000,1,1,354.639072670253,39.0649482330279,284.659912682701,98.0902164140176
1957,2257000,1,1,355.941390962419,32.9102491606261,304.250866804607,83.3516430723475
1958,2258000,1,1,366.064409851181,30.0620944871634,290.735483203414,89.5921624582422
1959,2259000,1,1,359.015205556834,32.0982223639831,292.180170906175,93.1605511730072
1960,2260000,1,1,360.725668194719,29.928513688493,297.711588648838,88.0883794679501
1961,2261000,1,1,367.048135726228,29.652289187385,290.744140346323,89.0095847400639
1962,2262000,1,1,366.024046360068,28.5920021009477,295.32392629209,86.5141752468947
1963,2263000,1,1,359.941867655537,27.809616199025,299.422888334845,89.2797778105925
1964,2264000,1,1,366.133734012036,30.9247327454472,294.794028585567,84.6016546569494
1965,2265000,1,1,361.590926506464,34.3049332492579,290.522800118672,90.0354901256057
1966,2266000,1,1,353.714563781453,35.6475761594172,298.197737028365,88.8942730307653
1967,2267000,1,1,350.961985165788,38.5013734435393,303.791190059645,83.1996013310274
1968,2268000,1,1,369.740142128968,26.1654164704877,295.274344564158,85.2742468363863
1969,2269000,1,1,360.118676364068,32.2951585296035,295.465564953337,88.5747501529916
1970,2270000,1,1,355.637895302975,35.9892692361818,292.443246983587,92.383738477257
1971,2271000,1,1,356.395673882375,31.4584586340331,292.339469493778,96.2605479898142
1972,2272000,1,1,358.46830656277,34.018134545079,289.344596879537,94.6231120126143
1973,2273000,1,1,361.959273329931,37.6848924853803,284.120854673452,92.6891295112373
1974,2274000,1,1,373.660799968385,32.5723259039241,284.337769436938,85.883254690753
1975,2275000,1,1,369.537553561898,28.7941767578895,290.725734019092,87.39668566112
1976,2276000,1,1,363.386801969004,30.5947761829065,283.593177404328,98.8793944437617
1977,2277000,1,1,355.167076557445,35.2972094709143,290.721326634333,95.2685373373071
1978,2278000,1,1,366.963306244844,32.0819659634075,283.080214194968,94.3286635967808
1979,2279000,1,1,366.565927314227,30.9162793570077,287.024729147441,91.9472141813241
1980,2280000,1,1,358.767626236521,33.9570105526712,291.303033768453,92.4264794423552
1981,2281000,1,1,360.68004539562,28.6005695050896,295.725066152848,91.4484689464424
1982,2282000,1,1,359.903153829606,32.595339401117,292.72018137739,91.2354753918872
1983,2283000,1,1,369.251624951248,27.7999488808039,283.02544267789,96.3771334900581
1984,2284000,1,1,349.995713337709,39.3616351130985,292.323534489787,94.7732670594055
1985,2285000,1,1,352.759722465097,34.8696797455082,283.996635702886,104.828112086509
1986,2286000,1,1,357.994016762563,33.9116733311583,299.026432305581,85.5220276006979
1987,2287000,1,1,367.792089424626,24.9449284719979,292.633420075086,91.0837120282897
1988,2288000,1,1,362.018962995402,32.4580639636486,298.222673332728,83.7544497082209
1989,2289000,1,1,360.844399481735,25.3045650114517,309.266711722449,81.038473784364
1990,2290000,1,1,366.883943226109,27.2994394327293,293.45005696964,88.820710371521
1991,2291000,1,1,364.231354874139,32.8643505634475,286.271172328628,93.087272233786
1992,2292000,1,1,358.846300790531,30.9572210474016,293.907659267221,92.7429688948465
1993,2293000,1,1,358.854729779814,36.4547437483487,295.730080165353,85.4145963064844
1994,2294000,1,1,365.913480130084,33.9061800154907,289.862472399417,86.7720174550079
1995,2295000,1,1,375.367888177571,27.9068422377913,280.859786139116,92.3196334455222
1996,2296000,1,1,359.086683181177,32.332483968957,290.672793321103,94.3621895287627
1997,2297000,1,1,353.434032190748,28.7491091121643,306.303801300907,87.9672073961801
1998,2298000,1,1,356.683441527683,35.732151375905,293.915654621546,90.1229024748658
1999,2299000,1,1,366.817285111445,29.5784500178453,297.777116783989,82.2812980867202
2000,2300000,1,1,351.268454345305,38.2781750558028,300.150900006743,86.756620592149
2001,2301000,1,1,368.936921896579,33.2155033587983,297.167278489286,77.1344462553364
2002,2302000,1,1,357.632914577363,36.9041298279447,291.028392619939,90.8887129747532
2003,2303000,1,1,373.504582422205,31.4155309591546,281.432565601898,90.1014710167433
2004,2304000,1,1,360.839258861633,29.8862737040755,296.442054241436,89.2865631928554
2005,2305000,1,1,352.532665986108,39.7873627392935,288.066906795382,96.067214479216
2006,2306000,1,1,358.376751315927,38.1943846531444,291.781210627827,88.1018034031012
2007,2307000,1,1,352.01440957243,29.0587439976026,295.918029366925,99.4629670630422
2008,2308000,1,1,365.218135291744,31.667139238766,294.393890395255,85.1749850742344
2009,2309000,1,1,370.12858850407,24.709357368221,295.939256861339,85.6769472663701
2010,2310000,1,1,359.908014584077,36.7355436363633,299.367080861679,80.4435109178805
2011,2311000,1,1,362.556599150164,30.4143128002439,296.590558852193,86.8926791973991
2012,2312000,1,1,372.123945251659,29.4729956998319,287.375345979831,87.4818630686779
2013,2313000,1,1,366.011526215104,29.7656814380058,298.811971673067,81.8649706738238
2014,2314000,1,1,363.052036587803,27.6278765087812,289.067452446756,96.7067844566595
2015,2315000,1,1,358.827183132317,31.6816864389316,301.439486922878,84.5057935058726
2016,2316000,1,1,360.356110712181,34.5871788041129,289.068113172704,92.4427473110031
2017,2317000,1,1,368.040806024829,33.0541536086406,283.504405895302,91.8547844712289
2018,2318000,1,1,356.392891611502,37.0205723539608,274.844877054178,108.19580898036
2019,2319000,1,1,350.505759332402,37.1808351997264,296.555638916311,92.2119165515605
2020,2320000,1,1,361.950308717403,33.4107503106874,295.151610451709,85.9414805202007
2021,2321000,1,1,362.514101867148,33.4172771133268,293.404997323029,87.1177736964963
2022,2322000,1,1,359.188940506424,33.2560353392935,293.563003175322,90.4461709789612
2023,2323000,1,1,362.1175781409,30.5283324572221,296.036865093143,87.7713743087355
2024,2324000,1,1,362.704628815988,34.7041900012054,285.13032650198,93.9150046808262
2025,2325000,1,1,362.757234952864,33.3083453080145,292.64080360038,87.7477661387421
2026,2326000,1,1,361.262773409097,36.9508569219721,283.190300211539,95.0502194573919
2027,2327000,1,1,358.760858776399,33.4842210511007,297.991400766267,86.217669406233
2028,2328000,1,1,363.124540858023,32.0362203250858,296.496978405659,84.7964104112324
2029,2329000,1,1,365.512645445714,28.9064182778353,300.961122824976,81.0739634514745
2030,2330000,1,1,358.906750639482,34.2680413881787,284.558082313862,98.7212756584771
2031,2331000,1,1,367.866758974071,26.7680666351407,295.099417331158,86.7199070596309
2032,2332000,1,1,359.510214257009,34.3381093194777,293.15693760036,89.4488888231529
2033,2333000,1,1,354.041419837758,30.4415194076866,296.49026897636,95.4809417781951
2034,2334000,1,1,361.453520056449,31.1263677917203,297.016362846492,86.857899305339
2035,2335000,1,1,369.823076546365,31.0074334445148,285.12123311404,90.5024068950798
2036,2336000,1,1,358.044693494794,37.8931028114696,293.863365309865,86.6529883838709
2037,2337000,1,1,360.870576359971,38.233419994828,284.129031311202,93.2211223339997
2038,2338000,1,1,364.390571916102,31.2690771169719,288.742311359119,92.0521896078075
2039,2339000,1,1,362.845749302131,29.2200924718619,290.744595065363,93.6437131606445
2040,2340000,1,1,354.661731948702,35.6678292520984,302.015577707862,84.1090110913372
2041,2341000,1,1,361.874185358598,27.2000161655582,299.781360271233,87.5985882046109
2042,2342000,1,1,359.451515289419,29.9559784297473,295.806425799576,91.2402304812578
2043,2343000,1,1,364.820071657887,35.8230138926535,283.16578075011,92.6452836993495
2044,2344000,1,1,359.113123605275,34.8858675320051,282.676082577783,99.7790762849373
2045,2345000,1,1,370.382640077098,25.3859149802118,296.024347646613,84.6612472960777
2046,2346000,1,1,365.846036833117,24.9638145242788,297.083382284131,88.5609163584723
2047,2347000,1,1,364.724304820527,34.9966234968426,296.71906883467,80.0141528479605
2048,2348000,1,1,363.561383833248,30.1772731223094,295.895354724083,86.82013832036
2049,2349000,1,1,363.318766811058,26.5599892750483,294.993696500755,91.5816974131389
2050,2350000,1,1,356.36093128919,29.5941005562212,298.620630258138,91.878487896451
2051,2351000,1,1,361.029181347399,34.0562805617379,289.962298872585,91.4063892182788
2052,2352000,1,1,361.758792840927,32.99371312439,289.107624687698,92.594019346985
2053,2353000,1,1,369.79610164844,25.8514982773466,297.287084006815,83.5194660673986
2054,2354000,1,1,357.611326201581,31.861954890763,295.885814627782,91.0950542798735
2055,2355000,1,1,356.468908583241,31.6658833896974,291.798283863553,96.5210741635085
2056,2356000,1,1,360.719927831027,31.991419271298,300.388015087178,83.3547878104973
2057,2357000,1,1,361.691380130013,29.6252750811471,299.937766445659,85.1997283431814
2058,2358000,1,1,361.10277060341,34.3543090454139,296.114303535813,84.8827668153622
2059,2359000,1,1,358.908489138312,33.93993722601,288.553234134012,95.0524895016658
2060,2360000,1,1,357.975755742422,38.0235105223557,296.208218109423,84.2466656257997
2061,2361000,1,1,356.688074555246,36.54874804168,297.423370128289,85.7939572747842
2062,2362000,1,1,363.156597680443,28.8608923973908,286.90570044169,97.5309594804756
2063,2363000,1,1,359.126213843478,36.1513989851112,292.300593876769,88.8759432946418
2064,2364000,1,1,361.491681980004,31.8209446256361,292.723279470552,90.4182439238077
2065,2365000,1,1,366.643878202413,25.8767977584145,285.77958033988,98.1538936992932
2066,2366000,1,1,362.669482665285,31.1122516986981,297.439210004018,85.2332056319991
2067,2367000,1,1,363.463907138231,28.1764543632053,290.149166712535,94.6646217860283
2068,2368000,1,1,363.764393468783,33.0841555203345,288.512362194121,91.0932388167608
2069,2369000,1,1,361.240114514251,31.5392861997116,295.34917053316,88.3255787528769
2070,2370000,1,1,360.793275573042,33.1568632222349,292.103788049498,90.400223155226
2071,2371000,1,1,360.373004283925,30.6665616476923,295.020109693597,90.394474374786
2072,2372000,1,1,356.653643072034,35.3820957545591,291.339148307126,93.0792628662804
2073,2373000,1,1,356.287582256668,34.9598018782582,299.989249963573,85.2175159015007
2074,2374000,1,1,363.18107836057,31.7414708292979,289.391920146092,92.1396806640409
2075,2375000,1,1,360.959932862881,35.3247909882579,288.995116661125,91.174309487736
2076,2376000,1,1,361.20068326303,33.8590036612597,297.197024241796,84.1974388339143
2077,2377000,1,1,364.477892678454,32.370811371249,286.892658293433,92.7127876568635
2078,2378000,1,1,361.680862504788,33.3832316643898,295.426835161865,85.9632206689569
2079,2379000,1,1,363.360171991254,38.8015385400932,288.223230921515,86.0692085471381
2080,2380000,1,1,363.288363722813,35.1445336058674,285.734896426142,92.286356245178
2081,2381000,1,1,362.324815562035,30.9476597052676,296.729091039067,86.4525836936304
2082,2382000,1,1,358.600454672519,33.399553112102,300.799436568153,83.6547056472259
2083,2383000,1,1,365.667177368786,29.1900362149484,301.436326088602,80.1606103276638
2084,2384000,1,1,361.570901856737,30.6568732351774,301.760534204119,82.4658407039664
2085,2385000,1,1,359.237415402361,35.2746582906232,300.723029678042,81.2190466289736
2086,2386000,1,1,362.486866989976,32.0933441386389,284.890323416822,96.9836154545636
2087,2387000,1,1,359.164159107587,30.0350456663658,295.296716013402,91.9582292126451
2088,2388000,1,1,365.046150467186,32.046420400686,291.119576878368,88.2420022537596
2089,2389000,1,1,362.766686495584,31.5903159673798,287.422262798285,94.6748847387511
2090,2390000,1,1,361.533905767088,30.52079541657,294.207276051993,90.1921727643494
2091,2391000,1,1,360.222553759504,30.3041728514801,303.392590626798,82.534832762218
2092,2392000,1,1,363.983733133437,31.3857686285722,296.202385602349,84.8822626356411
2093,2393000,1,1,373.66438730578,28.451029867644,281.64463044207,92.6941023845051
2094,2394000,1,1,365.923241439952,31.9070996116107,292.736933916525,85.886875031912
2095,2395000,1,1,366.349756277331,26.335365733038,290.371492701291,93.3975352883406
2096,2396000,1,1,359.749507836585,33.1580746309987,302.58505103532,80.9615164970962
2097,2397000,1,1,361.450389331966,30.1599942548508,290.328790720041,94.5149756931422
2098,2398000,1,1,361.491335311423,35.4500610417623,286.209863021626,93.3028906251887
2099,2399000,1,1,372.162095994988,25.1270963745233,289.854461975428,89.3104956550601
2100,2400000,1,1,352.790297797124,36.2083118268396,295.98763779552,91.4679025805164
2101,2401000,1,1,368.228095483281,26.5166094616774,294.320356578363,87.3890884766789
2102,2402000,1,1,358.539216828693,35.018286758179,294.834278513329,88.0623678997992
2103,2403000,1,1,363.590687914801,32.6711861266394,296.51982503663,83.6724509219289
2104,2404000,1,1,361.665830312129,32.6721698693862,296.016570549898,86.0995792685874
2105,2405000,1,1,361.725891812839,31.7417387915805,289.956551239062,93.0299681565179
2106,2406000,1,1,356.872750050944,33.2059664732541,283.652158299365,102.723275176436
2107,2407000,1,1,366.319505820951,30.4122390869627,289.289359215084,90.4330458770019
2108,2408000,1,1,360.564000666274,34.0251774345367,286.885822118657,94.9791497805318
2109,2409000,1,1,356.790951219964,33.0636524870893,289.104369124451,97.4951771684957
2110,2410000,1,1,358.24993914442,34.2226019765517,292.897887112515,91.0837217665134
2111,2411000,1,1,369.044182260505,29.8181751229195,279.033898571921,98.5578940446545
2112,2412000,1,1,350.055215261521,34.6347536511936,306.554275286207,85.2099058010783
2113,2413000,1,1,373.780490955485,24.3687390229149,286.855970015453,91.4489500061464
2114,2414000,1,1,354.710986348026,35.9605700524591,291.810092874753,93.9725007247618
2115,2415000,1,1,353.096469162429,40.4579267424176,282.598236888325,100.301517206828
2116,2416000,1,1,359.28846109132,30.7965995893611,296.462221150989,89.9068681683295
2117,2417000,1,1,357.177936607713,32.3065933678898,300.051286909586,86.9183331148106
2118,2418000,1,1,366.504930679442,34.2504654310483,285.689273456888,90.0094804326223
2119,2419000,1,1,362.171923947901,36.3272496759633,285.684744986567,92.2702313895687
2120,2420000,1,1,364.190817839128,30.9960198748506,291.927152261084,89.340160024937
2121,2421000,1,1,362.761461467505,35.1426702148299,283.822093471663,94.7279248460019
2122,2422000,1,1,361.879354507481,33.658183279255,292.640150989702,88.2764612235613
2123,2423000,1,1,356.087710297933,32.5452065844309,304.472417355681,83.3488157619548
2124,2424000,1,1,364.2286042958,31.1794947983011,293.893131189725,87.1529197161732
2125,2425000,1,1,365.873522437938,25.8514229114853,302.442418205321,82.2867864452557
2126,2426000,1,1,362.161771656563,32.6518493990227,294.125832385221,87.5146965591934
2127,2427000,1,1,371.99405173179,25.0488446960603,291.334785797377,88.076467774773
2128,2428000,1,1,358.717931112235,36.422943065647,297.236239723778,84.0770360983399
2129,2429000,1,1,351.377163490828,37.9023463075726,288.83121493399,98.3434252676094
2130,2430000,1,1,356.316462189963,33.2243878373106,304.25242939174,82.6608705809859
2131,2431000,1,1,356.288664880516,35.7069370473985,288.830966220847,95.6275818512388
2132,2432000,1,1,364.203785653596,29.8908624414363,303.683629744548,78.6758721604193
2133,2433000,1,1,379.517052294547,27.2976267626591,277.548066376302,92.0914045664915
2134,2434000,1,1,362.524010932001,32.3956222410509,291.751833552548,89.7826832744005
2135,2435000,1,1,365.709194130574,29.5223131193656,294.945767661371,86.2768750886899
2136,2436000,1,1,357.840601547125,37.6460893272145,285.451178962732,95.5162801629289
2137,2437000,1,1,357.745111546803,30.9059370321334,295.719944146798,92.0831572742661
2138,2438000,1,1,364.395471087361,24.8343859227515,308.855689827239,78.3686031626492
2139,2439000,1,1,354.478087752926,36.5675165076523,293.500668845742,91.9078768936804
2140,2440000,1,1,364.655053297145,35.2690442686934,287.969646353416,88.5604060807458
2141,2441000,1,1,357.098867383612,33.3911609860583,298.365160283467,87.5989613468626
2142,2442000,1,1,358.349604867026,29.6837018058788,304.819339981307,83.6015033457883
2143,2443000,1,1,363.450227477603,26.1978829578174,295.053442500964,91.7525970636154
2144,2444000,1,1,368.94052237547,29.0500768457104,278.34983249096,100.113718287859
2145,2445000,1,1,357.057878981791,36.546898986798,294.726124747598,88.123247283813
2146,2446000,1,1,355.053255318862,32.2347670151861,308.960809269563,80.2053183963891
2147,2447000,1,1,364.405142254142,35.5299106340056,283.057681583757,93.4614155280953
2148,2448000,1,1,365.130228797694,28.8034953562276,293.273251038843,89.2471748072347
2149,2449000,1,1,353.134564519361,37.6233093262463,297.066163966333,88.6301121880605
2150,2450000,1,1,357.402473936963,32.9006724242288,297.649003257493,88.5020003813154
2151,2451000,1,1,357.989688370875,34.2165707684861,294.077393137203,90.1704977234357
2152,2452000,1,1,367.362839190715,30.130369415114,279.761481190418,99.1994602037529
2153,2453000,1,1,367.72400810421,27.8507475373902,298.049865465206,82.8295288931933
2154,2454000,1,1,360.499416408463,32.7348286796899,298.196969669683,85.0229352421633
2155,2455000,1,1,359.576421821901,32.204188186366,291.762873369201,92.9106666225318
2156,2456000,1,1,356.451903618994,31.9542014131675,296.163131484946,91.8849134828918
2157,2457000,1,1,362.449878085491,33.7287836471174,290.828997155587,89.4464911118039
2158,2458000,1,1,360.836581710387,34.3354277129856,288.15513735576,93.1270032208669
2159,2459000,1,1,368.843737253946,30.6202999636639,280.224596914395,96.7655158679948
2160,2460000,1,1,358.21969367205,38.0132758284523,283.330185346274,96.8909951532234
2161,2461000,1,1,362.325694183889,31.6874684316384,299.610239028402,82.8307483560702
2162,2462000,1,1,357.464046244801,30.7349666299812,290.849726741194,97.4054103840232
2163,2463000,1,1,358.248185676972,31.1751107380835,295.562759982565,91.4680936023794
2164,2464000,1,1,360.770352371293,30.798864055665,292.82875691607,92.0561766569725
2165,2465000,1,1,350.878118428402,31.972980038237,300.874590196822,92.7284613365387
2166,2466000,1,1,358.399348355852,29.1521549576181,295.421415640343,93.4812310461867
2167,2467000,1,1,360.172049222143,35.1209879750189,291.219131425616,89.9419813772216
2168,2468000,1,1,351.867215138822,32.3027473794796,300.150860687307,92.1333267943908
2169,2469000,1,1,363.111854553259,32.7232217704267,296.549221140012,84.0698525363022
2170,2470000,1,1,355.875634730897,33.0989702475726,304.750166536715,82.7293784848155
2171,2471000,1,1,357.731122252766,34.494369823225,297.317219581171,86.9114383428383
2172,2472000,1,1,366.26681343123,29.0095717356284,291.454120395255,89.7236444378872
2173,2473000,1,1,345.810328564347,38.4655283252398,298.889040426148,93.2892526842649
2174,2474000,1,1,352.244598910632,40.3703813064771,288.233079482236,95.6060903006552
2175,2475000,1,1,367.479872547069,32.1972651188129,279.623165203359,97.1538471307587
2176,2476000,1,1,361.263561736269,35.0601593436864,296.482051732481,83.6483771875632
2177,2477000,1,1,362.436839792861,29.0750128241382,298.829824163204,86.1124732197969
2178,2478000,1,1,366.73386110732,34.3722004227674,290.417239184146,84.930849285766
2179,2479000,1,1,351.999294290725,36.1972534265811,297.307343822505,90.9502584601885
2180,2480000,1,1,362.545732668128,36.5913056992454,290.759257527383,86.5578541052439
2181,2481000,1,1,360.583370014917,25.7957227447561,296.734048298808,93.3410089415189
2182,2482000,1,1,360.988753956856,34.7022954603129,285.688904693458,95.0741958893734
2183,2483000,1,1,358.637602487141,30.6227718774503,299.193725529852,88.0000501055563
2184,2484000,1,1,367.402554328593,32.0781045154903,286.625024274471,90.3484668814454
2185,2485000,1,1,365.31250117745,30.4797240512345,287.239443645458,93.4224811258582
2186,2486000,1,1,358.472498194896,32.9480175101831,298.472780680537,86.5608536143842
2187,2487000,1,1,359.296398877813,34.6660215666963,286.881048186674,95.6106813688164
2188,2488000,1,1,367.04393185407,37.668155446279,288.779792352335,82.9622703473165
2189,2489000,1,1,348.09862140798,39.0089806172307,292.620695779463,96.7258521953259
2190,2490000,1,1,349.918057033074,35.8351032854952,292.869763643652,97.8312260377793
2191,2491000,1,1,363.929560407701,35.4971972322752,294.044719336152,82.9826730238725
2192,2492000,1,1,352.173773866548,39.7825750483195,295.538677886469,88.9591231986633
2193,2493000,1,1,356.69668094647,30.3861441462664,290.18064931656,99.1906755907038
2194,2494000,1,1,366.262068382716,31.4567699970768,291.849765761823,86.8855458583843
2195,2495000,1,1,365.808651009456,28.7454410889856,295.789400275452,86.1106576261056
2196,2496000,1,1,361.559430322427,34.8456378466237,286.261057098314,93.7880247326359
2197,2497000,1,1,357.454519382163,35.8261263365167,298.023893584375,85.1496106969454
2198,2498000,1,1,359.785235785816,37.4893089099059,299.28652646295,79.8930788413272
2199,2499000,1,1,366.538931538674,28.4216834479141,294.234815855325,87.2587191580867
2200,2500000,1,1,358.719193230686,32.7806751255414,289.76387774616,95.1904038976123
2201,2501000,1,1,362.15467961391,28.8002126640128,291.560018410226,93.9392393118517
2202,2502000,1,1,360.261071331126,33.2031598613125,297.001707493663,85.9882113138992
2203,2503000,1,1,357.752010432286,38.8495509880659,289.931321094961,89.9212674846877
2204,2504000,1,1,360.897282535828,32.495902140312,291.324667997826,91.7362973260341
2205,2505000,1,1,358.836207156919,33.6494543658217,295.043005806256,88.9254826710037
2206,2506000,1,1,361.927602735757,27.5169609906743,293.897868979583,93.1117172939851
2207,2507000,1,1,358.56764572716,34.1469079801271,287.822979919208,95.9166163735046
2208,2508000,1,1,362.660419377882,27.5932101574984,308.270720660288,77.929799804332
2209,2509000,1,1,358.738714204239,30.5844733546915,299.596979404017,87.5339830370523
2210,2510000,1,1,366.157520303482,27.4180815318291,293.427020367676,89.4515277970131
2211,2511000,1,1,357.558125484562,32.4063636792175,307.360899606683,79.1287612295378
2212,2512000,1,1,361.272408488769,28.8990848638597,291.363680765384,94.9189758819876
2213,2513000,1,1,361.025519252238,32.4594879772913,295.072541084424,87.8966016860469
2214,2514000,1,1,359.368983953293,34.4675744461122,290.158226609894,92.4593649907005
2215,2515000,1,1,361.19505773795,29.3308039405033,308.538132131004,77.3901561905424
2216,2516000,1,1,369.757119606446,29.7795357872448,292.254546852323,84.6629477539857
2217,2517000,1,1,371.5386248405,26.6037469892638,291.886910589167,86.4248675810687
2218,2518000,1,1,369.008098996414,32.8286010438588,282.391535419735,92.2259145399923
2219,2519000,1,1,367.967502286187,25.1490028840307,297.844507329629,85.4931375001534
2220,2520000,1,1,354.315470876577,39.3642870293783,290.965530797163,91.8088612968819
2221,2521000,1,1,368.189984023867,31.1225098047338,296.121806661,81.0198495103993
2222,2522000,1,1,360.986835830236,28.0411543272015,296.308436719433,91.1177231231293
2223,2523000,1,1,361.741899781306,31.5076706257722,295.408607810756,87.7959717821663
2224,2524000,1,1,366.102188783653,29.8512409231916,296.38966906542,84.1110512277363
2225,2525000,1,1,367.997754604508,26.6344970321653,278.864127316434,102.957771046892
2226,2526000,1,1,363.238575962737,28.1912706680282,295.641668708357,89.382634660878
2227,2527000,1,1,365.216471110167,34.4714378692679,288.011427864343,88.7548131562217
2228,2528000,1,1,365.005881665143,29.280043995598,293.080602519836,89.0876218194225
2229,2529000,1,1,373.233605789377,28.2619006955222,286.586494201743,88.3721493133576
2230,2530000,1,1,356.589936478923,32.4017841277055,294.438059808957,93.0243695844142
2231,2531000,1,1,356.412484774915,34.1257138706129,289.617096407119,96.2988549473532
2232,2532000,1,1,361.25426991136,32.6040926558876,291.784437853338,90.8113495794139
2233,2533000,1,1,356.239343919768,33.7249078139653,297.2370317783,89.2528664879664
2234,2534000,1,1,353.890053235027,33.261780208617,299.952429435875,89.3498871204809
2235,2535000,1,1,357.271565042951,33.0855234288454,288.994823800109,97.1022377280939
2236,2536000,1,1,361.518588379831,28.7040998281389,293.660206201942,92.5712555900883
2237,2537000,1,1,355.232306423711,28.7985647848268,296.448905830687,95.9743729607756
2238,2538000,1,1,369.995579666219,26.9947831952455,289.702450690169,89.7613364483665
2239,2539000,1,1,366.763836023408,27.8360919552017,289.028548454672,92.8256735667183
2240,2540000,1,1,357.74422879848,35.2889936198894,290.168430853711,93.2524967279197
2241,2541000,1,1,362.093746028606,32.0799595763738,291.067038610765,91.2134057842561
2242,2542000,1,1,361.997357686771,26.0722638834493,302.397613100186,85.9869153295939
2243,2543000,1,1,364.384535126028,32.6705378648199,290.283136505823,89.1159405033298
2244,2544000,1,1,356.120426347913,34.5356677085436,299.410692440918,86.387363502626
2245,2545000,1,1,358.232440544651,33.128415567389,296.313194970811,88.7800989171492
2246,2546000,1,1,361.572091770507,32.7048382788268,291.248825051341,90.9283948993254
2247,2547000,1,1,359.40088268355,31.4408469820243,305.153699319916,80.4587210145091
2248,2548000,1,1,372.669654173387,26.3514702300011,286.410219001838,91.0228065947732
2249,2549000,1,1,360.817396859708,31.1498939937958,287.095867791827,97.3909913546699
2250,2550000,1,1,361.884087408625,32.4172321784269,294.826908084354,87.3259223285939
2251,2551000,1,1,369.818119457407,27.5299627541132,294.900294377175,84.2057734113049
2252,2552000,1,1,365.007903043489,32.7416833241491,291.927776516045,86.7767871163175
2253,2553000,1,1,361.861264290277,32.3282508942043,291.349890304304,90.9147445112152
2254,2554000,1,1,367.198605866976,26.166467220631,293.908959487403,89.1801174249894
2255,2555000,1,1,351.237319429478,37.1680338873268,294.475675417797,93.5731212653977
2256,2556000,1,1,370.064729362548,25.1535242693212,301.560544004782,79.6753523633484
2257,2557000,1,1,369.779152451188,29.2775273151952,285.522229808294,91.8752404253233
2258,2558000,1,1,373.099509500968,29.7306861639181,279.859461629496,93.7644927056186
2259,2559000,1,1,362.397950301755,31.812450693483,285.288618797017,96.9551302077447
2260,2560000,1,1,367.448375992395,26.4541197392267,289.329430127864,93.2222241405141
2261,2561000,1,1,363.657246817927,26.0826862225997,296.349160038203,90.3650569212696
2262,2562000,1,1,364.812581380009,32.6823823640121,283.658738074685,95.3004481812931
2263,2563000,1,1,360.79484497849,32.0451334911797,297.078510424813,86.5356611055178
2264,2564000,1,1,362.357613059231,32.8108662881184,298.833364148622,82.4523065040279
2265,2565000,1,1,365.890241376541,30.1019006212771,291.779058738712,88.6829492634705
2266,2566000,1,1,362.939974696641,34.096576204834,289.950483504459,89.4671155940663
2267,2567000,1,1,360.162661409839,29.1916351428404,302.868204148176,84.2316492991456
2268,2568000,1,1,366.513519780599,29.5465509458437,288.533506383925,91.8605728896326
2269,2569000,1,1,364.902060812586,33.7573784912935,290.909207754407,86.885502941713
2270,2570000,1,1,361.333364691169,27.8638142185232,291.956050921884,95.3009201684232
2271,2571000,1,1,364.527665871582,39.7414359492255,283.239341819525,88.9457063596674
2272,2572000,1,1,362.885620999881,28.1143590663342,302.22664055067,83.2275293831142
2273,2573000,1,1,361.906819583432,30.7346984402857,290.761783945987,93.0508480302948
2274,2574000,1,1,361.640935355629,37.9285023867452,282.446429151303,94.4382831063226
2275,2575000,1,1,370.469863349268,28.1448305162902,286.944938205399,90.8945179290435
2276,2576000,1,1,365.818435470858,31.8454760307198,291.681446731679,87.108791766743
2277,2577000,1,1,361.202584409941,35.026803806283,295.607051752152,84.6177100316239
2278,2578000,1,1,359.997060426684,35.1104339277753,293.868209563168,87.4784460823733
2279,2579000,1,1,357.110889935733,32.3306567602195,298.143768472897,88.8688348311506
2280,2580000,1,1,359.237341201067,32.8284939890576,291.844947426133,92.5433673837426
2281,2581000,1,1,361.709742149699,29.7710010096754,290.907710106552,94.0656967340735
2282,2582000,1,1,363.973195133094,24.7165635266597,304.175044988261,83.5893463519857
2283,2583000,1,1,357.842716541986,32.9887224195528,301.893582996943,83.7291280415182
2284,2584000,1,1,358.692563370101,35.1919276262625,295.672899493664,86.8967595099727
2285,2585000,1,1,362.225060809005,28.8289951876451,290.418175949456,94.9819180538935
2286,2586000,1,1,361.089091215536,33.6228675090621,288.338390144722,93.403801130679
2287,2587000,1,1,372.765629632069,27.9544201767744,281.813929781023,93.9201704101331
2288,2588000,1,1,355.613127457914,33.2211372780381,294.907273243308,92.7126120207406
2289,2589000,1,1,363.331437061815,29.189921973745,301.283801500028,82.6489894644117
2290,2590000,1,1,353.060908224489,35.1236787398449,289.334665440028,98.9348975956377
2291,2591000,1,1,362.828562413656,30.861631738186,295.601075071522,87.1628807766361
2292,2592000,1,1,370.647987089053,25.2915496691446,288.445183936202,92.0694293055998
2293,2593000,1,1,358.905407418027,37.2948524397276,292.43318700274,87.820703139505
2294,2594000,1,1,358.362651392826,32.4262259767902,290.384621756543,95.2806508738405
2295,2595000,1,1,364.690865542209,33.3494493535162,286.136643308204,92.2771917960713
2296,2596000,1,1,357.919243026851,30.6792734970737,296.620681106056,91.2349523700192
2297,2597000,1,1,359.847939483847,34.9270893707906,294.368473306929,87.3106478384334
2298,2598000,1,1,370.183210733387,32.0099317644008,280.828470597888,93.4325369043239
2299,2599000,1,1,370.642108068321,25.8910152693151,291.783396317747,88.1376303446168
2300,2600000,1,1,358.797055819535,41.1266651522018,285.413972742974,91.1164562852894
2301,2601000,1,1,368.104190182607,30.7853198526679,287.736537847323,89.8281021174023
2302,2602000,1,1,361.600045263443,29.7729143084559,287.092789643205,97.988400784896
2303,2603000,1,1,354.881999270367,33.8842960358732,296.309481197757,91.3783734960024
2304,2604000,1,1,369.6807713809,30.2933931447277,291.219607562898,85.2603779114736
2305,2605000,1,1,360.646924918329,35.0762658337951,292.32365094215,88.4073083057253
2306,2606000,1,1,365.638737722865,34.0462225920766,283.872352435576,92.8968372494827
2307,2607000,1,1,367.857901363135,26.3613406359779,292.203152819354,90.0317551815339
2308,2608000,1,1,363.117813064453,31.1459437720997,297.945930744272,84.244462419175
2309,2609000,1,1,365.487585876626,28.1206724198224,291.505740920094,91.3401507834583
2310,2610000,1,1,358.168934920009,35.8665847583901,282.617565225187,99.8010650964141
2311,2611000,1,1,358.881116977287,33.2274255170624,290.560708349581,93.7848991560689
2312,2612000,1,1,366.353200253817,29.6908078001366,295.267182327566,85.1429596184807
2313,2613000,1,1,358.855062096209,31.5077727157363,297.548690595466,88.5426245925886
2314,2614000,1,1,359.443412639684,31.8902578141689,293.057746128238,92.0627334179087
2315,2615000,1,1,365.365708840261,29.7158267244232,293.932680036675,87.4399343986414
2316,2616000,1,1,361.065326051744,35.5141052263198,296.083004232512,83.7917144894246
2317,2617000,1,1,364.295701833118,29.9357462650625,292.147509049489,90.0751928523311
2318,2618000,1,1,363.049501824362,32.4821462102405,287.573122719371,93.3493792460265
2319,2619000,1,1,371.609852605067,26.0100435941906,291.174923467758,87.6593303329842
2320,2620000,1,1,364.067399334226,27.8006924118315,293.399511310325,91.1865469436174
2321,2621000,1,1,360.131556079462,28.9031906520498,295.549616794231,91.8697864742568
2322,2622000,1,1,361.457649214329,30.5580807944519,289.261526419729,95.1768935714903
2323,2623000,1,1,354.561853093452,36.2163980584663,295.973737037949,89.702161810133
2324,2624000,1,1,361.412264631918,30.5500495948109,296.177197447677,88.3146383255942
2325,2625000,1,1,360.579607849088,36.8536232575041,290.000711332725,89.0202075606822
2326,2626000,1,1,361.993459573999,35.1883716578533,296.79292455569,82.4793942124579
2327,2627000,1,1,356.539554494819,34.9547958048547,289.624010985348,95.3357887149789
2328,2628000,1,1,357.843971975915,34.290661708308,298.359435629963,85.9600806858143
2329,2629000,1,1,358.332305247532,37.2467772511895,291.496844451358,89.3782230499207
2330,2630000,1,1,359.727726007462,34.3919303644073,294.100819045186,88.2336745829442
2331,2631000,1,1,371.745232171552,26.6204587607882,287.602544988912,90.4859140787477
2332,2632000,1,1,353.160794313388,34.2020086295674,291.05800218216,98.0333448748845
2333,2633000,1,1,371.027037949126,26.0648642405483,284.885492644274,94.4767551660519
2334,2634000,1,1,368.60724770713,24.7576463921736,292.15754155104,90.9317143496558
2335,2635000,1,1,368.692649309086,26.2713096227902,295.554914857323,85.9352762108
2336,2636000,1,1,356.07950412978,35.1901244880707,298.769682854271,86.4148385278783
2337,2637000,1,1,350.957703271092,37.1573047064061,293.939164355658,94.3999776668437
2338,2638000,1,1,361.352108800992,30.3008587646839,297.740870760447,87.0603116738774
2339,2639000,1,1,361.234732505393,29.7611170884143,297.941810036884,87.5164903693081
2340,2640000,1,1,357.785392612276,30.3903156061878,295.925363187367,92.3530785941694
2341,2641000,1,1,355.405787545314,35.9802237183814,293.722739733492,91.3453990028123
2342,2642000,1,1,373.782845960323,27.4177742124025,287.93615998861,87.3173698386647
2343,2643000,1,1,364.102715199455,28.2530064888722,299.385316025438,84.7131122862348
2344,2644000,1,1,359.085601099987,33.2584412613928,297.721118936996,86.3889887016244
2345,2645000,1,1,357.51282933782,32.427782705488,299.662480976381,86.8510569803113
2346,2646000,1,1,363.686994984349,32.0856189019362,284.169385741431,96.5121503722837
2347,2647000,1,1,364.09775614775,28.7636713464993,292.132919747976,91.4598027577751
2348,2648000,1,1,363.591667559286,32.8618218767,295.4095833791,84.591077184914
2349,2649000,1,1,367.878279364873,32.0405730759407,281.508211860091,95.0270856990954
2350,2650000,1,1,362.736639237128,37.2766407793079,291.318594238544,85.1222757450202
2351,2651000,1,1,350.376328805207,36.828263728802,306.859846727512,82.3897107384788
2352,2652000,1,1,350.610643892062,29.7484806545,312.198352552198,83.8966729012399
2353,2653000,1,1,357.549609299993,36.0530684546817,294.902544235503,87.9489280098226
2354,2654000,1,1,357.18816868561,33.9952076341739,284.514711802898,100.756061877319
2355,2655000,1,1,357.914541435455,36.0161402480947,304.679646433667,77.843821882783
2356,2656000,1,1,354.45632523635,40.9743443160813,282.552709951055,98.4707704965144
2357,2657000,1,1,359.310120713124,33.065912144214,284.566302303445,99.5118148392177
2358,2658000,1,1,355.724669631502,34.0945100080611,300.647649081337,85.9873212791003
2359,2659000,1,1,357.287297338452,34.4001984118474,296.089259610706,88.6773946389944
2360,2660000,1,1,355.357109276627,35.7211151015928,285.660051252216,99.7158743695644
2361,2661000,1,1,356.768626614629,28.9678057908032,301.379426399133,89.3382911954343
2362,2662000,1,1,359.443988174201,31.9495166695543,293.444150465801,91.6164946904435
2363,2663000,1,1,363.42965208955,29.7943931945779,290.373408987739,92.8566957281338
2364,2664000,1,1,354.161380866332,32.8142994869323,297.407899304789,92.0705703419466
2365,2665000,1,1,369.939528806088,25.3082704179695,291.760153183199,89.4461975927433
2366,2666000,1,1,366.267610115077,31.2944420321341,284.719314014937,94.1727838378523
2367,2667000,1,1,359.687678348792,32.1629990437629,296.207138523996,88.396334083449
2368,2668000,1,1,365.106210320012,35.5802750951435,277.298637565233,98.4690270196119
2369,2669000,1,1,360.261917888342,29.648592252055,297.873373556624,88.6702663029782
2370,2670000,1,1,369.153547128521,26.2295815383884,294.611632111763,86.4593892213275
2371,2671000,1,1,360.648864240797,29.4542770871094,294.678717272132,91.6722913999614
2372,2672000,1,1,370.956852872081,26.1476623127034,281.164764385995,98.1848704292215
2373,2673000,1,1,360.250876028686,33.0253296863628,295.062041918707,88.1159023662448
2374,2674000,1,1,358.237152585149,28.8915953763743,304.204698920925,85.1207031175519
2375,2675000,1,1,360.650765393221,30.7729752678953,297.338503507263,87.691905831621
2376,2676000,1,1,361.332630454768,34.3789730119393,285.131542463452,95.611004069841
2377,2677000,1,1,360.249118866774,34.582752119965,279.257907815795,102.364371197467
2378,2678000,1,1,362.78414340041,33.0595215969991,290.567278686912,90.0432063156788
2379,2679000,1,1,375.807309100692,25.8833409724013,285.90489210627,88.8586078206367
2380,2680000,1,1,367.175353052319,28.109996626893,291.913839803674,89.2549605171146
2381,2681000,1,1,365.667222611749,31.965148475702,286.558932559765,92.2628463527833
2382,2682000,1,1,358.314227682658,33.2741281279482,297.96679935446,86.898994834934
2383,2683000,1,1,348.917404962312,31.8551639489695,306.835243415076,88.8463376736418
2384,2684000,1,1,363.762374852056,32.7247312982647,289.24304840998,90.7239954396993
2385,2685000,1,1,359.284043636881,35.3741838576361,299.286894717039,82.5090277884432
2386,2686000,1,1,361.499490879313,33.5510295158243,289.811173975653,91.5924556292094
2387,2687000,1,1,361.987763184321,31.0219901250277,293.363689531253,90.0807071593979
2388,2688000,1,1,363.530875779902,27.1370421633082,302.206573924301,83.579658132488
2389,2689000,1,1,360.60735239687,37.2542166899035,300.887671672763,77.7049092404637
2390,2690000,1,1,369.104994985227,26.1524923584606,297.563478788034,83.6331838682786
2391,2691000,1,1,370.572062465216,30.1295918963249,286.511615348181,89.2408802902784
2392,2692000,1,1,357.127780331813,28.218819723204,299.693618768005,91.4139311769774
2393,2693000,1,1,364.847960927248,31.6074579375004,290.278305824405,89.7204253108463
2394,2694000,1,1,357.695173888638,30.1401090417788,298.33875697402,90.2801100955634
2395,2695000,1,1,366.77874929266,29.4519547868217,281.256576511964,98.9668694085545
2396,2696000,1,1,361.166108997265,29.9727052439464,292.200797124635,93.1145386341538
2397,2697000,1,1,360.152762786781,30.0968819068809,296.873208826728,89.33129647961
2398,2698000,1,1,352.068620239023,33.6945657999413,297.710436705348,92.9805272556882
2399,2699000,1,1,362.943569339207,33.3671583698569,298.800618265023,81.342804025913
2400,2700000,1,1,358.654584731119,35.4150538719831,291.561296403522,90.823214993376
2401,2701000,1,1,359.571688982935,30.0277595983165,291.940781018651,94.9139204000982
2402,2702000,1,1,359.758292616558,32.4035273589372,287.79464555347,96.497684471035
2403,2703000,1,1,351.856229065978,35.5037267167966,286.425357725659,102.668836491567
2404,2704000,1,1,354.444481768913,29.9621211981342,303.38877963464,88.6587673983133
2405,2705000,1,1,360.18384973842,33.8354256019316,297.685095850609,84.7497788090392
2406,2706000,1,1,366.043923013211,27.291887857716,286.731753142509,96.3865859865639
2407,2707000,1,1,359.539865555724,31.1614176212781,294.418271469896,91.3345953531012
2408,2708000,1,1,375.275041009712,26.2880254955679,286.666936072944,88.224147421776
2409,2709000,1,1,362.186528126467,28.035548613112,300.606864024379,85.6252092360423
2410,2710000,1,1,365.272388118724,27.4660950752594,294.203080779546,89.5125860264706
2411,2711000,1,1,361.027440373236,33.4192482929349,284.565916476818,97.4415448570104
2412,2712000,1,1,352.360323940173,32.8067944580002,294.54857444318,96.7384571586462
2413,2713000,1,1,359.073371087171,31.8650802207926,286.233312387615,99.2823863044213
2414,2714000,1,1,361.248378323359,30.1698649873134,292.387176240442,92.6487304488855
2415,2715000,1,1,358.450888676281,34.8699223291927,291.793008018044,91.3403309764825
2416,2716000,1,1,354.321377466564,33.2191887571659,298.980721017676,89.9328627585941
2417,2717000,1,1,362.194775085256,30.8222663350066,291.76320360233,91.6739049774079
2418,2718000,1,1,368.310762236085,26.8922770494233,290.452948371335,90.7981623431562
2419,2719000,1,1,355.470264774457,34.6110086573442,303.66436402763,82.7085125405691
2420,2720000,1,1,356.127415624887,32.1613414777297,303.293772852706,84.8716200446777
2421,2721000,1,1,363.134414343898,32.4948034426356,287.989127240907,92.8358049725587
2422,2722000,1,1,361.819434326296,29.1711923903738,301.499526589543,83.9639966937876
2423,2723000,1,1,357.283367970307,36.9871204804154,289.121305343521,93.0623562057574
2424,2724000,1,1,357.460120543342,36.7974333582375,287.260501844298,94.9360942541226
2425,2725000,1,1,364.017784346741,37.535786646387,284.034623959741,90.8659550471306
2426,2726000,1,1,358.041272599451,30.8896254687708,291.503838005859,96.0194139259195
2427,2727000,1,1,365.848365377935,34.4275254390308,289.606496555249,86.5717626277857
2428,2728000,1,1,364.8321027595,32.23498463468,287.817670769078,91.5693918367423
2429,2729000,1,1,360.823361289368,31.463861425797,297.321927985482,86.8449992993537
2430,2730000,1,1,355.188198436013,33.4646272964051,296.516744284157,91.2845799834245
2431,2731000,1,1,366.12455661482,27.8290113629024,287.125446494988,95.3751355272897
2432,2732000,1,1,360.912634880263,35.3661896684544,289.50163363214,90.673691819143
2433,2733000,1,1,366.347884133574,33.5776699173973,296.096353397052,80.4322425519763
2434,2734000,1,1,359.450741971206,32.5816337039774,297.329529601589,87.092244723227
2435,2735000,1,1,364.384108861667,33.3998786996599,289.83490680315,88.8352556355236
2436,2736000,1,1,368.30144901902,31.1098632289892,284.886955830695,92.155881921295
2437,2737000,1,1,358.281283833256,35.3625109278402,294.003714279086,88.8066409598184
2438,2738000,1,1,358.37946431854,35.3898808695937,288.852057483301,93.8327473285655
2439,2739000,1,1,359.837198959595,31.6015039018107,292.487742975219,92.5277041633755
2440,2740000,1,1,358.26277016424,34.5251315797393,294.486653390713,89.1795948653071
2441,2741000,1,1,359.320418352839,33.4065115609184,300.578177662797,83.1490424234452
2442,2742000,1,1,365.399735798426,34.5512071914606,285.722825785579,90.7803812245346
2443,2743000,1,1,361.529645996742,34.1476165424422,303.486699598216,77.2901878625998
2444,2744000,1,1,357.262053912009,32.9398584756708,289.962980703532,96.2892569087882
2445,2745000,1,1,355.662385125158,32.7452095582742,299.432016329233,88.6145389873353
2446,2746000,1,1,355.307767254807,38.7573130188366,285.492436263741,96.896633462615
2447,2747000,1,1,356.227707670493,36.824684799565,298.249065604311,85.1526919256311
2448,2748000,1,1,359.674221800519,36.3741434459433,286.760618175652,93.6451665778856
2449,2749000,1,1,368.851737184711,36.5168432201198,276.588663817292,94.4969057778772
2450,2750000,1,1,362.393423506528,30.5159398297965,288.084759715972,95.4600269477039
2451,2751000,1,1,361.646613934742,30.1901149412025,288.842961687772,95.7744594362834
2452,2752000,1,1,359.687275660368,37.8240380543522,285.908049882513,93.0347864027671
2453,2753000,1,1,356.270681422529,39.7338684318475,298.991426904819,81.4581732408046
2454,2754000,1,1,360.10905362796,33.9021778365412,289.190591583672,93.2523269518266
2455,2755000,1,1,368.22671897045,28.4599990935107,296.06601609565,83.7014158403892
2456,2756000,1,1,358.130449481847,31.1427834480381,287.87044206371,99.3104750064045
2457,2757000,1,1,361.437562496791,35.0930106382078,295.754837197743,84.1687396672588
2458,2758000,1,1,363.970674781252,33.6121735240466,290.905867789484,87.9654339052172
2459,2759000,1,1,362.575856997706,26.3477021377276,299.879326358194,87.6512645063724
2460,2760000,1,1,356.776153670285,31.6470374067828,309.622238957532,78.4087199654002
2461,2761000,1,1,361.62348091207,30.1364874555117,292.045701334433,92.6484802979849
2462,2762000,1,1,354.721421073525,26.419599801612,303.036080783994,92.2770483408696
2463,2763000,1,1,365.589780955787,29.9588098631037,296.172573639208,84.7329855419015
2464,2764000,1,1,359.396155722305,34.7145178298373,294.525875744578,87.8176007032799
2465,2765000,1,1,360.448680547501,29.7182273121502,292.571384627455,93.7158575128943
2466,2766000,1,1,362.295482295114,34.9952952418222,291.36733983701,87.7960326260538
2467,2767000,1,1,366.17162204327,29.7000043055059,291.975402201776,88.6071214494481
2468,2768000,1,1,362.136279146295,36.2555116813655,281.610597274881,96.4517618974579
2469,2769000,1,1,367.050390910016,34.8667408858412,288.837798392259,85.6992198118836
2470,2770000,1,1,363.927945418869,36.1583865411559,293.625934547285,82.7418834926898
2471,2771000,1,1,358.979051107345,36.3603171082242,286.555242404997,94.559539379433
2472,2772000,1,1,365.148097734426,32.4959338328964,281.071200003392,97.7389184292857
2473,2773000,1,1,354.749525616732,30.2606382249558,296.575923722601,94.8680624357106
2474,2774000,1,1,364.804838247558,33.580475653174,288.369665942015,89.6991701572537
2475,2775000,1,1,359.757219222126,32.0891958793177,296.789164435989,87.8185704625673
2476,2776000,1,1,352.655294570193,34.9509917665675,305.199946819082,83.6479168441581
2477,2777000,1,1,364.191791035561,35.7003177212914,282.102847114021,94.4591941291267
2478,2778000,1,1,369.425172589367,25.4833357420437,299.054103120781,82.4915385478084
2479,2779000,1,1,370.783894469635,30.26061679262,279.257394989532,96.1522437482136
2480,2780000,1,1,356.096614896597,31.8379318427164,297.02338530036,91.4962179603266
2481,2781000,1,1,359.235263045423,32.3881524819647,292.928050898698,91.9026835739136
2482,2782000,1,1,361.827003176001,31.2649446007133,300.563320853358,82.7988813699284
2483,2783000,1,1,364.83150200918,29.9833833336592,288.32387145213,93.315393205031
2484,2784000,1,1,358.848505905578,27.7489294416758,305.389024548226,84.4676901045203
2485,2785000,1,1,356.225210279386,35.4806143269814,283.832969824605,100.915355569027
2486,2786000,1,1,361.05332298931,33.1595994007108,300.280990703132,81.9602369068467
2487,2787000,1,1,372.442290567065,26.2898389710938,281.929809540099,95.7922109217425
2488,2788000,1,1,367.744941244531,25.162330335551,287.855280497158,95.6915979227604
2489,2789000,1,1,361.150086252412,30.6330598017514,286.019080451047,98.6519234947899
2490,2790000,1,1,363.687847571353,26.0831818580388,293.244982847369,93.4381377232399
2491,2791000,1,1,359.690594301352,34.4775655011886,286.022286391322,96.2637038061376
2492,2792000,1,1,365.767202216616,31.3060963136348,289.813968512975,89.5668829567744
2493,2793000,1,1,356.811336897836,29.7605429768121,302.536500619457,87.3457695058948
2494,2794000,1,1,362.52935289624,34.6015011631097,281.831534575826,97.4917613648245
2495,2795000,1,1,369.22328595768,31.9593616766597,280.103885822693,95.1676165429678
2496,2796000,1,1,370.188911587288,27.0082832674783,286.476698000034,92.7802571451989
2497,2797000,1,1,363.339213594755,30.1804631436032,299.543476356418,83.3909969052231
2498,2798000,1,1,365.261513427275,33.4764284323182,297.326287182604,80.3899209578026
2499,2799000,1,1,348.645652153281,37.3742093118729,289.595064136375,100.839224398471
2500,2800000,1,1,360.348795234489,27.8891172652478,295.509642864759,92.7065946355048
2501,2801000,1,1,371.844787962956,25.1423373428969,288.577076044735,90.8899486494126
2502,2802000,1,1,357.464406071691,35.9570022423737,287.565527318558,95.4672143673769
2503,2803000,1,1,363.061607054686,30.6435403270511,290.767984857614,91.9810177606485
2504,2804000,1,1,359.21384044646,31.7876120817274,299.268920921064,86.1837765507489
2505,2805000,1,1,364.254870158244,27.9095343844627,292.950539450871,91.3392060064215
2506,2806000,1,1,352.437359095471,39.9573453786487,289.029161411486,95.0302841143941
2507,2807000,1,1,377.342860956237,25.2409823601863,284.668992978278,89.2013137052993
2508,2808000,1,1,362.143635239961,34.8506930323293,292.115394550054,87.344427177656
2509,2809000,1,1,365.376196724312,33.0107631851091,286.109709647612,91.9574804429668
2510,2810000,1,1,367.035640973775,29.8329323434397,289.51567407836,90.0699026044259
2511,2811000,1,1,368.900760597771,25.2121475648467,298.642094686318,83.699147151065
2512,2812000,1,1,361.686010015258,34.3349511462193,294.365993419815,86.0671954187081
2513,2813000,1,1,351.579996929685,38.2847542753605,294.213291397626,92.3761073973285
2514,2814000,1,1,364.369464353816,25.0920912885542,291.519392889051,95.4732014685789
2515,2815000,1,1,354.72307053369,35.8956088356189,296.769683129237,89.0657875014546
2516,2816000,1,1,362.004402811075,31.7860109997913,297.402263619664,85.2614725694704
2517,2817000,1,1,360.715375886683,33.7505349763065,304.630079326225,77.3581598107856
2518,2818000,1,1,361.235943236044,34.4943948310582,296.024191436779,84.6996204961185
2519,2819000,1,1,361.593084434987,32.2315213005169,295.799510521526,86.8300337429705
2520,2820000,1,1,361.067161984934,33.0685832640846,300.123659156893,82.1947455940884
2521,2821000,1,1,359.602621660032,36.1163884512868,291.019808996772,89.7153308919094
2522,2822000,1,1,349.064586970586,38.3705950972657,295.000091133265,94.0188767988838
2523,2823000,1,1,360.475736566794,33.222324649943,294.350337384553,88.4057513987102
2524,2824000,1,1,360.888912313663,32.6550287827212,302.300436943306,80.60977196031
2525,2825000,1,1,353.840075875388,45.7584109827179,290.478491543708,86.3771715981862
2526,2826000,1,1,376.0116618456,26.7931561546775,277.036902524883,96.6124294748389
2527,2827000,1,1,359.365008103001,33.2313560572445,289.909477979135,93.9483078606192
2528,2828000,1,1,358.152521452606,38.1281037784057,295.827608043663,84.3459167253257
2529,2829000,1,1,362.429521086839,34.7138134126857,289.992150636213,89.3186648642631
2530,2830000,1,1,359.611639679919,33.8919578209869,295.197114322529,87.7534381765649
2531,2831000,1,1,367.387212062307,31.4293755361127,293.229041894932,84.4085205066479
2532,2832000,1,1,365.564722671413,26.7867389709092,290.983600705249,93.1190876524291
2533,2833000,1,1,362.603678818186,32.7232151524057,288.899801158607,92.2274548708006
2534,2834000,1,1,363.659305927559,36.4990711233901,287.118188370868,89.1775845781831
2535,2835000,1,1,352.540001212578,35.2802181190403,291.008129900637,97.6258007677448
2536,2836000,1,1,356.531400565717,34.117865182193,301.977928098895,83.8269561531953
2537,2837000,1,1,360.313322629019,34.4436542793463,291.262721491689,90.4344515999459
2538,2838000,1,1,366.685787676145,32.1891564071297,289.320655857726,88.2585500589989
2539,2839000,1,1,365.293258651576,32.4626261270041,292.067444172741,86.6308210486793
2540,2840000,1,1,367.709271220925,27.0501549977865,299.947611214204,81.747112567084
2541,2841000,1,1,367.221915524612,33.8408530689768,284.38365295003,91.0077284563813
2542,2842000,1,1,353.896767367813,37.9970002287238,297.184795931763,87.3755864716997
2543,2843000,1,1,360.877383397145,33.8182683335551,297.69799103007,84.0605072392302
2544,2844000,1,1,367.157850465543,29.1286141359437,292.740857257629,87.4268281408844
2545,2845000,1,1,359.639774106361,34.4431647195996,293.56013321992,88.811077954119
2546,2846000,1,1,364.149893891449,29.8300577157147,291.369710731389,91.1044876614475
2547,2847000,1,1,367.928236439271,30.890905083252,287.45337938053,90.1816290969464
2548,2848000,1,1,360.53295626497,27.3216841900882,298.267373995753,90.3321355491885
2549,2849000,1,1,357.52603520943,37.8260082027043,290.488413520945,90.6136930669207
2550,2850000,1,1,363.643500014822,32.005194225635,290.659526668911,90.1459290906323
2551,2851000,1,1,361.183685032771,33.750387446247,287.346213299418,94.1738642215632
2552,2852000,1,1,353.358305482814,32.6850304915397,293.737562731631,96.6732512940156
2553,2853000,1,1,368.899197052447,35.0377312907164,288.505655221732,84.0115664351051
2554,2854000,1,1,362.147260622062,33.7492577829944,284.74584305888,95.8117885360631
2555,2855000,1,1,356.903923772844,34.1089616496459,298.355074873908,87.0861897036027
2556,2856000,1,1,362.040402609372,28.3478662515975,288.446664963831,97.6192161751986
2557,2857000,1,1,365.406820564841,32.1392280689225,281.719657901067,97.1884434651697
2558,2858000,1,1,365.894949635121,27.6408182614227,288.793502459841,94.1248796436157
2559,2859000,1,1,364.683998593579,24.1735005686425,299.846223925323,87.7504269124559
2560,2860000,1,1,362.976792159676,32.6947322512308,283.908481822528,96.8741437665649
2561,2861000,1,1,357.03992223365,31.798810239113,293.043557166283,94.571860360954
2562,2862000,1,1,359.888718321905,28.6494124257122,296.064866130799,91.8511531215836
2563,2863000,1,1,362.750012420009,30.8446054733376,297.595738781576,85.2637933250779
2564,2864000,1,1,361.393013012377,30.6667550934091,293.018540932572,91.375840961642
2565,2865000,1,1,353.214690657844,32.2695848869622,305.106053435059,85.8638210201348
2566,2866000,1,1,366.893548477426,26.5324592099228,293.777495294967,89.2506470176841
2567,2867000,1,1,370.299103122381,29.8596597214473,288.265237759114,88.0301493970577
2568,2868000,1,1,363.777288750776,36.501935867163,288.381071798615,87.7938535834464
2569,2869000,1,1,356.101713029416,33.6250183976619,293.800681955641,92.9267366172809
2570,2870000,1,1,362.12501079679,32.3059955044535,306.452910112567,75.5702335861895
2571,2871000,1,1,356.65785364258,33.6980821937309,295.286703186345,90.8115109773441
2572,2872000,1,1,363.863350865904,33.1971095598088,287.325553809048,92.0681357652395
2573,2873000,1,1,369.169076553977,32.1953978723421,285.176402958104,89.913272615577
2574,2874000,1,1,354.973955654905,34.5486741587118,284.395712653964,102.535807532419
2575,2875000,1,1,363.500574187105,32.7776631754672,287.00964512581,93.1662675116176
2576,2876000,1,1,357.192852710855,32.7058033106039,296.350827193175,90.2046667853659
2577,2877000,1,1,367.429987973648,28.174628814429,287.356822590297,93.4927106216265
2578,2878000,1,1,365.649621667737,30.4421419881245,289.003900507047,91.3584858370914
2579,2879000,1,1,370.155525945764,29.4509051654854,277.934640483705,98.9130784050458
2580,2880000,1,1,362.49048497308,32.8354588053831,293.284849611992,87.8433566095453
2581,2881000,1,1,355.602196036582,34.5262422100094,296.345668515209,89.9800432381989
2582,2882000,1,1,352.070325873641,35.2007731452438,295.620425528911,93.5626254522044
2583,2883000,1,1,364.272845944367,31.7584070759843,295.593227705501,84.8296692741473
2584,2884000,1,1,359.799652532472,36.4452881064116,281.975140474991,98.2340688861256
2585,2885000,1,1,366.738397847007,27.5036145121237,294.304524470352,87.9076131705178
2586,2886000,1,1,366.329130649902,34.1928165371369,280.680360743363,95.2518420695981
2587,2887000,1,1,353.806315483487,36.1109048104006,296.965466891114,89.5714628149984
2588,2888000,1,1,354.413869817373,34.9348661991669,298.544588292101,88.5608256913591
2589,2889000,1,1,366.685860709836,35.065161604973,282.03780310747,92.6653245777208
2590,2890000,1,1,356.214451231907,33.212623982439,287.720877783494,99.3061970021596
2591,2891000,1,1,356.380718500813,33.0381128021016,298.264459212322,88.7708594847626
2592,2892000,1,1,362.683900378327,29.8212770584483,299.690729535411,84.2582430278139
2593,2893000,1,1,359.725562001298,33.779746336505,295.550726942837,87.3981147193599
2594,2894000,1,1,364.337390788792,27.5238957254159,281.797863482724,102.795000003068
2595,2895000,1,1,366.190172591347,28.5761268176743,289.666770738085,92.0210798528935
2596,2896000,1,1,355.400020012457,38.3404240221518,292.017426752529,90.6962792128622
2597,2897000,1,1,360.662808162976,30.3091132135509,288.517424192269,96.964804431204
2598,2898000,1,1,355.478044432628,32.4126118500381,298.275346083901,90.2881476334331
2599,2899000,1,1,360.669323319065,35.5702337896664,294.97512902672,85.2394638645482
2600,2900000,1,1,360.330757593614,32.6433344097189,296.272604427125,87.2074535695422
2601,2901000,1,1,358.100697885265,40.9923738128745,282.435269376706,94.9258089251546
2602,2902000,1,1,357.195310787195,33.8950163710399,292.997605432215,92.3662174095501
2603,2903000,1,1,349.409090077917,38.3929306480112,296.820904012629,91.8312252614432
2604,2904000,1,1,365.651149241566,33.1436458299112,285.960183428734,91.6991714997888
2605,2905000,1,1,364.8566292757,32.4361374467139,289.287747944553,89.873635333034
2606,2906000,1,1,367.921839910862,25.7902849298627,287.975382107521,94.7666430517551
2607,2907000,1,1,365.827497625993,31.7965297675558,292.890658917239,85.9394636892123
2608,2908000,1,1,361.371935804782,35.0488444820734,290.681463249275,89.3519064638691
2609,2909000,1,1,355.566189795653,31.1178084772187,294.807747484069,94.9624042430593
2610,2910000,1,1,363.404148549355,27.3054035345595,296.563348483776,89.1812494323097
2611,2911000,1,1,370.85618010474,31.0593461296622,293.207943019492,81.3306807461058
2612,2912000,1,1,360.839390930456,33.0359822285473,285.923760358768,96.6550164822287
2613,2913000,1,1,360.817664021111,29.6995003921491,294.277512818061,91.6594727686788
2614,2914000,1,1,364.216915494525,29.1234997752928,293.29455299153,89.819181738652
2615,2915000,1,1,358.74667025203,34.1673901270098,288.235374190469,95.3047154304915
2616,2916000,1,1,369.656418452265,28.0649935693747,278.688597037327,100.044140941034
2617,2917000,1,1,376.585787088728,28.6537973240221,281.24618608779,89.9683794994599
2618,2918000,1,1,362.967613114805,28.8022824855008,292.301196552983,92.3830578467114
2619,2919000,1,1,367.796267670426,28.2060149204516,288.57061277423,91.8812546348924
2620,2920000,1,1,365.325097778399,30.171560231221,288.531186337441,92.426305652939
2621,2921000,1,1,359.810267287952,37.0353605591937,301.345502216697,78.2630199361571
2622,2922000,1,1,373.141012084874,23.2612812111672,288.430435053069,91.6214216508898
2623,2923000,1,1,357.758705792098,34.1393370041302,300.609797022711,83.946310181061
2624,2924000,1,1,366.635239832173,26.2811514994187,295.079936060341,88.4578226080669
2625,2925000,1,1,359.764310051189,36.8165662662613,295.353066362517,84.5202073200329
2626,2926000,1,1,362.63734508131,28.910422171533,301.013794990404,83.8925877567527
2627,2927000,1,1,360.99123306694,29.3898206181409,293.273011492619,92.8000848223001
2628,2928000,1,1,357.538884865997,35.5863953734824,288.304349730594,95.0245200299266
2629,2929000,1,1,361.865591111979,32.8727249135391,303.818747393697,77.8970865807843
2630,2930000,1,1,362.64416565827,33.4087540502137,289.521625372809,90.8796049187071
2631,2931000,1,1,354.93392635437,28.2926886611927,306.184160933924,87.0433740505132
2632,2932000,1,1,364.407808882475,32.7451294499697,298.249856129249,81.0513555383067
2633,2933000,1,1,363.050064565966,31.1660711258928,294.868902656915,87.3691116512257
2634,2934000,1,1,363.518466827084,32.35010827764,294.80058601138,85.7849888838957
2635,2935000,1,1,365.044280199497,31.99605527598,289.454595476024,89.9592190484986
2636,2936000,1,1,357.909418775087,35.3321347983291,298.681460807232,84.5311356193519
2637,2937000,1,1,360.964880205688,29.8911729436104,306.686703822038,78.9113930286632
2638,2938000,1,1,357.120013476701,28.8205185374089,304.064140817089,86.4494771688007
2639,2939000,1,1,362.503243928133,33.0278334458286,293.231892216237,87.6911804098016
2640,2940000,1,1,363.429276338679,38.7268288857689,279.276440114063,95.0216046614889
2641,2941000,1,1,367.082945617149,27.847694969744,293.853263912846,87.6702455002611
2642,2942000,1,1,354.916373209624,34.8739049003212,297.173167474712,89.4907044153432
2643,2943000,1,1,362.709403697491,36.5297686958696,289.782350826602,87.4326267800366
2644,2944000,1,1,370.569678629502,23.5084503604186,291.785565263486,90.5904557465933
2645,2945000,1,1,357.753123681792,33.5726148368652,298.543274071162,86.5851374101806
2646,2946000,1,1,357.243624208052,31.0257857833054,296.664149774777,91.5205902338663
2647,2947000,1,1,368.791890317916,24.7119168396489,294.220434172204,88.7299086702312
2648,2948000,1,1,364.731024838312,31.6712056013261,290.420022359177,89.6318972011849
2649,2949000,1,1,362.234925325575,28.5116993233608,297.820618442014,87.8869069090509
2650,2950000,1,1,365.613926546389,33.0583236898408,282.108011713315,95.6738880504549
2651,2951000,1,1,372.255327570184,29.7931682413445,291.587466283018,82.8181879054531
2652,2952000,1,1,355.923450226456,40.2934974925743,278.064498438714,102.172703842256
2653,2953000,1,1,361.65936479175,32.1633521000445,293.780398899511,88.8510342086947
2654,2954000,1,1,364.013159936199,33.0067949959235,289.459122277747,89.9750727901304
2655,2955000,1,1,363.07314011066,31.7314004484781,279.557835069366,102.091774371496
2656,2956000,1,1,357.218483385721,27.2659622134626,304.494899214198,87.4748051866181
2657,2957000,1,1,360.96327306969,36.4045665781898,289.101096734981,89.985213617139
2658,2958000,1,1,360.195182313473,34.1267277650845,286.643744907258,95.4884950141847
2659,2959000,1,1,350.159516039259,33.8124206677901,299.38425397881,93.0979593141402
2660,2960000,1,1,355.050349422205,37.8836287704164,291.153858483921,92.3663133234574
2661,2961000,1,1,358.154971761733,32.6078279647337,294.66740229855,91.0239479749841
2662,2962000,1,1,359.308781727902,31.2445972411449,303.888238541967,82.0125324889859
2663,2963000,1,1,366.247950595257,31.228636563742,290.723806679694,88.2537561613076
2664,2964000,1,1,366.653581957053,32.340266308938,293.087773126568,84.372528607441
2665,2965000,1,1,356.988343807959,31.5255641559423,292.86844297304,95.0717990630583
2666,2966000,1,1,362.039702028556,34.2336390120261,299.525585164677,80.6552237947403
2667,2967000,1,1,371.51550408309,26.242009022036,292.385548044314,86.3110888505604
2668,2968000,1,1,353.680493724488,33.0569870183843,293.756297779179,95.9603714779481
2669,2969000,1,1,364.764366215647,31.371227702046,293.313686539423,87.0048695428844
2670,2970000,1,1,364.022529276721,26.9281882457863,299.475321844298,86.0281106331946
2671,2971000,1,1,356.872125315157,35.3974760169164,288.908649045763,95.2758996221633
2672,2972000,1,1,362.164115526655,32.5411659334552,294.495072231627,87.2537963082628
2673,2973000,1,1,361.01518053719,33.7662597445802,296.937487108266,84.7352226099637
2674,2974000,1,1,358.395004795701,34.7138606837627,289.845099191087,93.5001853294498
2675,2975000,1,1,354.792353179525,35.9491612737459,296.872523656383,88.8401118903454
2676,2976000,1,1,361.889919192061,27.8656453504307,298.822210951962,87.8763745055464
2677,2977000,1,1,366.229000054843,30.9012331477878,285.001640253099,94.3222765442703
2678,2978000,1,1,354.668157740601,36.9077872368185,295.208449208435,89.6697558141456
2679,2979000,1,1,363.351894994392,28.5181128728293,292.520251743964,92.0638903888145
2680,2980000,1,1,361.110316643172,33.2126513306361,296.285118419862,85.8460636063301
2681,2981000,1,1,366.258303932909,32.5131208144808,289.505242084914,88.1774831676957
2682,2982000,1,1,356.258213027434,36.1563155326172,291.408426658807,92.6311947811412
2683,2983000,1,1,358.377979896151,32.5564417292004,299.611139395854,85.908588978794
2684,2984000,1,1,377.187706864394,23.9515176848479,290.742697446893,84.5722280038658
2685,2985000,1,1,363.725319390051,25.0986762262649,295.755015499509,91.8751388841748
2686,2986000,1,1,362.234227440066,29.3598751989407,291.05604413872,93.8040032222729
2687,2987000,1,1,366.28020373744,28.01345772425,302.923691606225,79.2367969320852
2688,2988000,1,1,361.448471920994,31.7347536576119,295.099360882348,88.1715635390461
2689,2989000,1,1,361.531335063027,29.3980831521529,298.07415926724,87.4505725175797
2690,2990000,1,1,355.390360267017,36.6574878570921,297.051455825769,87.3548460501213
2691,2991000,1,1,363.937926928153,30.3329615021198,284.61884811495,97.5644134547777
2692,2992000,1,1,369.74647111731,26.1106438912782,294.310876764679,86.2861582267323
2693,2993000,1,1,363.094806870333,32.6554249701028,295.048225723166,85.6556924363987
2694,2994000,1,1,366.487542031162,33.841002229271,287.023135292376,89.1024704471915
2695,2995000,1,1,355.598385008646,34.5123397831136,298.659729789612,87.6836954186287
2696,2996000,1,1,368.873583601502,29.6018485755953,289.285178595937,88.6935392269652
2697,2997000,1,1,364.28200207109,27.2339453519938,296.419876208857,88.5183263680589
2698,2998000,1,1,359.648964735008,28.1083454091145,299.667700823116,89.0291390327623
2699,2999000,1,1,359.245973082943,39.820869192285,287.380205744584,90.007101980188
2700,3000000,1,1,363.551628237989,31.8325849626745,282.249830838985,98.8201059603516
2701,3001000,1,1,362.269269964282,32.3310883160108,296.034060294241,85.8197314254662
2702,3002000,1,1,359.510854768483,34.5865936712148,289.871052140511,92.4856494197908
2703,3003000,1,1,354.67987620775,35.4708638834537,298.741390330679,87.5620195781176
2704,3004000,1,1,364.214596002334,33.7552274749058,289.81842793178,88.6658985909803
2705,3005000,1,1,365.126769692034,28.2639767618417,292.079909477305,90.9834940688192
2706,3006000,1,1,362.757579617591,30.6277814228522,297.195254970842,85.8735339887153
2707,3007000,1,1,360.429804378501,30.7545387492003,296.793330337378,88.4764765349208
2708,3008000,1,1,369.432800603636,32.2676047319021,287.351593654657,87.4021510098046
2709,3009000,1,1,354.64987239683,36.1076720995834,285.080651707971,100.615953795615
2710,3010000,1,1,355.016196003259,32.3403229232466,299.508736572356,89.588894501138
2711,3011000,1,1,364.135985537892,29.2254858634211,288.771213583196,94.3214650154904
2712,3012000,1,1,364.784966120225,29.2012613642432,292.865394787162,89.6025277283699
2713,3013000,1,1,356.924138453691,33.9105056824114,283.120739080142,102.498766783755
2714,3014000,1,1,361.678346026129,34.8079122548761,287.840728220489,92.1271634985063
2715,3015000,1,1,355.688437920275,35.8097191195747,300.110476941611,84.8455160185397
2716,3016000,1,1,358.370310144477,32.4501387376821,294.965700072901,90.6680010449403
2717,3017000,1,1,357.372229327429,38.2356295768345,286.78882056278,94.0574705329568
2718,3018000,1,1,359.182262033723,33.9064389281508,287.253908123378,96.1115409147488
2719,3019000,1,1,369.884150370223,30.0558850928771,280.474227686125,96.0398868507754
2720,3020000,1,1,368.740886081644,28.0561167307955,292.992580996813,86.6645661907473
2721,3021000,1,1,363.991561165903,31.9061102002351,281.644763279103,98.9117153547588
2722,3022000,1,1,359.248564707925,32.3838942426655,281.586321661016,103.235369388393
2723,3023000,1,1,360.235351201583,29.1384594073916,299.053272501458,88.0270668895679
2724,3024000,1,1,353.080968785991,37.6403909065642,297.165848292274,88.5669420151705
2725,3025000,1,1,359.31203405307,36.0455854254256,292.877102664263,88.2194278572423
2726,3026000,1,1,361.238058015018,28.1743529241359,300.969437263787,86.0723017970593
2727,3027000,1,1,364.831725080993,33.9674984777999,291.672691477053,85.9822349641539
2728,3028000,1,1,361.469126299855,28.5512084757078,290.907821382273,95.5259938421651
2729,3029000,1,1,361.941486825882,38.9964115935123,291.505880314339,84.0103712662668
2730,3030000,1,1,368.335946058224,27.6159778702126,292.78646949328,87.7157565782838
2731,3031000,1,1,358.536752742746,37.3081053962133,285.107443464565,95.5018483964761
2732,3032000,1,1,365.923277077702,33.5151754643266,288.930555978008,88.0851414799636
2733,3033000,1,1,367.549997908556,26.4826217647558,289.980817395303,92.4407129313856
2734,3034000,1,1,364.834427489442,26.293492081151,293.521664306918,91.8045661224884
2735,3035000,1,1,357.584965358966,33.9184447720403,297.431202586063,87.5195372829314
2736,3036000,1,1,359.18929487602,36.9437638813688,288.43011885747,91.8909723851409
2737,3037000,1,1,359.733225608131,33.9179743970207,294.53320151253,88.2697484823178
2738,3038000,1,1,360.669180371872,28.6512028505039,298.539511773302,88.5942550043222
2739,3039000,1,1,365.921192361655,26.3959169482979,303.71341817108,80.4236225189669
2740,3040000,1,1,365.747109102125,29.3378186126394,292.730180001735,88.6390422835004
2741,3041000,1,1,356.109323371194,35.461424225938,295.424877649642,89.4585247532264
2742,3042000,1,1,368.71497292625,30.3593645616526,285.584069836425,91.7957426756727
2743,3043000,1,1,356.383630755758,32.7827759293601,297.687058510106,89.6006848047753
2744,3044000,1,1,363.829731781853,28.7520358646303,291.440121666225,92.4322606872914
2745,3045000,1,1,357.61158702288,41.9643966234257,289.397414268257,87.4807520854375
2746,3046000,1,1,363.448164437946,31.7072514455751,299.044422557545,82.2543115589339
2747,3047000,1,1,368.341129419498,28.7285896016717,286.392968501255,92.9914624775754
2748,3048000,1,1,364.616478777293,29.8332811417617,294.794122013501,87.2102680674442
2749,3049000,1,1,360.932665949298,32.3341711630084,293.067266675523,90.1200462121698
2750,3050000,1,1,358.974056871221,36.5028653778949,292.100909817984,88.8763179329007
2751,3051000,1,1,353.334197600397,32.3584387354878,302.536700346495,88.2248133176203
2752,3052000,1,1,358.421333193635,34.0365589016564,284.786702678943,99.2095552257656
2753,3053000,1,1,357.964533647835,32.5165671570767,292.910233792133,93.0628154029554
2754,3054000,1,1,365.694302685733,31.7643409223163,292.165993632015,86.8295127599353
2755,3055000,1,1,366.258967542846,27.5609542525567,300.012511587236,82.6217166173614
2756,3056000,1,1,357.335737810497,33.8595406169684,296.090556313544,89.1683152589911
2757,3057000,1,1,362.571851851616,35.1730792088138,294.94088821881,83.7683307207595
2758,3058000,1,1,360.980074591365,31.442293573784,293.594335176616,90.4374466582347
2759,3059000,1,1,366.668094722543,30.1150806493601,291.882072898698,87.7889017293991
2760,3060000,1,1,362.077476602041,32.1446982658682,295.021854179804,87.2101209522872
2761,3061000,1,1,360.776611896848,34.8828022332942,291.249482307832,89.5452535620256
2762,3062000,1,1,358.58356536612,33.4229942282977,301.159654055245,83.2879363503374
2763,3063000,1,1,353.177152559101,37.0696124855058,300.804013265658,85.4033716897348
2764,3064000,1,1,369.818328962088,29.291573079219,294.568653243282,82.7755947154112
2765,3065000,1,1,367.79805268088,32.5200924221394,286.836914460642,89.2990904363388
2766,3066000,1,1,361.268731345519,30.2549769508697,294.449905357929,90.480536345682
2767,3067000,1,1,369.532448637653,26.7737037649897,299.810785824768,80.3372117725887
2768,3068000,1,1,361.678503648405,29.8934262121615,295.333460834656,89.548759304777
2769,3069000,1,1,361.144367733629,33.5426350623854,289.527999498032,92.2391477059536
2770,3070000,1,1,358.874912437775,34.2104457470159,289.647012005968,93.7217798092413
2771,3071000,1,1,363.12572665334,36.0417768232161,282.167594253536,95.1190522699079
2772,3072000,1,1,360.285307516499,35.3396602280684,292.454106832517,88.375075422915
2773,3073000,1,1,365.473425936749,29.0915797130663,290.331317055637,91.557827294548
2774,3074000,1,1,359.540234282053,30.0998475347858,292.658517477127,94.1555507060345
2775,3075000,1,1,371.441376601377,32.7691581418849,286.57423435086,85.669380905879
2776,3076000,1,1,365.40174187174,31.7897931559857,292.140006867105,87.1226081051697
2777,3077000,1,1,357.775365562917,38.2894214384512,284.964205212118,95.4251577865142
2778,3078000,1,1,356.407083285678,33.2419389739471,309.171806434324,77.6333213060509
2779,3079000,1,1,359.878524081565,37.2156414378756,284.995310941137,94.3646735394228
2780,3080000,1,1,356.50244941767,39.6616264861729,296.674113433496,83.6159606626608
2781,3081000,1,1,366.847038558218,34.5058150683016,283.728845743976,91.3724506295035
2782,3082000,1,1,357.76975177631,31.7232955013247,296.372255234576,90.588847487789
2783,3083000,1,1,372.626117169459,30.06012911393,292.641640825967,81.1262628906441
2784,3084000,1,1,361.217856768799,34.9162992428877,289.034774757748,91.285219230566
2785,3085000,1,1,363.970742991338,36.3886508096341,280.94115845935,95.1535977396778
2786,3086000,1,1,366.11276992045,28.249094278237,289.361676394264,92.7306094070486
2787,3087000,1,1,352.473407140967,33.1061780647076,290.390759712038,100.483805082287
2788,3088000,1,1,352.972664869339,35.3495834298555,300.48758274782,87.6443189529856
2789,3089000,1,1,361.991614910427,27.9950173688002,294.85965693304,91.6078607877324
2790,3090000,1,1,354.610582806125,33.1779388492076,300.129764405585,88.5358639390822
2791,3091000,1,1,349.560842522858,34.2967094397396,297.723248020301,94.8733500171015
2792,3092000,1,1,363.099893456257,31.0470537042345,295.51176405935,86.7954387801587
2793,3093000,1,1,369.028883130779,25.7922483755693,299.423112538852,82.2099059547992
2794,3094000,1,1,354.742555242118,33.4845025793277,301.431311839539,86.7957803390154
2795,3095000,1,1,359.248459129846,33.9985914921452,291.152644356154,92.0544550218547
2796,3096000,1,1,362.204417612434,28.2537213482923,293.613579579802,92.3824314594713
2797,3097000,1,1,362.408626511343,26.6425396993755,293.414434994936,93.9885487943453
2798,3098000,1,1,365.945439018057,30.9635293983071,289.020902896673,90.5242786869625
2799,3099000,1,1,363.931244175418,35.9887299351022,288.259308752563,88.2748671369175
2800,3100000,1,1,359.800132364537,31.539964121405,291.243342144173,93.8707113698842
2801,3101000,1,1,358.795518003027,31.9289179871032,292.842957888521,92.8867561213484
2802,3102000,1,1,354.543340263243,30.7256795448367,303.60006762729,87.5850625646305
2803,3103000,1,1,364.434862899779,27.0666599560979,287.017363385236,97.9352637588877
2804,3104000,1,1,356.964889896583,35.2687929728212,290.658196735321,93.5622703952747
2805,3105000,1,1,363.248594169088,34.8439197872815,293.84518365609,84.51645238754
2806,3106000,1,1,363.979959299852,32.000661036332,295.570071322149,84.9034583416668
2807,3107000,1,1,366.908008700511,30.0695895578969,287.764922878631,91.7116288629613
2808,3108000,1,1,362.073988266734,32.2822594744968,285.424820271955,96.673081986814
2809,3109000,1,1,359.621322197852,34.7940977330393,304.737245566568,77.3014845025411
2810,3110000,1,1,357.6439323776,30.618530335611,287.944925543399,100.24676174339
2811,3111000,1,1,361.130616415994,26.9552667799741,300.082050479791,88.2862163242415
2812,3112000,1,1,359.356118350927,33.6125141611226,290.695081280173,92.7904362077782
2813,3113000,1,1,370.044160190236,27.4538363169386,301.307962733963,77.6481907588618
2814,3114000,1,1,366.803996901095,29.3959819162928,293.319684650723,86.9344865318892
2815,3115000,1,1,368.051430318844,27.2711150165396,294.061010930413,87.0705937342037
2816,3116000,1,1,370.745579257711,25.6980518194196,291.040393719,88.9701252038699
2817,3117000,1,1,353.479746137215,33.1099905966022,294.069429205358,95.7949840608251
2818,3118000,1,1,356.878777020672,31.8627464793084,303.256737912002,84.455888588018
2819,3119000,1,1,365.479224934443,28.0812212214788,297.160166531648,85.7335373124304
2820,3120000,1,1,360.393106481233,31.3892505930567,293.127858388355,91.5439345373559
2821,3121000,1,1,376.196443345652,27.0596753572568,282.373944447546,90.8240868495455
2822,3122000,1,1,354.631453725699,32.6332985682121,293.356654347807,95.832743358282
2823,3123000,1,1,366.777133203391,27.5139712494975,294.650120432775,87.5129251143367
2824,3124000,1,1,364.305555229534,34.9399105305133,280.642361772626,96.5663224673263
2825,3125000,1,1,361.634334649354,36.4670745651789,288.305193227482,90.0475475579853
2826,3126000,1,1,358.074739411256,36.8057177210836,298.119595709443,83.4540971582181
2827,3127000,1,1,374.336915258249,30.2171668938737,268.962706486019,102.937361361858
2828,3128000,1,1,361.823607862674,29.2608959482039,294.168816599468,91.2008295896542
2829,3129000,1,1,365.000725286819,27.3064741703381,290.024882225443,94.1220683173999
2830,3130000,1,1,367.744461616789,29.8062657310314,293.447336754854,85.4560858973252
2831,3131000,1,1,366.676465846889,30.5898629461508,295.461107224443,83.7267139825175
2832,3132000,1,1,362.25052199095,28.6607989956534,294.181300408904,91.3615286044932
2833,3133000,1,1,363.582450033186,33.8152506913732,286.354538504029,92.7019107714116
2834,3134000,1,1,364.511078272389,28.734263895637,288.778306058598,94.4305017733758
2835,3135000,1,1,349.682906435425,35.6833741359629,306.486946560477,84.6009228681353
2836,3136000,1,1,367.828404008584,27.7300836727917,279.117911190136,101.777751128489
2837,3137000,1,1,367.866292321879,28.2071099768191,292.94915793006,87.4315897712422
2838,3138000,1,1,363.517375199139,35.3466935649152,290.824499161354,86.7655820745914
2839,3139000,1,1,352.980504304363,34.0925589890838,287.815654551709,101.565432154845
2840,3140000,1,1,365.535520774977,30.5904712176719,295.125758205686,85.202399801665
2841,3141000,1,1,354.08606921016,32.3466335675885,301.014168260913,89.0072789613381
2842,3142000,1,1,354.280033734785,38.7011691670046,291.214815637467,92.2581314607431
2843,3143000,1,1,373.314023823369,29.2436472416005,281.438942280199,92.4575366548323
2844,3144000,1,1,361.805349199325,32.0311140611213,293.398999754902,89.218686984652
2845,3145000,1,1,359.164489504424,32.8386229741605,290.02642471518,94.4246128062354
2846,3146000,1,1,354.37022192341,33.7802011550206,300.531813586394,87.7719133351755
2847,3147000,1,1,361.928576231762,31.6970932282561,285.630365121054,97.1981154189281
2848,3148000,1,1,361.768919011319,35.1892152672678,277.026283799122,102.469731922291
2849,3149000,1,1,363.970535345253,32.678330082643,292.322131172626,87.4831533994781
2850,3150000,1,1,356.645451319966,43.1238614553666,284.809007290313,91.8758299343545
2851,3151000,1,1,362.04113737299,34.5287746253941,283.432591755459,96.4516462461566
2852,3152000,1,1,352.615175441984,34.1059655697278,302.386636069143,87.3463729191452
2853,3153000,1,1,367.819093931978,27.3826419603388,295.334937603863,85.9174765038211
2854,3154000,1,1,363.069020185896,33.2661764577695,297.049522203897,83.0694311524376
2855,3155000,1,1,354.831615753742,33.5354802543277,294.436352367234,93.6507016246959
2856,3156000,1,1,362.520354348544,37.3348536058311,287.634097566018,88.9648444796071
2857,3157000,1,1,358.489325691707,38.114365328896,291.818596334456,88.0318626449413
2858,3158000,1,1,371.904141234164,28.7473018126365,293.896677784961,81.9060291682377
2859,3159000,1,1,365.526568468314,30.1152379233372,301.200489910416,79.6118536979332
2860,3160000,1,1,355.987250136761,35.0429934150028,298.052447476022,87.3714589722137
2861,3161000,1,1,373.750078200496,26.1497113340881,277.611426801535,98.9429336638809
2862,3162000,1,1,365.239716510623,28.085907826425,292.377669366326,90.7508562966262
2863,3163000,1,1,357.542453567183,33.2814139803433,296.586669945446,89.0436125070271
2864,3164000,1,1,365.999793314883,32.1073430471472,284.243622620241,94.1033910177293
2865,3165000,1,1,359.761395829833,30.1871645334637,297.487061137658,89.0185284990449
2866,3166000,1,1,363.685318212708,30.3341224763599,300.18340172866,82.2513075822717
2867,3167000,1,1,359.64516316812,30.5336306469218,295.926958309951,90.3483978750077
2868,3168000,1,1,364.082087413546,26.6322190787904,296.590121899731,89.1497216079324
2869,3169000,1,1,359.906565253164,38.5650645961252,281.940847918544,96.041672232167
2870,3170000,1,1,359.064100127911,36.6875000732633,299.529954189609,81.1725956092171
2871,3171000,1,1,355.334362866801,26.1112635198198,309.379610232175,85.6289133812044
2872,3172000,1,1,361.72160817777,33.5979324778333,281.684714684154,99.4498946602428
2873,3173000,1,1,360.966140425726,28.8447149390128,295.40712084454,91.2361737907218
2874,3174000,1,1,363.007720383907,30.6436930369939,282.821990000818,99.9807465782811
2875,3175000,1,1,357.214761985012,31.8188870784388,294.529117896239,92.8913830403102
2876,3176000,1,1,354.271494570751,33.9995148289507,290.343863768576,97.839276831722
2877,3177000,1,1,368.346434080853,28.9595162943447,290.031821478673,89.1163781461294
2878,3178000,1,1,365.983504295905,30.9249518413053,293.720045131482,85.8256487313081
2879,3179000,1,1,360.420591160656,32.9338974002524,300.107347406636,82.9923140324555
2880,3180000,1,1,369.017722077745,30.9171035393385,289.367415810203,87.1519085727135
2881,3181000,1,1,364.89999453897,34.2251220672129,277.097331747464,100.231701646354
2882,3182000,1,1,359.878167642715,38.8309668802526,294.266170139075,83.4788453379577
2883,3183000,1,1,359.599341720079,30.9113411441329,291.137526536447,94.8059405993411
2884,3184000,1,1,367.615286332587,33.6975934724345,284.054761576142,91.0865086188366
2885,3185000,1,1,354.291525896851,33.2783538181276,309.015644066075,79.8686262189465
2886,3186000,1,1,359.4792361582,33.7490583645387,288.838354448418,94.3875010288433
2887,3187000,1,1,361.315202672519,31.0013219566241,295.606009652439,88.5316157184178
2888,3188000,1,1,359.675913634291,25.2955453747195,305.405481317514,86.0772096734757
2889,3189000,1,1,371.167148008149,26.8818468791438,288.146235799798,90.2589193129099
2890,3190000,1,1,354.746823953874,32.7195767525909,303.346741641361,85.6410076521746
2891,3191000,1,1,359.852306170861,33.7687221221252,299.004997162047,83.8281245449669
2892,3192000,1,1,369.600196090257,28.0399244486321,288.369455850424,90.4445736106866
2893,3193000,1,1,375.058857751373,26.9555690584353,290.872905446751,83.5668177434406
2894,3194000,1,1,363.113725062426,31.7869359267482,292.838500612376,88.7149883984493
2895,3195000,1,1,363.391458088999,31.3836777771169,291.963355230806,89.715658903079
2896,3196000,1,1,361.541921861246,32.0614611574292,287.055866389157,95.7949005921671
2897,3197000,1,1,354.077010685284,41.2019908873624,296.288893375144,84.8862550522096
2898,3198000,1,1,365.982643223832,31.72268006937,297.347111907792,81.4017147990062
2899,3199000,1,1,357.941160706297,31.9592275955171,288.581229806283,97.9725318919029
2900,3200000,1,1,352.419931277007,39.5698402331033,298.858879841661,85.6054986482288
2901,3201000,1,1,360.220585488866,34.4560325358678,286.358495847709,95.4190361275569
2902,3202000,1,1,368.402638493028,32.7202186647805,287.222850484099,88.1084423580932
2903,3203000,1,1,375.470734601177,27.5595377606102,286.079453125817,87.3444245123966
2904,3204000,1,1,358.45443560396,32.0149353141251,290.66403461949,95.3207444624248
2905,3205000,1,1,359.291712657297,30.9223228516168,292.063756497616,94.1763579934698
2906,3206000,1,1,352.594155604021,37.434693724701,295.619881261029,90.8054194102492
2907,3207000,1,1,357.256642607255,34.5976194989113,292.621442455713,91.9784454381208
2908,3208000,1,1,361.818674883764,35.9912657701875,291.754841380474,86.8893679655739
2909,3209000,1,1,358.761707481414,32.0296362845899,288.18506983763,97.4777363963662
2910,3210000,1,1,367.238627437931,27.648213431256,295.961397853119,85.6059112776934
2911,3211000,1,1,364.173334589045,30.5820380208546,298.22293184975,83.4758455403508
2912,3212000,1,1,355.370888542343,34.0524707913792,295.160426010926,91.8703646553523
2913,3213000,1,1,357.01615658841,29.3954132150596,299.286397291141,90.7561829053901
2914,3214000,1,1,367.458129812228,27.703407360811,291.322662425312,89.9699504016488
2915,3215000,1,1,354.731695178684,35.2307035051935,290.174165094503,96.3175862216201
2916,3216000,1,1,365.596444200784,34.0136011463264,287.757136779917,89.0869678729725
2917,3217000,1,1,357.989430823499,32.7148604198946,298.548600456577,87.2012583000294
2918,3218000,1,1,356.794082654932,32.2644755174777,297.030477359791,90.3651144677998
2919,3219000,1,1,363.467170943369,33.7331286866877,281.118405142605,98.1354452273387
2920,3220000,1,1,362.201975897933,30.8900733722609,292.617243137872,90.744857591934
2921,3221000,1,1,357.985914527042,36.6893634832286,281.781211018275,99.9976609714536
2922,3222000,1,1,363.484751398138,31.2042329419187,286.979756336538,94.785409323405
2923,3223000,1,1,359.995204641814,32.0009645565484,295.681987624721,88.7759931769167
2924,3224000,1,1,357.726561606024,30.0092486261049,290.921996132297,97.7963436355737
2925,3225000,1,1,363.331848206978,29.0265849490837,298.557353937286,85.538362906652
2926,3226000,1,1,359.802856737865,30.0900801140955,297.181009171929,89.3802039761102
2927,3227000,1,1,363.776166330011,33.1027755823278,287.113169542731,92.4620385449307
2928,3228000,1,1,367.198358862253,26.9282431683652,293.989270029492,88.3382779398901
2929,3229000,1,1,362.521944579026,31.1421059455446,291.543118904508,91.2469805709211
2930,3230000,1,1,359.681916018085,27.9351068761623,299.015073562623,89.8220535431297
2931,3231000,1,1,361.891328411963,27.0540658314384,291.99492611481,95.5138296417892
2932,3232000,1,1,368.883174722063,29.3068374464432,289.371328203313,88.8928096281813
2933,3233000,1,1,365.073886418883,28.2900277415593,292.634069345109,90.4561664944486
2934,3234000,1,1,361.381173944194,27.6261530658621,299.198230246633,88.2485927433109
2935,3235000,1,1,357.610599625554,40.8819850470899,286.941037190569,91.020528136787
2936,3236000,1,1,362.234867995199,33.13811014838,285.555765140519,95.5254067159018
2937,3237000,1,1,370.732724313861,27.9512370455901,282.113892831002,95.6562958095465
2938,3238000,1,1,354.648474090689,36.3221298723217,288.226242331335,97.2573037056544
2939,3239000,1,1,362.573027102922,35.7279108369897,287.193803351904,90.9594087081838
2940,3240000,1,1,356.163576795951,40.5564727511895,290.677724574533,89.0563758783272
2941,3241000,1,1,362.792099191154,25.8279138813693,292.238586971534,95.5955499559429
2942,3242000,1,1,370.504097456813,31.0084966584887,292.802522375887,82.1390335088113
2943,3243000,1,1,366.602743226668,25.8258796703791,290.65220546649,93.3733216364634
2944,3244000,1,1,364.697950385907,31.0793194011199,292.845494707506,87.8313855054675
2945,3245000,1,1,364.397232555694,29.6528888377257,290.484186804507,91.919841802074
2946,3246000,1,1,365.144557110564,36.0886919327,292.475125996401,82.745774960335
2947,3247000,1,1,354.210669985293,42.629411222153,290.128474613039,89.4855941795146
2948,3248000,1,1,359.770519472896,36.5342262717811,289.58104961631,90.5683546390132
2949,3249000,1,1,357.93803672324,38.5360288860069,288.102611171234,91.8774732195191
2950,3250000,1,1,355.026447521297,31.186124942583,298.177988993435,92.0635885426853
2951,3251000,1,1,358.288244466016,33.9181493583919,297.888196472521,86.3595597030712
2952,3252000,1,1,361.380194499848,37.7553846572547,285.681047906039,91.6375229368581
2953,3253000,1,1,362.364305365643,31.749465995801,296.686797147947,85.6535814906084
2954,3254000,1,1,363.464260792681,28.5041810849089,289.102648060322,95.3830600620879
2955,3255000,1,1,360.123627548308,28.4287525119385,299.825128647546,88.0766412922075
2956,3256000,1,1,348.013364411001,40.6329538478483,289.069035049919,98.7387966912313
2957,3257000,1,1,358.432193361978,33.495716730767,301.023798337457,83.5024415697982
2958,3258000,1,1,356.764812322142,30.8414478191822,297.430032852337,91.4178570063384
2959,3259000,1,1,354.148759641136,36.2687779359483,302.235205487695,83.8014069352206
2960,3260000,1,1,362.411549419341,32.6895091867003,292.205101092701,89.1479903012571
2961,3261000,1,1,354.325494563275,35.2109577000433,295.362377191498,91.5553205451841
2962,3262000,1,1,370.622423453226,32.1017292262758,290.030395868499,83.6996014519986
2963,3263000,1,1,361.595937046447,32.2262482893342,295.956523512242,86.675441151976
2964,3264000,1,1,359.999851303433,29.5624374784439,297.971291459523,88.9205697585998
2965,3265000,1,1,366.015397768106,36.2470969975538,286.794702052802,87.3969531815385
2966,3266000,1,1,356.519125361259,38.5816859548033,291.390087636976,89.9632510469622
2967,3267000,1,1,364.031930459221,31.0570604954512,294.0883313805,87.2768276648275
2968,3268000,1,1,360.740064983069,32.1750743724207,291.021554766042,92.5174558784687
2969,3269000,1,1,358.143997087949,32.3123791186085,295.027781438954,90.9699923544881
2970,3270000,1,1,364.761281998209,31.1186284679649,290.345051391987,90.2291881418398
2971,3271000,1,1,371.359987784812,24.4629743492534,293.824840881204,86.8063469847301
2972,3272000,1,1,356.154238143771,33.0537320090825,295.489643324193,91.7565365229533
2973,3273000,1,1,365.457454563929,31.6279623314819,292.925540727287,86.443192377302
2974,3274000,1,1,362.218456052037,34.5734675241002,287.023509181161,92.6387172427015
2975,3275000,1,1,357.677018339964,29.7933390575346,301.471400394375,87.5123922081267
2976,3276000,1,1,356.774425130671,35.0555381893288,293.17792562366,91.44626105634
2977,3277000,1,1,356.359572161458,35.8193361492027,299.762182834683,84.5130588546566
2978,3278000,1,1,359.36681236287,29.5368703362529,303.962740366239,83.5877269346376
2979,3279000,1,1,365.329291317402,33.0321343786432,291.817903519597,86.2748207843582
2980,3280000,1,1,360.632043482915,30.5485853816088,289.685363046876,95.5881580886007
2981,3281000,1,1,352.599198378135,34.4795132963303,297.308019333205,92.0674189923298
2982,3282000,1,1,373.936684878407,30.1040401040237,280.598977596788,91.8144474207809
2983,3283000,1,1,355.541317296312,36.9069579357368,286.102823063181,97.9030517047705
2984,3284000,1,1,359.564932069441,34.6853243794485,283.715454441142,98.4884391099687
2985,3285000,1,1,368.539785998529,31.046971763166,286.422806533649,90.4445857046564
2986,3286000,1,1,366.374654935536,28.691308853794,278.445459407099,102.942726803571
2987,3287000,1,1,370.026594824421,31.266857453461,290.694855169266,84.4658425528519
2988,3288000,1,1,360.348787914176,31.8381328648828,293.589557887914,90.6776713330274
2989,3289000,1,1,357.158425559794,32.5390842768886,299.348943158405,87.4076970049121
2990,3290000,1,1,363.590500943134,35.42233230232,286.266743353867,91.1745734006791
2991,3291000,1,1,362.80241772486,31.1601733657466,283.407676634108,99.0838822752858
2992,3292000,1,1,353.745952557156,32.7732941553947,306.39871760102,83.536185686429
2993,3293000,1,1,363.879052887842,28.3360757639285,300.537068557821,83.7019527904085
2994,3294000,1,1,360.017593410592,36.2277755587155,292.144251504219,88.0645295264739
2995,3295000,1,1,368.83968390567,26.8451953184172,285.641835123666,95.1274356522463
2996,3296000,1,1,358.978982870841,31.7109919462016,295.053925003005,90.7102501799527
2997,3297000,1,1,362.752426118245,32.1693094453094,282.794128048634,98.738286387811
2998,3298000,1,1,356.89152240383,33.2267196867331,283.679855080519,102.656052828918
2999,3299000,1,1,370.885559732344,28.5871204396707,284.166396218284,92.8150736097021
3000,3300000,1,1,356.353783528561,34.317570284672,294.328933519131,91.4538626676356
3001,3301000,1,1,363.864222873373,32.1439953555895,282.603775470046,97.8421563009919
3002,3302000,1,1,373.519751940751,27.7464139416531,291.611712345826,83.5762717717699
3003,3303000,1,1,349.653812915272,36.4750918153235,298.256759393427,92.0684858759773
3004,3304000,1,1,367.767030332445,26.494932417632,297.213439813464,84.9787474364596
3005,3305000,1,1,363.653518656855,30.1801169152714,296.955577845841,85.6649365820322
3006,3306000,1,1,365.958149523494,31.9334805375415,288.161739690045,90.4007802489198
3007,3307000,1,1,369.641421589457,29.1791640167793,283.051466859959,94.582097533805
3008,3308000,1,1,359.089563985442,33.4219811929502,294.791340852841,89.151263968766
3009,3309000,1,1,367.506702535603,26.3007797755137,294.944337735411,87.702329953473
3010,3310000,1,1,358.484083062493,35.0229770215028,296.325777755299,86.6213121607052
3011,3311000,1,1,361.727075340565,32.641449781487,295.645418270254,86.4402066076941
3012,3312000,1,1,356.118066561,33.0700572119749,294.913742573793,92.3522836532323
3013,3313000,1,1,363.985815023924,32.8121652093583,286.373785012797,93.2823847539201
3014,3314000,1,1,366.613608160858,29.6353414962093,280.621182217214,99.5840181257183
3015,3315000,1,1,355.305929305504,34.147967565672,298.731130783639,88.2691223451847
3016,3316000,1,1,353.274658788436,31.3784951761122,292.846185470664,98.9548105647877
3017,3317000,1,1,368.44391833544,27.5923154025724,296.120406042474,84.2975102195144
3018,3318000,1,1,348.963060268397,33.7425197252053,301.421781452393,92.3267885540047
3019,3319000,1,1,361.649305357129,35.5503730176678,297.230948132061,82.0235234931424
3020,3320000,1,1,353.919879179,37.5438383757373,283.987958390164,101.002474055099
3021,3321000,1,1,360.525999507393,29.166534470752,286.353631962288,100.407984059567
3022,3322000,1,1,359.7202909738,30.5365283386253,295.794274242348,90.4030564452264
3023,3323000,1,1,354.797478053595,41.3088507448193,291.666913428023,88.6809077735631
3024,3324000,1,1,364.351454720161,29.1304721839257,305.151057068162,77.8211660277505
3025,3325000,1,1,355.133457126103,33.371657724217,296.086224691444,91.8628104582361
3026,3326000,1,1,367.377728209974,31.8084604991253,283.247816688669,94.0201446022322
3027,3327000,1,1,365.903821092281,31.9993868258206,289.162246352621,89.3886957292775
3028,3328000,1,1,367.893895199941,28.0391458504832,281.942049196864,98.5790597527118
3029,3329000,1,1,361.533897581927,32.7843612865376,284.248900101496,97.8869910300398
3030,3330000,1,1,355.911221751647,31.2106440088707,297.476371878211,91.8559123612712
3031,3331000,1,1,366.914626507059,23.7818437457094,304.887867671364,80.8698120758676
3032,3332000,1,1,358.229236525938,35.5611653415922,293.487472604387,89.1762755280824
3033,3333000,1,1,364.982447096804,31.8885875169938,298.525619337582,81.0574960486202
3034,3334000,1,1,365.591947708251,28.9695926513176,295.394556361567,86.4980532788639
3035,3335000,1,1,356.236736835513,36.2960507498099,287.501954835967,96.4194075787094
3036,3336000,1,1,365.956763572518,25.0231054384093,299.749420280252,85.7248607088213
3037,3337000,1,1,359.073833449022,32.3088984222489,302.266088624276,82.8053295044539
3038,3338000,1,1,362.939829633943,32.3602877199589,292.112939737589,89.0410929085089
3039,3339000,1,1,356.091035665896,31.4189743823179,297.394182313304,91.5499576384818
3040,3340000,1,1,359.190003088002,32.4659882701198,289.601851354335,95.1963072875428
3041,3341000,1,1,361.045162040886,28.4396723794517,302.280300446097,84.6890151335645
3042,3342000,1,1,354.090313352228,30.1945883126288,297.068296616577,95.1009517185663
3043,3343000,1,1,359.609220038094,30.5745255142493,295.964654054198,90.3057503934585
3044,3344000,1,1,357.422902916353,34.8830175359303,291.241562661839,92.9066668858783
3045,3345000,1,1,357.503116108417,35.7933248399192,289.424005026853,93.7337040248109
3046,3346000,1,1,368.183557090842,30.8006784013567,280.931472747179,96.5384417606226
3047,3347000,1,1,359.38159755652,31.1996220616826,295.174663089617,90.6982672921803
3048,3348000,1,1,360.266090480845,30.711679608645,304.09023197133,81.3861479391795
3049,3349000,1,1,371.857115435167,29.2707786561774,285.509371260953,89.8168846477025
3050,3350000,1,1,356.75268515074,36.7903475106982,290.484108671637,92.4270086669248
3051,3351000,1,1,351.746965642974,35.845921427904,289.433465305544,99.4277976235778
3052,3352000,1,1,362.026636377186,35.0450399488283,291.319726473557,88.0627472004294
3053,3353000,1,1,365.997340426519,32.1218288791547,285.555687959506,92.7792927348202
3054,3354000,1,1,362.245080987751,34.9653427797697,286.125180808227,93.1185454242526
3055,3355000,1,1,359.964986306438,34.6425609926655,296.685397805241,85.1612048956555
3056,3356000,1,1,356.080380767698,30.3892605119674,303.176253844408,86.8082548759268
3057,3357000,1,1,367.192318106477,23.6877377155503,302.493810412306,83.080283765667
3058,3358000,1,1,353.543472726178,34.1098531984412,308.938008756798,79.8628153185827
3059,3359000,1,1,358.405739218425,31.2011087647218,294.438826757065,92.4084752597883
3060,3360000,1,1,357.403150194056,32.0236602891093,305.427488235855,81.5998512809793
3061,3361000,1,1,359.560839241725,34.3553329584778,291.348708290392,91.1892695094054
3062,3362000,1,1,346.191232080056,36.5755184464587,295.536082104316,98.1513173691693
3063,3363000,1,1,364.812552430505,35.6806306313659,289.610326065277,86.3506408728514
3064,3364000,1,1,351.419459918669,35.7961157877074,298.254392867025,90.9841814265984
3065,3365000,1,1,357.375730661451,36.4662716749866,298.017352165043,84.5947954985196
3066,3366000,1,1,359.536231639273,30.7855599998309,294.743648696523,91.3887096643729
3067,3367000,1,1,364.019958928854,29.0468851908688,301.403731412648,81.9835744676288
3068,3368000,1,1,361.646560354661,28.581564408008,295.969324575968,90.2567006613628
3069,3369000,1,1,368.305305447307,28.9951137726069,290.314317730406,88.8394130496804
3070,3370000,1,1,358.95141427923,30.3237659136533,296.654502063424,90.5244677436929
3071,3371000,1,1,360.935010082765,35.6108592067464,283.334272365744,96.5740083447443
3072,3372000,1,1,365.652766599453,27.7893188575385,286.660261180386,96.3518033626229
3073,3373000,1,1,376.342846107988,28.7239080245456,289.115223850077,82.2721720173887
3074,3374000,1,1,361.512700401947,31.7157305680414,291.403037328405,91.8226817016058
3075,3375000,1,1,358.8125858549,32.0916663555983,296.960171697502,88.5897260919996
3076,3376000,1,1,359.12857047083,30.532399192093,296.045959534018,90.7472208030599
3077,3377000,1,1,359.32827610534,30.4200114055661,296.158932971021,90.5469295180732
3078,3378000,1,1,359.674416470782,32.6814526052779,296.327676222709,87.7706047012312
3079,3379000,1,1,364.932889557923,25.7587464320868,293.215509899462,92.5470041105284
3080,3380000,1,1,363.865171976957,30.3615422198117,298.314285087943,83.9131507152882
3081,3381000,1,1,370.475557288019,26.9919819940579,292.617810487138,86.3688002307853
3082,3382000,1,1,363.299916585465,27.8039340981502,293.90790936663,91.442389949755
3083,3383000,1,1,366.91641061339,32.9062009527833,285.446108504382,91.1854299294444
3084,3384000,1,1,364.924242118248,29.5831008713863,291.54154401087,90.4052629994949
3085,3385000,1,1,364.370378714437,33.7175355215238,291.023970950551,87.3422648134885
3086,3386000,1,1,355.033119672389,39.7953207247371,293.277795902068,88.3479137008053
3087,3387000,1,1,359.630118345966,31.8209864467952,293.653943224901,91.3491019823375
3088,3388000,1,1,363.108474603919,33.5071651818881,290.382663201669,89.4558470125247
3089,3389000,1,1,367.805244843211,29.2369090539535,290.329153936903,89.0828421659322
3090,3390000,1,1,359.51200014993,32.5490313478319,299.073881815772,85.319236686466
3091,3391000,1,1,363.424735065795,29.0477176780609,291.096759665241,92.884937590903
3092,3392000,1,1,366.211126860462,30.9857804530549,294.145908705722,85.1113339807616
3093,3393000,1,1,358.282678849789,32.5423188921962,300.306888942835,85.3222633151798
3094,3394000,1,1,358.227623999639,33.724847441115,291.876553767862,92.6251247913833
3095,3395000,1,1,365.328148309442,28.6578531691461,296.364841966961,86.1033065544501
3096,3396000,1,1,360.396599541543,36.7845868781171,291.688453081661,87.5845104986788
3097,3397000,1,1,363.85997629505,37.6132465567043,293.667112518191,81.3138146300551
3098,3398000,1,1,372.66055243038,27.2392427435836,281.787239532426,94.7671152936103
3099,3399000,1,1,357.729572785783,28.7310229299575,302.262360610857,87.7311936734023
3100,3400000,1,1,362.341506825607,28.5217016182599,293.496668111712,92.0942734444206
3101,3401000,1,1,361.213198690398,33.1851506025913,289.990552958036,92.0652477489747
3102,3402000,1,1,362.726921709613,31.7752945495923,286.376998859964,95.5749348808303
3103,3403000,1,1,362.506624146953,31.4811516157671,296.20606842405,86.2603058132299
3104,3404000,1,1,362.89512739542,31.0437146414863,295.916715582117,86.5985923809768
3105,3405000,1,1,359.192055979205,33.8350825548388,295.878924585886,87.54808688007
3106,3406000,1,1,359.308603215946,32.9734441283535,297.952149887829,86.2199527678718
3107,3407000,1,1,366.323867285781,29.1960062956209,293.651563399406,87.2827130191928
3108,3408000,1,1,367.57654736247,32.0495650467229,283.740666586165,93.0873710046424
3109,3409000,1,1,369.580785465262,26.9942799859724,289.712850174104,90.1662343746613
3110,3410000,1,1,361.84703822216,30.8781905570444,299.634727377127,84.0941938436689
3111,3411000,1,1,355.99924822637,32.1417162828681,297.119266177868,91.1939193128945
3112,3412000,1,1,364.468272086926,32.5118458713237,291.54301105135,87.9310209904001
3113,3413000,1,1,367.501654235908,31.0904899843206,285.691297435595,92.1707083441768
3114,3414000,1,1,360.725461707052,30.4524989762314,296.144859448249,89.1313298684674
3115,3415000,1,1,366.898562039665,29.1156240707418,294.442523532146,85.9974403574473
3116,3416000,1,1,370.47384260108,26.2460745341134,293.058269661831,86.6759632029756
3117,3417000,1,1,365.499326679099,30.1886466192721,282.013614423929,98.7525622776998
3118,3418000,1,1,363.850377603749,31.7522634669348,291.765517991804,89.0859909375122
3119,3419000,1,1,373.744317467134,25.4995026188898,292.041113906231,85.1692160077453
3120,3420000,1,1,364.587650159154,36.645366501948,284.54783168597,90.6733016529279
3121,3421000,1,1,358.460214711453,34.4692848555354,294.903796342248,88.6208540907637
3122,3422000,1,1,361.626027201179,29.2042787819374,295.503690323727,90.1201536931561
3123,3423000,1,1,359.409766183808,31.450582189876,297.652218599802,87.9415830265141
3124,3424000,1,1,349.534389147215,37.8743445081838,290.570260542575,98.4751558020269
3125,3425000,1,1,364.602589090908,28.7197853598372,285.32355892691,97.8082166223454
3126,3426000,1,1,358.438602741058,42.8175650473487,288.654368139609,86.543614071984
3127,3427000,1,1,357.772175915007,30.0915276341526,287.514213120103,101.076233330738
3128,3428000,1,1,368.760020703805,29.9677192658284,295.839761441122,81.8866485892452
3129,3429000,1,1,365.430643921618,30.2415728976734,297.153116217435,83.6288169632739
3130,3430000,1,1,352.514368641921,34.7962569949804,298.439622614696,90.7039017484028
3131,3431000,1,1,360.462202624573,35.3349927366252,286.546038365279,94.1109162735232
3132,3432000,1,1,364.332120317527,32.6732223411691,287.654337592698,91.794469748606
3133,3433000,1,1,351.387620781366,34.4638574797298,305.766227747955,84.836443990949
3134,3434000,1,1,363.460083617644,33.1317432339201,290.269450365453,89.592872782983
3135,3435000,1,1,362.684022098651,26.2473727915356,300.195069788853,87.3276853209603
3136,3436000,1,1,361.695078175685,38.0031041311401,280.852511457414,95.9034562357614
3137,3437000,1,1,356.37539212958,39.1477013115527,289.642591854903,91.2884647039641
3138,3438000,1,1,351.026840163819,33.010158157216,297.497228959717,94.9199227192478
3139,3439000,1,1,365.923372255464,35.5316184284511,296.54935439864,78.4498049174441
3140,3440000,1,1,361.954639228338,36.0953401880749,292.625952870882,85.778217712705
3141,3441000,1,1,356.921915315137,31.3715030033733,296.892731267292,91.2680004141974
3142,3442000,1,1,365.362083983539,29.6494991640232,284.733048622617,96.7095182298206
3143,3443000,1,1,364.715249251845,35.9422427975593,287.263284021748,88.5333739288485
3144,3444000,1,1,358.174915660683,32.7833264083406,299.863588130245,85.6323198007314
3145,3445000,1,1,365.964410056477,28.2888800549883,293.066472890573,89.1343869979617
3146,3446000,1,1,359.090546309662,32.5903829850092,294.376489083501,90.3967316218279
3147,3447000,1,1,357.644658529011,36.62492264695,288.110603499337,94.0739653247016
3148,3448000,1,1,360.979186198233,34.9548439768897,294.224720573958,86.2953992509193
3149,3449000,1,1,365.52337979563,26.8435213010521,298.1546372797,85.9326116236177
3150,3450000,1,1,355.995746153808,35.9869748268593,297.758166365996,86.713262653337
3151,3451000,1,1,365.827671548706,26.1429465529685,297.998990856232,86.4845410420938
3152,3452000,1,1,362.272430343118,32.5688492544507,289.702189086238,91.9106813161928
3153,3453000,1,1,357.040088906322,40.1708246375708,287.00608192254,92.2371545335667
3154,3454000,1,1,362.2977856278,30.6106594080348,295.98757646533,87.5581284988355
3155,3455000,1,1,355.605543510711,31.5580873527861,297.8685602189,91.4219589176028
3156,3456000,1,1,359.858548810334,33.3789793122867,292.006935153618,91.2096867237605
3157,3457000,1,1,356.139711454949,30.6300808682407,298.1281929156,91.5561647612103
3158,3458000,1,1,353.357048516035,34.9199656567212,296.499237791561,91.677898035683
3159,3459000,1,1,364.086158377318,30.9302794473589,290.740406278925,90.697305896398
3160,3460000,1,1,361.764361859575,31.118156997877,288.796977883654,94.774653258894
3161,3461000,1,1,367.148958249214,24.6461922220105,297.365959972528,87.2930395562473
3162,3462000,1,1,356.132615003361,37.4369639910636,290.449163858941,92.4354071466341
3163,3463000,1,1,358.050056873155,31.0389302323515,276.255260966156,111.109901928338
3164,3464000,1,1,363.94101970569,31.7300726383562,289.276850680708,91.5062069752449
3165,3465000,1,1,361.32847586534,31.7079160365044,295.510645322653,87.9071127755025
3166,3466000,1,1,358.636007467474,37.3208062356034,288.42316039605,92.0741759008727
3167,3467000,1,1,358.784647919326,31.3358612109719,282.821212023589,103.512428846113
3168,3468000,1,1,370.551461245502,32.6857808610303,282.658491140051,90.5584167534172
3169,3469000,1,1,359.868671149607,36.8841511210591,289.709876040261,89.9914516890724
3170,3470000,1,1,356.698574921517,31.3033633604804,298.670882961634,89.781328756369
3171,3471000,1,1,359.96472500256,35.4661201125274,289.328476975662,91.6948279092505
3172,3472000,1,1,363.049547181606,40.1102656725971,276.464583385812,96.8297537599857
3173,3473000,1,1,361.159010494795,31.2217185296253,291.259508890846,92.8139120847343
3174,3474000,1,1,354.902686253278,38.8703041329215,303.308911868832,79.3722477449678
3175,3475000,1,1,366.170428628787,34.2985109008096,286.733478520438,89.2517319499659
3176,3476000,1,1,369.205068031333,24.8103227549472,299.713751214011,82.7250079997093
3177,3477000,1,1,362.253017654672,28.6333732355856,302.552694396918,83.0150647128241
3178,3478000,1,1,358.313029144962,33.5659057095792,293.907075424781,90.6681397206776
3179,3479000,1,1,356.85599961232,33.1191356761421,293.243373256948,93.2356414545898
3180,3480000,1,1,358.414223247881,32.3657789248217,295.8413845617,89.8327632655982
3181,3481000,1,1,354.240522773736,33.4171842618495,294.460292406671,94.3361505577435
3182,3482000,1,1,366.663959954096,34.6201204277191,288.626067297947,86.5440023202385
3183,3483000,1,1,364.064219568557,29.771210735294,290.451506445024,92.1672132511253
3184,3484000,1,1,359.470704737606,36.4173184614849,300.109863251642,80.4562635492679
3185,3485000,1,1,345.949912690857,40.2627577669485,301.517981011557,88.7234985306372
3186,3486000,1,1,366.419805898472,30.9927614567307,290.046143767608,88.9954388771888
3187,3487000,1,1,361.836205668533,29.3479427593233,295.561122863137,89.7088787090059
3188,3488000,1,1,363.969487171284,29.9016263029814,282.331894503922,100.251142021812
3189,3489000,1,1,362.20203075934,32.0380408268795,290.978515165346,91.235563248435
3190,3490000,1,1,360.465178899542,33.6852057854445,304.832955846715,77.4708094682976
3191,3491000,1,1,364.035317125225,30.98738315847,282.388983436028,99.042466280277
3192,3492000,1,1,362.764101818893,34.5490276389418,286.605155429627,92.5358651125384
3193,3493000,1,1,359.64955141711,36.5946848193757,292.571429404095,87.6384843594197
3194,3494000,1,1,369.966313784891,29.1818545175911,285.269287416061,92.0366942814575
3195,3495000,1,1,358.826760020885,40.7697574006305,283.050983901628,93.8066486768562
3196,3496000,1,1,364.716119592258,32.8104855985894,289.879660637791,89.0478841713617
3197,3497000,1,1,366.259057270167,31.5210924364689,290.150316672381,88.5236836209832
3198,3498000,1,1,364.970236614566,35.0002127779767,285.114337919352,91.3693626881055
3199,3499000,1,1,362.530668027727,32.0672263401426,288.563846779379,93.2924088527512
3200,3500000,1,1,367.790896223949,31.5024581321817,284.098451482173,93.0623441616961
3201,3501000,1,1,365.156890688247,37.7087098912885,280.705471647169,92.8830777732963
3202,3502000,1,1,363.769005711239,32.9956178834911,288.177882227786,91.5116441774838
3203,3503000,1,1,365.07773034757,27.7690607003395,301.49170338905,82.1156555630405
3204,3504000,1,1,354.619227597385,36.059402326939,300.610193374549,85.1653267011277
3205,3505000,1,1,362.635638536044,33.2747658546623,289.990041521208,90.5537040880859
3206,3506000,1,1,369.956499937397,24.244425197481,291.789266659258,90.4639582058636
3207,3507000,1,1,349.283328589591,32.9735744046821,308.181804761324,86.0154422444022
3208,3508000,1,1,361.552868774104,34.5642071797181,296.457992028503,83.8790820176742
3209,3509000,1,1,358.79665349752,30.8868648241191,293.845985971493,92.924645706868
3210,3510000,1,1,357.917097755011,33.5027309018968,301.082869615673,83.9514517274188
3211,3511000,1,1,356.815877024583,37.8118617762405,280.009297139313,101.817114059863
3212,3512000,1,1,368.142923458904,30.9617162661509,283.083006327299,94.2665039476466
3213,3513000,1,1,354.896830070169,37.6671443527059,281.398871562502,102.491304014624
3214,3514000,1,1,366.955536343134,26.7569999074418,301.699623496476,81.0419902529482
3215,3515000,1,1,361.562353456989,31.6656531980792,291.255266221511,91.9708771234203
3216,3516000,1,1,360.543031600287,29.4166208378498,296.809851287392,89.6846462744715
3217,3517000,1,1,367.281817906335,26.7283106356197,291.844904399614,90.5991170584315
3218,3518000,1,1,354.079844883131,36.9632567991945,294.236895757453,91.1741525602213
3219,3519000,1,1,367.754479909678,32.7510960358395,295.643384494136,80.3051895603461
3220,3520000,1,1,365.335159051409,27.1850759172896,288.98918969883,94.944725332471
3221,3521000,1,1,370.134218923806,25.0376853037483,297.045874535795,84.236371236651
3222,3522000,1,1,369.348230983962,26.1549018336603,299.397019353549,81.5539978288285
3223,3523000,1,1,361.187247560826,35.1026076676692,290.634135252331,89.5301595191737
3224,3524000,1,1,360.073324505466,32.3272655943085,293.876284698827,90.1772752013979
3225,3525000,1,1,369.32392918679,28.8394454738039,291.448180723994,86.8425946154119
3226,3526000,1,1,361.632456172634,32.4157721525923,288.662176789946,93.7437448848273
3227,3527000,1,1,356.20555171369,36.9157540612723,289.436982772751,93.8958614522872
3228,3528000,1,1,358.489152374156,35.4185333226271,290.561922723324,91.9845415798929
3229,3529000,1,1,352.756744400017,36.9033028707454,293.933850227885,92.860252501352
3230,3530000,1,1,353.611466274114,35.6401636322431,293.423281733088,93.7792383605551
3231,3531000,1,1,372.727278857084,30.3652545312712,282.691437781094,90.6701788305516
3232,3532000,1,1,362.7543683767,27.8584010714983,292.191089599364,93.650290952437
3233,3533000,1,1,367.457003076506,29.9303444731454,287.723139770333,91.3436626800158
3234,3534000,1,1,364.465070328353,29.5688565501436,296.856379206184,85.5638439153191
3235,3535000,1,1,359.842730267023,33.9691614761885,295.110146926969,87.5321113298198
3236,3536000,1,1,360.092957045552,31.2271462101636,295.115620381467,90.0184263628169
3237,3537000,1,1,352.687455949413,34.2696077566817,298.499849673017,90.9972366208885
3238,3538000,1,1,360.859336764947,31.0224483055888,297.425218702494,87.1471462269704
3239,3539000,1,1,356.263891124707,35.093808644423,294.328331687762,90.7681185431079
3240,3540000,1,1,357.772593377365,32.9345983071357,295.28398689943,90.46297141607
3241,3541000,1,1,362.415304361547,31.6798147482328,288.066557316108,94.2924735741123
3242,3542000,1,1,365.454585741336,32.0919083119348,290.315564285833,88.5920916608963
3243,3543000,1,1,371.72433773049,27.1272859701707,298.180668435023,79.4218578643168
3244,3544000,1,1,359.961953576037,34.0445056284179,293.854950205552,88.5927405899932
3245,3545000,1,1,363.314381626284,30.4148904121668,291.59977409799,91.1251038635589
3246,3546000,1,1,365.713184061673,27.1296690105513,288.68850696266,94.922789965116
3247,3547000,1,1,358.12555663958,32.9980505536903,299.774954500277,85.555588306452
3248,3548000,1,1,367.228671533231,28.4305631773198,298.609329800521,82.1855854889284
3249,3549000,1,1,350.417013503482,39.8851640757145,292.267131320313,93.8848411004903
3250,3550000,1,1,372.3289987774,28.607273995393,288.467625006972,87.0502522202356
3251,3551000,1,1,363.731695326641,34.737881551548,285.594898494702,92.3896746271091
3252,3552000,1,1,356.46751236371,31.1603465884477,304.811220026817,84.0150710210252
3253,3553000,1,1,356.239894958803,33.6680247362076,293.047931652965,93.4982986520239
3254,3554000,1,1,364.634455483073,28.9821976876375,293.89596022152,88.9415366077693
3255,3555000,1,1,356.540470001227,32.783925342178,300.421059011229,86.7086956453661
3256,3556000,1,1,365.283686176623,31.7591040616931,291.361257487177,88.0501022745069
3257,3557000,1,1,363.174726698983,29.254884473118,299.943265631133,84.0812731967657
3258,3558000,1,1,351.974955169114,38.619870698018,296.042626626212,89.8166975066557
3259,3559000,1,1,365.830019048746,27.1819803959149,293.883561060398,89.5585894949407
3260,3560000,1,1,370.79444462043,27.7544206073449,288.789694429886,89.1155903423398
3261,3561000,1,1,358.921281958468,31.3344801636178,298.709808808002,87.4885790699128
3262,3562000,1,1,366.123300656397,30.1548961576035,280.700170556473,99.4757826295269
3263,3563000,1,1,364.704728458806,24.8601350623541,302.549112592646,84.3401738861938
3264,3564000,1,1,367.663601676787,31.3470857803464,289.40925675161,88.0342057912569
3265,3565000,1,1,357.016541626245,35.2812712171633,292.047977316392,92.108359840199
3266,3566000,1,1,358.750617329919,34.5185943697444,296.425061509709,86.7598767906276
3267,3567000,1,1,358.839546001857,37.3427621731895,284.037613871801,96.2342279531516
3268,3568000,1,1,360.641215989566,34.643240539518,301.348402037701,79.8212914332154
3269,3569000,1,1,360.594891752402,33.2477162174902,289.182453061258,93.4290889688491
3270,3570000,1,1,372.701258019653,26.5090177048738,290.379231282975,86.8646429924985
3271,3571000,1,1,362.087840078134,28.9115894155455,302.703250457078,82.7514700492425
3272,3572000,1,1,363.261522992608,29.4305485644266,293.917972523485,89.8441059194796
3273,3573000,1,1,358.781512035204,32.1285092870663,292.50119706373,93.0429316140003
3274,3574000,1,1,369.635848691775,25.3246425372094,300.334366205414,81.1592925656017
3275,3575000,1,1,358.954785579694,30.7945188242436,297.445287315552,89.2595582805099
3276,3576000,1,1,360.836545515112,35.2263199892806,291.093473360894,89.2978111347138
3277,3577000,1,1,357.790538705705,30.0795486823846,295.743878753063,92.8401838588472
3278,3578000,1,1,358.086665814749,35.6830573571513,282.4753473286,100.2090794995
3279,3579000,1,1,367.520123364996,27.3655162886636,294.321576081295,87.2469342650459
3280,3580000,1,1,372.616518039161,30.4430075799694,289.064263606489,84.3303607743812
3281,3581000,1,1,362.578237891242,29.2375629859027,293.315941402631,91.3224077202242
3282,3582000,1,1,362.966355365825,31.7112965790427,290.614203494223,91.1622945609086
3283,3583000,1,1,367.636901853618,26.8319180756978,291.730563702903,90.2547663677813
3284,3584000,1,1,361.621973081967,33.4555320324819,292.162952948181,89.2136919373702
3285,3585000,1,1,362.546793568688,31.7074228022503,296.029410482889,86.1705231461728
3286,3586000,1,1,355.067265299331,30.4848814326345,298.191565964241,92.7104373037932
3287,3587000,1,1,368.183057556911,31.4503197312781,292.534845760064,84.285926951747
3288,3588000,1,1,366.571126855266,31.7854645047721,290.417292836632,87.6802658033293
3289,3589000,1,1,360.14488454113,27.1990141968343,302.773713321602,86.336537940434
3290,3590000,1,1,354.491866223273,31.6046395617431,291.283654735265,99.0739894797193
3291,3591000,1,1,359.524363507061,31.2772722048392,291.586205536704,94.0663087513955
3292,3592000,1,1,368.749769300385,30.9960194244245,289.714888123149,86.9934731520417
3293,3593000,1,1,360.687952375835,30.7067502243679,301.53357359556,83.5258738042374
3294,3594000,1,1,356.313694228169,36.6439194982667,297.826391505155,85.6701447684085
3295,3595000,1,1,369.641765664851,27.8049290411987,294.812820688688,84.1946346052628
3296,3596000,1,1,361.77768535824,30.2681448033995,301.44277157193,82.9655482664308
3297,3597000,1,1,361.692092908867,36.1226860525306,281.595278800735,97.0440922378672
3298,3598000,1,1,361.759362099161,35.3242648073927,288.936970476454,90.4335526169921
3299,3599000,1,1,358.274794142079,32.7739652714024,300.586239807329,84.8191507791892
3300,3600000,1,1,370.875503243683,32.0142361403842,278.316678870256,95.2477317456764
3301,3601000,1,1,372.361858475734,26.6897846026824,285.0039445963,92.3985623252832
3302,3602000,1,1,362.300126394935,35.5304655615054,291.86481940343,86.75873864013
3303,3603000,1,1,366.02332202613,30.144688023314,288.75358950918,91.5325504413764
3304,3604000,1,1,370.388947667284,26.8871082428946,289.175982114159,90.0021119756617
3305,3605000,1,1,360.624881315427,32.8737777980645,286.089229078459,96.8662618080488
3306,3606000,1,1,358.909057108997,34.1587346369772,295.02160254565,88.3647557083756
3307,3607000,1,1,360.382870598944,36.2148075350381,287.994356195126,91.8621156708919
3308,3608000,1,1,360.397688441275,35.5471873121043,286.591034052075,93.9182401945457
3309,3609000,1,1,370.003916852497,27.7762572784576,291.493584268847,87.1803916001984
3310,3610000,1,1,358.386828099945,31.4674440897561,295.138001461604,91.461876348695
3311,3611000,1,1,356.369930519223,34.618858177708,284.657142388131,100.808218914938
3312,3612000,1,1,371.578229594439,26.0176385133769,288.997343037677,89.8609388545073
3313,3613000,1,1,354.082409205202,31.9003055547041,286.406223819968,104.065211420126
3314,3614000,1,1,365.555056471335,35.3038264651316,284.050817329252,91.5444497342808
3315,3615000,1,1,367.55959440375,32.6953546681195,286.366799128161,89.8324017999702
3316,3616000,1,1,364.792852899386,36.0328767711958,282.648750716586,92.9796696128317
3317,3617000,1,1,360.498602626099,33.2883232228529,296.099095735158,86.5681284158899
3318,3618000,1,1,362.192081671593,29.082703923689,294.57631214724,90.6030522574781
3319,3619000,1,1,360.792304286427,32.6690877742798,293.849692934407,89.1430650048866
3320,3620000,1,1,355.437594958614,33.990146204933,300.427119741042,86.5992890954111
3321,3621000,1,1,364.102203926953,27.6779354483207,295.870210901173,88.8037997235534
3322,3622000,1,1,358.158493058284,36.6148385623572,283.539499831914,98.1413185474454
3323,3623000,1,1,356.15092714804,35.3600791478843,279.325133907256,105.618009796819
3324,3624000,1,1,358.627422888037,34.2594567620236,295.308087076282,88.2591832736577
3325,3625000,1,1,368.549696820204,24.3257457887948,286.526001541717,97.0527058492839
3326,3626000,1,1,367.74180091708,30.5560498449718,273.239112487125,104.917186750823
3327,3627000,1,1,361.703701829439,35.1688924442072,297.182907429177,82.3986482971773
3328,3628000,1,1,361.104753570202,33.38004354041,291.00499076302,90.9643621263679
3329,3629000,1,1,364.862635309584,36.2988426513264,288.414336870884,86.8783351682059
3330,3630000,1,1,357.809523452475,36.8268625318725,290.824084821341,90.9936791943121
3331,3631000,1,1,365.884964944235,31.9742942993171,286.38131398297,92.2135767734777
3332,3632000,1,1,368.135976317539,32.6331328809639,291.32007518366,84.364965617837
3333,3633000,1,1,352.044396592917,34.8421065486002,299.54356799938,90.024078859103
3334,3634000,1,1,358.904801827261,30.6903111299663,294.584657423522,92.2743796192506
3335,3635000,1,1,361.636207246588,31.8695957428957,288.939901708161,94.0084453023552
3336,3636000,1,1,365.393615006978,27.0393509534014,295.446699925894,88.5744841137262
3337,3637000,1,1,363.505700540801,32.2168442282162,291.196232737876,89.5353724931062
3338,3638000,1,1,363.815784734996,27.1250727224488,301.393204844296,84.120087698259
3339,3639000,1,1,361.313338609743,35.3964896504504,281.288142760903,98.4561789789027
3340,3640000,1,1,362.04146210933,30.5514685000183,291.268094153464,92.5931252371878
3341,3641000,1,1,341.697890171405,36.0212065128136,300.895927323808,97.839125991974
3342,3642000,1,1,361.853896471017,31.8510336411208,283.75386404521,98.9953558426524
3343,3643000,1,1,357.887911714389,35.4112514087319,298.187388858937,84.9675980179416
3344,3644000,1,1,368.880289865763,27.5031671518428,291.833121036998,88.2375719453956
3345,3645000,1,1,354.67862857726,32.5416775746761,292.581169851715,96.6526739963493
3346,3646000,1,1,361.894396403125,34.8839720630474,291.300937079588,88.3748444542394
3347,3647000,1,1,364.216244478405,32.4852309558418,292.276615411937,87.4760591538161
3348,3648000,1,1,358.999961278798,37.7905741293737,291.2574854966,88.4061290952277
3349,3649000,1,1,360.898427168914,31.4598992911451,297.472241367638,86.6235821723036
3350,3650000,1,1,359.070579579033,34.3896415474827,292.231415182357,90.7625136911271
3351,3651000,1,1,358.433996390364,34.6201832771482,300.805660527945,82.594309804543
3352,3652000,1,1,356.93401890879,36.186060031283,297.93725725395,85.3968138059776
3353,3653000,1,1,358.827560249134,34.2440576115355,290.393803057896,92.9887290814343
3354,3654000,1,1,359.750446687273,38.5804527122861,283.441933215146,94.6813173852951
3355,3655000,1,1,363.004262454915,30.9527296767389,286.965191584038,95.5319662843082
3356,3656000,1,1,363.935206133979,37.6187058063507,294.872490976417,80.0277470832524
3357,3657000,1,1,353.56380971402,32.0171733950294,297.009574415461,93.8635924754897
3358,3658000,1,1,354.885317211067,31.9881891035881,298.185565762708,91.3950779226364
3359,3659000,1,1,360.532539374477,34.1223048126471,298.729475541825,83.0698302710515
3360,3660000,1,1,359.122688154939,28.9887029708734,293.64890673409,94.6938521400967
3361,3661000,1,1,365.730289417912,25.7804554255741,285.089657142233,99.8537480142809
3362,3662000,1,1,367.055884513043,27.3384547433161,292.121348511577,89.9384622320634
3363,3663000,1,1,361.753650554676,32.6579342734828,293.861960789825,88.1806043820159
3364,3664000,1,1,355.442704006328,37.8879201430602,298.235880386174,84.8876454644377
3365,3665000,1,1,355.834222941337,34.2707882548002,290.637957002347,95.7111818015156
3366,3666000,1,1,370.041849926242,30.8879415615134,288.385656145533,87.1387023667119
3367,3667000,1,1,369.965929977134,28.9278123507056,285.914172865199,91.6462348069605
3368,3668000,1,1,361.697599035152,28.2575071777361,288.58389555587,97.9151482312421
3369,3669000,1,1,366.32675797631,29.2140781907514,286.979831596627,93.9334822363109
3370,3670000,1,1,356.098409423743,34.0809186339759,300.968446482483,85.3063754597981
3371,3671000,1,1,359.16749629786,35.7400909051272,293.38941806104,88.1571447359731
3372,3672000,1,1,359.81933602673,34.0220033831745,289.99997955072,92.6128310393756
3373,3673000,1,1,362.881954513343,36.0358047628701,281.923853131777,95.6125375920106
3374,3674000,1,1,359.440905087454,31.4593962435027,293.983881776125,91.5699668929184
3375,3675000,1,1,359.292380460271,34.1336681519247,288.669785550657,94.3583158371465
3376,3676000,1,1,352.910215520876,34.2668845688212,286.483368252166,102.793681658138
3377,3677000,1,1,353.674728900836,33.6579249501083,293.056038788714,96.0654573603416
3378,3678000,1,1,365.991759019941,27.1461876413644,297.32902972149,85.9871736172055
3379,3679000,1,1,360.796297214889,35.4958314918816,289.799039114209,90.3629821790202
3380,3680000,1,1,356.932371557348,33.856916007982,298.809223611348,86.8556388233222
3381,3681000,1,1,356.553764165345,31.9993228144942,301.983110628261,85.9179523918995
3382,3682000,1,1,355.154058817424,37.6691824502102,292.89926128176,90.7316474506059
3383,3683000,1,1,375.275638247835,30.2586071453204,285.317146832947,85.6027577738976
3384,3684000,1,1,358.786824371176,30.4964627154407,291.338764971182,95.8320979422008
3385,3685000,1,1,369.957249479253,25.1239854495744,286.053739488669,95.3191755825032
3386,3686000,1,1,363.682972159978,30.0889904786905,291.013804702968,91.668382658363
3387,3687000,1,1,361.54013721309,33.8907314254457,302.124050452343,78.8992309091212
3388,3688000,1,1,359.486058407072,31.3339767853842,280.807016491215,104.827098316328
3389,3689000,1,1,359.716417986924,30.3735836242324,296.863286154516,89.5008622343276
3390,3690000,1,1,359.451777470604,28.0761472378149,299.725722940598,89.2005023509826
3391,3691000,1,1,362.132261900807,27.3447849484787,296.631548986845,90.34555416387
3392,3692000,1,1,364.059646924564,25.2805088997309,297.613056362455,89.5009378132504
3393,3693000,1,1,368.902426593952,32.1239631119873,290.913381129161,84.5143791648993
3394,3694000,1,1,359.209361183131,34.6101783956987,293.532021330643,89.1025890905278
3395,3695000,1,1,364.059104833616,34.5946366263649,284.805740386434,92.9946681535856
3396,3696000,1,1,365.515554748651,26.4298583352597,287.257670845214,97.2510660708757
3397,3697000,1,1,359.78372534739,29.0089251423074,300.623969537136,87.0375299731664
3398,3698000,1,1,355.747074299759,33.1677989225328,298.443159799419,89.0961169782887
3399,3699000,1,1,371.55620152134,26.4178834592778,282.909374543838,95.5706904755439
3400,3700000,1,1,368.26096036508,30.3798072411122,281.79729567026,96.0160867235479
3401,3701000,1,1,367.621307735222,28.4894734224439,288.521017602081,91.8223512402537
3402,3702000,1,1,371.11561939278,28.3532780339031,284.065393840177,92.9198587331397
3403,3703000,1,1,365.946461794069,28.4428917491584,295.194163765749,86.8706326910232
3404,3704000,1,1,364.481487718666,30.5801674219295,292.858659804377,88.5338350550273
3405,3705000,1,1,362.891977310131,31.0885705037383,284.199185470312,98.274416715819
3406,3706000,1,1,360.259399636871,29.9939560780358,297.66841743229,88.5323768528035
3407,3707000,1,1,359.652763628337,33.1133170809225,281.042913873474,102.645155417266
3408,3708000,1,1,358.571169315074,33.3877562267791,289.981043539362,94.5141809187846
3409,3709000,1,1,360.319363308294,41.3777437926389,295.017653991511,79.7393889075568
3410,3710000,1,1,358.84118596073,35.8635157734581,289.214389048069,92.5350592177429
3411,3711000,1,1,350.304765878242,33.4609588389654,302.476546173282,90.2118791095113
3412,3712000,1,1,359.917922168026,28.0050707105521,298.225221192502,90.3059359289199
3413,3713000,1,1,369.578791228271,33.4130742849475,288.0496944729,85.4125900138812
3414,3714000,1,1,373.308135975702,25.2884635421038,286.600281920151,91.2572685620422
3415,3715000,1,1,364.660360364263,33.4103748994808,292.978226677879,85.4051880583775
3416,3716000,1,1,364.88220059974,36.0500975707326,283.552440006331,91.9694118231964
3417,3717000,1,1,357.983620981271,33.8570802124496,290.439520210797,94.1739285954823
3418,3718000,1,1,361.266452164557,36.8056967375117,297.311334215163,81.0706668827679
3419,3719000,1,1,368.097374309931,35.8568356266333,282.371379881443,90.1285601819932
3420,3720000,1,1,363.47729527086,32.4748709465497,291.28610244473,89.2158813378604
3421,3721000,1,1,359.983092020045,29.5708901587131,296.582473788647,90.3176940325946
3422,3722000,1,1,361.479941012355,31.0837407647741,294.89718687675,88.993281346121
3423,3723000,1,1,361.575925173744,23.9447245624617,302.362007922654,88.5714923411408
3424,3724000,1,1,365.372134126123,29.3486862281644,289.504800358281,92.2285292874316
3425,3725000,1,1,360.127711328586,31.4148073608784,301.242450698478,83.6691806120579
3426,3726000,1,1,368.76642722797,25.208578026893,285.230507485446,97.2486372596911
3427,3727000,1,1,363.128684934458,32.4992656081114,293.539368457335,87.2868310000954
3428,3728000,1,1,358.530205607386,30.2784558600838,296.128669016864,91.5168195156664
3429,3729000,1,1,355.925337055093,38.6452803078539,295.394449910698,86.4890827263556
3430,3730000,1,1,354.87636336852,35.6735591210319,296.199569440185,89.7046580702632
3431,3731000,1,1,361.846842213136,30.8843234744226,302.513220556183,81.2097637562582
3432,3732000,1,1,367.393763550987,27.9346957467197,282.747858277593,98.3778324246999
3433,3733000,1,1,355.835594202213,37.2915984063282,292.066071782841,91.2608856086175
3434,3734000,1,1,366.576843894199,34.6236324500716,287.909504686022,87.344168969708
3435,3735000,1,1,364.544426714846,28.3871913513119,295.087113774851,88.4354181589912
3436,3736000,1,1,363.801761988459,31.7476056389748,280.122165773776,100.78261659879
3437,3737000,1,1,366.737281996449,30.633199187709,290.429213904135,88.6544549117063
3438,3738000,1,1,355.47006677372,31.2456658579332,292.293882659989,97.4445347083582
3439,3739000,1,1,358.805122113291,35.8346577343428,293.197328580771,88.6170415715953
3440,3740000,1,1,358.010379798687,31.6851985547019,293.531093316214,93.2274783303975
3441,3741000,1,1,366.180304677983,23.7676813727449,300.12503399181,86.381129957462
3442,3742000,1,1,363.038182150445,25.6703487732498,291.515297898265,96.2303211780408
3443,3743000,1,1,357.69982580386,34.8645080026362,295.925544862405,87.9642713310985
3444,3744000,1,1,359.50542332284,34.4825505782089,289.780098430493,92.6860776684577
3445,3745000,1,1,362.977592568835,30.1235008107157,293.102461201076,90.2505954193735
3446,3746000,1,1,362.09078429166,28.4632857013217,302.386584783921,83.5134952230971
3447,3747000,1,1,353.133123031254,37.46312184556,292.839383009185,93.0185221140013
3448,3748000,1,1,364.29314814241,30.960077226127,292.049683465322,89.1512411661408
3449,3749000,1,1,368.155838349693,26.1956796071253,287.230732813888,94.871899229294
3450,3750000,1,1,359.590291462355,33.463937914382,288.261852556912,95.1380680663516
3451,3751000,1,1,365.088176538919,28.7903337848612,292.094590359587,90.4810493166323
3452,3752000,1,1,364.907738968236,25.7758292162869,297.081492896813,88.6890889186643
3453,3753000,1,1,366.724313667073,28.7022621161532,290.870551302704,90.1570229140698
3454,3754000,1,1,354.80353719584,32.7727384785865,305.594509645977,83.2833646795964
3455,3755000,1,1,355.760766610363,35.8250997094229,301.744076767193,83.1242069130206
3456,3756000,1,1,368.376244489198,30.4930876870129,287.507225046024,90.0775927777657
3457,3757000,1,1,357.725292609983,27.993857171416,303.303018370283,87.4319818483183
3458,3758000,1,1,364.109899567276,35.4781341970467,288.302360272186,88.563755963491
3459,3759000,1,1,356.85079887362,34.2328218471653,290.311422050061,95.0591072291539
3460,3760000,1,1,360.710909605514,34.7970204792468,291.695961715995,89.2502581992435
3461,3761000,1,1,370.595907276061,25.1875566997029,295.842110230207,84.828575794029
3462,3762000,1,1,364.064879812259,33.6144365366471,294.095475028189,84.6793586229043
3463,3763000,1,1,357.868806275659,36.0479877731894,298.418822049278,84.118533901874
3464,3764000,1,1,360.876281242573,32.6356642513034,292.170690363779,90.7715141423441
3465,3765000,1,1,371.264661068395,23.1852399427963,299.295389529528,82.7088594592801
3466,3766000,1,1,361.573040555458,33.5644096385848,290.152391784549,91.1643080214082
3467,3767000,1,1,362.913893108251,31.2539553113236,282.31165633303,99.9746452473954
3468,3768000,1,1,354.292041235971,34.8329279239114,294.257726338949,93.0714545011689
3469,3769000,1,1,358.433642315177,32.4225575083118,299.353580643121,86.2443695333908
3470,3770000,1,1,371.227163575944,26.676225114157,290.465844783569,88.0849165263296
3471,3771000,1,1,364.392924810695,35.4479481951206,294.092619167545,82.5206578266393
3472,3772000,1,1,360.884307011389,29.7050722934274,301.285166131419,84.5796045637642
3473,3773000,1,1,362.118508949914,31.6230690531661,294.309640360354,88.4029316365661
3474,3774000,1,1,356.861697968595,35.6910187835851,294.669874131497,89.2315591163223
3475,3775000,1,1,368.428100921179,29.2191748689338,288.955984747677,89.8508894622103
3476,3776000,1,1,369.365939009633,26.0851546383967,284.54614381537,96.4569125366
3477,3777000,1,1,368.936700083893,27.4058317176216,295.676796669924,84.4348215285608
3478,3778000,1,1,364.132397353581,31.9537263386689,293.460455293117,86.9075710146331
3479,3779000,1,1,357.797610977559,29.1801353404201,298.579693682901,90.8967099991195
3480,3780000,1,1,361.106861306933,30.7189919846581,295.646766721859,88.98152998655
3481,3781000,1,1,366.087391364058,31.1230600716503,285.7498960145,93.4938025497913
3482,3782000,1,1,362.612662806924,29.3391743497246,297.67408686151,86.8282259818418
3483,3783000,1,1,368.89378125539,23.8306316434438,295.545116843606,88.1846202575594
3484,3784000,1,1,365.492714841381,31.8423833549761,297.609530390789,81.5095214128542
3485,3785000,1,1,367.803605817654,29.3292486115688,292.996084371863,86.3252111989141
3486,3786000,1,1,364.027474176081,28.1757852483735,294.014394572857,90.236496002689
3487,3787000,1,1,364.711380272385,32.9344178769421,286.133368268397,92.6749835822753
3488,3788000,1,1,365.605401881017,30.4916769581354,295.038612306665,85.318458854183
3489,3789000,1,1,367.374157601572,25.8948984285634,292.041091974325,91.1440019955391
3490,3790000,1,1,356.800392763813,34.4239177121654,290.536926903228,94.692912620793
3491,3791000,1,1,365.53149795861,30.1131166956888,294.373953347857,86.4355819978441
3492,3792000,1,1,356.930581273133,36.6285656881887,289.903135746978,92.9918672917005
3493,3793000,1,1,365.023487643526,31.8719814459903,283.216151214493,96.342529695991
3494,3794000,1,1,361.118145444111,28.7117216413582,294.835282320555,91.7890005939761
3495,3795000,1,1,363.298080383395,34.154653329988,290.317956238854,88.6834600477629
3496,3796000,1,1,359.873981518833,34.9409333368066,291.996912737501,89.6423224068592
3497,3797000,1,1,364.16524641006,29.0318864088599,289.074551452775,94.182465728305
3498,3798000,1,1,363.285333879552,34.2677568200562,280.15523606313,98.7458232372615
3499,3799000,1,1,367.578436574048,29.3446041517027,291.688819234004,87.8422900402451
3500,3800000,1,1,361.526804872149,31.6319688080837,301.085254683173,82.2101216365943
3501,3801000,1,1,355.901027921267,35.925146039643,291.084803081401,93.5431729576888
3502,3802000,1,1,361.786508997327,32.2576212958313,282.026734228385,100.383285478456
3503,3803000,1,1,353.863505263715,35.7933757369547,290.324327867123,96.4729411322074
3504,3804000,1,1,354.513865787026,33.3010141208276,290.19591265635,98.443357435797
3505,3805000,1,1,359.094183488228,32.1194685874443,297.503925059494,87.7365728648336
3506,3806000,1,1,368.953971348553,27.3854553516061,285.811050295494,94.3036730043471
3507,3807000,1,1,359.140001231355,34.579863161337,300.673737505823,82.0605481014844
3508,3808000,1,1,352.637378199823,35.6275448484671,293.902642776612,94.2865841750981
3509,3809000,1,1,361.078319532828,33.336691889295,299.767933388025,82.271205189852
3510,3810000,1,1,360.447038602939,28.7347530158334,300.333185579237,86.9391728019899
3511,3811000,1,1,356.785337303715,33.3881248047423,299.276426980257,87.0042609112856
3512,3812000,1,1,365.533356323427,30.7412248026878,292.255265385085,87.9243034888011
3513,3813000,1,1,364.932942962066,26.6416862080611,303.314815632832,81.5647051970412
3514,3814000,1,1,366.817520977466,30.3658398190783,290.67102052374,88.5997686797166
3515,3815000,1,1,364.184111083754,26.7328505240242,295.611555351216,89.9256330410055
3516,3816000,1,1,354.302931738551,31.2745896093029,300.250337100191,90.6262915519546
3517,3817000,1,1,354.966340964314,29.9253067138579,307.423892416604,84.1386099052246
3518,3818000,1,1,366.06042430946,31.8127436587157,295.344012690687,83.2369693411378
3519,3819000,1,1,359.668783922834,32.4608395845459,291.385743320428,92.9387831721925
3520,3820000,1,1,357.89150151708,35.0812190747191,291.038219338878,92.4432100693221
3521,3821000,1,1,357.885487968395,31.9468979340272,297.603124928675,89.0186391689035
3522,3822000,1,1,353.620480967765,34.8769973380042,296.921479218659,91.0351924755718
3523,3823000,1,1,360.512107479717,27.3052315031143,299.787890749963,88.8489202672055
3524,3824000,1,1,350.428638801012,39.2365876636842,301.333619593128,85.4553039421763
3525,3825000,1,1,359.895882531779,31.8206764818554,288.335075077931,96.4025159084344
3526,3826000,1,1,357.554412647479,37.5778895785802,284.147984071154,97.1738637027861
3527,3827000,1,1,358.505949721342,33.2920865516996,293.531442242595,91.1246714843638
3528,3828000,1,1,359.31485277187,32.4705270965287,293.949016113239,90.7197540183618
3529,3829000,1,1,367.197690767462,31.1968709673341,290.2522903137,87.8072979515034
3530,3830000,1,1,356.203094728262,30.6081025649169,296.510182619358,93.1327700874629
3531,3831000,1,1,370.949051549871,28.0442775264472,278.501964115107,98.9588568085745
3532,3832000,1,1,365.524335555179,25.1444319980256,297.172844828748,88.6125376180469
3533,3833000,1,1,362.759653061069,33.7947815303267,284.402249931552,95.4974654770527
3534,3834000,1,1,352.74381223761,34.2666715091031,296.126074389412,93.3175918638748
3535,3835000,1,1,370.926096868037,35.0901576748194,285.397628534942,85.0402669222011
3536,3836000,1,1,357.127801961923,32.7975208197705,296.625061878471,89.9037653398358
3537,3837000,1,1,372.907594781501,23.2615570807457,293.554863995097,86.7301341426563
3538,3838000,1,1,369.065618840035,24.5079131886367,294.292032842139,88.5885851291898
3539,3839000,1,1,363.216505296593,29.808305968127,293.089907640895,90.339431094385
3540,3840000,1,1,362.891758401875,29.1120703263807,292.972672790325,91.4776484814191
3541,3841000,1,1,362.493314912787,31.3463349895027,289.517419466095,93.0970806316153
3542,3842000,1,1,356.871231536405,37.1197363143077,300.306758357893,82.1564237913943
3543,3843000,1,1,355.04412264848,34.1743550303556,302.193523808672,85.0421485124926
3544,3844000,1,1,357.399720687024,30.6275490338773,297.356635696055,91.0702445830441
3545,3845000,1,1,367.05160067521,33.0043916527547,276.527480430224,99.8706772418117
3546,3846000,1,1,364.934264056724,33.0795399816135,291.52886571342,86.9114802482421
3547,3847000,1,1,362.626191502168,34.8087061789384,292.557977922147,86.4612743967464
3548,3848000,1,1,361.539641757702,38.7758769745758,288.750932697227,87.3876985704947
3549,3849000,1,1,353.925218713332,31.5884747112872,298.771872619446,92.1685839559347
3550,3850000,1,1,362.261320897764,31.0592135063821,289.829725789617,93.3038898062369
3551,3851000,1,1,359.02935120476,31.2234984464791,290.577423965365,95.6238763833961
3552,3852000,1,1,362.855149850109,28.4841290773016,291.681868380693,93.4330026918965
3553,3853000,1,1,356.959340030902,34.2027929767235,288.56706398721,96.7249530051646
3554,3854000,1,1,364.775938922223,29.76674704578,293.393248575682,88.518215456315
3555,3855000,1,1,361.47247897195,32.5645945826725,296.317238503981,86.0998379413971
3556,3856000,1,1,373.247194713402,26.1678108962512,283.876073848027,93.1630705423198
3557,3857000,1,1,352.002550986461,35.3834306136118,304.143106193795,84.9250622061322
3558,3858000,1,1,358.638051430912,32.738952415395,304.194174310188,80.882971843506
3559,3859000,1,1,355.169246306228,35.4581937811738,299.048487053239,86.7782228593587
3560,3860000,1,1,371.870360811885,21.9276456989106,296.795252826155,85.8608906630499
3561,3861000,1,1,356.801198222105,32.922725718731,307.178221506793,79.5520045523713
3562,3862000,1,1,365.284865248313,28.7755009168081,292.236672293438,90.1571115414412
3563,3863000,1,1,359.742488679416,31.9699247143735,291.87468787462,92.8670487315897
3564,3864000,1,1,358.470414080947,32.9634034947294,299.698465808164,85.3218666161592
3565,3865000,1,1,367.109456756329,25.1446183470177,304.914556038376,79.2855188582772
3566,3866000,1,1,360.731942761779,34.5400919800735,300.673545173744,80.5085700844037
3567,3867000,1,1,360.210824717019,32.7087689356674,303.278461157934,80.25609518938
3568,3868000,1,1,355.472988278,32.4663141655558,299.310447139978,89.2044004164659
3569,3869000,1,1,357.04477473536,30.1896650392759,298.15748050498,91.0622297203844
3570,3870000,1,1,358.355865230191,29.6487817855893,299.57537181073,88.8741311734904
3571,3871000,1,1,371.683987702039,27.7592811530301,293.285353192516,83.7255279524145
3572,3872000,1,1,360.123748511029,28.0668925416502,295.669381521281,92.5941274260397
3573,3873000,1,1,370.468385124437,31.5184277281781,284.127630889911,90.3397062574736
3574,3874000,1,1,359.982874892977,33.6211682300346,295.10862563893,87.7414812380584
3575,3875000,1,1,357.536676720851,30.9760921616515,299.108171602951,88.8332095145464
3576,3876000,1,1,367.104379665829,29.8046451785164,288.874582099537,90.6705430561177
3577,3877000,1,1,357.000954453423,33.1262091241182,303.924196136612,82.4027902858475
3578,3878000,1,1,367.10150395526,27.608130649639,295.763990518192,85.9805248769088
3579,3879000,1,1,364.482279886849,28.764498094176,296.970860207193,86.2365118117814
3580,3880000,1,1,364.464319534351,34.4040249387378,295.026705522994,82.5591000039173
3581,3881000,1,1,364.100445263131,32.9780660869787,292.467559767915,86.9080788819751
3582,3882000,1,1,370.425011578283,31.2870460991077,291.663558883108,83.0785334395011
3583,3883000,1,1,361.379084778474,26.4246578629293,284.020822838709,104.629584519888
3584,3884000,1,1,366.618197213852,26.7151893184383,294.916911661761,88.2038518059486
3585,3885000,1,1,374.880772698598,24.2645526554442,292.873070884107,84.4357537618505
3586,3886000,1,1,356.62372516621,33.7544857672313,301.125489904374,84.9504491621849
3587,3887000,1,1,356.911862129157,36.8176857998148,293.933764736953,88.7908373340748
3588,3888000,1,1,358.531633888456,34.846379289931,295.517496933109,87.5586398885034
3589,3889000,1,1,365.174716514402,32.104911348342,300.899106041073,78.2754160961827
3590,3890000,1,1,359.881339861506,33.0723140851407,303.562656582223,79.93783947113
3591,3891000,1,1,358.877098814138,33.0128767748754,301.471747186091,83.0924272248957
3592,3892000,1,1,361.660872853947,37.5301457537966,290.895015988233,86.3681154040242
3593,3893000,1,1,354.545591370336,34.4613163609093,291.618198602858,95.8290436658971
3594,3894000,1,1,357.732427593304,32.5945888246345,303.171094993295,82.9560385887666
3595,3895000,1,1,363.012810829141,29.2734729187169,289.67671460863,94.491151643512
3596,3896000,1,1,356.056158969706,35.2323307351863,293.988001892859,91.1776584022488
3597,3897000,1,1,359.481465078925,36.4172456167191,289.538280469257,91.0171588350991
3598,3898000,1,1,372.731343641531,28.3327145154481,291.246453325307,84.1436385177138
3599,3899000,1,1,354.042556165839,30.7388287480901,293.331199346531,98.34156573954
3600,3900000,1,1,366.586513846819,27.7788593339808,296.949023849742,85.1397529694585
3601,3901000,1,1,361.10751576203,34.0545768677119,285.12254430736,96.1695130628981
3602,3902000,1,1,360.039388237648,30.6422139441855,288.006058158939,97.7664896592278
3603,3903000,1,1,353.186720687854,38.2552908196548,284.565842151146,100.446296341345
3604,3904000,1,1,361.036359644884,32.1792240662527,297.980369761601,85.258196527263
3605,3905000,1,1,357.540846878775,34.7491062994127,298.149278733843,86.0149180879697
3606,3906000,1,1,359.966717549698,31.720040950796,289.581446796103,95.1859447034036
3607,3907000,1,1,368.129275284044,30.1205052729435,282.070920219802,96.13344922321
3608,3908000,1,1,356.862305653361,34.2796247808238,297.516029145008,87.7961904208074
3609,3909000,1,1,357.603228009428,40.8745211465418,282.512165802575,95.464235041455
3610,3910000,1,1,364.774239092143,31.7605727561196,292.302467774258,87.616870377479
3611,3911000,1,1,354.719355754806,32.6825522277199,302.119107103299,86.9331349141754
3612,3912000,1,1,358.481429254493,29.3811244669423,298.882997017695,89.7085992608695
3613,3913000,1,1,358.702898580267,34.9035130321818,284.194939213885,98.6527991736662
3614,3914000,1,1,369.958321445298,30.1045570958046,280.51288063452,95.8783908243777
3615,3915000,1,1,363.679142905511,33.5304908692725,289.429737692295,89.8147785329207
3616,3916000,1,1,362.961740188023,34.1858037638582,288.880817458086,90.4257885900324
3617,3917000,1,1,359.966123717104,33.9092546265751,295.402398667174,87.1763729891467
3618,3918000,1,1,368.011590610917,22.3659617020831,302.618081301098,83.4585163859014
3619,3919000,1,1,360.683558101628,30.5631749028881,300.695204992694,84.5122120027891
3620,3920000,1,1,361.268893445983,34.74331411525,283.954465543249,96.4874768955184
3621,3921000,1,1,354.286401892508,38.2167436056038,294.417133305035,89.5338711968528
3622,3922000,1,1,366.828632488836,26.510009867278,290.458064731344,92.6574429125416
3623,3923000,1,1,368.175187568037,26.0192249597451,297.197609758367,85.0621277138508
3624,3924000,1,1,357.62378897672,30.4855809578235,306.637996399146,81.7067836663103
3625,3925000,1,1,357.916952981554,34.1235161469661,290.009894227242,94.4037866442373
3626,3926000,1,1,357.159415676611,32.8781939625116,296.075036063794,90.341504297083
3627,3927000,1,1,361.581330694238,35.6859960247662,284.073184042962,95.1136392380338
3628,3928000,1,1,368.312966221723,25.6944371311261,290.388280976735,92.0584656704155
3629,3929000,1,1,364.655747134968,32.156162044629,291.205688023562,88.4365527968409
3630,3930000,1,1,363.402127781941,27.7876217960945,297.867593793699,87.3968066282655
3631,3931000,1,1,359.966781633804,36.7937345402558,296.00094628135,83.6926875445902
3632,3932000,1,1,370.78259035996,31.1408556692373,284.321966608555,90.2087373622478
3633,3933000,1,1,359.368972284419,28.0477288143562,302.404908067209,86.6325408340148
3634,3934000,1,1,371.738083561162,25.5309055440965,280.071313364223,99.1138475305182
3635,3935000,1,1,363.010014794315,34.1975249748109,286.890420668852,92.356189562022
3636,3936000,1,1,363.529969615442,37.3213027274175,291.883436750656,83.7194409064838
3637,3937000,1,1,359.320114356582,34.0764869912769,289.923278580614,93.1342700715266
3638,3938000,1,1,361.972620426001,32.9514671664019,297.993257807034,83.5368046005622
3639,3939000,1,1,358.408444752156,29.3095749555413,295.335217486896,93.4009128054066
3640,3940000,1,1,359.208318580454,31.2196021570171,291.395504327601,94.6307249349282
3641,3941000,1,1,366.487739191057,23.0002280424034,290.946900709169,96.0192820573704
3642,3942000,1,1,366.456421140624,30.2785081497463,288.709067077991,91.0101536316395
3643,3943000,1,1,359.600442751956,32.3983535823619,293.152132788255,91.3032208774266
3644,3944000,1,1,352.259965500664,38.2964976389171,290.814920918978,95.0827659414404
3645,3945000,1,1,361.656816283757,31.3210108368576,296.710934109545,86.7653887698413
3646,3946000,1,1,356.018688081089,29.7484414887164,303.565559318989,87.1214611112052
3647,3947000,1,1,366.286737367826,27.554726166205,288.555735569857,94.0569508961124
3648,3948000,1,1,355.301002854019,30.2173242936113,295.029831569807,95.9059912825632
3649,3949000,1,1,357.669029572045,32.8114371779387,301.829209980164,84.1444732698523
3650,3950000,1,1,360.940401847378,32.2290887985254,297.485299600264,85.7993597538327
3651,3951000,1,1,363.579975508987,28.3780519871913,296.365603316497,88.1305191873246
3652,3952000,1,1,350.353708354859,33.0074447286714,295.814350464918,97.2786464515521
3653,3953000,1,1,358.188115603274,34.5298861728915,287.946632070957,95.7895161528769
3654,3954000,1,1,355.770180943852,37.9915397814226,291.499784184733,91.1926450899925
3655,3955000,1,1,364.424484916675,25.963713336026,297.249753603969,88.8161981433296
3656,3956000,1,1,365.320737878576,32.7626706788099,285.199116317708,93.1716251249064
3657,3957000,1,1,364.26870982664,29.5658864051497,298.646956440836,83.9725973273743
3658,3958000,1,1,354.354118087803,35.6221752852478,294.204057298497,92.273799328452
3659,3959000,1,1,355.97707164765,33.720444379316,302.248255325181,84.5083786478524
3660,3960000,1,1,359.348241189778,34.706649376114,280.637526323365,101.761733110743
3661,3961000,1,1,359.863763856932,34.0608836525718,297.683719432831,84.8457830576654
3662,3962000,1,1,365.793081672452,35.071857753026,292.794581802112,82.7946287724104
3663,3963000,1,1,360.992386064873,34.1193123637861,289.852103443347,91.4903481279942
3664,3964000,1,1,358.783048559934,31.8530398070327,293.099864426366,92.718197206668
3665,3965000,1,1,363.501904230337,35.906911614894,291.831812166127,85.2135219886422
3666,3966000,1,1,364.286936455988,32.2858798819769,286.989990954169,92.8913427078667
3667,3967000,1,1,363.891725223445,33.063059462699,288.396128799582,91.1032365142742
3668,3968000,1,1,360.64699177235,36.29898634669,289.855098316965,89.6530735639949
3669,3969000,1,1,361.420838808802,32.1399739869424,289.552238417706,93.34109878655
3670,3970000,1,1,372.298612444364,25.9108769203225,285.618463026497,92.6261976088165
3671,3971000,1,1,362.636380298754,37.6846811301468,283.742358768645,92.3907298024547
3672,3972000,1,1,371.860422088821,26.2143472064839,286.090665368891,92.2887153358037
3673,3973000,1,1,364.752968913896,29.5594189769765,295.621798317462,86.5199637916648
3674,3974000,1,1,358.949914825563,34.6284105288564,300.105180025153,82.770644620428
3675,3975000,1,1,363.55674127248,29.5329680309801,282.526896753717,100.837543942823
3676,3976000,1,1,355.428524341723,33.1735608952523,291.494391112384,96.3576736506409
3677,3977000,1,1,363.177369840643,30.8953533465387,291.288434335657,91.0929924771612
3678,3978000,1,1,357.424905524406,31.3737357787987,307.617927882066,80.0375808147301
3679,3979000,1,1,356.321129183146,34.9695531737511,298.700398332355,86.4630693107487
3680,3980000,1,1,368.287667407894,26.9863844526921,294.21545218334,86.9646459560743
3681,3981000,1,1,360.017705042674,39.0601761582443,293.30253208822,84.0737367108618
3682,3982000,1,1,357.520330335804,29.3849249341528,301.196638767026,88.3522559630172
3683,3983000,1,1,360.316802740778,28.6394017448729,296.809240582042,90.6887049323075
3684,3984000,1,1,362.916923905564,26.4633767617417,294.112356758287,92.9614925744074
3685,3985000,1,1,369.83014679256,38.454242654271,277.657839657208,90.5119208959603
3686,3986000,1,1,358.99646699254,32.887859473055,292.982714385379,91.587109149026
3687,3987000,1,1,364.780916848979,26.1328202877655,301.341025958126,84.1993869051301
3688,3988000,1,1,363.068138480455,31.2130342867449,288.070785325208,94.1021919075924
3689,3989000,1,1,358.818096259821,33.3127230988266,290.168234769849,94.1550958715034
3690,3990000,1,1,369.834593672975,29.6505832895408,289.815811624936,87.1531614125484
3691,3991000,1,1,367.193655083662,33.6587848832378,284.801283677123,90.800426355977
3692,3992000,1,1,353.559586252479,35.6437066493735,291.86108738041,95.389769717737
3693,3993000,1,1,362.447863907043,34.3916684173916,288.788722415514,90.8258952600517
3694,3994000,1,1,368.700046789055,29.2898035007992,287.933589302383,90.5307104077628
3695,3995000,1,1,361.074412532927,37.3010100961892,287.425647813137,90.6530795577463
3696,3996000,1,1,355.638523818094,39.2535750906703,289.952066095667,91.609984995568
3697,3997000,1,1,355.761446889887,32.1179546341049,298.755340100173,89.8194083758351
3698,3998000,1,1,360.55444475492,29.2564299231983,296.218989973432,90.4242853484498
3699,3999000,1,1,358.873367380953,31.4198533123332,303.269208710977,82.8917205957372
3700,4000000,1,1,359.579927454816,32.5631582752121,295.344082715963,88.9669815540087
3701,4001000,1,1,358.789285603643,30.4737717665773,297.43068787158,89.7604047581998
3702,4002000,1,1,357.920789548915,32.8039463261193,290.680532597414,95.0488815275517
3703,4003000,1,1,355.885240028474,32.5228193308695,280.226922682423,107.819167958234
3704,4004000,1,1,351.993800511217,34.3486191305465,296.943611749101,93.1681186091361
3705,4005000,1,1,355.787882264823,36.8473416708644,300.584176096271,83.2347499680417
3706,4006000,1,1,362.847373916987,35.2293816362026,287.602822057014,90.7745723897967
3707,4007000,1,1,357.680428256366,31.3067828505517,297.032157958246,90.4347809348369
3708,4008000,1,1,369.459997702984,25.0783187034378,287.280956396578,94.6348771969994
3709,4009000,1,1,349.991868724699,35.8504164460587,306.193826854889,84.4180379743529
3710,4010000,1,1,359.139065040978,37.7982564584437,291.573275606274,87.9435528943045
3711,4011000,1,1,363.776390782829,28.4749681694923,289.922710969958,94.2800800777203
3712,4012000,1,1,360.023794654159,34.6022956954423,297.917457582897,83.9106020675019
3713,4013000,1,1,381.428610331547,25.3946903889442,277.73873165014,91.8921176293688
3714,4014000,1,1,357.468499831095,34.4132662779657,293.449935649227,91.1224482417122
3715,4015000,1,1,357.745071154156,33.0461826199817,290.5181123682,95.1447838576614
3716,4016000,1,1,356.127320288473,30.5180171387897,294.443555079854,95.3652574928832
3717,4017000,1,1,374.104862270838,30.9555451445134,285.943569901609,85.4501726830393
3718,4018000,1,1,356.970964720082,35.4470967011698,303.141716722287,80.8943718564618
3719,4019000,1,1,363.052509848112,28.9940075393447,296.815156672586,87.592475939957
3720,4020000,1,1,364.119702988388,28.8295392898819,293.051268701548,90.4536390201818
3721,4021000,1,1,352.180650668139,31.9185006601167,304.78527130533,87.5697273664139
3722,4022000,1,1,362.486211783173,30.7532091498716,290.831848883812,92.3828801831427
3723,4023000,1,1,360.640338960131,27.9252404067903,294.96538874174,92.9231818913388
3724,4024000,1,1,365.421382155093,29.7555576963621,293.015218897606,88.2619912509397
3725,4025000,1,1,363.159490619567,28.5490535380628,284.52902897015,100.21657687222
3726,4026000,1,1,365.992536109461,31.4561012498642,292.121241285014,86.8842713556608
3727,4027000,1,1,353.731030349039,33.778959905969,301.51500296172,87.4291567832727
3728,4028000,1,1,354.931092904879,32.9740450964957,299.012196446495,89.5368155521296
3729,4029000,1,1,357.387380302818,34.8707871619393,295.605765873203,88.5902166620394
3730,4030000,1,1,356.537018955345,31.2300687172588,307.204242815318,81.482819512078
3731,4031000,1,1,369.764430147212,25.9068893949014,289.893117778621,90.8897126792657
3732,4032000,1,1,354.490847069003,35.673680366341,298.499536683758,87.7900858808975
3733,4033000,1,1,364.141183302675,29.8990075856632,292.823631431662,89.5903276799994
3734,4034000,1,1,362.258982402708,36.3721829929374,294.247765184644,83.5752194197102
3735,4035000,1,1,371.275110978694,28.8825153680197,290.223252211693,86.0732714415939
3736,4036000,1,1,370.324346147173,32.4493748485338,286.814453514118,86.8659754901749
3737,4037000,1,1,345.211821600479,36.6772873079887,300.577088164977,93.9879529265556
3738,4038000,1,1,362.398331997643,28.0209392334084,290.769170561391,95.2657082075574
3739,4039000,1,1,360.160559087112,34.2725068391807,296.855678287759,85.1654057859491
3740,4040000,1,1,358.505516622196,41.7380715916702,283.225947925864,92.9846138602699
3741,4041000,1,1,365.691411804801,25.7108998063944,291.002177732466,94.0496606563378
3742,4042000,1,1,359.056377234557,34.1100061134005,291.520572081849,91.7671945701941
3743,4043000,1,1,364.230804679837,31.935110620402,301.314704167223,78.9735305325383
3744,4044000,1,1,361.984395725587,32.0949218428985,294.02437769593,88.3504547355847
3745,4045000,1,1,358.169971022203,32.015155094942,291.959619954864,94.3094039279915
3746,4046000,1,1,354.252480172423,26.4887216383258,310.615352278588,85.0975959106627
3747,4047000,1,1,361.752598090898,31.1858087853947,291.68505304727,91.8306900764381
3748,4048000,1,1,361.244540946891,33.5937205102931,293.09731385828,88.5185746845361
3749,4049000,1,1,363.420699687619,26.2929024348165,291.26856815953,95.4719797180348
3750,4050000,1,1,365.699135565637,26.3832749387636,289.613945106588,94.7577943890105
3751,4051000,1,1,368.494343681775,23.1357930841478,298.40055512599,86.4234581080874
3752,4052000,1,1,371.221036876419,28.1259209001049,284.003764096541,93.1034281269351
3753,4053000,1,1,363.698498877378,31.1527728145096,292.023172282694,89.5797060254187
3754,4054000,1,1,355.673236432976,36.7155306730179,302.610319771788,81.455063122218
3755,4055000,1,1,362.53416555061,33.0918707456566,295.221484874403,85.6066288293306
3756,4056000,1,1,359.419382809283,35.8555477859701,286.661734406985,94.5174849977627
3757,4057000,1,1,355.465609940666,33.1666999623489,296.067173129419,91.7546669675654
3758,4058000,1,1,356.839507957719,34.2595465504589,293.41830348533,91.9367920064922
3759,4059000,1,1,362.008242294127,27.2804434264133,290.863054123624,96.3024101558354
3760,4060000,1,1,363.834956755937,31.7893175745644,290.802248633112,90.0276270363865
3761,4061000,1,1,361.852784831784,32.9983403866732,299.078186994105,82.5248377874377
3762,4062000,1,1,356.176904822404,33.9332105723084,297.025634977737,89.3183996275512
3763,4063000,1,1,360.052442893393,34.6709587004603,280.878812908852,100.851935497295
3764,4064000,1,1,369.901514456596,30.0211338694006,289.41115534069,87.120346333313
3765,4065000,1,1,354.820075622331,34.608708993766,302.130405928646,84.8949594552562
3766,4066000,1,1,358.681754203028,37.1847736328839,280.75322196759,99.8344001964973
3767,4067000,1,1,357.058063518926,33.9006317517166,295.336506014719,90.1589487146382
3768,4068000,1,1,369.836464417943,34.5862229855488,284.769574281537,87.261888314971
3769,4069000,1,1,364.307081793981,29.4095122080783,291.92564937209,90.8119066258509
3770,4070000,1,1,352.688591086556,33.2610870159363,304.033788800975,86.4706830965319
3771,4071000,1,1,358.543620860085,33.6797865948126,291.377121428655,92.8536211164483
3772,4072000,1,1,366.728432800724,32.9674674760377,285.949305899566,90.808943823673
3773,4073000,1,1,356.307636136131,32.8770028902495,293.051436959306,94.2180740143134
3774,4074000,1,1,364.399099106066,34.5046285368079,285.595845508453,91.9545768486727
3775,4075000,1,1,363.389998852348,26.8291793359856,295.690502564924,90.5444692467419
3776,4076000,1,1,366.097698081328,26.8869450816121,300.220970373253,83.2485364638067
3777,4077000,1,1,364.841632927453,31.1123214101056,293.761123449779,86.7390722126629
3778,4078000,1,1,355.099035189511,30.8314271013312,287.903071905028,102.62061580413
3779,4079000,1,1,364.157864184105,35.2947701781608,286.118199825776,90.8833158119576
3780,4080000,1,1,358.78968764644,31.4213304061819,301.244860256442,84.9982716909363
3781,4081000,1,1,357.708149971129,38.8655929590441,277.845471139493,102.034935930335
3782,4082000,1,1,349.226439839436,36.3393208219108,292.173371659304,98.7150176793493
3783,4083000,1,1,362.888963048043,30.1644749201671,293.685708005568,89.7150040262218
3784,4084000,1,1,358.9690443967,29.9966183383336,296.927941812436,90.5605454525302
3785,4085000,1,1,356.411077456244,37.6910160756684,289.056861705547,93.2951947625412
3786,4086000,1,1,357.671426894921,33.3135950131535,297.60096524889,87.8681628430354
3787,4087000,1,1,363.961038514199,37.5849097014138,284.936212034422,89.9719897499654
3788,4088000,1,1,362.182303706572,28.1517283339369,295.091651033309,91.0284669261826
3789,4089000,1,1,364.383662214709,34.4497092356902,291.257748855045,86.3630296945555
3790,4090000,1,1,359.030103955369,28.3462473395384,296.619110274937,92.4586884301552
3791,4091000,1,1,362.213643685416,34.0316527950162,291.170430593378,89.0384229261899
3792,4092000,1,1,362.665871470024,25.4456449456396,297.139719153386,91.2029144309496
3793,4093000,1,1,366.417236595752,28.3493682919794,283.243056104629,98.4444890076388
3794,4094000,1,1,362.110794448885,30.2348975207249,294.96925096444,89.1392070659501
3795,4095000,1,1,361.879066691831,38.0352070209165,276.513121690468,100.026754596784
3796,4096000,1,1,356.414019226722,32.9405131329549,303.24115893138,83.8584587089433
3797,4097000,1,1,361.260563057232,31.6921949669856,299.349731293147,84.1516606826351
3798,4098000,1,1,363.521711093118,28.8767799370171,290.096606290801,93.9590526790645
3799,4099000,1,1,360.593555774043,31.7894660357542,297.999311471098,86.0718167191042
3800,4100000,1,1,365.976092627998,28.9026503603018,306.048746345948,75.5266606657528
3801,4101000,1,1,356.688303664274,32.068866285055,288.348476837503,99.3485032131676
3802,4102000,1,1,360.374867775556,30.396958407262,294.731055608108,90.9512682090735
3803,4103000,1,1,363.739889318312,28.287432354419,290.897501788829,93.5293265384401
3804,4104000,1,1,352.555390900575,34.2782567894266,301.312632881397,88.3078694286018
3805,4105000,1,1,372.472666425285,25.0904637474044,285.355748200557,93.5352716267539
3806,4106000,1,1,369.196261695135,27.9783762150699,279.291998432165,99.98751365763
3807,4107000,1,1,366.859208102378,28.4553184098404,293.93868345456,87.2009400332215
3808,4108000,1,1,359.272492825242,32.3128461416958,300.577822803405,84.2909882296575
3809,4109000,1,1,363.377206865494,29.0831027247396,298.152360840405,85.8414795693617
3810,4110000,1,1,358.973776467076,36.2008514004193,288.385836218495,92.8936859140099
3811,4111000,1,1,362.803508949688,32.7072911312626,294.442941098435,86.5004088206141
3812,4112000,1,1,366.468962308695,28.4115389983541,296.203195505297,85.3704531876534
3813,4113000,1,1,368.685306979946,31.2058810403392,290.945287979362,85.6176740003527
3814,4114000,1,1,355.225574217088,33.1147739863059,301.338685371551,86.7751164250552
3815,4115000,1,1,366.621660683694,33.2066315146395,286.602705583676,90.0231522179907
3816,4116000,1,1,370.632538152285,26.7029976820566,289.862473642491,89.2561405231677
3817,4117000,1,1,365.263253478432,31.4644905894056,290.182568004685,89.5438379274773
3818,4118000,1,1,361.666741788679,37.1249528978451,288.263286426251,89.3991688872253
3819,4119000,1,1,356.491676503013,35.9664267346336,291.922136331378,92.0739104309755
3820,4120000,1,1,360.15350914194,30.8526709318519,295.152371903815,90.2955980223934
3821,4121000,1,1,362.45826250609,28.3069901593861,292.899582946262,92.7893143882622
3822,4122000,1,1,368.45749993399,30.2019561679601,289.698126860239,88.096567037811
3823,4123000,1,1,358.926162426337,35.2808907645092,299.539428413334,82.70766839582
3824,4124000,1,1,361.578609884588,32.2970763860642,288.256487482577,94.3219762467701
3825,4125000,1,1,358.399646699812,31.0060303348297,297.618554267212,89.4299186981466
3826,4126000,1,1,352.173022087032,35.1997803535002,301.506219495394,87.5751280640729
3827,4127000,1,1,354.957052571703,33.1121243067656,298.558947132342,89.8260259891897
3828,4128000,1,1,365.657476670101,31.7860177386813,290.017362754296,88.9932928369223
3829,4129000,1,1,355.471760003662,31.2762034362997,303.516620945072,86.1895656149662
3830,4130000,1,1,361.675497139665,34.6111170402404,290.529495314094,89.6380405059999
3831,4131000,1,1,366.250905186091,28.908464295026,294.923195800844,86.371584718039
3832,4132000,1,1,355.932068032939,34.5079168093721,296.366068613609,89.6480965440802
3833,4133000,1,1,358.757377648064,30.0675701732867,297.647139921485,89.9820622571639
3834,4134000,1,1,359.180098760185,37.5449948482406,282.10099851888,97.6280578726942
3835,4135000,1,1,362.195055532218,26.0091586622826,299.988674990312,88.2612608151877
3836,4136000,1,1,368.176565025204,26.9257681654723,299.944510507684,81.4073063016405
3837,4137000,1,1,356.649931588562,34.8831457228423,292.161595445564,92.7594772430314
3838,4138000,1,1,358.005476692083,34.7424258712844,286.214661905232,97.4915855314009
3839,4139000,1,1,364.047915020315,26.8013292844746,303.362594273117,82.2423114220928
3840,4140000,1,1,366.322755076198,26.1469500823289,300.271817160337,83.7126276811354
3841,4141000,1,1,362.220605779558,34.0179943039011,292.442372627333,87.7731772892086
3842,4142000,1,1,353.934087367888,30.1560708937612,296.534616214574,95.8293755237771
3843,4143000,1,1,367.013858185892,32.8794054082999,282.623614979366,93.9372714264423
3844,4144000,1,1,362.94211038709,29.9391794612496,293.958619138999,89.614241012662
3845,4145000,1,1,368.37013580545,28.2879961445392,289.032508895898,90.7635091541134
3846,4146000,1,1,366.251932839308,30.4948408033988,292.197893562208,87.5094827950859
3847,4147000,1,1,361.074756549903,28.9910258464748,291.50810293256,94.880264671063
3848,4148000,1,1,356.096229175725,30.2328090078181,297.635541611322,92.4895702051346
3849,4149000,1,1,356.643812836934,34.3816535997914,294.370681131163,91.0580024321124
3850,4150000,1,1,360.859202229181,32.7776187509365,291.014933238496,91.8023957813859
3851,4151000,1,1,354.012640289759,33.2415774325409,294.742090354518,94.457841923182
3852,4152000,1,1,347.33830015355,35.6419285114562,300.887247525986,92.5866738090075
3853,4153000,1,1,360.280869435566,32.2145915858493,289.937261968689,94.0214270098957
3854,4154000,1,1,357.561809957745,31.7079805955558,301.957488602789,85.2268708439093
3855,4155000,1,1,356.120163281653,34.7037369802072,295.527894182611,90.1023555555291
3856,4156000,1,1,360.358060141532,31.3811510160718,300.289749588617,84.4251892537786
3857,4157000,1,1,363.103054675283,30.9901023834229,293.063652391445,89.2973405498494
3858,4158000,1,1,357.700366775486,34.4546173827147,284.636948052095,99.6622177897042
3859,4159000,1,1,361.264045713605,34.0474559625282,291.03922990183,90.1034184220364
3860,4160000,1,1,367.673403823826,29.0618153754667,288.710504574382,91.0084262263246
3861,4161000,1,1,365.531486477848,29.4176165332418,287.710511347917,93.7945356409927
3862,4162000,1,1,350.983523064808,39.8703865454305,292.372591336923,93.2276490528387
3863,4163000,1,1,359.454564618581,35.0508371867052,296.914388813678,85.0343593810356
3864,4164000,1,1,371.746051765239,27.2194776868122,296.781681319981,80.7069392279682
3865,4165000,1,1,357.739838240947,35.4096888710592,294.823939341833,88.4806835461603
3866,4166000,1,1,366.830016312322,30.7574154479377,282.719048071816,96.1476701679241
3867,4167000,1,1,357.211471788282,33.6007462341331,298.651737485887,86.9901944916975
3868,4168000,1,1,363.742379773722,29.8210001566008,296.514659979586,86.3761100900917
3869,4169000,1,1,370.762145546596,26.2774332052872,285.459504965233,93.9550662828837
3870,4170000,1,1,363.882027213291,35.7047703700074,292.157075813761,84.7102766029406
3871,4171000,1,1,360.701410504298,28.8412239079909,307.045313041681,79.8662025460301
3872,4172000,1,1,357.920999719248,31.7274138530589,292.625897599099,94.1798388285937
3873,4173000,1,1,353.784133785242,36.3894029489543,292.017791039741,94.2628222260622
3874,4174000,1,1,361.321013311149,33.5646196906052,283.283324261727,98.2851927365188
3875,4175000,1,1,356.059893316391,31.1702547207934,303.418224404359,85.8057775584569
3876,4176000,1,1,362.946273219248,34.175339498608,293.440174112014,85.8923631701301
3877,4177000,1,1,354.606224143682,33.3705714279431,300.473018047268,88.0043363811069
3878,4178000,1,1,355.527591960002,31.6098451817946,292.860310847887,96.4564020103169
3879,4179000,1,1,361.920117414709,34.0833012496351,297.344048520609,83.1066828150471
3880,4180000,1,1,358.868124944008,35.8998625074968,296.110472241766,85.5756903067298
3881,4181000,1,1,357.405124779992,31.0608356286245,286.804825415559,101.183364175825
3882,4182000,1,1,362.347373485359,29.333463610515,298.907661250909,85.8656516532173
3883,4183000,1,1,367.254956341604,26.7619861560057,294.502078569902,87.9351289324889
3884,4184000,1,1,355.343408810338,33.7934742172463,302.124713101638,85.192553870777
3885,4185000,1,1,345.492397804338,38.4530127223961,302.254010131608,90.2547293416571
3886,4186000,1,1,361.971336427498,32.7490863703587,287.808562428286,93.9251647738572
3887,4187000,1,1,366.602373312384,33.3818995992247,289.140805573255,87.3290715151356
3888,4188000,1,1,371.450122380363,27.1806922261995,295.632707422863,82.1906279705747
3889,4189000,1,1,358.085559427949,29.7267606281332,295.27000796323,93.3718219806876
3890,4190000,1,1,357.978260493982,32.7669277485066,293.45020895155,92.2587528059621
3891,4191000,1,1,360.193070758123,35.2873762101714,292.65575456444,88.3179484672662
3892,4192000,1,1,361.641662930617,31.9634052748019,291.094211895777,91.7548698988037
3893,4193000,1,1,363.271593176604,31.0884901396177,293.324527393893,88.769539289885
3894,4194000,1,1,367.528172482306,27.6171466875696,294.107675450793,87.2011553793318
3895,4195000,1,1,361.090247318789,31.5068727238135,298.904626123707,84.9524038336908
3896,4196000,1,1,372.497138930989,30.2023733776981,283.848200498643,89.9064371926699
3897,4197000,1,1,358.968906302769,34.7715314098613,297.830458429395,84.8832538579749
3898,4198000,1,1,359.476291772558,26.974586415768,304.761240531869,85.2420312798058
3899,4199000,1,1,358.342238426643,38.50254087981,289.444562133169,90.164808560378
3900,4200000,1,1,350.629174035409,38.529441615774,292.713024420862,94.582509927955
3901,4201000,1,1,359.532621454709,32.5276256370344,302.312398720328,82.0815041879278
3902,4202000,1,1,368.606789722215,26.4998952542245,291.509990490405,89.8374745331548
3903,4203000,1,1,357.417852452964,32.0842483977409,300.10841783724,86.8436313120542
3904,4204000,1,1,367.375465258143,31.1465693329702,288.785535228253,89.1465801806347
3905,4205000,1,1,368.035701507786,29.5270739587273,288.137858921613,90.7535156118744
3906,4206000,1,1,367.182569793124,26.4075544114824,289.802010757434,93.06201503796
3907,4207000,1,1,359.754537328102,27.0869489450008,299.957984709031,89.6546790178665
3908,4208000,1,1,367.606293579191,28.9741376498622,287.67228595688,92.2014328140674
3909,4209000,1,1,352.537995243896,33.4882323840117,297.933572125708,92.4943502463844
3910,4210000,1,1,367.567268851304,29.3113252895826,282.653177132364,96.9223787267487
3911,4211000,1,1,361.81307590359,25.9949367680434,298.215543250299,90.4305940780674
3912,4212000,1,1,361.722834372736,31.515731468258,284.293908694588,98.9216754644187
3913,4213000,1,1,361.190168971533,29.8682856505887,295.220920183933,90.1747751939449
3914,4214000,1,1,367.506667015327,24.5586529074148,294.497242543088,89.8915875341706
3915,4215000,1,1,367.107086653729,33.3807923441307,291.176649460559,84.7896215415809
3916,4216000,1,1,367.295333494259,26.9204549129411,291.723732339396,90.5146292534041
3917,4217000,1,1,350.039002971872,35.1696218701863,301.100231863245,90.1452932946972
3918,4218000,1,1,352.071409517729,34.679101908673,306.076497826638,83.6271407469596
3919,4219000,1,1,365.194948858931,33.0242606338747,295.012001175822,83.2229393313724
3920,4220000,1,1,353.509828442804,35.9395456539215,296.744947950058,90.259827953216
3921,4221000,1,1,362.865923149637,32.892752949728,293.416865683388,87.2786082172462
3922,4222000,1,1,367.197407002407,32.3191832395583,287.521367021415,89.4161927366192
3923,4223000,1,1,357.990429299025,32.0640749099505,293.202292871286,93.1973529197385
3924,4224000,1,1,366.484843467632,31.436196377462,288.177364635165,90.3557455197401
3925,4225000,1,1,362.314451899668,34.8746554922768,288.363294739637,90.901747868418
3926,4226000,1,1,364.483833771061,29.5945224196479,293.856186086028,88.5196077232625
3927,4227000,1,1,353.372703788894,37.9311805835973,297.791345119494,87.3589205080149
3928,4228000,1,1,361.245161344101,33.8445167072496,292.649839611307,88.7146323373427
3929,4229000,1,1,365.358626703312,27.586377012697,288.72773505906,94.7814112249315
3930,4230000,1,1,363.239092519716,37.9281195821422,287.118104750831,88.1688331473109
3931,4231000,1,1,355.706967400202,32.0197735458756,300.470212567495,88.2571964864268
3932,4232000,1,1,346.876210520428,42.3810900389376,291.344161324423,95.8526881162122
3933,4233000,1,1,362.568812952611,36.6948357731309,280.379425320322,96.8110759539365
3934,4234000,1,1,359.852495454381,31.6655847873701,299.881184594981,85.0548851632671
3935,4235000,1,1,359.9345322377,29.3439451326169,303.14179050156,84.0338821281231
3936,4236000,1,1,362.617254377566,28.0107097817097,293.981947726163,91.8442381145616
3937,4237000,1,1,352.792303159921,39.9182713789317,285.373762004439,98.3698134567088
3938,4238000,1,1,366.380743661252,32.714648226113,292.698356483422,84.6604016292134
3939,4239000,1,1,370.373601564747,28.020545321591,285.813047345854,92.2469557678077
3940,4240000,1,1,357.465315149869,33.5457349198229,290.494799337271,94.9483005930376
3941,4241000,1,1,363.435870105911,30.581383455333,291.892921473714,90.543974965042
3942,4242000,1,1,363.256825617746,39.5108932756619,280.392497029088,93.2939340775041
3943,4243000,1,1,363.374242909482,28.4763352883849,300.065199956483,84.5383718456496
3944,4244000,1,1,359.654496579443,32.0389213439767,305.154334354882,79.6063977216987
3945,4245000,1,1,355.998789789162,34.6600431585672,292.55541085778,93.2399061944905
3946,4246000,1,1,364.114837833464,33.3043780227661,296.09185930607,82.9430748376999
3947,4247000,1,1,360.603320872177,33.9181459347167,294.807089998376,87.125593194731
3948,4248000,1,1,354.318547905665,34.964814710889,293.586907731935,93.5838796515106
3949,4249000,1,1,357.945085252836,36.1140215885364,290.661167718638,91.7338754399899
3950,4250000,1,1,372.245631295633,28.0317849913821,291.681936785718,84.4947969272663
3951,4251000,1,1,360.355530181254,36.0516307529763,294.960602101258,85.086386964512
3952,4252000,1,1,366.473881655949,29.8138365211639,289.838282064299,90.3281497585885
3953,4253000,1,1,371.404302654187,27.0967301871927,290.59794702022,87.3551701384003
3954,4254000,1,1,361.850257733533,39.0076929970209,295.304267939211,80.2919313302346
3955,4255000,1,1,362.140364313407,31.296954925245,305.15545189149,77.8613788698582
3956,4256000,1,1,361.428698750929,28.3288221286213,298.550548742803,88.1460803776464
3957,4257000,1,1,370.065391748241,28.3850723055937,274.77850101429,103.225184931875
3958,4258000,1,1,358.065111777143,29.4298817625593,299.592700273467,89.3664561868305
3959,4259000,1,1,360.061331372022,35.0642618370732,292.879833471943,88.4487233189627
3960,4260000,1,1,359.837744021201,35.421476102251,291.423424155534,89.7715057210138
3961,4261000,1,1,361.624406279154,24.4347050036301,296.537920423787,93.8571182934284
3962,4262000,1,1,362.092220634027,33.6416551373264,294.274653445304,86.4456207833422
3963,4263000,1,1,363.915933011561,34.2307729655937,282.714638909307,95.5928051135388
3964,4264000,1,1,362.935463442155,34.3197491162966,290.993020970134,88.2059164714137
3965,4265000,1,1,359.349381374933,33.9160107021348,290.163061115754,93.0256968071783
3966,4266000,1,1,361.442792297291,29.7274642505662,298.123545028189,87.1603484239544
3967,4267000,1,1,360.05856910498,31.6961767305887,299.587930604777,85.1114735596546
3968,4268000,1,1,360.71542566181,29.9551460605052,294.906529618042,90.8770486596434
3969,4269000,1,1,369.251510366749,27.3309541003092,288.539874941766,91.3318105911759
3970,4270000,1,1,369.168385846834,25.4416813233098,301.183916808245,80.6601660216113
3971,4271000,1,1,353.755062877273,34.0216005234217,298.649521611173,90.0279649881322
3972,4272000,1,1,362.919898218964,37.4756422678139,285.541368430163,90.517241083059
3973,4273000,1,1,352.573497560451,36.3565366206759,305.28665433004,82.2374614888326
3974,4274000,1,1,354.911876506673,36.5424110322226,295.570190634155,89.4296718269501
3975,4275000,1,1,350.835365145014,35.9585620616911,292.085135773117,97.5750870201777
3976,4276000,1,1,359.58428612492,31.4841764246666,292.290045582479,93.0956418679353
3977,4277000,1,1,359.328075862039,32.9647188356653,302.723109832054,81.4382454702413
3978,4278000,1,1,362.653410370512,34.617340350011,288.69405942912,90.4893398503574
3979,4279000,1,1,359.276160681174,35.5726950234728,288.198138713108,93.4071555822455
3980,4280000,1,1,350.823683526942,33.1883869238202,307.409935739167,85.0321438100705
3981,4281000,1,1,363.213602710055,30.5354128854606,292.072811619571,90.6323227849131
3982,4282000,1,1,351.423110284235,35.2814985002781,300.269564377417,89.4799768380699
3983,4283000,1,1,365.741282361811,31.9027626954923,292.240356987019,86.5697479556776
3984,4284000,1,1,368.674876079028,28.8545322078681,283.093980256585,95.8307614565187
3985,4285000,1,1,359.041682745528,36.644974377869,285.570513036895,95.1969798397078
3986,4286000,1,1,360.613838281735,33.3442510212296,291.486174812971,91.0098858840652
3987,4287000,1,1,361.158127870795,34.9764113119041,281.545147838845,98.7744629784555
3988,4288000,1,1,360.667493800937,35.2873461470788,290.47526079359,90.0240492583944
3989,4289000,1,1,360.807856581738,29.1849311429448,289.176074710068,97.2852875652502
3990,4290000,1,1,353.950175113341,33.4888600669165,296.742587621113,92.2725271986298
3991,4291000,1,1,354.769259431584,33.0603231868857,285.204548286379,103.420019095151
3992,4292000,1,1,355.986030942913,35.1299641695681,286.527449421256,98.8107054662632
3993,4293000,1,1,360.463063007147,30.5335583886277,299.451156135726,86.0063724684996
3994,4294000,1,1,358.483355962398,35.8233699249992,279.289226880255,102.858197232348
3995,4295000,1,1,365.044365010642,30.6170553729464,296.533941341844,84.2587882745676
3996,4296000,1,1,366.87355012129,28.6017240443297,289.037528565163,91.9413472692173
3997,4297000,1,1,365.062460957375,31.8819688773918,290.560336264177,88.9493839010565
3998,4298000,1,1,365.216632802425,34.002117289384,290.809624713898,86.4257751942933
3999,4299000,1,1,362.331369298309,30.7390288949739,289.839358039585,93.544393767132
4000,4300000,1,1,370.242228236242,30.6793675132786,289.08934344114,86.4432108093392
4001,4301000,1,1,365.278153057791,30.180920272035,290.493694410693,90.5013822594812
4002,4302000,1,1,371.138261765529,25.2140421201264,287.482156433763,92.6196896805811
4003,4303000,1,1,363.264100679356,31.7785858961547,298.335915119804,83.0755483046862
4004,4304000,1,1,357.94336948049,33.7453007762296,294.272861824183,90.4926179190967
4005,4305000,1,1,358.862833185261,38.210194954765,297.716480845885,81.6646410140892
4006,4306000,1,1,366.6056933515,32.3689021631135,292.535080735539,84.9444737498475
4007,4307000,1,1,363.194701452687,36.4410244947986,285.683034146666,91.1353899058485
4008,4308000,1,1,364.834033189638,33.0632486899181,287.064024710927,91.4928434095168
4009,4309000,1,1,360.786339382461,36.6794059689747,285.838382727466,93.150021921099
4010,4310000,1,1,364.652409664197,30.7864064538993,289.991862617044,91.0234712648598
4011,4311000,1,1,350.653633167873,37.4066522271838,286.774048053708,101.619816551235
4012,4312000,1,1,357.820949684324,31.4004945423981,299.626684784755,87.6060209885235
4013,4313000,1,1,361.954991089924,26.2541079559216,298.143507322892,90.1015436312624
4014,4314000,1,1,361.818787614861,32.5171265632157,293.703853956857,88.4143818650663
4015,4315000,1,1,368.872778737756,26.1404611283213,295.15162652261,86.2892836113125
4016,4316000,1,1,367.157157472331,28.9120238251692,296.856302684145,83.5286660183542
4017,4317000,1,1,362.301303096367,29.251455129264,288.540034213077,96.361357561292
4018,4318000,1,1,369.948292729118,31.1932125239121,284.945100727182,90.3675440197877
4019,4319000,1,1,361.334626166568,34.4370324097587,293.925163765422,86.7573276582515
4020,4320000,1,1,367.972111334257,29.7077842425876,294.351321398347,84.4229330248088
4021,4321000,1,1,365.186025698345,25.0985331133527,303.525352033307,82.6442391549951
4022,4322000,1,1,354.709567462334,39.4395555642164,290.28955223528,92.0154747381696
4023,4323000,1,1,365.711372486314,28.3888678648353,289.647377397438,92.7065322514133
4024,4324000,1,1,361.28240146205,32.759183075702,301.817013793091,80.5955516691576
4025,4325000,1,1,373.969879454553,25.4345153899351,287.52223326782,89.5275218876917
4026,4326000,1,1,363.870383755915,29.7673885747808,295.965880982733,86.8504966865707
4027,4327000,1,1,362.481197208327,29.467407360533,299.197465676308,85.3080797548316
4028,4328000,1,1,355.511191074207,36.3740777823245,294.312930815944,90.2559503275242
4029,4329000,1,1,367.237115602014,32.5234874471613,299.590424224899,77.1031227259261
4030,4330000,1,1,362.767340087668,32.9594124091616,293.609866401621,87.1175311015497
4031,4331000,1,1,363.134662579651,30.4533927593289,289.180037100431,93.6860575605891
4032,4332000,1,1,355.303145621687,33.0438729129523,302.38645138128,85.7206800840807
4033,4333000,1,1,365.040970265625,30.2834153878955,297.424816292859,83.7049480536204
4034,4334000,1,1,361.419786728866,34.3933116638543,291.014724212746,89.6263273945341
4035,4335000,1,1,359.17459367558,34.8218228921779,300.368526981302,82.0892064509393
4036,4336000,1,1,358.975692987518,34.4135860162773,305.278299460456,77.7865715357488
4037,4337000,1,1,361.725936938327,32.166937881195,298.426110777902,84.1351644025751
4038,4338000,1,1,362.387655714195,35.8150041761918,288.552378313404,89.6991117962089
4039,4339000,1,1,352.418341475269,29.8028689123708,302.205164361874,92.0277752504863
4040,4340000,1,1,361.220038456413,35.2969482506926,291.650027483166,88.2871358097288
4041,4341000,1,1,358.918547949128,30.8224215926021,294.800273102027,91.9129073562431
4042,4342000,1,1,359.637226640917,36.1922172447302,278.510234681673,102.11447143268
4043,4343000,1,1,352.91524559942,33.1678208757068,300.711622116854,89.65946140802
4044,4344000,1,1,363.175481649137,33.6883445214771,290.99454915894,88.5957746704454
4045,4345000,1,1,371.694987411788,30.6199059235171,290.84587282973,83.293383834965
4046,4346000,1,1,372.774375307439,31.2963011729532,284.962809856406,87.4206636632018
4047,4347000,1,1,358.311177934634,37.983006946832,288.247473574207,91.912491544327
4048,4348000,1,1,358.833977173747,35.8172922293491,295.596561668319,86.2063189285847
4049,4349000,1,1,363.356108929423,25.4846922108505,296.027823803627,91.5855250560994
4050,4350000,1,1,358.118977966143,33.7687514542471,295.732232178451,88.8341884011593
4051,4351000,1,1,375.271205283016,29.0145364929254,283.213436763534,88.9549714605254
4052,4352000,1,1,350.632668117875,32.4706515144855,303.194904903605,90.155925464035
4053,4353000,1,1,367.656678183848,28.7696090055748,296.89143310754,83.136429703037
4054,4354000,1,1,360.168654203689,35.2274892925741,292.031854117803,89.0261523859346
4055,4355000,1,1,356.618741333938,34.8428690673695,296.62939315282,88.3631464458723
4056,4356000,1,1,357.20134448142,29.3979570461496,300.729287274107,89.1255611983235
4057,4357000,1,1,359.159219764389,28.049582768273,303.630286335882,85.6150611314566
4058,4358000,1,1,356.978349195834,34.4363699756342,298.138511006774,86.9009198217579
4059,4359000,1,1,358.970843516598,35.1757221599357,294.982994878879,87.3245894445874
4060,4360000,1,1,357.047938362304,29.759470106077,303.841120306548,85.8056212250714
4061,4361000,1,1,347.153708719775,34.0338693890873,302.574550120329,92.6920217708095
4062,4362000,1,1,363.257291960615,37.0811828786976,283.720063053517,92.3956121071713
4063,4363000,1,1,361.064516205467,30.5644297564716,287.152138515791,97.6730655222702
4064,4364000,1,1,361.53582611496,27.7072951980009,296.777221456525,90.4338072305139
4065,4365000,1,1,361.349021782618,34.2824496025065,285.275416053648,95.5472625612273
4066,4366000,1,1,366.056705285058,29.9954854230929,293.39078897627,87.0111703155788
4067,4367000,1,1,368.815898932648,30.1056529748236,284.263871070816,93.268727021713
4068,4368000,1,1,352.947585250904,32.7767861727872,296.049580557249,94.68019801906
4069,4369000,1,1,361.587243235813,34.4457018421267,296.673743050802,83.7474618712585
4070,4370000,1,1,360.492651638917,30.6639387272433,295.886155110864,89.4114045229763
4071,4371000,1,1,359.317189767335,34.9676226387357,289.856471225251,92.3128663686788
4072,4372000,1,1,364.293978138066,38.9793365346977,280.476324104821,92.704511222416
4073,4373000,1,1,357.542512610999,29.6459751401907,302.171308163199,87.0943540856107
4074,4374000,1,1,357.071122693103,32.6732336540728,300.413661237955,86.2961324148698
4075,4375000,1,1,360.647085199753,28.8400113285983,306.545895461696,80.4211580099523
4076,4376000,1,1,365.216289122738,25.9198455742048,294.107150460735,91.2108648423217
4077,4377000,1,1,365.569859063848,34.3707140907203,283.945326382082,92.5682504633496
4078,4378000,1,1,361.565413368034,34.6838969281988,293.528487032171,86.6763526715954
4079,4379000,1,1,368.521031298719,26.0705804585019,302.224384791251,79.6381534515278
4080,4380000,1,1,359.493013352319,32.3050084663457,287.37364206981,97.2824861115253
4081,4381000,1,1,365.468874141917,28.4125297350733,291.722736622478,90.8500095005317
4082,4382000,1,1,361.462237679168,33.613628706347,290.417216832268,90.9610667822168
4083,4383000,1,1,364.970362832462,30.0845622156212,290.830609679806,90.5686152721113
4084,4384000,1,1,364.787222086498,36.4201529877019,280.488601811583,94.7581731142171
4085,4385000,1,1,364.443929333753,27.6691631389731,302.35749309686,81.9835644304134
4086,4386000,1,1,357.28591674728,38.1267962960563,295.073939438669,85.9674975179943
4087,4387000,1,1,361.350730441125,31.521562416917,301.099974244892,82.4818828970662
4088,4388000,1,1,365.248271116595,23.7100043892008,302.099544486961,85.3963300072425
4089,4389000,1,1,362.702646178826,29.0964924739343,297.588129778448,87.0668815687917
4090,4390000,1,1,354.15239943498,31.9017671882055,301.518250890546,88.8817324862681
4091,4391000,1,1,369.913340128758,27.0352289979358,294.49580684196,85.0097740313467
4092,4392000,1,1,357.581795597268,31.7011484517099,297.40124080935,89.7699651416728
4093,4393000,1,1,355.129271683069,34.024239399368,296.05574529588,91.2448936216829
4094,4394000,1,1,366.240290299947,28.1896581297024,295.270226661314,86.7539749090365
4095,4395000,1,1,363.910186775948,31.2928955195434,300.307484709712,80.9435829947965
4096,4396000,1,1,355.573865681945,37.2430455155959,294.03677837255,89.6004604299093
4097,4397000,1,1,358.091290617153,33.6463510138978,299.832544550688,84.8839638182618
4098,4398000,1,1,358.113304298879,32.5535846913115,295.556565420057,90.2306955897529
4099,4399000,1,1,367.797995792379,27.7609982493633,283.526391798192,97.3687641600659
4100,4400000,1,1,355.595869019824,33.3264740805432,296.936340962748,90.5954659368842
4101,4401000,1,1,362.26238031827,33.4873247258446,298.517279996065,82.1871649598199
4102,4402000,1,1,363.393063009188,36.7737765534046,287.528966044863,88.7583443925445
4103,4403000,1,1,357.952713493653,32.6853871197586,294.281791704332,91.5342576822569
4104,4404000,1,1,368.521167756457,30.8934947098795,286.34573270347,90.6937548301939
4105,4405000,1,1,359.506137878256,30.9703971742685,283.258203054889,102.719411892587
4106,4406000,1,1,365.855586965893,29.5964316915291,290.560699938974,90.4414314036035
4107,4407000,1,1,355.881895914841,33.2883453954703,298.921873269754,88.3620354199347
4108,4408000,1,1,359.688879166232,28.9765262846748,293.697528434859,94.0912161142342
4109,4409000,1,1,359.025197715912,30.1459786343321,292.646526121988,94.6364475277672
4110,4410000,1,1,353.872988271188,37.5483266813225,288.818764645508,96.2140704019823
4111,4411000,1,1,362.031267522796,30.1964986983061,292.056758891657,92.1696248872412
4112,4412000,1,1,366.24342072953,31.7702896147246,276.056245590407,102.384194065338
4113,4413000,1,1,355.09671628682,38.3828844796919,295.137528928871,87.8370203046164
4114,4414000,1,1,364.181178727139,29.860040614752,288.252349570947,94.1605810871622
4115,4415000,1,1,364.556154813854,24.9450363222196,294.174202153352,92.7787567105744
4116,4416000,1,1,367.970270609539,30.350384049049,280.284741787387,97.8487535540254
4117,4417000,1,1,351.153522676654,31.5418124624909,302.739739319367,91.0190755414883
4118,4418000,1,1,354.084289641047,24.797064411299,309.018660716274,88.5541352313799
4119,4419000,1,1,362.788221722582,28.9623313066899,297.92999300789,86.7736039628377
4120,4420000,1,1,364.834783568518,29.1507662050018,283.471619344086,98.9969808823949
4121,4421000,1,1,363.287400823849,30.7443866584269,289.175820822431,93.2465416952928
4122,4422000,1,1,367.86992336309,31.1474228696382,298.016597754798,79.4202060124745
4123,4423000,1,1,368.644371115579,28.0627617350017,283.241862108446,96.5051550409731
4124,4424000,1,1,361.390668989793,33.9735121649315,288.369683372521,92.7202854727548
4125,4425000,1,1,368.633853955849,26.0434650422804,294.688704927201,87.088126074669
4126,4426000,1,1,355.976225048478,39.8548514012799,284.024989291628,96.5980842586138
4127,4427000,1,1,359.962516646569,32.475610009301,290.214589710342,93.8014336337886
4128,4428000,1,1,348.053607758696,39.7929908864505,293.631701712018,94.9758496428361
4129,4429000,1,1,356.606521623793,33.2051796162599,295.880898732503,90.7615500274448
4130,4430000,1,1,358.808027543256,33.8542734104636,289.851307959034,93.9405410872466
4131,4431000,1,1,355.510368278808,32.3159356238611,297.545211877893,91.0826342194378
4132,4432000,1,1,360.164103792155,31.7079593762455,300.339093171666,84.2429936599334
4133,4433000,1,1,354.126525003666,37.176647004752,286.766731294833,98.3842466967493
4134,4434000,1,1,363.786257579407,26.5498744601892,294.984979757177,91.1330382032264
4135,4435000,1,1,356.819291197433,32.4250817791761,291.827581067503,95.3821959558878
4136,4436000,1,1,372.40798518598,25.4374334526659,288.010779897877,90.5979514634771
4137,4437000,1,1,355.463769275365,39.4979946124292,289.945967393957,91.546418718249
4138,4438000,1,1,360.961646194279,34.7103283799203,288.012907031354,92.7692683944468
4139,4439000,1,1,360.643282720048,36.4774645742425,290.802610903891,88.530791801818
4140,4440000,1,1,365.265933681317,27.6854481876279,290.377348450794,93.1254196802612
4141,4441000,1,1,366.42988832989,28.1998061572458,290.202429932467,91.6220255803968
4142,4442000,1,1,362.869790995952,32.7479424095973,293.711573758898,87.1248428355532
4143,4443000,1,1,362.75670765449,28.4203250941308,302.049386350664,83.2277309007151
4144,4444000,1,1,358.110505893932,34.1240578376801,282.733757510281,101.485828758107
4145,4445000,1,1,362.38633268827,30.8804232964005,295.055923322978,88.1314706923518
4146,4446000,1,1,358.695097027841,35.3905626735375,290.465930053178,91.9025602454434
4147,4447000,1,1,362.643863634577,26.5396625041855,292.580213691052,94.6904101701857
4148,4448000,1,1,363.819808249587,32.5704003201295,288.560716590414,91.5032248398693
4149,4449000,1,1,359.482246946504,34.1812064067344,290.229095991699,92.5616006550618
4150,4450000,1,1,356.508196036086,35.4648569308685,297.04156644983,87.4395305832158
4151,4451000,1,1,356.619500128719,32.4523945157796,300.994234948529,86.388020406973
4152,4452000,1,1,361.742499786358,31.257325590747,295.071486044485,88.3828385784102
4153,4453000,1,1,373.938021879773,31.3887298497299,276.597093735759,94.5303045347382
4154,4454000,1,1,361.812384538563,34.0044733631259,284.633585393327,96.003706704984
4155,4455000,1,1,362.279974994075,30.8419905423125,283.611412810433,99.7207716531798
4156,4456000,1,1,367.508270659467,30.7442337844761,292.945866929254,85.2557786268032
4157,4457000,1,1,359.549247190757,31.1996280217991,300.022168956062,85.6831058313819
4158,4458000,1,1,359.979709100517,34.5901820705836,287.055140726096,94.8291181028029
4159,4459000,1,1,368.272464495909,28.4925442162908,296.836624963728,82.8525163240723
4160,4460000,1,1,362.984890785286,32.0423558312024,288.798892397522,92.6280109859896
4161,4461000,1,1,365.985364325932,32.6540186109001,295.124389385514,82.6903776776539
4162,4462000,1,1,364.751948142602,35.9252967865894,291.694898402463,84.082006668345
4163,4463000,1,1,360.506861523707,31.2031338203814,290.58927337845,94.1548812774623
4164,4464000,1,1,371.923990895105,30.2357323760914,286.921054906406,87.3733718223978
4165,4465000,1,1,353.943573723592,34.8393418616487,292.671802966161,94.9994314485982
4166,4466000,1,1,351.244146910961,31.5666043317247,309.99081376626,83.652584991055
4167,4467000,1,1,361.042030077863,32.2379412162457,297.81824992652,85.3559287793707
4168,4468000,1,1,359.691315668128,31.6055258290979,296.171622906434,88.9856855963397
4169,4469000,1,1,357.019185312629,32.5121882108001,292.977435511597,93.9453409649743
4170,4470000,1,1,355.85639082548,30.8012453301531,304.955117930403,84.8413959139635
4171,4471000,1,1,364.533155347658,31.4953161565547,285.675260825386,94.7504176704019
4172,4472000,1,1,366.703261505054,31.8174413002385,294.60163894226,83.331808252448
4173,4473000,1,1,371.025315136169,29.5141597083143,284.699534882623,91.2151402728944
4174,4474000,1,1,359.146012518332,30.4946898455997,295.463601662119,91.3498459739488
4175,4475000,1,1,358.896615240454,31.0535634070983,297.918985312965,88.5849860394823
4176,4476000,1,1,371.661533825417,21.847183323241,293.883516883657,89.0619159676851
4177,4477000,1,1,367.347253485212,36.4699583195215,285.943990913391,86.6929472818753
4178,4478000,1,1,360.015415300579,36.3865430899872,297.338879840364,82.7133117690696
4179,4479000,1,1,369.81563015677,31.4783987263619,285.733619319549,89.4265017973193
4180,4480000,1,1,364.950884811832,31.6206429719101,284.341061428562,95.541560787695
4181,4481000,1,1,362.783532942007,30.94908117294,287.514481269752,95.2070546153004
4182,4482000,1,1,365.530149268207,24.9832881025592,294.815690664907,91.1250219643276
4183,4483000,1,1,363.706121121901,33.6527542487016,283.277119537424,95.8181550919733
4184,4484000,1,1,375.040774668907,26.5915307001589,289.831008976821,84.9908356541126
4185,4485000,1,1,366.305379779554,29.1314159278164,295.394326154884,85.6230281377463
4186,4486000,1,1,363.532221348557,27.4990977958034,295.877605808225,89.5452250474142
4187,4487000,1,1,371.637256127721,28.0270082837683,298.282113436817,78.5077721516943
4188,4488000,1,1,356.49147643545,31.3232635288024,302.816784332044,85.8226257037034
4189,4489000,1,1,363.516341202571,36.0921484137402,280.242089738575,96.6035706451136
4190,4490000,1,1,360.395287963751,32.891839759001,297.960078680726,85.2069435965219
4191,4491000,1,1,364.456754790189,30.4152079298417,307.128739199734,74.4534480802358
4192,4492000,1,1,360.187908423185,37.8934396001773,286.154323823357,92.2184781532808
4193,4493000,1,1,367.536488626735,26.186736211222,290.028994628295,92.7019305337482
4194,4494000,1,1,352.886843408479,38.4732689907674,287.413677832831,97.6803597679223
4195,4495000,1,1,356.877891687974,31.606218418633,305.532696003352,82.4373438900409
4196,4496000,1,1,361.15447371827,31.7956238357846,294.467894847596,89.0361575983489
4197,4497000,1,1,368.495875268718,34.1335698201483,291.326940083043,82.4977648280902
4198,4498000,1,1,353.046415883056,34.7701191744266,297.365766293333,91.2718486491846
4199,4499000,1,1,359.686980739841,33.1454095562239,296.502115002019,87.119644701916
4200,4500000,1,1,361.924234272133,31.4819790237376,289.608618721746,93.439317982384
4201,4501000,1,1,357.103889213841,40.8308614517327,282.752882449017,95.7665168854085
4202,4502000,1,1,365.000071968375,42.5620661877817,282.862547213194,86.0294646306496
4203,4503000,1,1,361.366196883724,31.034375365182,294.787934973238,89.2656427778556
4204,4504000,1,1,361.608152609816,31.301443167252,292.14037083914,91.4041833837928
4205,4505000,1,1,359.00148210144,30.0017744132675,293.421906233794,94.0289872514978
4206,4506000,1,1,363.855165289886,32.6418660789346,300.379289343361,79.5778292878175
4207,4507000,1,1,361.223689881713,35.0080870330441,294.519828241764,85.7025448434792
4208,4508000,1,1,361.628428551605,32.3326577729316,294.888612475945,87.6044511995185
4209,4509000,1,1,365.211848748513,35.504250926898,287.603106986392,88.1349433381964
4210,4510000,1,1,356.650902459583,37.3324445968038,297.957204706307,84.5135982373059
4211,4511000,1,1,354.021281370991,33.4452679909138,305.00995565815,83.9776449799449
4212,4512000,1,1,362.671875973219,30.9811461370377,294.010652915947,88.7904749737962
4213,4513000,1,1,353.606565409181,33.9823855901786,295.814047763728,93.0511512369117
4214,4514000,1,1,360.020366029726,34.6384581148764,300.278953713452,81.5163721419454
4215,4515000,1,1,364.482295269972,30.3653959674537,287.581397224996,94.0250615375787
4216,4516000,1,1,365.497671932661,29.5185239541286,282.14410288072,99.2938512324904
4217,4517000,1,1,366.004733596526,28.5871730305051,287.872889208384,93.9893541645855
4218,4518000,1,1,357.72823865837,33.2078369546104,292.989149355169,92.5289250318508
4219,4519000,1,1,351.147148039325,38.5064926528074,292.769163589463,94.0313457184047
4220,4520000,1,1,361.523197200919,32.8715492907469,296.727062259716,85.3323412486181
4221,4521000,1,1,361.063978383804,29.0635854222365,302.226500068098,84.1000861258623
4222,4522000,1,1,355.988562185793,32.4114368844475,292.630206138492,95.4239447912672
4223,4523000,1,1,356.688999778296,30.685159420382,299.276122296894,89.8038685044289
4224,4524000,1,1,359.647309632639,34.4034941229067,295.442873127381,86.9604731170734
4225,4525000,1,1,360.530745625327,36.2125082007563,289.709933592836,90.0009625810805
4226,4526000,1,1,364.411134831261,27.2328136114466,298.146496770636,86.6637047866563
4227,4527000,1,1,356.578654194103,34.4614506036223,294.665084987903,90.7489602143715
4228,4528000,1,1,361.142410306253,34.2803214685689,299.538340110618,81.4930781145599
4229,4529000,1,1,358.914353389549,28.5442135260989,295.851581643872,93.1440014404807
4230,4530000,1,1,358.048789987296,32.3786156923044,287.8044673372,98.2222769831994
4231,4531000,1,1,355.18426207784,36.0124046232422,283.379103748076,101.878379550842
4232,4532000,1,1,362.170867039406,35.1537720373605,291.971228080256,87.1582828429779
4233,4533000,1,1,369.84214069341,32.5112317959598,290.509433817088,83.5913436935423
4234,4534000,1,1,370.940079435231,25.3297775782657,290.474785951886,89.7095070346172
4235,4535000,1,1,368.798315957513,28.0705356515472,294.542126858709,85.0431715322311
4236,4536000,1,1,355.843036097415,35.4357667404712,292.446639759905,92.7287074022087
4237,4537000,1,1,360.930246188291,34.9279397566465,281.718786817002,98.8771772380604
4238,4538000,1,1,364.770002838734,29.821570741803,288.580094124111,93.2824822953512
4239,4539000,1,1,360.101125323534,32.0465638354658,294.777026111187,89.5294347298126
4240,4540000,1,1,356.431266727762,35.6322900401664,298.205708488198,86.1848847438734
4241,4541000,1,1,364.712673634596,31.682424253788,292.504166326227,87.5548857853884
4242,4542000,1,1,359.572456583027,33.378819144788,295.392046012018,88.1108282601671
4243,4543000,1,1,357.161655690946,35.5650732830352,301.500798009034,82.2266230169846
4244,4544000,1,1,348.233858625219,43.0097580206976,296.593606194216,88.6169271598681
4245,4545000,1,1,344.714548317722,38.777773080698,297.975836563907,94.9859920376738
4246,4546000,1,1,360.458215121795,34.2841863455036,289.726762078407,91.9849864542941
4247,4547000,1,1,364.23521949663,27.4800738455251,295.612490836251,89.1263658215948
4248,4548000,1,1,357.669850474778,36.864554017109,296.72220595182,85.1975395562933
4249,4549000,1,1,361.366688654648,29.6408514652971,296.329973167825,89.1166367122298
4250,4550000,1,1,360.291037335731,33.5884659610796,284.976439790863,97.5982069123265
4251,4551000,1,1,364.572025836322,32.9175550286567,284.62447817521,94.3400909598117
4252,4552000,1,1,367.143681144866,27.0574968059657,294.733229923805,87.5197421253633
4253,4553000,1,1,361.297449738199,38.4451732601008,286.223032530167,90.488494471534
4254,4554000,1,1,368.651560966337,24.4723364724841,295.480756590592,87.8494959705878
4255,4555000,1,1,365.219575289552,28.8910915143368,302.825256407222,79.5182267888891
4256,4556000,1,1,356.613513697256,39.2301239379348,294.421183003729,86.1893293610794
4257,4557000,1,1,359.498544795082,33.3420002145851,297.17181771085,86.4417872794829
4258,4558000,1,1,365.486928240087,31.0835699443586,288.280684685921,91.6029671296332
4259,4559000,1,1,354.725229399453,29.245334024458,297.967264225179,94.5163223509091
4260,4560000,1,1,355.581855942419,31.4668450234552,292.590569289282,96.8148797448438
4261,4561000,1,1,363.36957202575,32.0672310046004,294.305037555366,86.7123094142834
4262,4562000,1,1,365.717955925873,32.7928987059246,291.600308175864,86.3429871923377
4263,4563000,1,1,364.413607032394,34.7153093951782,286.487263166033,90.837970406394
4264,4564000,1,1,365.194748689094,30.6429857117207,289.910144815359,90.7062707838266
4265,4565000,1,1,362.416679190387,31.1132977478463,302.991093323803,79.9330797379637
4266,4566000,1,1,364.671027707117,26.0439783881356,295.438559923412,90.3005839813354
4267,4567000,1,1,368.244394416843,31.9006751970283,291.445693535698,84.8633868504308
4268,4568000,1,1,357.045511823764,36.6248063154062,296.308795142364,86.4750367184655
4269,4569000,1,1,362.707489203855,32.540101056176,284.982928017432,96.2236317225371
4270,4570000,1,1,360.112178269304,34.9115974252079,296.677507552573,84.7528667529149
4271,4571000,1,1,363.57330829279,32.2852565863091,294.02154634788,86.5740387730208
4272,4572000,1,1,366.197679809168,30.3443862403775,292.969589615169,86.942494335286
4273,4573000,1,1,363.690354059724,32.1590663293769,293.45187294102,87.1528566698786
4274,4574000,1,1,358.256512620973,37.1016644342842,288.666649111429,92.4293238333146
4275,4575000,1,1,365.487240909277,33.9916546076491,277.903279756486,99.0719747265877
4276,4576000,1,1,357.004922214387,34.7945879940645,286.894190118537,97.7604496730118
4277,4577000,1,1,365.673303220553,23.3684648999731,297.812626289679,89.5997555897946
4278,4578000,1,1,374.249336634192,23.6260428495444,301.86717123772,76.7115992785438
4279,4579000,1,1,360.180079354025,33.1858177716445,292.438526245437,90.6497266288931
4280,4580000,1,1,364.991641955302,34.7541194750644,286.550645658332,90.1577429113015
4281,4581000,1,1,361.319089583843,34.3983018621598,301.160370268861,79.5763882851359
4282,4582000,1,1,375.013989208028,22.6008968658766,300.206381003751,78.6328829223444
4283,4583000,1,1,357.757368242933,34.1443534360994,291.975701372744,92.5767269482231
4284,4584000,1,1,361.793328960831,28.6115509732797,301.337319092989,84.7119509729003
4285,4585000,1,1,362.161431978912,32.3288856732523,290.239378777889,91.7244535699467
4286,4586000,1,1,371.010577982569,31.0245148600733,288.016785817655,86.4022713397029
4287,4587000,1,1,360.473179497854,29.537954461369,292.840745057532,93.6022709832446
4288,4588000,1,1,357.182714388106,33.7185312336999,300.839961419136,84.7129429590586
4289,4589000,1,1,371.486855987147,28.0240793463812,289.30365251639,87.6395621500827
4290,4590000,1,1,356.616937150869,36.1061922075648,291.105284920257,92.6257357213093
4291,4591000,1,1,364.935753298554,32.5975641958921,283.28784083172,95.6329916738336
4292,4592000,1,1,345.449360073665,39.0761883153115,305.534095798891,86.3945058121322
4293,4593000,1,1,354.260885770507,29.9052194264219,308.233269720459,84.0547750826121
4294,4594000,1,1,361.809470361239,26.2569978420264,297.738254469422,90.6494273273126
4295,4595000,1,1,355.143677203932,35.9544374134465,289.419154235489,95.9368811471325
4296,4596000,1,1,355.992860819319,31.1184742526349,300.215820456916,89.1269944711295
4297,4597000,1,1,365.972282949053,28.0216109527864,292.060333053619,90.3999230445425
4298,4598000,1,1,361.479059793056,35.3285660722163,289.452297755126,90.1942263796019
4299,4599000,1,1,353.317106804603,39.3306031087217,294.170506845398,89.6359332412767
4300,4600000,1,1,355.338481375388,34.7206622577388,300.469163416615,85.9258429502576
4301,4601000,1,1,354.316913973291,37.1527333835518,294.392768076115,90.591734567042
4302,4602000,1,1,366.442645495292,28.9088537566298,300.504290892695,80.5983598553834
4303,4603000,1,1,366.964635154607,25.1521201365405,302.863847261744,81.4735474471087
4304,4604000,1,1,356.009597838031,32.0884954149338,300.0226864865,88.3333702605348
4305,4605000,1,1,357.191330042474,37.2412087234551,289.085550375225,92.9360608588457
4306,4606000,1,1,363.054010314476,34.1957677516831,285.899070745518,93.3053011883235
4307,4607000,1,1,358.112303981133,33.2784736062254,299.658632837651,85.4047395749915
4308,4608000,1,1,363.838450977989,32.0093487395964,295.032642384069,85.5737078983459
4309,4609000,1,1,353.686860963354,34.798276198566,295.027740606688,92.9412722313916
4310,4610000,1,1,351.104677773196,34.9577218503407,303.101401246847,87.2903491296162
4311,4611000,1,1,366.060691007076,28.6087626801498,289.409026512324,92.3756698004503
4312,4612000,1,1,354.771348248014,37.4795754308828,290.158492347381,94.0447339737222
4313,4613000,1,1,361.396490982737,38.1960569269797,285.295313095823,91.5662889944609
4314,4614000,1,1,363.210876597177,28.1697278443494,289.098909804065,95.9746357544084
4315,4615000,1,1,371.146466317832,27.9704202884017,288.690522316926,88.6467410768403
4316,4616000,1,1,369.039688693939,31.1170006534402,281.677430951161,94.62002970146
4317,4617000,1,1,360.162549912763,30.8099315329511,288.081167081123,97.4005014731629
4318,4618000,1,1,357.812507121021,30.777712608513,285.508631681035,102.355298589432
4319,4619000,1,1,358.075710172574,31.3556282288284,292.543318548922,94.4794930496759
4320,4620000,1,1,364.920043540593,30.3376282188609,286.570016168578,94.626462071968
4321,4621000,1,1,357.826516647008,34.7223754337736,289.797161126481,94.1080967927369
4322,4622000,1,1,364.112839082228,32.7503456862741,293.117489538098,86.4734756933996
4323,4623000,1,1,367.05916849573,28.7215785992794,291.862004951473,88.8113979535177
4324,4624000,1,1,365.711922899212,28.5838049200123,289.790156676945,92.3682655038304
4325,4625000,1,1,353.430478906968,35.3002539867102,297.165600015092,90.5578170912299
4326,4626000,1,1,357.004387880402,35.9170641320753,284.731816473232,98.8008815142907
4327,4627000,1,1,365.253122183493,31.1498031104364,296.044788633498,84.0064360725725
4328,4628000,1,1,361.351716749454,25.6191709433897,301.548027161033,87.9352351461226
4329,4629000,1,1,362.292988448321,33.2756926812921,292.672552153776,88.2129167166116
4330,4630000,1,1,362.603304330034,24.9535816635962,292.46427519024,96.4329888161303
4331,4631000,1,1,350.51583347937,37.5546156692424,304.977983642056,83.4057172093322
4332,4632000,1,1,354.768504491239,38.2464691597716,285.002856309478,98.4363200395111
4333,4633000,1,1,367.156288586651,31.3643337457647,291.087923524508,86.8456041430759
4334,4634000,1,1,372.293755476437,30.0044589553676,279.310676417675,94.8452591505203
4335,4635000,1,1,356.910547454816,36.3319841229405,293.530121295451,89.6814971267925
4336,4636000,1,1,363.057701343344,29.6401223083184,293.67752190112,90.0788044472171
4337,4637000,1,1,365.172445663807,27.9688367474725,289.5350434232,93.7778241655205
4338,4638000,1,1,361.284852638461,29.2654458435197,299.441683575265,86.4621679427547
4339,4639000,1,1,363.750739219847,26.85005174719,299.721397701639,86.1319613313236
4340,4640000,1,1,356.261091943872,31.7253568736139,289.973371674245,98.4943295082683
4341,4641000,1,1,359.935979721197,27.3817044927047,301.960752236753,87.1757135493453
4342,4642000,1,1,358.618516033269,35.2992179388353,291.186348842164,91.3500671857316
4343,4643000,1,1,370.971272796441,30.1467200754992,289.177890035241,86.1582670928184
4344,4644000,1,1,361.54916073645,32.1191979095455,295.996295226287,86.7894961277175
4345,4645000,1,1,356.77057690326,31.5593132673895,301.963108844823,86.1611509845271
4346,4646000,1,1,351.011337981733,37.2926050378752,298.766216466976,89.3839905134153
4347,4647000,1,1,354.656243957891,38.9196063909364,293.157433293129,89.7208663580434
4348,4648000,1,1,363.106656466075,37.1657324541252,289.048919009241,87.1328420705588
4349,4649000,1,1,363.277498260429,33.1955568462397,294.122962874521,85.8581320188102
4350,4650000,1,1,354.746459941592,36.5034346440253,286.189627692781,99.0146277216012
4351,4651000,1,1,362.292750618455,34.3625929229081,285.702341560102,94.0964648985346
4352,4652000,1,1,350.705432769458,39.9886413756145,291.766602998196,93.993472856732
4353,4653000,1,1,355.964672800778,30.4188693287066,291.251605957946,98.8190019125687
4354,4654000,1,1,356.426614467455,34.5011707804819,296.711001618183,88.81536313388
4355,4655000,1,1,365.989361094683,27.5664036445406,287.663931794265,95.2344534665115
4356,4656000,1,1,361.323547607353,36.639256895501,292.652800858192,85.8385446389537
4357,4657000,1,1,361.937161494023,32.9453154241242,283.941759790044,97.6299132918098
4358,4658000,1,1,354.352176252848,33.8411510397873,292.568495267113,95.6923274402512
4359,4659000,1,1,353.337370025442,33.3911215423537,297.496889534357,92.2287688978472
4360,4660000,1,1,370.458920115423,25.1454054526059,295.133672420625,85.7161520113457
4361,4661000,1,1,354.207840093317,30.4494251634767,300.159735772716,91.6371489704903
4362,4662000,1,1,356.197855893587,33.5786428252671,293.116623031523,93.561028249623
4363,4663000,1,1,356.890278222071,30.8190152718276,292.091168279947,96.6536882261546
4364,4664000,1,1,361.877349436563,32.33854929046,296.896157881674,85.3420933913025
4365,4665000,1,1,359.617016338366,31.4822927190793,296.802566655415,88.5522742871399
4366,4666000,1,1,359.367654364214,34.4338399518613,282.075842803584,100.576812880341
4367,4667000,1,1,361.905664690288,31.2797412967332,294.073254325439,89.1954896875393
4368,4668000,1,1,368.531384235249,32.752058976484,290.506890792483,84.6638159957834
4369,4669000,1,1,356.811055124404,35.6334583149989,290.918693127471,93.090943433126
4370,4670000,1,1,363.484590608309,28.4563316747619,288.868950576801,95.6442771401278
4371,4671000,1,1,360.025385836067,32.7557983862245,292.942684683624,90.7302810940845
4372,4672000,1,1,362.246307419701,27.7891199096232,296.804076571676,89.614646099
4373,4673000,1,1,364.691468918345,35.2321221511044,282.029373674937,94.5011852556142
4374,4674000,1,1,364.051150208858,31.8129599899307,297.861396167939,82.7286436332728
4375,4675000,1,1,358.512512820246,31.9003596148549,288.419732764426,97.621544800473
4376,4676000,1,1,361.116860327797,34.2989065702036,286.944525230154,94.0938578718448
4377,4677000,1,1,347.674013682917,37.0836121106201,296.296453246154,95.4000709603086
4378,4678000,1,1,361.69657419674,32.9739072853749,291.246209330347,90.5374591875381
4379,4679000,1,1,358.207100608129,31.3773517561949,295.271657108978,91.5980405266977
4380,4680000,1,1,362.113655798626,29.1003951219632,296.217142485314,89.022956594097
4381,4681000,1,1,367.577350545143,28.1683997608296,291.247764571071,89.4606351229559
4382,4682000,1,1,352.569328672993,31.8980146140264,297.673897807963,94.3129089050178
4383,4683000,1,1,354.438512509669,33.5658704162653,300.514495683395,87.9352713906701
4384,4684000,1,1,361.846196481669,27.011931895309,298.968883284526,88.6271383384963
4385,4685000,1,1,364.566660200346,30.1954490267687,290.915926350194,90.7761144226912
4386,4686000,1,1,370.910897017523,25.4173399863206,293.070544064631,87.0553689315257
4387,4687000,1,1,361.737044500187,31.4304206994225,300.651860833364,82.6348239670263
4388,4688000,1,1,365.134829113574,32.2324752161738,293.920884855983,85.165960814269
4389,4689000,1,1,360.6701979959,28.4522131436459,297.003527926985,90.3282109334694
4390,4690000,1,1,360.462791928038,31.1975244435015,299.76318358951,85.0306500389504
4391,4691000,1,1,355.666171220452,36.5293333761353,295.357604485416,88.9010409179973
4392,4692000,1,1,365.053775063912,31.1739486856555,288.538579795723,91.6878464547101
4393,4693000,1,1,364.546217353646,31.4075530559074,283.842723458885,96.6576561315615
4394,4694000,1,1,371.812111038672,25.9085000697733,295.21023561355,83.5233032780047
4395,4695000,1,1,361.812675763202,36.209790701926,293.335137856143,85.0965456787296
4396,4696000,1,1,355.844806749567,38.1663960132165,294.247090330969,88.1958569062477
4397,4697000,1,1,367.84253886215,32.4020707058012,281.392991125999,94.8165493060493
4398,4698000,1,1,360.92703354806,38.7590952967077,288.128437593013,88.6395835622191
4399,4699000,1,1,367.0275201318,25.2765120469215,290.67487293602,93.475244885258
4400,4700000,1,1,357.509268736724,34.3917913153013,297.479183430686,87.0739065172883
4401,4701000,1,1,357.524984587895,31.1851595621221,291.422148023989,96.3218578259936
4402,4702000,1,1,361.913761790382,31.3574832046889,293.442637077943,89.7402679269863
4403,4703000,1,1,363.718524991091,33.1125940892396,280.749158161774,98.8738727578948
4404,4704000,1,1,370.02859841145,28.0001924335235,287.149986941671,91.2753722133554
4405,4705000,1,1,368.848964293576,25.1336810864796,299.317761613487,83.1537430064569
4406,4706000,1,1,367.210026738773,26.0201633521781,295.174570363936,88.0493895451131
4407,4707000,1,1,370.671992564406,29.2904558466307,282.174297438661,94.3174041503026
4408,4708000,1,1,373.710418387433,28.7838079956498,284.990724300766,88.969199316151
4409,4709000,1,1,362.598541163954,33.6588063873077,288.24779418706,91.9490082616787
4410,4710000,1,1,366.968967896459,27.8809893792658,295.535221745666,86.0689709786097
4411,4711000,1,1,365.278189688365,26.6013700704027,295.558979327609,89.0156109136233
4412,4712000,1,1,366.945183636148,31.2122864486699,286.749615206143,91.5470647090384
4413,4713000,1,1,355.010287969784,34.7052114720658,284.976367877822,101.762282680328
4414,4714000,1,1,362.005291018327,33.1370892829862,298.760488097725,82.5512816009612
4415,4715000,1,1,351.177693513547,34.8906571271131,293.797267120244,96.5885322390958
4416,4716000,1,1,357.115618746656,36.9437850443206,290.682031589283,91.7127146197401
4417,4717000,1,1,353.649665744783,35.2670308837202,294.902820516457,92.6346328550394
4418,4718000,1,1,364.690582166616,33.0594716454783,283.436049036115,95.2680471517911
4419,4719000,1,1,360.553778800902,27.7603053250317,295.712836082552,92.427229791514
4420,4720000,1,1,363.401804934075,34.7402898591897,292.901999105771,85.4100561009643
4421,4721000,1,1,358.847498156175,33.0875283238779,298.929537094292,85.5895864256548
4422,4722000,1,1,360.191649901385,35.2301862479035,289.789712880255,91.2426009704563
4423,4723000,1,1,367.232283161558,29.3979394360742,285.966903058294,93.8570243440735
4424,4724000,1,1,350.091400198185,40.4627800206412,283.241740959891,102.658228821283
4425,4725000,1,1,365.791045099694,31.8016969641997,293.962796396495,84.8986115396116
4426,4726000,1,1,364.473151830888,35.5639269027735,291.679303344664,84.7377679216749
4427,4727000,1,1,352.300335938389,29.5526018619707,305.29714197461,89.3040702250306
4428,4728000,1,1,360.787118208732,29.9572200202257,290.70058475089,95.0092270201526
4429,4729000,1,1,358.663153429243,31.4704056539348,293.476013756771,92.8445771600514
4430,4730000,1,1,360.872179589956,33.202554658371,289.492201521613,92.8872142300599
4431,4731000,1,1,363.672467452459,31.2475381300329,289.223423020841,92.3107213966665
4432,4732000,1,1,362.20161262601,31.6398850424807,300.210151732696,82.4025005988131
4433,4733000,1,1,371.211263422386,26.6183897399036,289.427234854086,89.1972619836235
4434,4734000,1,1,361.91541409949,27.7771417499728,294.356171659607,92.4054224909307
4435,4735000,1,1,364.985134053893,28.581813500125,301.657041194132,81.2301612518498
4436,4736000,1,1,352.711052763163,34.6101503282152,296.159092704484,92.9738542041372
4437,4737000,1,1,364.954353983997,32.5898810958016,287.626302146351,91.2836127738506
4438,4738000,1,1,360.197897003092,32.8922499813425,297.343902416239,86.0201005993261
4439,4739000,1,1,362.672653549466,35.1920454255107,289.990745312087,88.5987057129364
4440,4740000,1,1,354.998478897675,36.3858869676446,296.110939923575,88.9588442111055
4441,4741000,1,1,361.230186835713,36.9916612786279,300.406334792546,77.8259670931129
4442,4742000,1,1,356.770128477334,35.4935346247433,293.865271972093,90.3252149258291
4443,4743000,1,1,362.947602480369,33.8470899916049,288.934139728907,90.7253177991185
4444,4744000,1,1,359.35237952971,34.3274676691287,294.722110668462,88.0521921327
4445,4745000,1,1,365.391665170254,26.887635133862,297.497494683049,86.6773550128351
4446,4746000,1,1,372.555528288106,27.3604208913409,286.526936242769,90.0112645777841
4447,4747000,1,1,355.122242308147,30.8264360789302,298.621410044108,91.8840615688144
4448,4748000,1,1,353.149040121876,35.3764041765882,297.047075624242,90.8816300772939
4449,4749000,1,1,358.84324636689,31.2544614817882,292.177249122529,94.1791930287931
4450,4750000,1,1,362.793925748365,34.9249464282568,291.98153412552,86.7537436978582
4451,4751000,1,1,353.658845311952,34.595204614112,297.776581152244,90.4235189216918
4452,4752000,1,1,354.731439158605,30.8176443269856,307.843179320303,83.0618871941066
4453,4753000,1,1,357.659918161918,38.2467437905008,289.416714821689,91.130773225893
4454,4754000,1,1,366.875960532191,30.4692188413868,293.085869894903,86.0231007315198
4455,4755000,1,1,354.65220690259,32.48661360912,291.498947072765,97.8163824155251
4456,4756000,1,1,367.401443865686,28.6914666802701,288.215678202148,92.1455612518966
4457,4757000,1,1,359.868447888812,32.4158334782124,292.975916069212,91.1939525637642
4458,4758000,1,1,358.433467261756,34.019347006068,288.000619748646,96.0007159835298
4459,4759000,1,1,363.011793132498,37.6374934723659,280.25822996047,95.5466334346665
4460,4760000,1,1,367.554690839126,33.9343867000645,290.935241143646,84.0298313171631
4461,4761000,1,1,354.447694096192,39.1125195338428,293.271055359392,89.6228810105736
4462,4762000,1,1,355.583025119974,37.5051517786187,288.257512891568,95.1084602098395
4463,4763000,1,1,354.663858870317,31.8738352998564,304.130032287607,85.7864235422195
4464,4764000,1,1,361.067573327754,34.6214090734391,289.24681314023,91.5183544585762
4465,4765000,1,1,363.130309872622,34.4929728540481,284.356110865769,94.4747564075599
4466,4766000,1,1,363.531765771738,29.6628423743652,289.788534972068,93.471006881829
4467,4767000,1,1,369.983221635944,26.6617329489857,293.004047396134,86.8051480189357
4468,4768000,1,1,363.565541493293,32.5115250097259,291.359639512871,89.0174439841095
4469,4769000,1,1,355.681996515019,32.6258932341421,293.599141975788,94.5471182750515
4470,4770000,1,1,363.200058646872,36.3505628223857,285.666536963968,91.2369915667751
4471,4771000,1,1,362.214040445252,33.5495729509626,290.73627348439,89.9542631193945
4472,4772000,1,1,358.712279451265,32.60096130159,295.827765873594,89.3131433735509
4473,4773000,1,1,363.685474309116,30.5360472071339,293.925793273859,88.3068352098907
4474,4774000,1,1,362.298565772147,30.7104235663606,295.500829578774,87.9443310827182
4475,4775000,1,1,362.732546253387,31.836496774021,296.777632877868,85.1074740947239
4476,4776000,1,1,358.735910940359,30.762491563113,297.650921306268,89.3048261902595
4477,4777000,1,1,353.714285224982,40.9879642325526,281.130985036825,100.620915505641
4478,4778000,1,1,360.419136055168,35.0248556848947,288.354608337264,92.6555499226738
4479,4779000,1,1,358.280807231948,28.6493659649297,289.495257079963,100.028719723159
4480,4780000,1,1,367.123578044783,32.8181544426488,291.435806033713,85.0766114788554
4481,4781000,1,1,357.740233688115,35.3237905836558,287.076673583658,96.3134521445705
4482,4782000,1,1,370.813608519848,27.3549852973668,295.674304965189,82.6112512175965
4483,4783000,1,1,356.646081431607,36.9298802329085,299.099982287605,83.7782060478795
4484,4784000,1,1,362.596378959163,29.6247728695235,297.164182748107,87.0688154232067
4485,4785000,1,1,371.993750393733,27.6447136365036,292.557670214841,84.258015754922
4486,4786000,1,1,365.316699887632,31.3357964902334,278.652441903859,101.149211718276
4487,4787000,1,1,358.110731088574,32.4876156074214,290.850710145148,95.005093158857
4488,4788000,1,1,357.702210943387,33.7777941084193,294.824590534124,90.1495544140695
4489,4789000,1,1,364.844938856497,32.2131941649188,291.570358653126,87.8256583254589
4490,4790000,1,1,362.777027430302,29.1363056648347,298.702960188955,85.8378567159084
4491,4791000,1,1,360.168382576965,31.1132674496294,292.05874096835,93.113759005056
4492,4792000,1,1,365.042149471058,32.9878787709353,282.22148423384,96.2026375241668
4493,4793000,1,1,368.020734445659,26.6086665119141,292.926421013644,88.8983280287828
4494,4794000,1,1,361.818192188339,35.7960142991563,292.624289826818,86.2156536856871
4495,4795000,1,1,357.770551976025,35.1313594156233,290.681951942052,92.8702866662998
4496,4796000,1,1,356.026933585619,30.8561629391796,299.231294221629,90.3397592535718
4497,4797000,1,1,365.311642447078,29.9112676458874,290.883314069082,90.3479258379529
4498,4798000,1,1,362.55719367333,27.9375866946136,289.78487313316,96.1744964988971
4499,4799000,1,1,358.295687873851,36.3377788847621,295.684113119823,86.1365701215641
4500,4800000,1,1,352.95828904373,32.938099601699,301.768451748846,88.7893096057252
4501,4801000,1,1,365.720009347044,37.5148805873697,274.025291434235,99.1939686313508
4502,4802000,1,1,367.950297831157,31.8866326431213,291.89395919313,84.7232603325918
4503,4803000,1,1,365.658228757825,30.8414351565926,286.638962755142,93.3155233304403
4504,4804000,1,1,363.742607601868,31.7087864877532,280.739723245516,100.263032664863
4505,4805000,1,1,354.617355600318,33.3794431766165,296.752938546142,91.7044126769238
4506,4806000,1,1,356.955276636277,34.0137795537003,300.729709115136,84.755384694887
4507,4807000,1,1,366.420725051003,32.8384786253012,286.028317143475,91.1666291802207
4508,4808000,1,1,358.663792866083,32.7183777682693,299.244608628316,85.8273707373321
4509,4809000,1,1,373.889946182102,27.3065520005137,291.13744539092,84.1202064264648
4510,4810000,1,1,372.795247769637,25.1393737711349,297.814021712875,80.7055067463527
4511,4811000,1,1,359.850412613111,36.6453257851489,280.416074213982,99.5423373877584
4512,4812000,1,1,364.439461262873,32.3606892381128,286.768247283484,92.8857522155304
4513,4813000,1,1,349.766256809403,33.3686777909998,298.501133568431,94.8180818311671
4514,4814000,1,1,362.665113598122,29.9959782864845,297.395608948639,86.3974491667543
4515,4815000,1,1,364.200224455967,34.40726774962,289.099193272445,88.7474645219684
4516,4816000,1,1,360.974493291747,28.412263821179,289.290488833618,97.7769040534554
4517,4817000,1,1,364.306468495223,28.7028700487345,293.723201592791,89.7216098632511
4518,4818000,1,1,360.052437158853,29.9204883470132,290.538035117791,95.943189376343
4519,4819000,1,1,369.601216202697,29.0620184077113,285.766221132374,92.0246942572175
4520,4820000,1,1,361.080556218966,23.5929325769853,303.679465581269,88.1011956227795
4521,4821000,1,1,362.210545907839,31.1873316059471,296.062990218461,86.9932822677533
4522,4822000,1,1,357.999295559931,37.7761660953969,283.912031989814,96.7666563548578
4523,4823000,1,1,357.919287953397,32.5466927893635,289.671025517326,96.3171437399136
4524,4824000,1,1,358.008665573881,35.2740876022189,295.250530006862,87.9208668170374
4525,4825000,1,1,354.064162219549,38.766249869636,297.010231971252,86.6135059395628
4526,4826000,1,1,361.545738003924,27.8539028534571,299.746178113818,87.3083310288008
4527,4827000,1,1,365.263818218566,29.8268925436906,292.423266148028,88.9401730897155
4528,4828000,1,1,362.498396969014,30.8216068788609,291.04497379335,92.0891723587756
4529,4829000,1,1,367.986514076397,25.3479928736395,289.142454171708,93.9771888782552
4530,4830000,1,1,360.534998551832,35.7461145520319,290.818787055348,89.3542498407881
4531,4831000,1,1,364.092464488719,32.4929953401052,281.611026336688,98.2576638344875
4532,4832000,1,1,360.262378771552,32.0201335664943,301.039045009642,83.1325926523118
4533,4833000,1,1,363.632227073621,33.6746832806433,288.310502172745,90.8367374729911
4534,4834000,1,1,366.286092656857,30.762518397779,286.712171118747,92.6933678266167
4535,4835000,1,1,355.158995647041,35.2813544145866,300.752727358006,85.2610725803659
4536,4836000,1,1,368.533886192303,28.2999034201474,293.258442302729,86.3619180848201
4537,4837000,1,1,356.9198736167,30.1712339880068,301.151853908784,88.2111884865085
4538,4838000,1,1,371.167240055409,30.1658908785498,281.444661619737,93.6763574463042
4539,4839000,1,1,356.904948561929,34.2169262678006,291.526154929132,93.8061202411381
4540,4840000,1,1,360.242152871168,32.1320509127954,291.70265701077,92.3772892052665
4541,4841000,1,1,357.497240696827,32.1291290363822,298.530559464014,88.2972208027764
4542,4842000,1,1,363.410463950238,25.4731268386505,304.383832528614,83.186726682497
4543,4843000,1,1,353.392399259406,32.2460362041526,292.602999870839,98.2127146656028
4544,4844000,1,1,355.484778531815,33.9039349301635,299.054982289683,88.0104542483391
4545,4845000,1,1,361.163015646545,34.972809815179,286.625980315829,93.6923442224468
4546,4846000,1,1,359.69815901984,32.2937507537886,295.351328154377,89.1109120719945
4547,4847000,1,1,347.227076454715,34.1816734330268,314.394705723468,80.6506943887897
4548,4848000,1,1,365.52365535926,30.6745630322579,291.277722057098,88.9782095513842
4549,4849000,1,1,354.610340268875,34.2967073072494,286.431859465751,101.115242958125
4550,4850000,1,1,367.003924725756,31.9571775121185,289.631228635703,87.8618191264224
4551,4851000,1,1,366.027837714604,33.0515696934394,283.640294313213,93.7344482787431
4552,4852000,1,1,347.728049903492,39.7628894988986,296.351515005587,92.6116955920223
4553,4853000,1,1,350.157034417312,33.4510201993436,298.898078199032,93.9480171843132
4554,4854000,1,1,368.887209148739,25.9775806111198,292.433558521239,89.1558017189025
4555,4855000,1,1,359.311252800435,38.3939558446265,292.846205645922,85.9027357090166
4556,4856000,1,1,360.070849063195,26.7855085267243,305.094222167054,84.5035702430274
4557,4857000,1,1,368.688855012071,29.3162939055222,279.981382332986,98.4676187494205
4558,4858000,1,1,364.447305885301,32.5638492902783,293.002248624686,86.4407461997345
4559,4859000,1,1,362.493978350912,31.9288701762973,289.454553017205,92.5767484555861
4560,4860000,1,1,363.24477113372,32.9649278412112,287.500647032543,92.7438039925249
4561,4861000,1,1,369.667080224824,30.5840873607645,297.536814510861,78.666167903551
4562,4862000,1,1,359.335161462649,37.1705164277637,284.598803315157,95.3496687944298
4563,4863000,1,1,363.420752698789,29.7202720541388,297.24325366217,86.0698715849015
4564,4864000,1,1,365.568044089569,31.5653032369605,282.09398553452,97.2268171389506
4565,4865000,1,1,351.217119891049,33.1277976674506,298.126797519043,93.9824349224574
4566,4866000,1,1,363.651943288323,29.5510464050231,290.013044706635,93.2381156000194
4567,4867000,1,1,361.435016823816,33.1834099683106,291.043571608684,90.7921515991895
4568,4868000,1,1,359.092231535156,34.5287390971574,297.261670040979,85.5715093267072
4569,4869000,1,1,363.038690662529,31.5023026133406,301.373562895455,80.5395938286751
4570,4870000,1,1,355.702890925622,33.7994925579025,304.481069320421,82.4706971960552
4571,4871000,1,1,351.765955970549,32.7546690335153,303.559641783905,88.3738832120307
4572,4872000,1,1,349.589729311276,36.9642472883283,302.946302502872,86.9538708975238
4573,4873000,1,1,362.22333715473,26.5971507658755,296.201391268448,91.4322708109466
4574,4874000,1,1,355.270133988533,34.4803495002864,297.029968505974,89.673698005206
4575,4875000,1,1,358.575814832432,34.3024225280058,297.060674759271,86.5152378802918
4576,4876000,1,1,355.696852475488,26.5496664925241,312.29286101489,81.9147700170985
4577,4877000,1,1,365.681216736127,28.3949459973082,296.637358070309,85.7406291962559
4578,4878000,1,1,360.078284450716,33.4193605373654,292.841824113044,90.1146808988744
4579,4879000,1,1,358.974408299255,30.4815951204547,297.437665016238,89.5604815640523
4580,4880000,1,1,360.615621534162,36.8331704982442,282.914023022128,96.0913349454665
4581,4881000,1,1,357.070213672819,30.4609956596561,293.881096303593,95.0418443639322
4582,4882000,1,1,360.889038246649,36.1138026928722,284.875999435396,94.5753096250832
4583,4883000,1,1,359.101000254274,35.7874757896315,289.597011878833,91.968662077261
4584,4884000,1,1,348.661817950728,35.4092453943135,303.163765705168,89.2193209497899
4585,4885000,1,1,353.372229210495,31.3906318552281,296.488879070037,95.2024098642396
4586,4886000,1,1,358.999991723602,33.4046182796596,288.696600908907,95.352939087831
4587,4887000,1,1,364.246932801053,35.4223609664645,293.816731006754,82.9681252257293
4588,4888000,1,1,364.594084665241,25.7712167018084,301.477827412338,84.6110212206128
4589,4889000,1,1,361.540828732901,34.0782089479922,290.172040446716,90.663071872391
4590,4890000,1,1,360.983961395025,30.5562958824094,293.973454217433,90.9404385051329
4591,4891000,1,1,364.518951214644,29.6734292577304,292.294226059801,89.967543467824
4592,4892000,1,1,361.263969232602,36.3112742760552,283.959307628381,94.9195988629617
4593,4893000,1,1,368.947659371793,25.8868609138445,295.964821549862,85.6548081645002
4594,4894000,1,1,364.343666170206,27.4884138337196,292.326106624571,92.2959633715036
4595,4895000,1,1,357.766178474311,32.9963207426534,292.001988898045,93.68966188499
4596,4896000,1,1,355.221858935386,39.323893915375,287.872648325803,94.0357488234365
4597,4897000,1,1,366.936496380643,27.4723484572424,286.173345478328,95.8719596837866
4598,4898000,1,1,364.081910850815,32.6112111458473,299.73822354579,80.0228044575483
4599,4899000,1,1,356.693289782431,39.8184589088873,287.791677208177,92.1507241005042
4600,4900000,1,1,363.475182719641,26.4424727387375,302.887843440547,83.6486511010742
4601,4901000,1,1,367.140720927035,30.2946144717123,292.099408715567,86.9194058856853
4602,4902000,1,1,359.720730806832,32.0306297070551,294.362250620018,90.3405388660957
4603,4903000,1,1,367.777634078548,30.1415034753628,291.184159814163,87.3508526319267
4604,4904000,1,1,368.247195119744,29.66745993506,287.9355825184,90.603912426796
4605,4905000,1,1,356.34871263657,35.6159649671663,295.26094820495,89.2285241913145
4606,4906000,1,1,362.524699452316,27.6366599475211,289.132684626146,97.1601059740172
4607,4907000,1,1,353.5995896088,36.2752271158096,285.950211582707,100.629121692683
4608,4908000,1,1,360.368969704379,31.7205671764181,292.575186655952,91.7894264632508
4609,4909000,1,1,365.746266432514,32.3628523616371,288.653221703528,89.6918095023207
4610,4910000,1,1,363.106009310659,33.3975527426664,287.457488214231,92.4930997324431
4611,4911000,1,1,363.682111670593,31.1471168353281,297.47947468534,84.1454468087393
4612,4912000,1,1,363.939774135638,35.6749872114228,285.834464846579,91.0049238063602
4613,4913000,1,1,364.235649524905,29.061925777938,300.5817812168,82.5747934803568
4614,4914000,1,1,359.535783144845,27.3341844376076,296.418213937437,93.1659684801105
4615,4915000,1,1,355.200027798536,34.5300617705331,292.617598530553,94.1064619003777
4616,4916000,1,1,364.610429242164,30.9599158271987,294.283169780721,86.6006351499165
4617,4917000,1,1,358.805076459242,33.33716168035,299.760281856483,84.5516300039252
4618,4918000,1,1,356.513579254603,31.9895850961742,298.543024400646,89.4079612485772
4619,4919000,1,1,370.157556515936,29.5277272974671,292.920915463427,83.8479507231692
4620,4920000,1,1,360.038230142993,31.8176141471406,297.105343123457,87.4929625864093
4621,4921000,1,1,368.160167888478,28.6613936922801,293.050632656016,86.5819557632255
4622,4922000,1,1,365.475989223295,34.2533876746081,290.928138128991,85.7966349731063
4623,4923000,1,1,370.629093475101,27.8479946427622,288.487445398696,89.4896164834402
4624,4924000,1,1,360.552116315429,33.8613994643558,296.797491647107,85.2431425731079
4625,4925000,1,1,356.542913376939,37.79284825597,282.930062862557,99.1883255045336
4626,4926000,1,1,368.572390293146,33.7356165691235,289.642727551651,84.5034155860793
4627,4927000,1,1,362.431751961389,29.9943040697824,299.30162046529,84.7264735035387
4628,4928000,1,1,353.162933451087,36.783562802279,289.012999125913,97.4946546207212
4629,4929000,1,1,363.236740984744,29.2359388163014,290.808226562728,93.1732436362263
4630,4930000,1,1,369.37029501466,27.6666580524203,288.822733955366,90.594462977554
4631,4931000,1,1,371.491579473431,26.0607909730071,290.719958232599,88.1818213209628
4632,4932000,1,1,364.138369588081,27.7502372840979,286.473558415269,98.0919847125523
4633,4933000,1,1,357.456023079371,33.8552102684374,300.880288713009,84.2626279391827
4634,4934000,1,1,356.705133749224,32.4402644873168,294.896066082688,92.412685680771
4635,4935000,1,1,353.558507485918,37.0118236468001,301.207892830049,84.6759260372327
4636,4936000,1,1,361.577906894772,35.6212548697436,288.243156650011,91.0118315854732
4637,4937000,1,1,355.513727126015,32.0521524607862,297.436944481857,91.4513259313412
4638,4938000,1,1,364.722842139888,30.824330151132,290.036107385158,90.8708703238218
4639,4939000,1,1,358.880135567636,34.1770482214145,292.656147171109,90.7408190398413
4640,4940000,1,1,352.702449578562,38.0061333852824,292.87099202886,92.8745750072948
4641,4941000,1,1,358.915323771903,31.9635579857943,303.992178775109,81.5830894671934
4642,4942000,1,1,360.176260456011,31.6774975754628,296.183265169809,88.4171267987168
4643,4943000,1,1,358.077213588009,32.2067249599805,294.318269621643,91.8519418303672
4644,4944000,1,1,362.645858528594,30.6962883451569,298.698931666337,84.4130714599117
4645,4945000,1,1,358.035869122902,30.9288661580491,293.161060296986,94.3283544220628
4646,4946000,1,1,368.343569860151,25.5623326515494,292.571790778564,89.9764567097347
4647,4947000,1,1,359.639482983782,35.8504409893846,288.438536421266,92.5256896055673
4648,4948000,1,1,364.219066594128,32.2994958817493,300.686815819431,79.2487717046922
4649,4949000,1,1,358.853240387131,28.796114467097,296.329461312765,92.4753338330073
4650,4950000,1,1,365.249522586377,32.7837698989509,294.170350110503,84.2505074041685
4651,4951000,1,1,366.595720906114,29.2881995820646,290.969327794535,89.600901717286
4652,4952000,1,1,365.204062365569,28.7076699071695,287.671185314047,94.8712324132141
4653,4953000,1,1,363.534669641527,33.0359748860405,297.407055863324,82.4764496091081
4654,4954000,1,1,364.822784508878,24.7719512999249,304.654379619645,82.2050345715521
4655,4955000,1,1,363.460363499138,33.5627793747352,295.232198536718,84.198808589409
4656,4956000,1,1,364.174110162824,33.6721058508756,295.643468497678,82.9644654886225
4657,4957000,1,1,353.906967573726,32.939909132635,307.295577356616,82.311695937023
4658,4958000,1,1,359.862931561071,30.9462174821939,293.207706532819,92.4372944239163
4659,4959000,1,1,363.082622962421,35.0760606031591,292.350824838642,85.944641595778
4660,4960000,1,1,369.968393484996,28.2034974595291,289.373921899465,88.90833715601
4661,4961000,1,1,369.1630844232,29.4724018518605,291.409112044891,86.4095516800477
4662,4962000,1,1,355.792779567138,37.7048730990033,282.199926545371,100.756570788488
4663,4963000,1,1,360.05788012031,35.2233275209765,289.967923215983,91.2050191427307
4664,4964000,1,1,365.385320673938,33.8617883747378,295.773063395279,81.4339775560452
4665,4965000,1,1,355.834305619134,30.6272724249847,286.578325392388,103.414246563493
4666,4966000,1,1,348.564693919485,37.4390231077726,298.663659718036,91.7867732547065
4667,4967000,1,1,360.956195297853,32.9905135569218,289.050140887658,93.4573002575671
4668,4968000,1,1,363.05245128398,34.644885121991,294.560914813605,84.1958987804245
4669,4969000,1,1,349.037822507153,34.793369237546,298.828538099979,93.7944201553225
4670,4970000,1,1,360.585310703943,30.6230847333555,291.015641506118,94.2301130565834
4671,4971000,1,1,363.974452353609,31.1180734013515,291.216389250819,90.1452349942199
4672,4972000,1,1,352.282468967099,35.7785739410813,293.419212655082,94.9738944367367
4673,4973000,1,1,357.008175079435,33.4030181698688,296.675095766872,89.3678609838244
4674,4974000,1,1,358.309699800041,34.9151734919888,281.176042041949,102.053234666022
4675,4975000,1,1,370.845050799243,26.1529100515197,297.062224012581,82.3939651366563
4676,4976000,1,1,359.038129571606,33.7560240817097,298.512857388412,85.1471389582719
4677,4977000,1,1,365.536848466652,34.2113366112417,292.899656417866,83.8063085042402
4678,4978000,1,1,353.698679200438,35.8508587085474,285.613921861788,101.290690229226
4679,4979000,1,1,366.232197543424,30.0750397565748,298.705801953238,81.4411107467638
4680,4980000,1,1,364.490562416979,27.9840511994969,300.776553130602,83.2029832529226
4681,4981000,1,1,363.203513181524,32.6387172683055,300.428448693818,80.1834708563521
4682,4982000,1,1,359.76847549267,33.466031480388,287.377901372072,95.8417416548701
4683,4983000,1,1,363.747727918044,26.8602622184544,296.865311237752,88.9808486257496
4684,4984000,1,1,363.116315423639,27.9587937488633,295.065741821894,90.3132990056036
4685,4985000,1,1,353.582226341434,37.9869485093096,289.219734339178,95.6652408100785
4686,4986000,1,1,363.834258254282,31.5168239522606,293.797343400924,87.3057243925334
4687,4987000,1,1,358.01588290135,27.7983777119118,303.443267405659,87.1966219810793
4688,4988000,1,1,371.746973701151,28.1151957324011,283.372544253387,93.2194363130604
4689,4989000,1,1,368.668826286142,27.1812142440449,297.282645387743,83.32146408207
4690,4990000,1,1,353.977685107845,33.4500185996775,290.849179099933,98.1772671925446
4691,4991000,1,1,354.978110275386,33.6664186291552,298.016165012287,89.7934560831714
4692,4992000,1,1,361.524805552309,29.0041703403314,294.328701501399,91.5964726059609
4693,4993000,1,1,357.588209336053,37.2784841329404,280.775384736132,100.812071794875
4694,4994000,1,1,362.610904378371,33.9953996826809,288.374390183868,91.4734557550801
4695,4995000,1,1,356.340738657303,38.9260028839527,288.17335058738,93.0140578713645
4696,4996000,1,1,365.581184281229,33.4479638105184,288.346893421053,89.078108487199
4697,4997000,1,1,361.388558826123,32.9404414656544,292.946838693001,89.1783110152218
4698,4998000,1,1,363.163415516466,33.2761877466828,290.130814741796,89.8837319950552
4699,4999000,1,1,355.633192377806,36.7475535975723,283.756227990589,100.317176034032
4700,5000000,1,1,366.205110287743,27.7585442025963,292.919374756538,89.5711207531228
