Species	T6SS	Count
Mycobacterium_tuberculosis_PanR0402	TssL	1
Citrobacter_sp._Y3	TssD,TssE	2
Salmonella_enterica_subsp._enterica_serovar_Enteritidis_str._EC20130347	TssD,TssE,TssG,TssM	4
Syntrophobotulus_glycolicus_DSM_8271	TssE	1
Rhizobium_binae_strain_BLR195	TssA,TssB,TssD,TssE,TssF,TssG,TssK,TssL,TssM	9
Synechocystis_sp._PCC_6803_substr._GT-I	TssE	1
Clostridium_botulinum_B_str._Eklund_17B	TssB	1
Chitinophagaceae_bacterium_LGM1	TssL	1
Xanthomonas_hortorum_pv._vitians_strain_CFBP_498	TssE,TssM	2
Klebsiella_sp._MPUS7	TssA,TssB,TssD,TssE,TssF,TssG,TssJ,TssK,TssL,TssM	10
Chlamydia_psittaci_08DC60	TssC	1
Micromonosporaceae_bacterium_DSM_106523	TssL	1
Salmonella_enterica_subsp._diarizonae_serovar_61:k:1,5,(7)_strain_14-SA00836-0	TssD,TssE,TssF,TssG,TssJ,TssL,TssM	7
Dyadobacter_sp._NIV53	TssA,TssD,TssE,TssL	4
Lactobacillus_kefiri_strain_DH5	TssE	1
Bacillus_thuringiensis_serovar_thuringiensis_str._IS5056	TssD	1
Salmonella_enterica_subsp._enterica_serovar_Enteritidis_str._SA20094301	TssA,TssD,TssE,TssG,TssM	5
Lelliottia_amnigena_A167	TssA,TssB,TssC,TssD,TssE,TssK,TssL	7
Xanthomonas_campestris_strain_17	TssB,TssE,TssM	3
Exiguobacterium_alkaliphilum_strain_B-3531D	TssL	1
Pectobacterium_polaris_QK413-1	TssA,TssB,TssD,TssE,TssF,TssG,TssJ,TssK,TssL,TssM	10
Halomonas_chromatireducens_strain_AGD_8-3	TssB,TssD,TssL	3
Salmonella_enterica_subsp._enterica_serovar_Tennessee_21-SA00318-0	TssA,TssB,TssD,TssE,TssF,TssG,TssJ,TssK,TssL,TssM	10
Rickettsiales_endosymbiont_of_Stachyamoeba_lipophora_strain_RICK01	TssB	1
Cardinium_endosymbiont_cEper1_of_Encarsia_pergandiella	TssE	1
Yersinia_sp._CFS1934	TssA,TssB,TssD,TssE,TssF,TssG,TssJ,TssK,TssL,TssM	10
Escherichia_coli_UMNK88	TssA,TssB,TssD,TssE,TssF,TssG,TssJ,TssK,TssL,TssM	10
Salmonella_enterica_subsp._enterica_serovar_Brancaster_strain_sg_ww281	TssA,TssB,TssD,TssE,TssF,TssG,TssJ,TssK,TssL,TssM	10
Nostoc_linckia_NIES-25	TssE	1
Aquimarina_sp._AD10	TssB,TssC,TssE,TssF,TssG,TssK	6
Citrobacter_sp._RHBSTW-00021	TssA,TssB,TssC,TssD,TssE,TssF,TssG,TssJ,TssK,TssL	10
Rhizobium_ruizarguesonis_TA1	TssG	1
Salmonella_enterica_subsp._enterica_serovar_Paratyphi_B_str._CFSAN000542_strain_SGSC_2240	TssD,TssE	2
Candidatus_Saccharibacteria_bacterium_47-87	TssL	1
Xylella_fastidiosa_9a5c	TssE	1
Prevotella_oris_strain_NCTC13071	TssB,TssC,TssE,TssF	4
Bacillus_thermoamylovorans_strain_SSBM	TssL	1
Burkholderia_sp._CCGE1003	TssA,TssB,TssC,TssD,TssE,TssF,TssG,TssJ,TssK,TssL,TssM	11
Pantoea_ananatis_VY148	TssA,TssB,TssD,TssE,TssF,TssG,TssJ,TssK,TssL,TssM	10
Mycobacterium_intracellulare_MOTT-64	TssL	1
Wolbachia_endosymbiont_of_Aedes_aegypti_strain_GV_2018_1	TssE	1
Mycobacterium_tuberculosis_PanR0403	TssL	1
Nostoc_sp._NIES-3756	TssE	1
Polyangium]_brachysporum_strain_DSM_7029	TssA,TssB,TssC,TssD,TssE,TssF,TssG,TssJ,TssK,TssL,TssM	11
Colwellia_sp._NB097-1_strain_NB097-1	TssA,TssL	2
Pseudomonas_syringae_UMAF0158	TssA,TssB,TssC,TssD,TssE,TssF,TssG,TssJ,TssK,TssL,TssM	11
Neisseria_elongata_strain_M15910	TssA,TssB,TssD,TssE,TssF,TssG,TssJ,TssK,TssL,TssM	10
Bordetella_flabilis_strain_AU10664	TssA,TssB,TssD,TssE,TssF,TssG,TssJ,TssK,TssL,TssM	10
Pseudomonas_cichorii_JBC1	TssA,TssB,TssD,TssE,TssF,TssG,TssJ,TssK,TssL,TssM	10
Klebsiella_sp._RHBSTW-00484	TssA,TssB,TssD,TssJ,TssK	5
Shewanella_sp._KX20019	TssC	1
Hafnia_alvei_FB1	TssA,TssB,TssD,TssE,TssF,TssG,TssJ,TssK,TssL,TssM	10
Salmonella_enterica_subsp._enterica_serovar_Enteritidis_str._EC20130348	TssA,TssD,TssE,TssG,TssM	5
Exiguobacterium_sp._Helios	TssL	1
Yersinia_pestis_Z176003	TssA,TssB,TssD,TssE,TssF,TssG,TssJ,TssK,TssL,TssM	10
Streptomyces_sp._SAT1	TssE,TssM	2
Mycobacterium_tuberculosis_HKBS1	TssL	1
Pseudomonas_brassicacearum_subsp._brassicacearum_NFM421	TssA,TssB,TssC,TssD,TssE,TssF,TssG,TssJ,TssK,TssL,TssM	11
Salmonella_enterica_subsp._enterica_serovar_Enteritidis_str._SA20093950	TssA,TssD,TssE,TssG,TssM	5
Parageobacillus_genomosp._1_strain_NUB3621_strain_9A5	TssC,TssE,TssL	3
Brevibacillus_laterosporus_DSM_25	TssE	1
Ornithinimicrobium_sp._AMA3305	TssD	1
Enterobacteriaceae_bacterium_bta3-1	TssA,TssB,TssD,TssE,TssF,TssG,TssJ,TssK,TssL,TssM	10
Brevundimonas_sp._GRTSA-9	TssE	1
Roseomonas_sp._S08	TssA,TssB,TssD,TssE,TssF,TssG,TssK,TssL,TssM	9
Planctomycetes_bacterium_CA12	TssA,TssB,TssD,TssE,TssF,TssG,TssK,TssL	8
Citrobacter_amalonaticus_FDAARGOS_1489	TssA,TssB,TssD,TssE,TssF,TssG,TssJ,TssK,TssL,TssM	10
Arthrobacter_sp._IHBB_11108	TssK	1
Burkholderia_pseudomallei_PB08298010	TssA,TssB,TssD,TssE,TssF,TssG,TssJ,TssK,TssL,TssM	10
Halomonas_aestuarii_Hb3	TssB,TssE	2
Salmonella_enterica_subsp._enterica_serovar_Enteritidis_str._EC20090698	TssA,TssD,TssE,TssG,TssM	5
Leptospira_kmetyi_strain_LS_001/16	TssB	1
Klebsiella_sp._A52	TssA,TssB,TssD,TssE,TssF,TssG,TssJ,TssK,TssL,TssM	10
Peptoclostridium_difficile_ATCC_9689_=_DSM_1296	TssC	1
Pseudomonas_sp._S34	TssA,TssE	2
Burkholderia_multivorans_ATCC_17616	TssA,TssB,TssD,TssE,TssF,TssG,TssJ,TssK,TssL,TssM	10
Escherichia_coli_O178:H19_strain_2012C-4431	TssA,TssB,TssD,TssE,TssF,TssG,TssJ,TssK,TssL,TssM	10
Mesorhizobium_amorphae_CCNWGS0123	TssA,TssB,TssC,TssD,TssE,TssF,TssG,TssJ,TssK,TssL,TssM	11
Halomonas_campisalis_strain_SS10-MC5	TssA,TssB,TssD,TssE,TssF,TssG,TssJ,TssK,TssL,TssM	10
Microcystis_sp._MC19	TssB	1
Pseudomonas_fragi_strain_A13BB	TssA,TssB,TssE	3
Campylobacter_jejuni_32488	TssB,TssE	2
Deefgea_sp._D17	TssE	1
Treponema_succinifaciens_nC27_bin.114.fa	TssB	1
Jiangella_alkaliphila_strain_DSM_45079	TssL	1
Nocardioides_daphniae_strain_JCM_16608	TssA,TssB,TssL	3
Clostridium_botulinum_A_str._ATCC_3502	TssB,TssE	2
Rhizobium_sp._WYJ-E13	TssE	1
Rhizobium_sp._NXC24	TssA,TssE	2
Chelatococcus_sp._CO-6	TssA,TssB,TssD,TssE,TssF,TssG,TssK,TssL,TssM	9
Streptomyces_lividans_TK23	TssE,TssL	2
Salmonella_enterica_subsp._enterica_serovar_Montevideo_str._USDA-ARS-USMARC-1917	TssA,TssB,TssD,TssE,TssF,TssG,TssJ,TssK,TssL,TssM	10
Salmonella_enterica_subsp._enterica_serovar_Enteritidis_str._EC20120356	TssA,TssD,TssE,TssG,TssM	5
Mycobacterium_tuberculosis_PanR0404	TssL	1
Ochrobactrum_intermedium_strain_ZJ499	TssE	1
Cellvibrio_sp._PSBB023_strain_PSBB023	TssA,TssB,TssC,TssD,TssE,TssF,TssG,TssJ,TssK,TssL,TssM	11
Streptomyces_venezuelae	TssE	1
Streptomyces_sp._GBA_94-10	TssE,TssG,TssL	3
Pseudomonas_cerasi_strain_PL963	TssA,TssD	2
Acinetobacter_sp._Tol_5	TssA,TssB,TssD,TssE,TssF,TssG,TssK,TssL,TssM	9
Saccharothrix_espanaensis_DSM_44229	TssE	1
Citrobacter_sp._FDAARGOS_156	TssA,TssB,TssD,TssE,TssF,TssG,TssJ,TssK,TssL,TssM	10
Methanosarcina_sp._WWM596	TssB,TssE	2
Mycobacterium_tuberculosis_KZN_1435	TssL	1
Acetobacter_pasteurianus_IFO_3283-22	TssM	1
Streptomyces_xiamenensis_strain_MCCC_1A01550	TssE	1
Salmonella_enterica_subsp._enterica_serovar_Enteritidis_str._EC20100325	TssA,TssD,TssE,TssG,TssM	5
Acinetobacter_sp._LoGeW2-3	TssA,TssB,TssD,TssE,TssF,TssG,TssK,TssL,TssM	9
Escherichia_coli_O111:H-_str._11128	TssA,TssB,TssD,TssE,TssF,TssG,TssJ,TssK,TssL,TssM	10
Streptomyces_sp._Sge12_strain_Sge12	TssE	1
Paracoccus_sp._MC1862	TssA,TssB,TssD,TssE,TssF,TssG,TssJ,TssK,TssL,TssM	10
Aquimarina_sp._AD1	TssC,TssE,TssF,TssG,TssK	5
Lysobacter_sp._K5869	TssE,TssL	2
Halobacteriaceae_archaeon_AArc-S	TssE	1
Pasteurellaceae_bacterium_RH1A	TssE	1
Klebsiella_sp._LTGPAF-6F	TssA,TssB,TssD,TssE,TssF,TssG,TssJ,TssK,TssL,TssM	10
Escherichia_coli_O169:H41_strain_2014EL-1345-2	TssA,TssB,TssD,TssE,TssG,TssL,TssM	7
Limnobacter_sp._SAORIC-580	TssA,TssB,TssD,TssE,TssF,TssG,TssK,TssL,TssM	9
Acutalibacter_muris_strain_KB18	TssL	1
Fusobacterium_hwasookii_ChDC_F300	TssE	1
Salmonella_enterica_subsp._enterica_serovar_Virchow_strain_AUSMDU00010533	TssD,TssE	2
Burkholderia_pseudomallei_MSHR520	TssA,TssB,TssD,TssE,TssF,TssG,TssJ,TssK,TssL,TssM	10
Corynebacterium_simulans_strain_PES1	TssL	1
Rhodoferax_saidenbachensis_strain_DSM_22694	TssA,TssB,TssD,TssE,TssF,TssG,TssJ,TssK,TssL	9
Salmonella_enterica_subsp._enterica_serovar_Enteritidis_str._SA20093430	TssA,TssD,TssE,TssG,TssM	5
Escherichia_coli_O83:H1_str._NRG_857C	TssA,TssB,TssD,TssE,TssF,TssG,TssJ,TssK,TssL,TssM	10
Vibrio_sp._HDW18	TssD,TssE	2
Pseudomonas_sp._S35	TssA,TssB,TssD,TssE,TssF,TssG,TssJ,TssK,TssL,TssM	10
Burkholderia_pseudomallei_NCTC_13178	TssA,TssB,TssD,TssE,TssF,TssG,TssJ,TssK,TssL,TssM	10
Micromonospora_sagamiensis_strain_JCM_3310	TssE,TssF,TssL	3
Thiocapsa_sp._strain_M50B4	TssA,TssB,TssD,TssE,TssF,TssG,TssJ,TssK,TssL,TssM	10
Erwinia_amylovora_ATCC_49946	TssA,TssB,TssD,TssE,TssF,TssG,TssJ,TssK,TssL,TssM	10
Dermatophilus_congolensis_strain_NCTC13039	TssG	1
Halorientalis_sp._IM1011_strain_IM1011	TssE	1
Methylomonas_koyamae_strain_LM6	TssA,TssB,TssD,TssE,TssF,TssG,TssJ,TssK,TssL,TssM	10
Salmonella_enterica_subsp._enterica_serovar_Enteritidis_str._SA20095309	TssA,TssD,TssE,TssG,TssM	5
Spirosoma_sp._CJU-R4	TssC,TssD,TssE,TssG	4
Spirosoma_sp._KUDC1026	TssB,TssE	2
Friedmanniella_sagamiharensis_strain_DSM_21743	TssD	1
Citrobacter_portucalensis_BY9F36	TssA,TssB,TssD,TssE,TssF,TssG,TssJ,TssK,TssL,TssM	10
Mycobacterium_smegmatis_MKD8	TssL	1
Halomonas_sp._AM6	TssB	1
Streptomyces_lividans_TK24	TssE,TssL	2
Salmonella_enterica_subsp._enterica_serovar_Montevideo_str._USDA-ARS-USMARC-1918	TssA,TssB,TssD,TssE,TssF,TssG,TssJ,TssK,TssL,TssM	10
Mucilaginibacter_sp._21P	TssB,TssC,TssE,TssF,TssG	5
Lactiplantibacillus_pentosus_KZ0310	TssL	1
Clavibacter_insidiosus_strain_ATCC_10253	TssE	1
Providencia_sp._1701091	TssA,TssB,TssD,TssE,TssF,TssG,TssJ,TssK,TssL,TssM	10
Candidatus_Nitrotoga_sp._AM1P	TssE	1
Escherichia_coli_K-12_GM4792	TssD,TssE,TssL	3
Chromatiaceae_bacterium_strain_CTD079	TssE	1
Clostridium_botulinum_Ba4_str._657	TssB,TssE	2
Vibrio_chagasii_strain_ECSMB14107	TssA,TssB,TssD,TssE,TssF,TssG,TssJ,TssK,TssL,TssM	10
halophilic_archaeon_True-ADL	TssE	1
Streptomyces_sp._MG62	TssE	1
Mycobacterium_tuberculosis_PanR0405	TssL	1
Candidatus_Hamiltonella_defensa_5AT_(Acyrthosiphon_pisum)	TssE	1
Campylobacter_jejuni_subsp._jejuni_00-2538	TssE	1
Paenibacillus_peoriae_ZBSF16	TssL	1
Mannheimia_sp._16CN0041	TssE	1
Variovorax_sp._PAMC_28711	TssA,TssB,TssD,TssE,TssF,TssG,TssJ,TssK,TssL,TssM	10
Desulfovibrio_fairfieldensis_strain_CCUG_45958	TssA,TssB,TssD,TssE,TssF,TssG,TssJ,TssK,TssL,TssM	10
Vibrio_neptunius_strain_KCTC_12702	TssA,TssB,TssD,TssE,TssF,TssG,TssJ,TssK,TssL,TssM	10
Salmonella_enterica_subsp._enterica_serovar_Borreze_strain_Colony528	TssA,TssB,TssD,TssE,TssF,TssG,TssJ,TssK,TssL,TssM	10
Paenibacillus_thiaminolyticus_strain_Mbale	TssE	1
Streptomyces_olivaceus_strain_SCSIO_T05	TssE	1
Serratia_marcescens_SMB2099_strain_SMB2099	TssA,TssB,TssD,TssE,TssF,TssG,TssJ,TssK,TssL,TssM	10
Staphylococcus_aureus_subsp._aureus_str._Newman	TssE	1
Clostridium_botulinum_F_str._Langeland	TssB,TssE	2
Shewanella_sp._FJAT-53749	TssD,TssE,TssL,TssM	4
Alicyclobacillus_acidoterrestris_DSM_3922	TssE	1
Desulfobacterium_autotrophicum_HRM2	TssE,TssK	2
Salmonella_enterica_subsp._enterica_serovar_Nitra_strain_S-1687	TssA,TssD,TssE,TssG,TssM	5
Pseudomonas_sp._LG1E9	TssA,TssB,TssD,TssE,TssF,TssG,TssJ,TssK,TssL,TssM	10
Devosia_sp._S02	TssE	1
Vibrio_cholerae_O1_biovar_El_Tor_Inaba	TssA,TssB,TssD,TssE,TssF,TssG,TssJ,TssK,TssL,TssM	10
Halomonas_sp._R57-5	TssA,TssB,TssD,TssE,TssF,TssG,TssJ,TssK,TssL,TssM	10
Burkholderia_diffusa_strain_RF2-non-BP9	TssA,TssB,TssD,TssE,TssF,TssG,TssJ,TssK,TssL,TssM	10
Streptomyces_sp._endophyte_N2	TssE	1
Cyclobacterium_marinum_DSM_745	TssE	1
Kribbella_qitaiheensis_strain_SPB151	TssE	1
Klebsiella_oxytoca_C-21-18	TssA,TssB,TssD,TssE,TssF,TssG,TssJ,TssK,TssL,TssM	10
Mycolicibacterium_celeriflavum_strain_JCM_18439	TssL	1
Burkholderia_pseudomallei_NCTC_13179	TssA,TssB,TssD,TssE,TssF,TssG,TssJ,TssK,TssL,TssM	10
Pseudomonas_sp._SORT22	TssA,TssB,TssD,TssE,TssF,TssG,TssJ,TssK,TssL,TssM	10
Moritella_viscosa	TssA,TssB,TssD,TssE,TssF,TssG,TssJ,TssK,TssL,TssM	10
Chondromyces_crocatus_strain_Cm_c5	TssA,TssB,TssD,TssE,TssF,TssG,TssJ,TssK,TssL,TssM	10
Gemmata_obscuriglobus_strain_DSM_5831	TssE,TssL	2
Pseudomonas_sp._AN-B15	TssA,TssB,TssD,TssE,TssF,TssG,TssJ,TssK,TssL,TssM	10
Kosakonia_sp._MUSA4	TssA,TssB,TssD,TssE,TssF,TssG,TssJ,TssK,TssL,TssM	10
Salmonella_enterica_subsp._enterica_serovar_Enteritidis_str._SA20094350	TssA,TssD,TssE,TssG,TssM	5
Erythrobacter_litoralis_strain_DSM_8509	TssE	1
Burkholderia_glumae_AU6208	TssA,TssB,TssD,TssE,TssF,TssG,TssJ,TssK,TssL,TssM	10
Bartonella_bovis_91-4	TssE	1
Planctomyces_sp._SH-PL14	TssA,TssE,TssL	3
Mesorhizobium_sp._M1A.F.Ca.IN.022.06.1.1	TssA,TssB,TssC,TssD,TssE,TssF,TssG,TssJ,TssK,TssL,TssM	11
Acinetobacter_baumannii_AB07	TssA,TssB,TssD,TssE,TssF,TssG,TssK,TssL,TssM	9
Micromonospora_sp._WMMA2032	TssE	1
Salmonella_enterica_subsp._enterica_serovar_Montevideo_str._USDA-ARS-USMARC-1919	TssA,TssB,TssD,TssE,TssF,TssG,TssJ,TssK,TssL,TssM	10
Xanthomonas_campestris_pv._campestris_str._CN03	TssA,TssE	2
Xanthomonas_axonopodis_pv._citrumelo_F1	TssA,TssB,TssC,TssD,TssE,TssF,TssG,TssK,TssL,TssM	10
Salmonella_enterica_subsp._enterica_serovar_Mikawasima_strain_RSE13	TssA,TssB,TssD,TssE,TssF,TssG,TssJ,TssK,TssL,TssM	10
Brevundimonas_sp._PAMC22021	TssG	1
Chlamydia_psittaci_BL-84	TssC	1
Psychroflexus_sp._ALD_RP9	TssG,TssL	2
Mycoplasma_haemocanis_str._Illinois	TssA	1
Chitinophaga_sp._H33E-04	TssB,TssC,TssD,TssE,TssF,TssG,TssK	7
Mycobacterium_tuberculosis_H37RvCO	TssL	1
Ferribacterium_limneticum_128	TssA,TssB,TssD,TssE,TssF,TssG,TssJ,TssK,TssL,TssM	10
Citrobacter_sp._RHBSTW-00678	TssA,TssB,TssC,TssD,TssE,TssF,TssG,TssJ,TssK,TssL	10
Hyphomonas_sp._strain_ih12	TssE	1
Bradyrhizobium_sp._I71	TssA,TssB,TssC,TssD,TssE,TssF,TssG,TssK,TssL,TssM	10
Runella_slithyformis_DSM_19594	TssC,TssE,TssF,TssG,TssJ,TssK,TssL	7
Massilia_sp._NR_4-1	TssA,TssB,TssD,TssE,TssF,TssG,TssK,TssL,TssM	9
Rouxiella_sp._ERMR1:05	TssA,TssB,TssD,TssE,TssF,TssG,TssJ,TssK,TssL,TssM	10
Pseudodesulfovibrio_profundus_strain_500-1	TssE	1
Pseudomonas_denitrificans_(nomen_rejiciendum)_strain_BG1	TssA,TssE	2
Mycobacterium_xenopi_strain_JCM_15661T	TssG	1
Erwinia_billingiae_Eb661	TssA,TssB,TssD,TssE,TssF,TssG,TssJ,TssK,TssL,TssM	10
Salmonella_enterica_subsp._enterica_serovar_Enteritidis_str._SA20090419	TssD,TssE	2
Pantoea_dispersa_AHKW2b	TssA,TssB,TssD,TssE,TssF,TssG,TssJ,TssK,TssL,TssM	10
Lentisphaerae_bacterium_strain_zth2	TssA,TssB,TssD,TssE,TssF,TssG,TssK,TssL,TssM	9
Xanthomonas_axonopodis_pv._commiphoreae_strain_LMG26789	TssA,TssB,TssC,TssD,TssE,TssF,TssG,TssK,TssL,TssM	10
Mycobacterium_caprae_strain_Allgaeu	TssL	1
Escherichia_coli_O157:H7	TssA,TssB,TssD,TssE,TssF,TssG,TssJ,TssK,TssL,TssM	10
Shimwellia_blattae_DSM_4481_=_NBRC_105725	TssA,TssB,TssD,TssE,TssF,TssG,TssJ,TssK,TssL,TssM	10
Haemophilus_haemolyticus_2019-19	TssB	1
Enterobacter_cloacae_subsp._cloacae_ENHKU01	TssA,TssB,TssD,TssE,TssF,TssG,TssJ,TssK,TssL,TssM	10
Oscillibacter_sp._MM50	TssL	1
Burkholderia_xenovorans_strain_LB400	TssA,TssB,TssD,TssE,TssF,TssG,TssJ,TssK,TssL,TssM	10
Escherichia_coli_NA114	TssA,TssB,TssD,TssE,TssF,TssG,TssJ,TssK,TssL,TssM	10
Burkholderia_pseudomallei_A79A	TssA,TssB,TssD,TssE,TssF,TssG,TssJ,TssK,TssL,TssM	10
Actinoplanes_ianthinogenes_strain_NBRC_13996	TssE,TssG,TssL	3
Paenibacillus_mucilaginosus_3016	TssE	1
Pontivivens_sp._MT2928	TssA,TssB,TssD,TssE,TssF,TssG,TssJ,TssK,TssL,TssM	10
Rhizobium_pusense_strain_76	TssA,TssB,TssD,TssE,TssF,TssG,TssK,TssL,TssM	9
Klebsiella_sp._STW0522-44	TssA,TssB,TssD,TssE,TssF,TssG,TssJ,TssK,TssL,TssM	10
Burkholderia_gladioli_BSR3	TssA,TssB,TssC,TssD,TssE,TssF,TssG,TssJ,TssK,TssL,TssM	11
Amycolatopsis_sp._TNS106	TssE	1
Deinococcus_maricopensis_DSM_21211	TssE	1
Cupriavidus_pauculus_BHJ32i	TssA,TssB,TssD,TssE,TssF,TssG,TssJ,TssK,TssL,TssM	10
Paraglaciecola_sp._L1A13	TssE	1
Haloterrigena_sp._KZCA68	TssE	1
Corynebacterium_striatum_strain_215	TssL	1
Phycisphaerae_bacterium_ST-PulAB-D4_strain_ST-PulAB-D4	TssA,TssB,TssD,TssE,TssF,TssG,TssK,TssL	8
Bacillus_cereus_biovar_anthracis_str._CI	TssE	1
Methylobacterium_sp._AMS5	TssE	1
Pseudomonas_sp._KUIN-1	TssA,TssB,TssD,TssE,TssF,TssG,TssJ,TssK,TssL,TssM	10
Mesorhizobium_sp._DCY119	TssA,TssB,TssD,TssE,TssF,TssG,TssJ,TssK,TssL,TssM	10
Staphylococcus_aureus_ST228/16035	TssE	1
Enterobacter_chuandaensis_strain_Colony256	TssA,TssB,TssD,TssE,TssF,TssG,TssJ,TssK,TssL,TssM	10
Burkholderia_cepacia_BRDJ	TssA,TssB,TssD,TssE,TssF,TssG,TssJ,TssK,TssL,TssM	10
Sinorhizobium_fredii_CCBAU_83666	TssL	1
Paenibacillus_sp._BIHB4019	TssJ	1
Nodularia_spumigena_UHCC_0039	TssF	1
Paraglaciecola_sp._L3A3	TssM	1
Chryseobacterium_piperi_strain_ATCC_BAA-1782	TssB,TssC,TssE,TssF,TssG,TssK	6
Nocardia_terpenica_strain_AUSMDU00012715	TssL	1
Mycobacterium_immunogenum_strain_CCUG_47286	TssL	1
Mannheimia_haemolytica_USMARC_2286	TssE	1
Gammaproteobacteria_bacterium_soil36-7	TssA,TssB,TssD,TssE,TssF,TssG,TssJ,TssK,TssL,TssM	10
Lacinutrix_sp._5H-3-7-4	TssB,TssC,TssE,TssF	4
Mycobacterium_tuberculosis_PanR0407	TssL	1
Clavibacter_michiganensis_subsp._michiganensis_NCPPB_382	TssE	1
Amycolatopsis_mediterranei_S699	TssE,TssL	2
Anabaenopsis_elenkinii_CCIBt3563	TssK,TssM	2
Candidatus_Aminicenantes_bacterium_bin112	TssE	1
Bacillus_anthracis_str._A16	TssE	1
Escherichia_sp._SCLE84	TssA,TssB,TssD,TssE,TssF,TssG,TssJ,TssK,TssL,TssM	10
Flavobacterium_sp._M31R6	TssB,TssE	2
Bradyrhizobium_sp._WBAH23	TssC,TssE	2
Clostridium_botulinum_CDC_1436	TssB	1
Clostridium_botulinum_CDC_297	TssB	1
Bacillus_cereus_03BB87	TssE	1
Bacillus_thuringiensis_serovar_alesti_strain_BGSC_4C1	TssE	1
Agarivorans_albus_strain_JCM_21469	TssA,TssB,TssD,TssE,TssF,TssG,TssJ,TssK,TssL,TssM	10
Shigella_flexneri_2002017	TssA,TssE,TssF,TssG,TssL	5
Aphanizomenon_flos-aquae_DEX188	TssE	1
Yersinia_pestis_subsp._pestis_bv._Medievalis_strain_SCPM-O-B-6530	TssA,TssB,TssD,TssE,TssF,TssG,TssJ,TssK,TssL,TssM	10
Xanthomonas_sp._SI	TssA,TssB,TssC,TssD,TssE,TssF,TssG,TssK,TssL,TssM	10
Kosmotoga_pacifica_strain_SLHLJ1	TssB	1
Ruminiclostridium_thermocellum_DSM_2360_strain_LQRI	TssC	1
Bordetella_avium_strain_14-4061	TssA,TssB,TssD,TssE,TssF,TssG,TssK,TssL	8
Burkholderia_pseudomallei_MSHR5855	TssA,TssB,TssD,TssE,TssF,TssG,TssJ,TssK,TssL,TssM	10
Mycobacterium_ulcerans_subsp._shinshuense_strain_ATCC_33728	TssB	1
Mycoplasma_maculosum_strain_NCTC10168	TssM	1
Rhizobium_sp._N541	TssB,TssD,TssE,TssF,TssG,TssK,TssL,TssM	8
Catellatospora_sp._IY07-71	TssJ	1
Hartmannibacter_diazotrophicus_strain_type_strain:_E19_strain_E19T	TssA,TssB,TssC,TssD,TssE,TssF,TssG,TssK,TssL,TssM	10
Escherichia_coli_O145:H28_str._RM13514	TssD,TssE,TssF,TssG,TssL	5
Blautia_sp._LZLJ-3	TssL	1
Parvibaculum_lavamentivorans_DS-1	TssE	1
Streptomyces_sp._SYP-A7193	TssE	1
Enterococcus_faecalis_D32	TssE	1
Vibrio_sp._sp1	TssA,TssB,TssD,TssE,TssF,TssG,TssJ,TssK,TssL,TssM	10
Pseudoalteromonas_sp._CF6-2	TssA,TssB,TssD,TssE,TssF,TssG,TssJ,TssK,TssL,TssM	10
Citrobacter_werkmanii_FDAARGOS_1524	TssA,TssB,TssD,TssE,TssF,TssG,TssJ,TssK,TssL,TssM	10
Salmonella_enterica_subsp._enterica_serovar_Enteritidis_str._SA20094352	TssA,TssD,TssE,TssG,TssM	5
Enterococcus_gallinarum_EG81	TssE	1
Streptococcus_pneumoniae_SPN034156	TssE	1
Flammeovirga_kamogawensis_strain_YS10	TssE	1
Synechococcus_sp._CBW1002	TssL	1
Mycobacterium_tuberculosis_RGTB423	TssL	1
Bacillus_anthracis_str._A0248	TssE	1
Ureaplasma_urealyticum_serovar_10_str._ATCC_33699	TssD	1
Pseudomonas_sp._SWI36	TssA,TssB,TssD,TssE,TssF,TssG,TssJ,TssK,TssL,TssM	10
Brevibacterium]_flavum_strain_ATCC_15168	TssA,TssE,TssL	3
Burkholderia_thailandensis_E254	TssA,TssB,TssD,TssE,TssF,TssG,TssJ,TssK,TssL,TssM	10
Staphylococcus_lugdunensis_N920143	TssA,TssE	2
Citrobacter_sp._RHB35-C17	TssD,TssJ,TssK,TssL	4
Streptococcus_pneumoniae_AP200	TssE	1
Polaribacter_sp._BM10_strain_BM10	TssB	1
Enterobacter_cloacae_complex_'Hoffmann_cluster_IV'_strain_DSM_16690	TssA,TssB,TssD,TssE,TssF,TssG,TssJ,TssK,TssL,TssM	10
Rhodococcus_biphenylivorans_strain_B403	TssE	1
Lachnospiraceae_bacterium_GAM79	TssL	1
Pseudomonas_syringae_pv._syringae_SM	TssA,TssB,TssC,TssD,TssE,TssF,TssG,TssJ,TssK,TssL,TssM	11
Nitrosococcus_watsonii_C-113	TssE	1
Pseudomonas_sp._NP-1	TssA,TssB,TssD,TssE,TssF,TssG,TssJ,TssK,TssL,TssM	10
Acetobacter_pasteurianus_IFO_3283-26	TssM	1
Paenibacillus_beijingensis_strain_DSM_24997	TssE	1
Halovivax_ruber_XH-70	TssE	1
Leptothrix_cholodnii_SP-6	TssA,TssB,TssD,TssE,TssF,TssG,TssJ,TssK,TssL,TssM	10
Aeromonas_hydrophila_J-1	TssA,TssB,TssD,TssE,TssF,TssG,TssJ,TssK,TssL,TssM	10
Lactobacillus_salivarius_JCM1046	TssC	1
Bordetella_genomosp._13_strain_AU7206	TssA,TssB,TssD,TssE,TssF,TssG,TssJ,TssK,TssL,TssM	10
Shewanella_sp._FJAT-53532	TssD	1
Flammeovirgaceae_bacterium_311	TssB	1
Pseudoalteromonas_sp._3J6_strain_Pseudoalteromonas_sp._3J6_genome	TssA,TssB,TssD,TssE,TssF,TssG,TssJ,TssK,TssL,TssM	10
Alteromonas_sp._76-1	TssL	1
Vibrio_alginolyticus_FJV2	TssA,TssB,TssD,TssE,TssF,TssG,TssJ,TssK,TssL,TssM	10
Nocardioides_mesophilus_strain_KACC_16243	TssL	1
Conexibacter_woesei_DSM_14684	TssL	1
Azospirillum_sp._TSH58	TssA,TssB,TssC,TssD,TssE,TssF,TssG,TssJ,TssK,TssL,TssM	11
Cytobacillus_oceanisediminis_N497-ZHONG	TssL	1
Pseudomonas_fluorescens_F113	TssA,TssB,TssC,TssD,TssE,TssF,TssG,TssJ,TssK,TssL,TssM	11
Salmonella_bongori_serovar_66:z41:-_str._SA19983605_strain_SA19983605	TssA,TssB,TssC,TssD,TssE,TssF,TssG,TssK,TssL	9
Alteromonas_macleodii_str._'English_Channel_615'	TssA	1
Altererythrobacter_sp._BO-6	TssD,TssE,TssL	3
Paracoccus_sp._BM15	TssA,TssB,TssD,TssE,TssF,TssG,TssK,TssL,TssM	9
Labrenzia_aggregata_strain_RMAR6-6	TssA,TssB,TssD,TssE,TssF,TssG,TssK,TssL,TssM	9
Thermofilum_pendens_Hrk_5	TssB	1
Microvirga_sp._HR1	TssM	1
Vibrio_sp._THAF190c	TssA,TssB,TssD,TssE,TssF,TssG,TssJ,TssK,TssL,TssM	10
Bartonella_henselae_88-64_Oklahoma	TssE	1
Ferroglobus_placidus_DSM_10642	TssB	1
Sphingobium_fuliginis_ATCC_27551	TssE,TssJ	2
Mycobacterium_tuberculosis_PanR0409	TssL	1
Acinetobacter_baumannii_TCDC-AB0715	TssA,TssB,TssD,TssE,TssF,TssG,TssK,TssL,TssM	9
Mycoplasma_mycoides_subsp._mycoides_izsam_mm5713	TssB	1
Archangium_violaceum_strain_SDU34	TssA,TssB,TssD,TssE,TssF,TssG,TssJ,TssK,TssL,TssM	10
Pseudomonas_luteola_strain_FDAARGOS_637_strain_Not_applicable	TssA,TssB,TssD,TssE,TssF,TssG,TssJ,TssK,TssL,TssM	10
Nostoc_sphaeroides_CCNUC1	TssE	1
Saccharopolyspora_sp._ASAGF58	TssC,TssL	2
Streptomyces_inhibens_NRRL30439	TssD,TssE	2
Arcobacter_skirrowii_strain_A2S6	TssC	1
Herbaspirillum_rubrisubalbicans_M1	TssA,TssB,TssD,TssE,TssF,TssG,TssJ,TssK,TssL,TssM	10
Pantoea_jilinensis_strain_D25	TssA,TssB,TssD,TssE,TssF,TssG,TssJ,TssK,TssL,TssM	10
Pseudonocardia_dioxanivorans_CB1190	TssC	1
Salmonella_enterica_subsp._enterica_serovar_Enteritidis_str._EC20121970	TssA,TssD,TssE,TssG,TssM	5
Streptomyces_sp._Tue_6075	TssA,TssE	2
Pannonibacter_phragmitetus_BB	TssE	1
Providencia_sp._1709051003	TssA,TssB,TssD,TssE,TssF,TssG,TssJ,TssK,TssL,TssM	10
Vibrio_vulnificus_NBRC_15645_=_ATCC_27562	TssA,TssB,TssD,TssE,TssF,TssG,TssJ,TssK,TssL,TssM	10
Streptomyces_sp._HF10	TssE,TssM	2
Clostridium_aceticum_strain_DSM_1496	TssE	1
Mammaliicoccus_vitulinus_strain_Ani_LG-101	TssD	1
Burkholderia_sp._RPE64	TssA,TssB,TssD,TssE,TssF,TssG,TssJ,TssK,TssL	9
Jeotgalibacillus_sp._D5	TssK	1
Salmonella_enterica_subsp._enterica_serovar_Enteritidis_str._EC20120229	TssA,TssD,TssE,TssG,TssM	5
Thalassococcus_sp._SH-1	TssA,TssB,TssD,TssE,TssF,TssG,TssK,TssL,TssM	9
Bacillus_anthracis_str._SVA11	TssE	1
Rhodococcus_sp._MTM3W5.2_strain_MTM3W5.2	TssE	1
Cupriavidus_sp._USMAHM13	TssA,TssB,TssD,TssE,TssF,TssG,TssJ,TssK,TssL,TssM	10
Variovorax_sp._PDNC026	TssA,TssB,TssD,TssE,TssF,TssG,TssJ,TssK,TssL,TssM	10
Staphylococcus_aureus_subsp._aureus_USA300_FPR3757	TssE	1
Brucella_sp._2280	TssE	1
Deinococcus_deserti_VCD115	TssE	1
Marinomonas_sp._MWYL1	TssA,TssB,TssD,TssE,TssF,TssG,TssJ,TssK,TssL,TssM	10
Escherichia_coli_O145:H28_str._RM13516	TssD,TssE,TssF,TssG,TssL	5
Kocuria_flava_strain_HO-9041	TssL	1
Citrobacter_sp._RHB21-C01	TssA,TssB,TssD,TssE,TssF,TssG,TssJ,TssK,TssL,TssM	10
Granulicella_sp._WH15	TssE	1
gamma_proteobacterium_HdN1	TssB,TssD,TssE,TssF,TssG,TssJ,TssK,TssL	8
Pseudomonas_kunmingensis_7850S	TssA,TssB,TssD,TssE,TssF,TssG,TssJ,TssK,TssL,TssM	10
Mesorhizobium_loti_strain_582	TssA,TssB,TssC,TssD,TssE,TssF,TssG,TssJ,TssK,TssL,TssM	11
Eubacterium_limosum_KIST612	TssB	1
Phytohabitans_suffuscus_strain_NBRC_105367	TssE,TssF	2
Vibrio_tubiashii_ATCC_19109	TssA,TssB,TssD,TssE,TssF,TssG,TssJ,TssK,TssL,TssM	10
Neisseria_mucosa_strain_ATCC_19696	TssA,TssB,TssD,TssE,TssF,TssG,TssJ,TssK,TssL,TssM	10
Neisseria_dumasiana_LMG_30012	TssA,TssB,TssD,TssE,TssF,TssG,TssJ,TssK,TssL,TssM	10
Arthrobacter_chlorophenolicus_A6	TssK	1
Streptomyces_alboflavus_strain_MDJK44	TssE,TssL	2
Thalassolituus_oleivorans_R6-15	TssA,TssB,TssD,TssE,TssF,TssG,TssJ,TssK,TssL,TssM	10
Nostoc_sp._UHCC_0702	TssA,TssE	2
Pantoea_sp._SM3640	TssA,TssB,TssD,TssE,TssF,TssG,TssJ,TssK,TssL,TssM	10
Flavobacterium_sp._AJ004	TssB,TssC,TssE,TssF,TssK	5
Actinomadura_sp._WMMA1423	TssG	1
Paracoccus_contaminans_strain_RKI_16-01929T=LMG_29738T=CCM_8701T=CIP_111112T	TssE	1
Shewanella_algae_strain_150735	TssA,TssB,TssC,TssD,TssE,TssF,TssG,TssJ,TssK,TssL,TssM	11
Pedobacter_sp._SW-16	TssB,TssC,TssE,TssF,TssG,TssK	6
Leclercia_sp._J807	TssA,TssB,TssD,TssE,TssF,TssG,TssJ,TssK,TssL,TssM	10
Thermosynechococcus_vulcanus_NIES-2134	TssK	1
Paracoccus_kondratievae_strain_BJQ0001	TssA,TssB,TssD,TssE,TssF,TssG,TssK,TssL,TssM	9
Maribius_sp._THAF1	TssB,TssE	2
Salmonella_enterica_subsp._enterica_serovar_Thompson_str._RM6836	TssA,TssB,TssD,TssE,TssF,TssG,TssJ,TssK,TssL,TssM	10
Burkholderia_sp._DHOD12	TssA,TssB,TssC,TssD,TssE,TssF,TssG,TssJ,TssK,TssL,TssM	11
Streptomyces_globisporus_strain_TFH56	TssE	1
Streptomyces_sp._CLI2509	TssE,TssG	2
Campylobacter_sp._CFSAN093224	TssB	1
Edwardsiella_tarda_FL6-60	TssA,TssB,TssD,TssE,TssF,TssG,TssJ,TssK,TssL	9
Variovorax_sp._PAMC26660	TssA,TssB,TssD,TssE,TssF,TssG,TssJ,TssK,TssL,TssM	10
Cobetia_amphilecti_N-80	TssB	1
Escherichia_coli_VR50	TssA,TssB,TssD,TssE,TssF,TssG,TssJ,TssK,TssL,TssM	10
Niabella_sp._I65	TssB,TssC,TssD,TssE,TssF,TssK	6
Streptococcus_pneumoniae_670-6B	TssE	1
Neisseria_musculi_strain_NW831	TssE,TssL	2
Corynebacterium_callunae_DSM_20147	TssE,TssL	2
Escherichia_coli_O182:H21_strain_D181	TssA,TssB,TssD,TssE,TssF,TssG,TssJ,TssK,TssL,TssM	10
Bosea_sp._ANAM02	TssA,TssB,TssD,TssE,TssF,TssG,TssK,TssL,TssM	9
Acinetobacter_sp._WY4	TssA,TssB,TssD,TssE,TssF,TssG,TssK,TssL,TssM	9
Aquimarina_sp._BL5	TssC,TssE,TssF,TssK	4
Weissella_hellenica_MBEL1842	TssE	1
Microvirgula_aerodenitrificans_strain_BE2.4	TssA,TssE	2
Serratia_sp._3ACOL1	TssA,TssB,TssD,TssE,TssF,TssG,TssJ,TssK,TssL,TssM	10
Sphingobacterium_mizutaii_strain_NCTC12149	TssC,TssE,TssG	3
Escherichia_coli_O15:H12_strain_2273-PO3	TssD,TssE,TssG,TssL	4
Georgenia_sp._Z443	TssL	1
Aeromonas_rivuli_20-VB00005	TssA,TssB,TssD,TssE,TssF,TssG,TssJ,TssK,TssL,TssM	10
Leifsonia_sp._197AMF	TssL	1
Pseudomonas_synxantha_BG33R	TssA,TssB,TssD,TssE,TssF,TssG,TssJ,TssK,TssL,TssM	10
Bradyrhizobium_japonicum_SEMIA_5079	TssA,TssB,TssD,TssE,TssF,TssG,TssK,TssL,TssM	9
Methylacidiphilum_infernorum_V4	TssE	1
Burkholderia_pseudomallei_MSHR5858	TssA,TssB,TssD,TssE,TssF,TssG,TssJ,TssK,TssL,TssM	10
Chitinophaga_pinensis_DSM_2588	TssB,TssC,TssE,TssF,TssG,TssK	6
Bacillus_mycoides_ATCC_6462	TssE	1
Nocardioides_sp._LMS-CY	TssE,TssF	2
Bacillus_horikoshii_strain_20a	TssB	1
Bacteroides_eggerthii_strain_CL11T00C20	TssC,TssE,TssF,TssG,TssK	5
Paracoccus_sp._2251	TssB,TssE	2
Escherichia_coli_B_strain_C2566	TssD,TssE,TssL	3
Salmonella_enterica_subsp._diarizonae_serovar_b,50:-:-_strain_XXB1403	TssD,TssE,TssF,TssL,TssM	5
Escherichia_coli_O157:H16_Santai	TssA,TssB,TssD,TssE,TssF,TssG,TssJ,TssK,TssL,TssM	10
Hafnia_sp._CBA7124	TssA,TssB,TssD,TssE,TssF,TssG,TssJ,TssK,TssL,TssM	10
Bacillus_sp._DSL-17	TssM	1
Pantoea_vagans_C9-1	TssA,TssB,TssD,TssE,TssF,TssG,TssJ,TssK,TssL,TssM	10
Bacillus_sp._Y-01	TssE	1
Pseudomonas_sp._IzPS23	TssA,TssB,TssD,TssE,TssF,TssG,TssJ,TssK,TssL,TssM	10
Escherichia_coli_O39:H21_strain_Res13-Lact-PEB08-01	TssB,TssD,TssE,TssF,TssL	5
Pirellula_sp._SH-Sr6A	TssA,TssB,TssD,TssE,TssF,TssG,TssK,TssL	8
Salmonella_enterica_subsp._enterica_serovar_Poona_strain_NCTC4840	TssA,TssB,TssD,TssE,TssF,TssG,TssJ,TssK,TssL,TssM	10
Dyella_jiangningensis_strain_SBZ_3-12	TssG,TssL	2
Streptomyces_lividans_1326	TssE,TssL	2
Bacteroides_ovatus_V975	TssM	1
Yersinia_pestis_Pestoides_F	TssA,TssB,TssD,TssE,TssF,TssG,TssJ,TssK,TssL,TssM	10
Chitinophaga_sp._1303	TssB,TssC,TssE,TssF,TssG,TssK	6
Staphylococcus_epidermidis_RP62A	TssA	1
Staphylococcus_aureus_CA-347	TssE	1
Halovarius_luteus_IBRC-M_10912	TssE,TssJ	2
Herbaspirillum_frisingense_AU14559	TssA,TssB,TssD,TssE,TssF,TssG,TssJ,TssK,TssL,TssM	10
Beutenbergia_cavernae_DSM_12333	TssD	1
Candidatus_Saccharibacteria_bacterium_FS05P-B	TssL	1
Erythrobacter_sp._HL-111	TssE	1
Nonomuraea_sp._WYY166	TssL	1
Pseudomonas_extremorientalis_strain_BS2774	TssA,TssB,TssD,TssE,TssF,TssG,TssJ,TssK,TssL,TssM	10
Lactobacillus_reuteri_TD1	TssE,TssL	2
Escherichia_sp._TC-EC600-tetX4	TssD,TssE,TssL	3
Fervidobacterium_pennivorans_DSM_9078	TssJ	1
Escherichia_coli_O158:H23_strain_OLC-1685	TssA,TssB,TssD,TssE,TssF,TssG,TssJ,TssK,TssL,TssM	10
Brevilactibacter_sp._MC1595	TssB,TssE,TssL	3
Microbacterium_chocolatum_strain_SIT_101	TssL	1
Paenibacillus_sp._Y412MC10	TssA	1
Pseudomonas_sp._Eqa60	TssA,TssB,TssD,TssE,TssF,TssG,TssJ,TssK,TssL,TssM	10
Salinisphaera_sp._LB1	TssB,TssE,TssG	3
Synechococcus_sp._ROS8604	TssG	1
Kluyvera_intermedia_strain_CAV1151	TssA,TssB,TssD,TssE,TssF,TssG,TssJ,TssK,TssL,TssM	10
Candidatus_Nitrosocosmicus_sp._G61	TssA	1
Petrimonas_sp._IBARAKI	TssL	1
Mycobacterium_tuberculosis_EAI5	TssL	1
Acinetobacter_guillouiae_PgBE136	TssA,TssB,TssD,TssE,TssF,TssG,TssK,TssL,TssM	9
Clostridium_difficile_CF5	TssC	1
Rhodobacteraceae_bacterium_strain_ACE_PRO37	TssA,TssB,TssD,TssE,TssF,TssG,TssK,TssL,TssM	9
Altererythrobacter_namhicola_strain_JCM_16345	TssE	1
Escherichia_coli_str._'clone_D_i14'	TssA,TssB,TssD,TssE,TssF,TssG,TssJ,TssK,TssL,TssM	10
Streptomyces_malaysiensis_strain_DSM_4137	TssE	1
Dickeya_zeae_EC1	TssA,TssB,TssD,TssE,TssF,TssG,TssJ,TssK,TssL,TssM	10
Fluviicola_taffensis_DSM_16823	TssM	1
Sneathia_sp._Sn35	TssD	1
Micromonospora_zamorensis_strain_DSM_45600	TssE	1
Halomonas_sp._18071143	TssA,TssB,TssL	3
Acetobacter_pasteurianus_strain_Ab3	TssM	1
Myxococcus_macrosporus_DSM_14697	TssA,TssB,TssD,TssE,TssF,TssG,TssJ,TssK,TssL,TssM	10
Pseudomonas_amygdali_pv._lachrymans_strain_8	TssA,TssB,TssC,TssD,TssE,TssF,TssG,TssJ,TssK,TssL,TssM	11
Pseudomonas_litoralis_strain_2SM5	TssA,TssB,TssD,TssE,TssF,TssG,TssJ,TssK,TssL,TssM	10
Prauserella_marina_strain_DSM_45268	TssL	1
Synechococcus_sp._CBW1006	TssL	1
Xanthomonas_citri_pv._citri_strain_B2	TssA,TssB,TssC,TssD,TssE,TssF,TssG,TssK,TssL,TssM	10
Salmonella_enterica_subsp._enterica_serovar_Enteritidis_str._SA19970510	TssA,TssD,TssE,TssG,TssM	5
Xanthomonas_citri_pv._glycines_str._12-2_strain_12-2	TssA,TssB,TssC,TssD,TssE,TssF,TssG,TssK,TssL,TssM	10
Spirosoma_aerolatum_strain_KACC_17939	TssB,TssC,TssE,TssF,TssG,TssK	6
Halorussus_sp._RC-68	TssL	1
Dinoroseobacter_shibae_DFL_12	TssE	1
Vibrio_parahaemolyticus_O1:Kuk_str._FDA_R31	TssA,TssB,TssD,TssE,TssF,TssG,TssJ,TssK,TssL,TssM	10
Nocardioides_sp._WS12	TssE,TssF,TssL	3
Bacillus_sp._PAMC28748	TssD,TssE	2
Pseudobacter_ginsenosidimutans_strain_Gsoil_221	TssL	1
Shigella_flexneri_7b_strain_94-3007	TssA,TssE,TssF,TssG,TssL	5
Psychrobacter_sp._DAB_AL43B_strain_DAB_AL43B	TssA,TssB,TssD,TssE,TssF,TssG,TssJ,TssK,TssL,TssM	10
Salmonella_enterica_subsp._enterica_serovar_Typhimurium_str._UK-1	TssA,TssB,TssD,TssE,TssF,TssG,TssJ,TssK,TssL,TssM	10
Citrobacter_sp._RHBSTW-00986	TssA,TssB,TssD,TssE,TssF,TssG,TssJ,TssK,TssL,TssM	10
Haloterrigena_jeotgali_strain_A29	TssE,TssF,TssM	3
Alicycliphilus_denitrificans_K601	TssE,TssL	2
Thalassotalea_sp._PS06	TssE,TssL	2
Yersinia_pestis_Pestoides_G	TssA,TssB,TssD,TssE,TssF,TssG,TssJ,TssK,TssL,TssM	10
Sandaracinus_amylolyticus_MSr10575	TssA,TssB,TssD,TssE,TssF,TssG,TssJ,TssK,TssL,TssM	10
Mycobacterium_africanum_strain_25	TssL	1
Lentibacillus_amyloliquefaciens_strain_LAM0015	TssL	1
Campylobacter_jejuni_subsp._jejuni_NCTC_11168-mfK12E5	TssB	1
Burkholderia_cepacia_GG4	TssA,TssB,TssD,TssE,TssF,TssG,TssJ,TssK,TssL,TssM	10
Rhodococcus_sp._S2-17	TssE	1
Halomonas_sp._A40-4	TssA,TssB,TssD,TssE,TssF,TssG,TssJ,TssK,TssL,TssM	10
Polycladomyces_abyssicola_strain_JIR-001	TssK	1
Flavisolibacter_sp._17J28-1	TssE,TssL	2
Agrococcus_sp._Marseille-Q4369	TssL	1
Corynebacterium_aquilae_DSM_44791	TssG,TssL	2
Lelliottia_nimipressuralis_strain_SGAir0187	TssA,TssB,TssD,TssE,TssF,TssG,TssJ,TssK,TssL,TssM	10
Burkholderia_sp._RPE67	TssA,TssB,TssD,TssE,TssF,TssG,TssJ,TssK,TssL,TssM	10
Salmonella_bongori_CFSAN000510	TssA,TssB,TssC,TssD,TssE,TssF,TssG,TssK,TssL	9
Bradyrhizobium_guangxiense_strain_CCBAU_53363	TssA,TssB,TssC,TssD,TssE,TssF,TssG,TssK,TssL,TssM	10
Sphingobacterium_sp._B29_strain_B29	TssE	1
Salmonella_enterica_subsp._enterica_serovar_Typhimurium_str._USDA-ARS-USMARC-1880	TssA,TssB,TssD,TssE,TssF,TssG,TssJ,TssK,TssL,TssM	10
Sphingobacterium_daejeonense_strain_NCTC13534	TssE,TssG	2
Hydrogenophaga_sp._RAC07	TssE	1
Burkholderia_glumae_BGR1	TssA,TssB,TssD,TssE,TssF,TssG,TssJ,TssK,TssL,TssM	10
Lactococcus_taiwanensis_strain_K_LL001	TssL	1
Pseudomonas_sp._THAF7b	TssA,TssB,TssD,TssE,TssF,TssG,TssJ,TssK,TssL,TssM	10
Pantoea_stewartii_strain_ZJ-FGZX1	TssA,TssB,TssD,TssE,TssF,TssG,TssJ,TssK,TssL,TssM	10
Klebsiella_variicola_subsp._tropica_CDC4241-71	TssA,TssB,TssD,TssE,TssF,TssG,TssJ,TssK,TssL,TssM	10
Bradyrhizobium_sp._SG09	TssC,TssE	2
Staphylococcus_epidermidis_ATCC_12228	TssA	1
Citrobacter_sp._H12-3-2	TssA,TssB,TssD,TssE,TssF,TssG,TssJ,TssK,TssL,TssM	10
Adlercreutzia_sp._8CFCBH1	TssL	1
Streptococcus_sp._HSISB1	TssC	1
Azoarcus_sp._M9-3-2	TssA,TssB,TssD,TssE,TssF,TssG,TssJ,TssK,TssL,TssM	10
Mycoplasma_gallisepticum_NC08_2008.031-4-3P	TssE	1
Acinetobacter_sp._YH12138_strain_YH12138_T	TssA,TssB,TssD,TssE,TssF,TssG,TssK,TssL,TssM	9
Mesorhizobium_sp._M3A.F.Ca.ET.080.04.2.1	TssA,TssB,TssC,TssD,TssE,TssF,TssG,TssJ,TssK,TssL,TssM	11
Escherichia_coli_str._Sanji	TssA,TssB,TssD,TssE,TssF,TssG,TssJ,TssK,TssL,TssM	10
Vibrio_gazogenes_strain_ATCC_43942	TssA,TssB,TssD,TssE,TssF,TssG,TssJ,TssK,TssL,TssM	10
Brevibacillus_sp._7WMA2	TssE	1
Aquibacillus_sp._TKL69	TssL	1
Citrobacter_sp._LUTT5	TssA,TssB,TssD,TssE,TssF,TssG,TssJ,TssK,TssL,TssM	10
Paenibacillus_sophorae_strain_DSM_23020	TssE	1
Sphingomonas_sp._LMO-1	TssA,TssB,TssD,TssE,TssF,TssG,TssK,TssL,TssM	9
Arsenophonus_endosymbiont_of_Apis_mellifera_ArsBeeUS	TssA,TssB,TssD,TssE,TssF,TssG,TssJ,TssK,TssL	9
Antarctobacter_heliothermus_strain_SMS3	TssE	1
Pectobacterium_atrosepticum_strain_21a	TssA,TssB,TssD,TssE,TssF,TssG,TssJ,TssK,TssL,TssM	10
Anaerostipes_rhamnosivorans_strain_1y2	TssC	1
Bacteroides_sp._M10	TssM	1
Hymenobacter_sp._DG01	TssB,TssC,TssE,TssF	4
Aquaspirillum_sp._LM1_strain_LM1	TssE	1
Clostridium_sp._C5S11	TssB,TssE	2
Campylobacter_sp._CFSAN093227	TssA,TssB,TssD,TssE,TssF,TssG,TssJ,TssK,TssL,TssM	10
Xanthomonas_axonopodis_pv._glycines_CFBP_2526	TssA,TssB,TssC,TssD,TssE,TssF,TssG,TssK,TssL,TssM	10
Pseudomonas_toyotomiensis_strain_SM2	TssA,TssB,TssD,TssE,TssF,TssG,TssJ,TssK,TssL,TssM	10
Ralstonia_solanacearum	TssA,TssB,TssD,TssE,TssF,TssG,TssJ,TssK,TssL,TssM	10
Lactobacillus_brevis_KB290	TssE,TssL	2
Thermococcus_sp._ES1	TssL	1
Serratia_sp._Tan611	TssA,TssB,TssD,TssE,TssF,TssG,TssJ,TssK,TssL,TssM	10
Trichormus_variabilis_NIES-23	TssE	1
Deinococcus_sp._D7000	TssB,TssE	2
Eubacterium_sp._MSJ-33	TssL	1
Agromyces_sp._G127AT	TssL	1
Mycobacterium_tuberculosis_H37RvSiena	TssL	1
Lactobacillus_fermentum_CECT_5716	TssL	1
Methylocella_silvestris_BL2	TssA,TssB,TssD,TssE,TssF,TssG,TssK,TssL,TssM	9
Francisella_tularensis_subsp._tularensis_SCHU_S4	TssB,TssK,TssL	3
Zymomonas_mobilis_ZM481	TssE	1
Gluconobacter_oxydans_DSM_3504	TssE	1
Kluyvera_ascorbata_strain_Colony413	TssD	1
uncultured_bacterium_strain_KY405	TssB,TssD,TssF,TssK,TssL	5
Salmonella_enterica_subsp._enterica_serovar_Enteritidis_str._EC20120580	TssA,TssD,TssE,TssG,TssM	5
Citrobacter_sp._RHB21-C05	TssA,TssB,TssD,TssE,TssF,TssG,TssJ,TssK,TssL,TssM	10
Pseudoalteromonas_shioyasakiensis_strain_A316	TssG	1
Paenibacillus_sp._LPB0068	TssE,TssL	2
Streptococcus_pneumoniae_SPN032672	TssE	1
Litoreibacter_sp._LN3S51	TssA,TssB,TssD,TssE,TssF,TssG,TssK,TssL,TssM	9
Cupriavidus_gilardii_CR3	TssA,TssM	2
Micrococcus_sp._KD337-16	TssJ	1
Yersinia_pestis_Nepal516	TssA,TssB,TssD,TssE,TssF,TssG,TssJ,TssK,TssL,TssM	10
Enterobacter_sichuanensis_strain_Colony162	TssA,TssB,TssD,TssE,TssF,TssG,TssJ,TssK,TssL,TssM	10
Aeromonas_sp._FDAARGOS_1408_strain_Not_applicable	TssA,TssB,TssD,TssE,TssF,TssG,TssJ,TssK,TssL,TssM	10
Massilia_sp._B2	TssA,TssB,TssD,TssE,TssF,TssG,TssJ,TssK,TssL,TssM	10
Vibrio_cholerae_IEC224	TssA,TssB,TssD,TssE,TssF,TssG,TssJ,TssK,TssL,TssM	10
Xanthomonas_citri_pv._punicae_119	TssA,TssB,TssC,TssD,TssE,TssF,TssG,TssK,TssL,TssM	10
Vibrio_metoecus_strain_06-2478	TssA,TssB,TssD,TssE,TssF,TssG,TssJ,TssK,TssL,TssM	10
Pseudomonas_sp._HLS-6	TssA,TssB,TssD,TssE,TssF,TssG,TssJ,TssK,TssL,TssM	10
Acinetobacter_sp._TGL-Y2	TssA,TssB,TssD,TssE,TssF,TssG,TssK,TssL,TssM	9
Sterolibacteriaceae_bacterium_M52	TssK	1
Citrobacter_sp._RHBSTW-00599	TssA,TssB,TssD,TssE,TssF,TssG,TssJ,TssK,TssL,TssM	10
Klebsiella_pneumoniae_subsp._pneumoniae_1084	TssA,TssB,TssD,TssE,TssF,TssG,TssJ,TssK,TssL,TssM	10
Acetobacter_aceti_strain_JCM20276	TssB	1
Yersinia_enterocolitica_subsp._palearctica_strain_NCTC13769	TssA,TssB,TssD,TssE,TssF,TssG,TssJ,TssK,TssL,TssM	10
Pseudomonas_asplenii_strain_ATCC_23835	TssA,TssB,TssD,TssE,TssF,TssG,TssJ,TssK,TssL,TssM	10
Mycolicibacterium_frederiksbergense_strain_LB_501T	TssG,TssL	2
Filomicrobium_sp._strain_ih4	TssB	1
Tsukamurella_pulmonis_TP-B0596	TssL	1
Minicystis_rosea_strain_DSM_24000	TssA,TssB,TssD,TssE,TssF,TssG,TssJ,TssK,TssL,TssM	10
Ralstonia_solanacearum_PSI07	TssA,TssB,TssD,TssE,TssF,TssG,TssJ,TssK,TssL,TssM	10
Bacteroides_caccae_BFG-100	TssM	1
Kocuria_sp._TGY1120_3	TssL	1
Rhodoferax_sp._Gr-4	TssA,TssB,TssD,TssE,TssF,TssG,TssJ,TssK,TssL,TssM	10
Caballeronia_grimmiae_Lep1A1	TssA,TssB,TssD,TssE,TssF,TssG,TssJ,TssK,TssL,TssM	10
Vibrio_vulnificus_strain_06-2410	TssA,TssB,TssD,TssE,TssF,TssG,TssJ,TssK,TssL,TssM	10
Escherichia_coli_IAI39	TssD,TssE,TssL	3
Xanthomonas_translucens_pv._cerealis_strain_01	TssA,TssB,TssD,TssE,TssF,TssG,TssJ,TssK,TssL,TssM	10
Pseudonocardia_sp._Gen01	TssE,TssK,TssL	3
Campylobacter_jejuni_subsp._jejuni_NCTC_11168-mcK12E5	TssB	1
Pandoraea_apista_TF81F4	TssL	1
Burkholderia_pseudomallei_MSHR2543	TssA,TssB,TssD,TssE,TssF,TssG,TssJ,TssK,TssL,TssM	10
Neisseria_wadsworthii_strain_DSM_22245	TssA,TssB,TssD,TssE,TssF,TssG,TssJ,TssK,TssL,TssM	10
Streptomyces_cyaneogriseus_subsp._noncyanogenus_strain_NMWT_1	TssE	1
Streptomyces_lavendulae_subsp._lavendulae_strain_Del-LP	TssE	1
Bacillus_sp._E25	TssE,TssG	2
Pseudomonas_sp._DR_5-09	TssA,TssB,TssD,TssE,TssF,TssG,TssJ,TssK,TssL,TssM	10
Shigella_sonnei_PartP-Ssonnei-RM8376	TssA,TssB,TssD,TssE,TssF,TssG,TssJ,TssK,TssL,TssM	10
Pantoea_cypripedii_strain_NE1	TssA,TssB,TssD,TssE,TssF,TssG,TssJ,TssK,TssL,TssM	10
Burkholderia_sp._Bp5365	TssA,TssB,TssD,TssE,TssF,TssG,TssJ,TssK,TssL,TssM	10
Streptomyces_violascens_strain_ATCC_27968	TssE,TssG,TssL	3
Paenibacillus_sp._H1-7	TssD,TssE	2
Dyella_sp._G9	TssL	1
Corynebacterium_diphtheriae_VA01	TssB	1
Lachnospiraceae_bacterium_CE91-St56	TssE	1
Aeromonas_hydrophila_NJ-35	TssA,TssB,TssD,TssE,TssF,TssG,TssJ,TssK,TssL,TssM	10
Pseudomonas_sp._DS1	TssA,TssB,TssE,TssF,TssG,TssJ,TssK,TssL,TssM	9
Clostridium_sp._JN-9	TssB	1
Cyanothece_sp._PCC_7424	TssE,TssF	2
Salmonella_enterica_subsp._enterica_serovar_Enteritidis_str._EC20120581	TssA,TssD,TssE,TssG,TssM	5
Halobacteriovorax_sp._BALOs_7	TssJ	1
Acidovorax_monticola_strain_KACC_19171	TssE,TssL	2
Clostridium_botulinum_A2_str._Kyoto	TssE	1
Massilia_sp._Dwa41.01b	TssA,TssB,TssD,TssE,TssF,TssG,TssK,TssL,TssM	9
Ochrobactrum_sp._EEELCW01	TssE	1
Mycobacterium_simiae_strain_JCM_12377	TssL	1
Salicibibacter_sp._NKC21-4	TssE,TssJ,TssL	3
Serratia_plymuthica_RVH1	TssE	1
Nitrospira_sp._UBC1	TssE	1
Bradyrhizobium_arachidis_CB756	TssA,TssC,TssE	3
Xanthomonas_theicola_strain_CFBP_4691	TssL	1
Salmonella_enterica_subsp._enterica_serovar_Enteritidis_str._EC20120970	TssA,TssD,TssE,TssG,TssM	5
Xanthomonas_citri_strain_M11	TssA,TssB,TssC,TssD,TssE,TssF,TssG,TssK,TssL,TssM	10
Aeromonas_hydrophila_4AK4	TssA,TssB,TssD,TssE,TssF,TssG,TssJ,TssK,TssL,TssM	10
Salmonella_enterica_subsp._enterica_serovar_Enteritidis_str._SA20085285	TssD,TssE	2
Campylobacter_novaezeelandiae_strain_W441b	TssA,TssB,TssD,TssE,TssF,TssG,TssJ,TssK,TssL,TssM	10
Nitratireductor_kimnyeongensis_KACC_11904	TssL	1
Streptomyces_venezuelae_ATCC_10712	TssE,TssL	2
Microbulbifer_sp._THAF38	TssA,TssB,TssD,TssE,TssF,TssG,TssJ,TssK,TssL,TssM	10
Aeromonas_media_TR3_1	TssD	1
Tatumella_ptyseos_strain_NCTC11468	TssA,TssB,TssD,TssE,TssF,TssG,TssJ,TssK,TssL,TssM	10
Acetobacter_pasteurianus_subsp._ascendens_strain_LMG_1590	TssG	1
Streptomyces_sp._GY16	TssE,TssL	2
Staphylococcus_aureus_subsp._aureus_TCH60	TssE	1
Neisseria_canis_strain_NCTC10296	TssA,TssB,TssD,TssE,TssF,TssG,TssJ,TssK,TssL,TssM	10
Leptospirillum_ferriphilum_YSK	TssE	1
Microbulbifer_elongatus_DSM_6810	TssA,TssB,TssD,TssE,TssF,TssG,TssJ,TssK,TssL,TssM	10
uncultured_Rhodocyclaceae_bacterium_strain_DEC001_d71	TssD,TssE,TssM	3
Devosia_sp._Gsoil_520	TssE	1
Yersinia_pestis_3067	TssA,TssB,TssD,TssE,TssF,TssG,TssJ,TssK,TssL,TssM	10
Lactococcus_sp._LG1074	TssB,TssL	2
Rhodoplanes_sp._Z2-YC6860	TssB,TssM	2
Desulfovibrio_vulgaris_RCH1	TssE	1
Bacillus_sp._1s-1	TssD,TssE	2
Salmonella_enterica_subsp._enterica_serovar_Enteritidis_str._EC20121976	TssA,TssD,TssE,TssG,TssM	5
Massilia_timonae_strain_CCUG_43427	TssA,TssB,TssD,TssE,TssF,TssG,TssK,TssL,TssM	9
Pseudomonas_sp._FGI182	TssA,TssB,TssD,TssE,TssF,TssG,TssJ,TssK,TssL,TssM	10
Aliivibrio_wodanis_strain_06/09/139	TssA,TssB,TssD,TssE,TssF,TssG,TssJ,TssK,TssL,TssM	10
Pseudoalteromonas_sp._SiA1	TssA,TssB,TssD,TssE,TssF,TssG,TssJ,TssK,TssL,TssM	10
Salmonella_enterica_subsp._enterica_serovar_Enteritidis_str._EC20120925	TssA,TssD,TssE,TssG,TssM	5
Acetobacter_pasteurianus_386B	TssM	1
Methylomonas_methanica_MC09	TssA,TssB,TssD,TssE,TssF,TssG,TssJ,TssK,TssL,TssM	10
Oscillibacter_sp._MM59	TssE	1
Serratia_sp._P2ACOL2	TssE	1
Cellulomonas_sp._zg-ZUI222	TssE	1
Pseudomonas_sp._LPB0260_strain_LPB260	TssA,TssB,TssD,TssE,TssF,TssG,TssJ,TssK,TssL,TssM	10
Paraoerskovia_marina_strain_DSM_22126	TssL	1
Escherichia_coli_O139:H1_strain_P15-25	TssB,TssD,TssE,TssF,TssG,TssJ,TssK,TssL	8
Escherichia_coli_ATCC_25922	TssA,TssB,TssD,TssE,TssF,TssG,TssJ,TssK,TssL,TssM	10
Citrobacter_sp._172116965	TssA,TssB,TssC,TssD,TssE,TssF,TssG,TssJ,TssK,TssL	10
Natrinema_sp._J7-2	TssE	1
Cyanothece_sp._PCC_7425	TssE	1
Nocardioides_sp._zg-536	TssL	1
Rickettsia_felis_str._Pedreira	TssB	1
Mycobacterium_grossiae_strain_DSM_104744	TssL	1
Myroides_sp._CJ210	TssB,TssC,TssE,TssF,TssG,TssJ,TssK	7
Variovorax_sp._PBL-E5	TssA,TssB,TssD,TssE,TssF,TssG,TssJ,TssK,TssL,TssM	10
Kinneretia_sp._DAIF2	TssA,TssB,TssD,TssE,TssF,TssG,TssJ,TssK,TssL,TssM	10
Terriglobus_albidus_strain_ORNL	TssB,TssC,TssE,TssG,TssK	5
Comamonas_sp._NLF-1-9	TssE	1
Stenotrophomonas_maltophilia_D457	TssE	1
Pseudomonas_asiatica_strain_C3	TssA,TssB,TssC,TssD,TssE,TssF,TssG,TssJ,TssK,TssL,TssM	11
Bradyrhizobium_sp._CCBAU_21365	TssA,TssB,TssC,TssD,TssE,TssF,TssG,TssK,TssL,TssM	10
Stappia_indica_strain_PHM037	TssE	1
Bradyrhizobium_sp._CCBAU_51778	TssC,TssE	2
Escherichia_coli_1303	TssA,TssB,TssD,TssE,TssL,TssM	6
Enterobacter_cloacae_P101	TssA,TssB,TssD,TssE,TssF,TssG,TssJ,TssK,TssL,TssM	10
Salinivibrio_sp._YCSC6	TssA,TssB,TssC,TssD,TssE,TssF,TssG,TssJ,TssK,TssL,TssM	11
Paenibacillus_cellulositrophicus_strain_KACC_16577	TssA	1
Agromyces_sp._LHK192	TssE	1
Achromobacter_xylosoxidans_C54	TssA,TssB,TssD,TssE,TssF,TssG,TssJ,TssK,TssL,TssM	10
Lactobacillus_delbrueckii_subsp._lactis	TssE	1
Pseudomonas_fluorescens_2020WEIHUA_J	TssA,TssB,TssD,TssE,TssF,TssG,TssJ,TssK,TssL,TssM	10
Phycicoccus_sp._HDW14	TssG	1
Bradyrhizobium_sp._CCBAU_53351	TssC,TssE,TssM	3
Bacillus_subtilis_subsp._subtilis_str._SMY	TssE	1
Cohnella_sp._MFER-1	TssD,TssE	2
Bacillus_thuringiensis_LM1212	TssE	1
Geomonas_sp._RG29	TssA,TssB,TssD,TssE,TssF,TssG,TssJ,TssK,TssL	9
Thermomonas_sp._HDW16	TssA,TssB,TssD,TssE,TssF,TssG,TssK,TssL	8
Pseudomonas_sp._CCOS_191	TssA,TssB,TssD,TssE,TssF,TssG,TssJ,TssK,TssL,TssM	10
Niabella_sp._I6	TssB,TssC,TssD,TssE,TssF,TssK	6
Enterococcus_sp._MN05_strain_MN05	TssE,TssJ	2
Mesorhizobium_sp._M1D.F.Ca.ET.043.01.1.1	TssA,TssB,TssC,TssD,TssE,TssF,TssG,TssJ,TssK,TssL,TssM	11
Aliiarcobacter_faecis_strain_CCUG_66484	TssA,TssB,TssD,TssE,TssF,TssG,TssJ,TssK,TssL,TssM	10
Pseudomonas_thivervalensis_strain_BS3779	TssA,TssB,TssC,TssD,TssE,TssF,TssG,TssJ,TssK,TssL,TssM	11
Desulfobulbaceae_bacterium_KT2	TssK	1
Synechocystis_sp._PCC_6803_substr._PCC-N	TssE	1
Chryseobacterium_sp._PCH239	TssB,TssC,TssE,TssF,TssG,TssK	6
Thermovirga_lienii_DSM_17291	TssC	1
Citrobacter_sp._RHB20-C15	TssA,TssD,TssE,TssM	4
Salmonella_enterica_subsp._enterica_serovar_Heidelberg_str._CFSAN002064	TssA,TssB,TssD,TssE,TssF,TssG,TssJ,TssK,TssL,TssM	10
Leclercia_sp._LSNIH1	TssB,TssD,TssE,TssK,TssL,TssM	6
Corynebacterium_stationis_strain_622=DSM_20302	TssL	1
Brucella_pseudogrignonensis_ESL2	TssE	1
Bacillus_anthracis_9080-G	TssE	1
Flammeovirga_sp._MY04	TssE	1
Bacteroides_caccae_CL03T12C61	TssC,TssE,TssF,TssG,TssK,TssM	6
Xenorhabdus_bovienii_SS-2004	TssA,TssB,TssD,TssE,TssF,TssG,TssJ,TssK,TssL,TssM	10
Xanthomonas_arboricola_1311a	TssB	1
Corynebacterium_diphtheriae_HC01	TssM	1
Bacillus_anthracis_str._V770-NP-1R	TssE	1
Burkholderia_pseudomallei_MSHR491	TssA,TssB,TssD,TssE,TssF,TssG,TssJ,TssK,TssL,TssM	10
Nakamurella_multipartita_DSM_44233	TssE	1
Leptospirillum_sp._Group_II_'CF-1'	TssE	1
Arcobacter_cryaerophilus_strain_16CS0369-1-AR-4	TssC,TssL	2
Cellvibrionaceae_bacterium_017_strain_017	TssA,TssB,TssD,TssE,TssF,TssG,TssJ,TssK,TssL,TssM	10
Pseudomonas_sp._Pc102	TssA,TssB,TssD,TssE,TssF,TssG,TssJ,TssK,TssL,TssM	10
Rhodanobacter_denitrificans_DSM-24678	TssE	1
Geomonas_sp._RF4	TssA,TssB,TssD,TssE,TssF,TssG,TssJ,TssK,TssL	9
Pseudomonas_aeruginosa_PAO1-VE13	TssA,TssB,TssD,TssE,TssF,TssG,TssJ,TssK,TssL,TssM	10
Pseudomonas_sp._SDM007	TssA,TssB,TssD,TssE,TssF,TssG,TssJ,TssK,TssL,TssM	10
Pedobacter_cryoconitis_strain_PAMC_27485	TssB,TssC,TssE,TssG	4
Acidobacteriaceae_bacterium_SBC82	TssA,TssB,TssD,TssE,TssF,TssG,TssK,TssL,TssM	9
Microbulbifer_sp._GL-2	TssA,TssB,TssD,TssE,TssF,TssG,TssJ,TssK,TssL,TssM	10
Lactobacillus_helveticus_H9	TssE	1
Helicobacter_pylori_ELS37	TssA	1
Leeuwenhoekiella_palythoae_F5	TssD,TssE	2
Chryseobacterium_sp._StRB126	TssB,TssC,TssE,TssF,TssG,TssK	6
Bacillus_anthracis_str._A16R	TssE	1
Burkholderia_cepacia_ATCC_25416	TssA,TssB,TssD,TssE,TssF,TssG,TssJ,TssK,TssL,TssM	10
Rhodovulum_sulfidophilum_strain_DSM_2351	TssA,TssB,TssD,TssE,TssF,TssG,TssK,TssL,TssM	9
Candidatus_Nitrospira_sp._comreactor17	TssE	1
Nosocomiicoccus_ampullae_strain_19-00310	TssE	1
Mucilaginibacter_daejeonensis_KACC_14964	TssG	1
Alicyclobacillus_acidocaldarius_subsp._acidocaldarius_Tc-4-1	TssE,TssL	2
Phycisphaeraceae_bacterium_strain_ACE_PLA2	TssA,TssB,TssD,TssE,TssF,TssG,TssK,TssL	8
Candidatus_Atribacteria_bacterium_strain_RT761	TssJ	1
Kosakonia_sacchari_strain_BO-1	TssA,TssB,TssD,TssE,TssF,TssG,TssJ,TssK,TssL,TssM	10
Acinetobacter_piscicola_strain_YH12207_T	TssA,TssB,TssD,TssE,TssF,TssG,TssJ,TssK,TssL,TssM	10
Marinobacter_salarius_R9SW1	TssA,TssB,TssD,TssE,TssF,TssG,TssJ,TssK,TssL,TssM	10
Synechococcus_sp._UTEX_2973	TssA,TssE	2
Diaphorobacter_sp._JS3050	TssE,TssG,TssL	3
Leptolyngbya_sp._NIES-3755	TssB,TssE,TssG	3
Klebsiella_pneumoniae_subsp._pneumoniae_KPR0928	TssA,TssB,TssD,TssE,TssF,TssG,TssJ,TssK,TssL,TssM	10
Sulfurivermis_fontis_strain_JG42	TssL	1
Planctomycetes_bacterium_Pla85_3_4	TssA,TssB,TssD,TssE,TssF,TssG,TssK,TssL	8
Salmonella_enterica_subsp._enterica_serovar_Typhimurium_str._LT2	TssA,TssB,TssD,TssE,TssF,TssG,TssJ,TssK,TssL,TssM	10
Dechlorosoma_suillum_PS	TssJ	1
Xanthomonas_translucens_pv._pistacia_ICMP_16317	TssA,TssB,TssD,TssE,TssF,TssG,TssJ,TssK,TssL,TssM	10
Rhodothermaceae_bacterium_strain_MEBiC09517	TssA,TssB,TssD,TssE,TssF,TssG,TssJ,TssK,TssL,TssM	10
Dickeya_sp._Secpp_1600_strain_Secpp1600	TssA,TssB,TssD,TssE,TssF,TssG,TssJ,TssK,TssL,TssM	10
Arcobacter_defluvii_strain_LMG_25694	TssA,TssB,TssD,TssE,TssF,TssG,TssJ,TssK,TssL,TssM	10
Novosphingobium_sp._KA1	TssE	1
Akkermansia_glycaniphila_strain_APytT	TssE	1
Dyella_japonica_A8	TssA,TssB,TssC,TssD,TssE,TssF,TssG,TssJ,TssK,TssL,TssM	11
Pantoea_ananatis_LMG_20103	TssA,TssB,TssD,TssE,TssF,TssG,TssJ,TssK,TssL,TssM	10
Erwinia_persicina_Cp2	TssA,TssB,TssD,TssE,TssF,TssG,TssJ,TssK,TssL,TssM	10
Salmonella_enterica_subsp._enterica_serovar_Enteritidis_str._EC20120927	TssA,TssD,TssE,TssG,TssM	5
Fremyella_diplosiphon_NIES-3275	TssE	1
Nonlabens_sp._Hel1_33_55	TssG	1
Acinetobacter_baumannii_1656-2	TssA,TssB,TssD,TssE,TssF,TssG,TssK,TssL,TssM	9
Sulfuriferula_plumbiphila_strain_Gro7	TssL	1
Citrobacter_sp._RHBSTW-00859	TssD,TssE	2
Thauera_sp._K11	TssA,TssB,TssE,TssF,TssG,TssJ,TssK,TssL,TssM	9
Citrobacter_sp._RHB20-C16	TssA,TssD,TssE,TssM	4
Bacteroides_ovatus_BFG-107	TssL,TssM	2
Enterobacter_asburiae_161373-yvys	TssB,TssD,TssE,TssL	4
Mycobacterium_africanum_GM041182	TssL	1
Agrococcus_carbonis_strain_DSM_22965	TssK	1
Bradyrhizobium_sp._6(2017)_strain_1S3	TssA,TssB,TssD,TssE,TssF,TssG,TssK,TssL,TssM	9
Lysinibacillus_sp._FJAT-51161	TssD,TssE	2
Thermosynechococcus_sp._NK55	TssK	1
Methanomethylovorans_hollandica_DSM_15978	TssE	1
Corynebacterium_diphtheriae_HC02	TssB	1
Pseudomonas_sp._R11-23-07	TssA,TssB,TssD,TssE,TssF,TssG,TssJ,TssK,TssL,TssM	10
Thermanaeromonas_toyohensis_ToBE_strain_ToBE	TssL	1
Lactobacillus_delbrueckii_subsp._bulgaricus_ATCC_11842	TssE	1
Arthrobacter_sp._QXT-31_strain_QXT-31	TssE	1
Haemophilus_influenzae_Hi375	TssB,TssE	2
Streptomyces_albidoflavus_strain_J1074/R2	TssE,TssL	2
Salmonella_enterica_subsp._enterica_serovar_Newport_str._CDC_2009K-1331	TssA,TssB,TssD,TssE,TssF,TssG,TssJ,TssK,TssL,TssM	10
Marinobacter_sp._es.042_strain_ES.042	TssD,TssL	2
Enterobacter_sp._EA-1	TssA,TssB,TssD,TssE,TssF,TssG,TssJ,TssK,TssL,TssM	10
Acinetobacter_baumannii_MDR-ZJ06	TssA,TssB,TssD,TssE,TssF,TssG,TssK,TssL,TssM	9
Halobacillus_litoralis_strain_ERB_031	TssE,TssL	2
Kosakonia_sacchari_SP1	TssA,TssB,TssD,TssE,TssF,TssG,TssJ,TssK,TssL,TssM	10
Shewanella_sp._TH2012	TssA,TssB,TssD,TssE,TssF,TssG,TssJ,TssK,TssL,TssM	10
Gloeobacteraceae_cyanobacterium_'cyano_109'_strain_Cyano_109	TssC,TssE	2
Planctomycetes_bacterium_ETA_A1	TssL	1
Aeromonas_sanarellii_strain_NS1	TssD	1
Burkholderia_sp._HB1	TssA,TssB,TssC,TssD,TssE,TssF,TssG,TssJ,TssK,TssL,TssM	11
Corynebacterium_camporealensis_strain_DSM_44610	TssL	1
Desulfovibrio_hydrothermalis_AM13_=_DSM_14728	TssA,TssB,TssD,TssE,TssF,TssG,TssJ,TssK,TssL	9
Diaphorobacter_sp._JS3051	TssE,TssG,TssL	3
Shigella_dysenteriae_SWHE2	TssA,TssB,TssD,TssE,TssF,TssG,TssJ,TssK,TssL,TssM	10
Streptomyces_finlayi_strain_NBSH44	TssE	1
Psychrobacter_sp._WY6	TssB,TssD,TssE,TssF,TssG,TssK,TssL,TssM	8
Celeribacter_indicus_P73	TssK,TssL	2
Nocardia_nova_SH22a	TssL	1
arsenite-oxidising_bacterium_NT-25	TssE	1
Streptomyces_sampsonii_strain_KJ40	TssE,TssL	2
Hymenobacter_nivis_strain_NBRC_111535	TssE	1
Moritella_sp._24	TssA,TssB,TssD,TssE,TssF,TssG,TssJ,TssK,TssL,TssM	10
Planctomyces_brasiliensis_DSM_5305	TssA,TssB,TssD,TssE,TssF,TssG,TssJ,TssK,TssL	9
Acinetobacter_sp._185	TssA,TssB,TssD,TssE,TssF,TssG,TssK,TssL,TssM	9
Microbacterium_sp._Se5.02b	TssL	1
Monoglobus_pectinilyticus_strain_14	TssE	1
Serratia_proteamaculans_strain_336X	TssA,TssB,TssD,TssE,TssF,TssG,TssJ,TssK,TssL,TssM	10
Salmonella_enterica_subsp._enterica_serovar_Enteritidis_str._EC20090530	TssA,TssD,TssE,TssG,TssM	5
Wolbachia_endosymbiont_of_Carposina_sasakii_strain_wCauA	TssE	1
Aeromonas_hydrophila_pc104A	TssD,TssL	2
Synechocystis_sp._PCC_6803_substr._PCC-P	TssE	1
Salmonella_enterica_subsp._enterica_serovar_Saintpaul_S25	TssD,TssE	2
Leclercia_sp._LSNIH3	TssA,TssB,TssD,TssE,TssF,TssG,TssJ,TssK,TssL,TssM	10
Gynuella_sunshinyii_YC6258	TssA,TssB,TssD,TssE,TssF,TssG,TssJ,TssK,TssL,TssM	10
Thalassospira_sp._CSC3H3	TssA,TssB,TssD,TssE,TssF,TssG,TssJ,TssK,TssL,TssM	10
Bradyrhizobium_sp._3_strain_65S1MB	TssE	1
Pseudomonas_sp._JS425	TssA,TssB,TssC,TssD,TssE,TssF,TssG,TssJ,TssK,TssL,TssM	11
Citrobacter_sp._S40-1-2	TssA,TssB,TssD,TssE,TssF,TssG,TssJ,TssK,TssL,TssM	10
Helicobacter_acinonychis_str._Sheeba	TssE	1
Streptococcus_uberis_strain_NCTC3858	TssC	1
Rhizobium_etli_strain_N561	TssB,TssD,TssE,TssF,TssG,TssK,TssL,TssM	8
Acinetobacter_vivianii_KJ-1	TssA,TssB,TssD,TssE,TssF,TssG,TssK,TssL,TssM	9
Burkholderia_pseudomallei_MSHR1153	TssA,TssB,TssD,TssE,TssF,TssG,TssJ,TssK,TssL,TssM	10
Corynebacterium_diphtheriae_HC03	TssB	1
Methanobacterium_sp._BAmetb5	TssD	1
Haloferax_alexandrinus_strain_wsp1	TssB	1
Geobacter_sp._M18	TssA,TssB,TssD,TssE,TssF,TssG,TssJ,TssK,TssL	9
Clostridium_botulinum_A_str._ATCC_19397	TssB	1
Candidatus_Saccharibacteria_oral_taxon_TM7x	TssL	1
Streptomyces_hundungensis_strain_BH38	TssE	1
Escherichia_sp._E4742	TssA,TssB,TssD,TssE,TssF,TssG,TssJ,TssK,TssL,TssM	10
Pseudomonas_protegens_PS1	TssA,TssB,TssD,TssE,TssF,TssG,TssJ,TssK,TssL,TssM	10
Laribacter_hongkongensis_HLHK9	TssE	1
Mycolicibacterium_pulveris_strain_JCM_6370	TssL	1
Pseudomonas_sp._RC3H12	TssA,TssB,TssD,TssE,TssF,TssG,TssJ,TssK,TssL,TssM	10
Streptococcus_pneumoniae_SPN994038	TssE	1
Streptomyces_sp._RLB1-8_strain_Microscale_soil_grain	TssE	1
Pseudomonas_sp._RBPA9	TssA,TssB,TssD,TssE,TssF,TssG,TssJ,TssK,TssL,TssM	10
Spirosoma_sp._I-24	TssB,TssC,TssE,TssF,TssG,TssL	6
Bacillus_sp._FCW2	TssE	1
Desulfobulbus_oligotrophicus_strain_Prop6	TssE	1
Coprococcus_eutactus_ATCC_27759_FDAARGOS_1581	TssA	1
Streptomyces_sp._NEAU-S7GS2	TssE	1
Lactobacillus_sp._wkB8	TssA	1
Novosphingobium_sp._ABRDHK2	TssE	1
Sideroxydans_sp._MIZ01	TssC	1
Mycobacterium_tuberculosis_PanR0501	TssL	1
Methylopila_sp._M107	TssE	1
Phaeobacter_piscinae_strain_P13	TssB,TssE	2
Gordonia_polyisoprenivorans_strain_C	TssG	1
Mycobacterium_paraseoulense_strain_JCM_16952	TssC,TssL	2
Lactobacillus_helsingborgensis_strain_ESL0183	TssA,TssD	2
Pseudomonas_avellanae_strain_R2leaf	TssA,TssB,TssC,TssD,TssE,TssF,TssG,TssJ,TssK,TssL,TssM	11
Bythopirellula_goksoyri_strain_Pr1d	TssE	1
Salmonella_enterica_subsp._enterica_serovar_Enteritidis_str._EC20090531	TssA,TssD,TssE,TssG,TssM	5
Salmonella_enterica_subsp._enterica_serovar_Enteritidis_str._EC20120929	TssA,TssD,TssE,TssG,TssM	5
Pusillimonas_sp._ye3	TssL	1
Streptococcus_lutetiensis_strain_FDAARGOS_1018_strain_Not_applicable	TssC,TssK	2
Enterobacter_sp._RHBSTW-00175	TssA,TssB,TssD,TssE,TssF,TssG,TssJ,TssK,TssL,TssM	10
Thermus_sp._YIM_78456	TssL	1
Streptomyces_fradiae_strain_NKZ-259	TssE,TssL	2
Escherichia_coli_O18:H1_strain_CFSAN067215	TssA,TssB,TssD,TssE,TssF,TssG,TssJ,TssK,TssL,TssM	10
Fuerstia_marisgermanicae_strain_NH11	TssA,TssB,TssD,TssE,TssF,TssG,TssK,TssL	8
Salmonella_enterica_subsp._enterica_serovar_Typhimurium_str._T000240	TssA,TssB,TssD,TssE,TssF,TssG,TssJ,TssK,TssL,TssM	10
Pseudomonas_amygdali_pv._morsprunorum_strain_R15244	TssA,TssB,TssC,TssD,TssE,TssF,TssG,TssJ,TssK,TssL,TssM	11
Burkholderia_thailandensis_H0587	TssA,TssB,TssD,TssE,TssF,TssG,TssJ,TssK,TssL,TssM	10
Bacillus_amyloliquefaciens_subsp._plantarum_YAU_B9601-Y2	TssM	1
Plesiomonas_shigelloides_7A	TssA,TssB,TssD,TssE,TssF,TssG,TssJ,TssK,TssL,TssM	10
Pseudoalteromonas_luteoviolacea_strain_S4054	TssA,TssB,TssD,TssE,TssF,TssG,TssJ,TssK,TssL,TssM	10
Pseudomonas_sp._R1-43-08	TssA,TssB,TssD,TssE,TssF,TssG,TssJ,TssK,TssL,TssM	10
Methylocaldum_marinum_strain_S8	TssA,TssB,TssD,TssE,TssF,TssG,TssJ,TssK,TssL,TssM	10
Glycomycetaceae_bacterium_DSM_106290	TssL	1
Klebsiella_pneumoniae_342	TssA,TssB,TssD,TssE,TssF,TssG,TssJ,TssK,TssL,TssM	10
Corynebacterium_diphtheriae_HC04	TssB	1
Myxococcus_fulvus_124B02	TssB,TssD,TssE,TssF,TssG,TssJ,TssK,TssL,TssM	9
Deinococcus_peraridilitoris_DSM_19664	TssE	1
Lysobacter_capsici_K-Hf-H2	TssE	1
Xanthomonas_citri_subsp._citri_A306	TssA,TssB,TssC,TssD,TssE,TssF,TssG,TssK,TssL,TssM	10
Pseudomonas_mendocina_ymp	TssA,TssB,TssD,TssE,TssF,TssG,TssJ,TssK,TssL,TssM	10
Pseudoalteromonas_sp._Xi13	TssA,TssB,TssD,TssE,TssF,TssG,TssJ,TssK,TssL,TssM	10
Brucella_sp._BTU1	TssB,TssC,TssE	3
Streptococcus_pneumoniae_SPN994039	TssE	1
Mycobacterium_tuberculosis_CDC1551	TssL	1
Legionella_waltersii_strain_NCTC13017	TssL,TssM	2
Bacillus_paralicheniformis_CPL618	TssD,TssE	2
Celerinatantimonas_diazotrophica_CEDIAZO1	TssA,TssB,TssD,TssE,TssF,TssG,TssJ,TssK,TssL,TssM	10
Chryseobacterium_sp._FDAARGOS_1104_strain_FDAARGOS_1104_strain_Not_applicable	TssB,TssC,TssE,TssF,TssG,TssK	6
Salmonella_enterica_subsp._enterica_serovar_Agona_18-SA00377-0	TssA,TssB,TssD,TssE,TssF,TssG,TssJ,TssK,TssL,TssM	10
Planctomycetes_bacterium_Poly30	TssE	1
Colwellia_sp._20A7	TssA,TssB,TssC,TssD,TssE,TssF,TssG,TssJ,TssK,TssL,TssM	11
Pseudomonas_stutzeri_ATCC_17588_=_LMG_11199	TssA,TssB,TssD,TssE,TssF,TssG,TssJ,TssK,TssL,TssM	10
Staphylococcus_aureus_subsp._aureus_USA300_TCH1516	TssE	1
Propionibacterium_australiense_strain_NCTC13651	TssE,TssL	2
Haloterrigena_daqingensis_strain_JX313	TssC,TssE	2
Azotobacter_vinelandii_CA6	TssA,TssB,TssD,TssE,TssF,TssG,TssJ,TssK,TssL,TssM	10
Microbacterium_sp._PAMC21962	TssL	1
Vibrio_sp._Sal10	TssA,TssB,TssD,TssE,TssF,TssG,TssJ,TssK,TssL,TssM	10
Enterobacteriaceae_bacterium_strain_FGI_57	TssA,TssB,TssD,TssF,TssG,TssJ,TssK,TssL,TssM	9
Streptomyces_sp._YIM_121038	TssD,TssE	2
Cupriavidus_campinensis_strain_MJ1	TssA,TssB,TssD,TssE,TssF,TssG,TssJ,TssK,TssL,TssM	10
Mesorhizobium_sp._L-8-10	TssA,TssB,TssC,TssD,TssE,TssF,TssG,TssJ,TssK,TssL,TssM	11
Pedobacter_heparinus_DSM_2366	TssF	1
Pseudomonas_granadensis_strain_CT364	TssA,TssB,TssD,TssE,TssF,TssG,TssJ,TssK,TssL,TssM	10
Salinicola_tamaricis_strain_F01	TssA,TssB,TssD,TssE,TssF,TssG,TssJ,TssK,TssL,TssM	10
Legionella_pneumophila_str._Corby	TssL,TssM	2
Enterobacter_bugandensis_FDAARGOS_1496	TssA,TssB,TssD,TssE,TssF,TssG,TssJ,TssK,TssL,TssM	10
Yersinia_pestis_8787	TssA,TssB,TssD,TssE,TssF,TssG,TssJ,TssK,TssL,TssM	10
Microbacterium_sp._dk512	TssE	1
Escherichia_coli_UMN026	TssA,TssB,TssD,TssE,TssF,TssG,TssJ,TssK,TssL,TssM	10
Actinobacteria_bacterium_YIM_96077	TssB	1
Sphaerospermopsis_torques-reginae_ITEP-024	TssL	1
Bacillus_sp._Cs-700	TssE,TssL	2
Lactobacillus_delbrueckii_L10	TssE	1
Phyllobacterium_sp._T1293	TssA,TssB,TssD,TssE,TssF,TssG,TssJ,TssK,TssL,TssM	10
Paraburkholderia_hospita_strain_DSM_17164	TssA,TssB,TssC,TssD,TssE,TssF,TssG,TssJ,TssK,TssL,TssM	11
Xanthomonas_sp._CPBF_426	TssM	1
Spirosoma_radiotolerans_strain_DG5A	TssB,TssC,TssE,TssF,TssG,TssK	6
Sutterella_wadsworthensis_strain_FDAARGOS_1159_strain_Not_applicable	TssA	1
Psychrobacter_sp._G	TssE	1
Acidovorax]_ebreus_LS1	TssE,TssG,TssL	3
Clostridioides_sp._ES-S-0054-01	TssC	1
Pseudomonas_stutzeri_CCUG_29243	TssA,TssB,TssD,TssE,TssF,TssG,TssJ,TssK,TssL,TssM	10
Leptospira_biflexa_serovar_Patoc_strain_'Patoc_1_(Paris)'	TssA	1
Mycolicibacterium_doricum_strain_JCM_12405	TssG,TssL	2
Arthrobacter_sp._DCT5_strain_rhizosphere	TssE	1
Francisella_tularensis_subsp._holarctica_PHIT-FT049	TssB,TssK,TssL	3
Ruania_sp._HY168	TssA,TssE	2
Morococcus_cerebrosus_CIP_81.93	TssE	1
Pseudomonas_fulva_strain_FDAARGOS_167	TssA,TssB,TssC,TssD,TssE,TssF,TssG,TssJ,TssK,TssL,TssM	11
Rhodospirillaceae_bacterium_SCSIO_08040	TssL	1
Pantoea_sp._201603H	TssA,TssB,TssD,TssE,TssF,TssG,TssJ,TssK,TssL,TssM	10
Chryseobacterium_sp._D764	TssB,TssC,TssE,TssF,TssG,TssK,TssL	7
Methanosarcina_sp._WH1	TssB	1
Achromobacter_sp._ES-001	TssA,TssB,TssD,TssE,TssF,TssG,TssJ,TssK,TssL,TssM	10
Pseudomonas_sp._ADAK20	TssA,TssB,TssD,TssE,TssF,TssG,TssJ,TssK,TssL,TssM	10
Salmonella_enterica_subsp._enterica_serovar_Newport_str._USMARC-S3124.1	TssA,TssB,TssD,TssE,TssF,TssG,TssJ,TssK,TssL,TssM	10
Pseudomonas_putida_BB1451	TssA,TssB,TssC,TssD,TssE,TssF,TssG,TssJ,TssK,TssL,TssM	11
Aeromonas_sp._FDAARGOS_1410_strain_Not_applicable	TssA,TssB,TssD,TssE,TssF,TssG,TssJ,TssK,TssL,TssM	10
Bacillus_megaterium_WSH-002	TssB	1
Enterobacteriaceae_bacterium_w17	TssA,TssB,TssD,TssE,TssF,TssG,TssJ,TssK,TssL,TssM	10
Labrys_neptuniae_strain_KNU-23	TssA,TssB,TssD,TssE,TssF,TssG,TssK,TssL,TssM	9
Streptomyces_sp._S063	TssA,TssE,TssF,TssL	4
Bacillus_sp._TK-2	TssE	1
Pseudomonas_sp._PP3	TssA,TssB,TssC,TssD,TssE,TssF,TssG,TssJ,TssK,TssL,TssM	11
Providencia_sp._1701011	TssA,TssB,TssD,TssE,TssF,TssG,TssJ,TssK,TssL,TssM	10
Burkholderia_metallica_strain_FL-6-5-30-S1-D7	TssA,TssB,TssD,TssE,TssF,TssG,TssJ,TssK,TssL,TssM	10
Citrobacter_sedlakii_strain_3347089II	TssA,TssB,TssC,TssD,TssE,TssF,TssG,TssJ,TssK,TssL,TssM	11
Mycobacterium_tuberculosis_PanR0503	TssL	1
Bordetella_sp._J329	TssL	1
Xanthomonas_euvesicatoria_strain_LMG930	TssA,TssB,TssC,TssD,TssE,TssF,TssG,TssK,TssL,TssM	10
Streptomyces_sp._S8_strain_S8	TssE	1
Agrobacterium_fabrum_str._C58	TssA,TssB,TssD,TssE,TssF,TssG,TssK,TssL,TssM	9
Salmonella_enterica_subsp._enterica_serovar_Schwarzengrund_str._CVM19633	TssA,TssB,TssD,TssE,TssF,TssG,TssJ,TssK,TssL,TssM	10
Pseudomonas_sp._IB20	TssA,TssB,TssD,TssE,TssF,TssG,TssJ,TssK,TssL,TssM	10
Sediminibacillus_sp._DP4-553-S	TssL	1
Caldalkalibacillus_thermarum_TA2.A1	TssJ	1
Leifsonia_sp._509MF	TssL	1
Aggregatibacter_actinomycetemcomitans_D11S-1	TssD	1
Haliscomenobacter_hydrossis_DSM_1100	TssE,TssG,TssL	3
Pseudomonas_sp._B14-6	TssA,TssB,TssD,TssE,TssF,TssG,TssJ,TssK,TssL,TssM	10
Mycobacterium_sp._MCS	TssL	1
Erwinia_pyrifoliae_strain_EpK1/15	TssA,TssB,TssD,TssE,TssF,TssG,TssJ,TssK,TssL,TssM	10
Gilliamella_apicola_strain_wkB1	TssA,TssB,TssD,TssE,TssF,TssG,TssJ,TssK,TssL,TssM	10
Salmonella_enterica_subsp._enterica_serovar_Heidelberg_str._CFSAN002069	TssA,TssB,TssD,TssE,TssF,TssG,TssJ,TssK,TssL,TssM	10
Chryseobacterium_gallinarum_strain_DSM_27622	TssB,TssC,TssE,TssF,TssG,TssK	6
Pseudomonas_brenneri_strain_BS2771	TssA,TssB,TssD,TssE,TssF,TssG,TssJ,TssK,TssL,TssM	10
Clostridium_botulinum_A_str._Hall	TssB	1
Frischella_perrara_PEB0191	TssA,TssB,TssD,TssE,TssF,TssG,TssJ,TssK,TssL,TssM	10
Bacillus_sp._CR71	TssE,TssG	2
Mesorhizobium_sp._M2A.F.Ca.ET.043.05.1.1	TssA,TssB,TssC,TssD,TssE,TssF,TssG,TssJ,TssK,TssL,TssM	11
Acinetobacter_indicus_BDT201	TssA,TssB,TssD,TssE,TssF,TssG,TssK,TssL,TssM	9
Klebsiella_pneumoniae	TssA,TssB,TssD,TssE,TssF,TssG,TssJ,TssK,TssL,TssM	10
Aquitalea_sp._USM4	TssA,TssB,TssD,TssE,TssF,TssG,TssJ,TssK,TssL,TssM	10
Salmonella_enterica_subsp._enterica_serovar_Typhimurium_str._DT104	TssA,TssB,TssD,TssE,TssF,TssG,TssJ,TssK,TssL,TssM	10
Salmonella_enterica_subsp._enterica_serovar_Give_strain_NCTC5778	TssA,TssB,TssD,TssE,TssF,TssG,TssJ,TssK,TssL,TssM	10
Kineosporiaceae_bacterium_SCSIO_59966	TssL	1
Escherichia_coli_ECC-1470	TssA,TssB,TssD,TssE,TssF,TssG,TssJ,TssK,TssL,TssM	10
Spiribacter_salinus_M19-40	TssE,TssG	2
Pseudomonas_sp._ADAK21	TssA,TssB,TssD,TssE,TssF,TssG,TssJ,TssK,TssL,TssM	10
Colwellia_psychrerythraea_34H	TssB	1
Marinomonas_sp._FW-1	TssA,TssB,TssD,TssE,TssF,TssG,TssJ,TssK,TssL,TssM	10
Salmonella_enterica_1505	TssA,TssB,TssD,TssE,TssF,TssG,TssJ,TssK,TssL,TssM	10
Streptomyces_yatensis_strain_DSM_41771	TssE,TssF	2
Mycobacterium_tuberculosis_BT1	TssL	1
Bifidobacterium_scardovii_JCM_12489_=_DSM_13734	TssJ	1
Granulosicoccus_antarcticus_IMCC3135_strain_IMCC3135	TssD	1
Streptomyces_collinus_Tu_365	TssE	1
Streptomyces_sp._PAMC26508	TssE	1
Coxiellaceae_bacterium_strain_SSA3	TssA,TssB,TssD,TssE,TssF,TssG,TssJ,TssK,TssL,TssM	10
Candidatus_Nitrososphaera_evergladensis_SR1	TssD,TssE	2
Mycoplasma_gallisepticum_VA94_7994-1-7P	TssE	1
Salmonella_enterica_subsp._enterica_serovar_Enteritidis_str._RM2968	TssA,TssD,TssE,TssG,TssM	5
Sulfurimonas_sp._GYSZ_1	TssA,TssB,TssD,TssE,TssF,TssG,TssJ,TssK,TssL,TssM	10
Streptomyces_albolongus_strain_YIM_101047	TssE,TssF	2
Serratia_sp._NGAS9	TssA,TssB,TssD,TssE,TssF,TssG,TssJ,TssK,TssL,TssM	10
Rhodococcus_sp._DMU1	TssE	1
Halomonas_sp._GT_strain_GT	TssB,TssE	2
Halomonas_sp._Y2R2	TssA,TssB,TssD,TssE,TssF,TssG,TssJ,TssK,TssL,TssM	10
Escherichia_coli_035053C1pKPC2_Vir_090515B1	TssD,TssE,TssL	3
Pseudomonas_syringae_pv._maculicola_strain_MAFF_302723	TssA,TssB,TssC,TssD,TssE,TssF,TssG,TssJ,TssK,TssL,TssM	11
Pseudomonas_fluorescens_Q8r1-96	TssA,TssB,TssC,TssD,TssE,TssF,TssG,TssJ,TssK,TssL,TssM	11
Citrobacter_koseri_TUM13189	TssA,TssD,TssE,TssK	4
Neokomagataea_tanensis_strain_AH13_=_NBRC_106556	TssM	1
Mycobacterium_sp._JLS	TssE,TssL	2
Mixta_calida_strain_5098PV	TssA,TssB,TssD,TssE,TssF,TssG,TssJ,TssK,TssL,TssM	10
Salmonella_enterica_subsp._salamae_serovar_57:z29:z42	TssA,TssB,TssD,TssE,TssF,TssG,TssJ,TssK,TssL,TssM	10
Lachnoclostridium_sp._YL32	TssE	1
Citrobacter_sp._TSA-1	TssA,TssB,TssD,TssE,TssF,TssG,TssJ,TssK,TssL,TssM	10
Moritella_sp._28	TssA,TssB,TssD,TssE,TssF,TssG,TssJ,TssK,TssL,TssM	10
Enterobacter_sp._FY-07	TssA,TssB,TssD,TssE,TssF,TssG,TssJ,TssK,TssL,TssM	10
Sorangium_cellulosum_So_ce56	TssA,TssB,TssD,TssE,TssF,TssG,TssJ,TssK,TssL,TssM	10
Paenibacillus_polymyxa_ATCC_842	TssL	1
Spirochaeta_smaragdinae_DSM_11293	TssE	1
Mycobacterium_lentiflavum_ATCC_51985	TssL	1
Asaccharobacter_celatus_DSM_18785	TssL	1
Thioalkalivibrio_nitratireducens_DSM_14787	TssE	1
Escherichia_coli_IHE3034	TssA,TssB,TssD,TssE,TssF,TssG,TssJ,TssK,TssL,TssM	10
Escherichia_coli_ACN001	TssB,TssD,TssE,TssL	4
Bosea_vaviloviae_strain_Vaf18	TssA,TssB,TssD,TssE,TssF,TssG,TssK,TssL,TssM	9
Rahnella_victoriana_JZ-GX1	TssA,TssB,TssD,TssE,TssF,TssG,TssJ,TssK,TssL,TssM	10
Xylella_fastidiosa_subsp._multiplex_LA-Y3C	TssE	1
Bacteroides_sp._HF-162	TssE	1
Chromatiaceae_bacterium_No.7	TssB	1
Klebsiella_michiganensis_53828CZ	TssA,TssB,TssD,TssE,TssF,TssG,TssJ,TssK,TssL,TssM	10
Roseburia_hominis_A2-183	TssE	1
Enterobacter_aerogenes_EA1509E	TssA,TssB,TssD,TssE,TssF,TssG,TssJ,TssK,TssL,TssM	10
Salinibacterium_sp._UTAS2018	TssL	1
Rhodobacterales_bacterium_strain_HKCCA1288	TssA,TssB,TssD,TssE,TssF,TssG,TssJ,TssK,TssL,TssM	10
Streptomyces_niveus_NCIMB_11891	TssE	1
Acinetobacter_baumannii_LAC-4	TssK,TssL	2
Nostoc_sp._TCL240-02	TssB,TssE	2
Arthrobacter_sp._zg-ZUI122	TssE	1
Chlamydia_psittaci_C19/98	TssC	1
Chitinibacter_sp._2T18	TssF,TssG	2
Aminobacter_sp._MDW-2	TssA,TssB,TssC,TssD,TssE,TssF,TssG,TssJ,TssK,TssL,TssM	11
Thermus_sp._CCB_US3_UF1	TssL	1
Vibrio_campbellii_CAIM_519_=_NBRC_15631_strain_ATCC_25920,_CAIM_519T	TssA,TssB,TssD,TssE,TssF,TssG,TssJ,TssK,TssL,TssM	10
Streptomyces_sp._RPA4-2	TssE	1
Pseudomonas_sp._ADAK22	TssA,TssB,TssD,TssE,TssF,TssG,TssJ,TssK,TssL,TssM	10
Pyxidicoccus_sp._SCPEA002	TssA,TssB,TssD,TssE,TssF,TssG,TssJ,TssK,TssL,TssM	10
Escherichia_coli_O157:H-_strain_3072/96	TssA,TssB,TssD,TssE,TssF,TssG,TssJ,TssK,TssL,TssM	10
Actinomyces_sp._oral_taxon_897_strain_F0631	TssL	1
Corynebacterium_aquatimens_strain_CNCTC	TssJ	1
Mycolicibacterium_boenickei_strain_PDNC014	TssD	1
Limnobaculum_parvum_strain_HYN0051	TssA,TssB,TssD,TssE,TssF,TssG,TssJ,TssK,TssL,TssM	10
Aeromonas_sp._FDAARGOS_1404_strain_Not_applicable	TssA,TssB,TssD,TssE,TssF,TssG,TssJ,TssK,TssL,TssM	10
Mycobacterium_tuberculosis_BT2	TssL	1
Aeromonas_hydrophila_YL17	TssD,TssL	2
Cellvibrio_japonicus_strain_ADPT1-KOJIBIOSE	TssC,TssE	2
Salegentibacter_sp._strain_oa5	TssK,TssL	2
Escherichia_coli_O157:H7_str._EDL933	TssA,TssB,TssD,TssE,TssF,TssG,TssJ,TssK,TssL,TssM	10
Sphingomonas_sp._HDW15B	TssL	1
Streptomyces_sp._RLB1-9_strain_Microscale_soil_grain	TssE	1
Candidatus_Bartonella_ancashi_strain_20.00	TssE	1
Bacillus_thermocopriae_strain_DUT50_236	TssL	1
Mycobacterium_tuberculosis_PanR0505	TssL	1
Leisingera_aquaemixtae_strain_R2C4	TssA,TssB,TssD,TssE,TssF,TssG,TssK,TssL,TssM	9
Pantoea_eucrina_XL123	TssA,TssB,TssD,TssE,TssF,TssG,TssJ,TssK,TssL,TssM	10
Janthinobacterium_agaricidamnosum_strain_BHSEK	TssA,TssB,TssD,TssE,TssF,TssG,TssJ,TssK,TssL,TssM	10
Lactobacillus_amylolyticus_strain_L5	TssA	1
Sphingobium_sp._MI1205	TssE	1
Pseudomonas_sp._SNU_WT1	TssA,TssB,TssD,TssE,TssF,TssG,TssJ,TssK,TssL,TssM	10
Rhodococcus_sp._USK10	TssL	1
Candidatus_Cytomitobacter_primus_strain_1604LC	TssA,TssB,TssE,TssF,TssG,TssK,TssL	7
Alcaligenes_faecalis_T17	TssA,TssB,TssD,TssE,TssF,TssG,TssJ,TssK,TssL,TssM	10
Leisingera_methylohalidivorans_DSM_14336	TssA,TssB,TssD,TssE,TssF,TssG,TssK,TssL,TssM	9
Geobacillus_sp._C56-T3	TssE	1
Serratia_fonticola_RB-25	TssA,TssB,TssD,TssE,TssF,TssG,TssJ,TssK,TssL,TssM	10
Devosia_sp._1566	TssE,TssL	2
Bradyrhizobium_sp._S2-11-4	TssA	1
Salmonella_enterica_subsp._enterica_serovar_Onderstepoort_str._SA20060086_strain_SA20060086	TssD,TssE	2
Cupriavidus_sp._EM10	TssA,TssB,TssD,TssE,TssF,TssG,TssJ,TssK,TssL,TssM	10
Acinetobacter_schindleri_BDT2091	TssA,TssB,TssD,TssE,TssF,TssG,TssK,TssL,TssM	9
Microbacterium_sp._A18JL200	TssL	1
Flaviflexus_sp._dk850	TssL	1
Escherichia_coli_KLY	TssD,TssE,TssL	3
Salmonella_enterica_subsp._enterica_serovar_Enteritidis_str._EC20121765	TssA,TssD,TssE,TssG,TssM	5
Aureimonas_populi_strain_KCTC_42087	TssG	1
Salmonella_enterica_subsp._enterica_serovar_Paratyphi_B_str._CFSAN000541_strain_SGSC_2239	TssD,TssE	2
Nakamurella_sp._s14-144_strain_S14-144	TssE	1
Novosphingobium_sp._Gsoil_351	TssL	1
Candidatus_Ruthia_sp._Cpac_8_S14	TssC	1
Escherichia_coli_O103:H2_str._12009	TssA,TssB,TssD,TssE,TssF,TssG,TssJ,TssK,TssL,TssM	10
Serratia_sp._1D1416	TssA,TssB,TssD,TssE,TssF,TssG,TssJ,TssK,TssL,TssM	10
Salmonella_enterica_subsp._arizonae_serovar_13:g,z51:-_strain_2009K0967	TssA,TssB,TssD,TssE,TssF,TssG,TssJ,TssK,TssL,TssM	10
Thermobifida_fusca_strain_UPMC_901	TssL	1
Rhodococcus_sp._PBTS1	TssL	1
Salmonella_enterica_subsp._enterica_serovar_Enteritidis_str._EC20090193	TssA,TssD,TssE,TssG,TssM	5
Pseudomonas_sp._LH1G9	TssA,TssB,TssD,TssE,TssF,TssG,TssJ,TssK,TssL,TssM	10
Mycobacterium_pseudoshottsii_JCM_15466	TssB	1
Dysgonomonadaceae_bacterium_zrk40	TssL	1
Chryseobacterium_carnis_strain_G0081	TssB,TssC,TssE,TssF,TssG	5
Pseudomonas_sp._s211(2017)_strain_s211(2017)_strain_s211(2017)_strain_s211(2017)	TssA,TssB,TssC,TssD,TssE,TssF,TssG,TssJ,TssK,TssL,TssM	11
Pseudomonas_sp._MTM4	TssA,TssB,TssD,TssE,TssF,TssG,TssJ,TssK,TssL,TssM	10
Dechloromonas_aromatica_RCB	TssA,TssB,TssD,TssE,TssF,TssG,TssJ,TssK,TssL,TssM	10
Francisella_tularensis_subsp._novicida_strain_AL97-2214	TssB,TssK,TssL,TssM	4
Psychrobacter_sp._KCTC_72983	TssE	1
Bacillus_thuringiensis_HD-789	TssE	1
Comamonas_sp._CJ34	TssA,TssB,TssD,TssE,TssF,TssG,TssJ,TssK,TssL	9
Draconibacterium_orientale_strain_FH5	TssE	1
Pseudomonas_sp._ACM7	TssA,TssB,TssD,TssE,TssF,TssG,TssJ,TssK,TssL,TssM	10
Methylophaga_nitratireducenticrescens_strain_GP59	TssE	1
Pseudomonas_putida_H8234	TssA,TssE,TssL,TssM	4
Candidatus_Fukatsuia_symbiotica_strain_5D	TssE	1
Bacillus_sp._LJBS17	TssA	1
Pseudomonas_sp._S04	TssA,TssB,TssD,TssE,TssF,TssG,TssJ,TssK,TssL,TssM	10
Mycoplasma_gallisepticum_NC96_1596-4-2P	TssE	1
Capnocytophaga_sputigena_strain_D1176	TssE	1
Paenibacillus_chitinolyticus_strain_KCCM_41400	TssE	1
Escherichia_coli_O157:H7_str._SS17	TssA,TssB,TssD,TssE,TssF,TssG,TssJ,TssK,TssL,TssM	10
Streptomyces_sp._WAC00288	TssE,TssF	2
Microcystis_aeruginosa_strain_NIES-88	TssB	1
Campylobacter_jejuni_subsp._jejuni_NCTC_11168-Kf1	TssB	1
Pseudomonas_sp._CFA	TssA,TssB,TssC,TssD,TssE,TssF,TssG,TssJ,TssK,TssL,TssM	11
Hymenobacter_sp._HDW8	TssE	1
Salmonella_enterica_subsp._houtenae_serovar_Houten_strain_NCTC10401	TssA,TssB,TssD,TssE,TssF,TssG,TssJ,TssK,TssL,TssM	10
Synechococcus_sp._PCC_7002	TssA	1
Paenibacillus_ihbetae_strain_IHBB_9852	TssA,TssE,TssL	3
Xylella_fastidiosa_Temecula1	TssE	1
Salmonella_enterica_subsp._enterica_serovar_Enteritidis_str._EC20122031	TssA,TssD,TssE,TssG,TssM	5
Natrialbaceae_archaeon_JW/NM-HA_15_strain_JW/NM-HA_15	TssE	1
Haloactinobacterium_sp._HY164_strain_HY044	TssD,TssE	2
Candidatus_Mycoplasma_haemolamae_str._Purdue	TssK	1
Modestobacter_marinus_strain_BC501	TssL	1
Paenibacillus_sp._HWE-109	TssA,TssE	2
Sedimentitalea_sp._W43	TssA,TssB,TssD,TssE,TssF,TssG,TssK,TssL,TssM	9
Serratia_sp._FS14	TssA,TssB,TssD,TssE,TssF,TssG,TssJ,TssK,TssL,TssM	10
Streptomyces_sp._LBUM_1480	TssB,TssE,TssL	3
Coxiella_burnetii_strain_14160-001	TssL,TssM	2
Treponema_primitia_ZAS-2	TssB	1
Haloactinobacterium_sp._RN3S43	TssA,TssE,TssL	3
Wolbachia_pipientis_F3	TssE	1
Bradyrhizobium_sp._bin51	TssE	1
Stappia_sp._ES.058	TssE	1
Mycobacterium_bovis_BCG_str._Mexico	TssL	1
Mycolicibacterium_senegalense_strain_ATCC_35796	TssD,TssE,TssL	3
Shigella_flexneri_2003036	TssA,TssE,TssF,TssG,TssL	5
Prosthecochloris_sp._CIB_2401	TssC	1
Nocardia_sp._CS682	TssL	1
Luteimonas_sp._JM171	TssA,TssB,TssD,TssE,TssF,TssG,TssJ,TssK,TssL,TssM	10
Mycoavidus_cysteinexigens_strain_B1-EB_strain_B1EB	TssA,TssB,TssD,TssE,TssF,TssG,TssK,TssL,TssM	9
Salmonella_enterica_subsp._enterica_serovar_Enteritidis_str._SA19930684	TssA,TssD,TssE,TssG,TssM	5
Comamonas_sp._7D-2	TssL	1
Agrobacterium_sp._CGMCC_11546	TssA,TssB,TssD,TssE,TssF,TssG,TssK,TssL,TssM	9
Deinococcus_swuensis_DY59	TssB,TssE	2
Myxococcus_xanthus_ATCC_27925	TssA,TssB,TssD,TssE,TssF,TssG,TssJ,TssK,TssL,TssM	10
Neisseria_sp._ZJ785	TssE	1
Synechococcus_sp._NOUM97013	TssE	1
Caulobacter_rhizosphaerae_strain_KCTC_52515	TssA,TssB,TssD,TssE,TssF,TssG,TssK,TssL,TssM	9
Citrobacter_sp._RHBSTW-01044	TssA,TssB,TssC,TssD,TssE,TssF,TssG,TssJ,TssK,TssL,TssM	11
Salmonella_enterica_subsp._enterica_serovar_Blegdam_str._S-1824_strain_S-1824	TssA,TssD,TssE,TssG,TssM	5
uncultured_Alphaproteobacteria_bacterium_min17_bin31	TssA,TssM	2
Planctomycetes_bacterium_ETA_A8	TssA,TssB,TssD,TssE,TssF,TssG,TssK,TssL	8
Citrobacter_freundii_CFNIH1	TssA,TssB,TssC,TssD,TssE,TssF,TssG,TssK,TssL	9
Citrobacter_sp._CRE-46_strain_AR_0157	TssA,TssB,TssC,TssD,TssE,TssF,TssG,TssJ,TssK,TssL,TssM	11
Bacillus_endophyticus_strain_Hbe603	TssE	1
Pseudomonas_putida_BIRD-1	TssA,TssB,TssM	3
Dietzia_sp._DQ12-45-1b	TssL	1
Pseudomonas_syringae_pv._tagetis_ICMP_4091	TssA,TssB,TssC,TssD,TssE,TssF,TssG,TssJ,TssK,TssL,TssM	11
Arthrobacter_sp._NEB_688	TssD	1
Tenacibaculum_sp._DSM_106434	TssC,TssE,TssL	3
Pseudomonas_tolaasii_strain_Pt11	TssA,TssB,TssD,TssE,TssF,TssG,TssJ,TssK,TssL,TssM	10
Burkholderia_pseudomallei_9	TssA,TssB,TssD,TssE,TssF,TssG,TssJ,TssK,TssL,TssM	10
Citrobacter_sp._RHBSTW-00903	TssA,TssB,TssC,TssD,TssE,TssF,TssG,TssK,TssL	9
Hydromonas_sp._F02	TssB,TssE	2
Planococcus_massiliensis_strain_MGYG-HGUT-01482	TssL	1
Pseudomonas_sp._UW4	TssA,TssB,TssD,TssE,TssF,TssG,TssJ,TssK,TssL,TssM	10
Sphingomonas_insulae_strain_KCTC_12872	TssE	1
Pseudoalteromonas_xiamenensis_strain_STKMTI.2	TssE	1
Clostridiaceae_bacterium_Marseille-Q4143	TssE	1
Shewanella_sp._FJAT-53764	TssD	1
Lonsdalea_britannica_strain_477	TssA,TssB,TssD,TssE,TssF,TssG,TssJ,TssK,TssL,TssM	10
Virgibacillus_sp._6R	TssE,TssL	2
Salmonella_enterica_subsp._enterica_serovar_Enteritidis_str._EC20120240	TssA,TssD,TssE,TssG,TssM	5
Mycoplasma_bovirhinis_strain_GS01	TssC	1
Synechococcus_sp._PCC_7003	TssA	1
Vibrio_sp._OG9-811	TssA,TssB,TssD,TssE,TssF,TssG,TssJ,TssK,TssL,TssM	10
Plantactinospora_sp._KBS50	TssK,TssL,TssM	3
Nostoc_sp._ATCC_53789	TssE	1
Runella_sp._SP2	TssA	1
Nocardiopsis_sp._Mg02	TssF,TssK,TssL	3
Nostoc_sp._C052	TssE	1
Flavobacterium_sp._P2-65	TssE	1
Leptolyngbya_sp._PKUAC-SCTE412	TssE	1
Aquihabitans_sp._G128	TssE,TssL	2
Thermus_antranikianii_strain_RBS10-92	TssL	1
Candidatus_Cytomitobacter_indipagum_strain_1605	TssA,TssB,TssE,TssF,TssG,TssK,TssL	7
Escherichia_coli_O152:H23_strain_Res13-Lact-ER01-35	TssA,TssB,TssD,TssE,TssF,TssG,TssJ,TssK,TssL,TssM	10
Candidatus_Saccharibacteria_bacterium_49-20	TssL	1
Martelella_lutilitoris_strain_ZRK001	TssF	1
Methylobacterium_currus_TP-3	TssE,TssL	2
Xenorhabdus_poinarii_G6	TssA,TssB,TssD,TssE,TssF,TssG,TssJ,TssK,TssL,TssM	10
Salmonella_enterica_subsp._enterica_serovar_Enteritidis_str._EC20090195	TssA,TssD,TssE,TssG,TssM	5
Legionella_pneumophila_subsp._pneumophila_str._Thunder_Bay	TssL,TssM	2
Campylobacter_pinnipediorum_subsp._pinnipediorum_strain_RM17260	TssE	1
Campylobacter_sp._RM6914	TssE	1
Pseudomonas_sp._OIL-1	TssA,TssB,TssD,TssE,TssF,TssG,TssJ,TssK,TssL,TssM	10
Yersinia_enterocolitica_subsp._enterocolitica_strain_NCTC12982	TssA,TssB,TssD,TssE,TssF,TssG,TssJ,TssK,TssL,TssM	10
Cobetia_sp._cqz5-12	TssA,TssB,TssD,TssE,TssF,TssG,TssJ,TssK,TssL,TssM	10
Lactobacillus_sp._WiKim39_strain_WiKim39	TssB	1
Streptomyces_sp._RPA4-5	TssE	1
Oceanimonas_sp._GK1	TssL	1
Mycobacterium_tuberculosis_str._Haarlem/NITR202	TssL	1
Xanthomonas_perforans_strain_LH3	TssA,TssB,TssC,TssD,TssE,TssF,TssG,TssK,TssL,TssM	10
Salmonella_enterica_subsp._enterica_serovar_Heidelberg_str._41578	TssA,TssB,TssD,TssE,TssF,TssG,TssJ,TssK,TssL,TssM	10
Mixta_intestinalis_strain_SRCM103226	TssA,TssB,TssD,TssE,TssF,TssG,TssJ,TssK,TssL,TssM	10
Sphingobium_sp._SCG-1	TssE,TssL	2
Flavobacterium_johnsoniae_strain_FJ001	TssC,TssD,TssE,TssF,TssG,TssK	6
Lactobacillus_sp._HBUAS52074	TssC	1
Iodobacter_sp._H11R3	TssA,TssB,TssD,TssE,TssF,TssG,TssJ,TssK,TssL,TssM	10
Xanthomonas_translucens_pv._hordei_UPB458	TssA,TssB,TssC,TssD,TssE,TssF,TssG,TssJ,TssK,TssL,TssM	11
Francisella_tularensis_subsp._tularensis_NE061598	TssB,TssK,TssL	3
Salmonella_enterica_subsp._enterica_serovar_Enteritidis_str._EC20111510	TssA,TssD,TssE,TssG,TssM	5
Geobacillus_thermoglucosidans_TNO-09.020	TssE	1
Streptococcus_pneumoniae_70585	TssE	1
Bacillus_bombysepticus_str._Wang	TssE	1
Streptomyces_bacillaris_strain_ATCC_15855	TssE	1
Mycobacterium_lacus_strain_JCM_15657	TssB,TssL	2
Streptomyces_pactum_strain_KLBMP_5084	TssE	1
Leptotrichia_sp._oral_taxon_221_strain_F0705	TssE	1
Streptococcus_pneumoniae_JJA	TssE	1
Rhodococcus_sp._USK13	TssE,TssL	2
Salmonella_enterica_subsp._enterica_serovar_Enteritidis_str._EC20122033	TssA,TssD,TssE,TssG,TssM	5
Paraliobacillus_sp._X-1125	TssL	1
Candidatus_Competibacteraceae_bacterium_strain_Lyne_18-Q3-R50-59_BATAC.383_cln	TssA,TssB,TssD,TssE,TssF,TssG,TssK,TssL,TssM	9
Pseudooceanicola_atlanticus_strain_ih10	TssB,TssD	2
Streptomyces_vinaceus_strain_ATCC_27476	TssM	1
Marinobacter_sp._Hb8	TssA	1
Mucilaginibacter_ginsenosidivorans_strain_Gsoil_3017	TssE	1
Xanthomonas_arboricola_pv._corylina_301	TssB,TssE,TssM	3
Bacillus_sp._L13_(2020)_strain_L13_(2020)_strain_L13_(2020)_strain_L13_(2020)	TssL	1
Dickeya_aquatica_strain_174/2	TssE	1
Methylocystis_rosea_strain_BRCS1	TssE	1
Mesorhizobium_sp._NZP2234	TssA,TssB,TssC,TssD,TssE,TssF,TssG,TssJ,TssK,TssL,TssM	11
Kosakonia_oryzae_IAC-BECa90	TssA,TssB,TssD,TssE,TssF,TssG,TssJ,TssK,TssL,TssM	10
Enterobacter_sp._N18-03635	TssA,TssB,TssD,TssE,TssF,TssG,TssJ,TssK,TssL,TssM	10
Pseudomonas_aeruginosa_PA1R	TssA,TssB,TssD,TssE,TssF,TssG,TssJ,TssK,TssL,TssM	10
Terriglobus_saanensis_SP1PR4	TssA,TssB,TssE,TssF,TssG,TssK,TssL,TssM	8
Streptococcus_constellatus_subsp._pharyngis_C818	TssB	1
Lactobacillus_brevis_ATCC_367	TssE,TssL	2
Acinetobacter_sp._FDAARGOS_494_strain_Not_applicable	TssA,TssB,TssD,TssE,TssF,TssG,TssK,TssL,TssM	9
Streptomyces_sp._LBUM_1482	TssE,TssL	2
Qipengyuania_sp._1XM2-8	TssE	1
Chryseobacterium_sp._cx-624	TssA	1
Pantoea_gaviniae_strain_DSM_22758	TssA,TssB,TssD,TssE,TssF,TssG,TssJ,TssK,TssL,TssM	10
Legionella_pneumophila_2300/99_Alcoy	TssL,TssM	2
Escherichia_coli_str._K-12_substr._MC4100	TssD,TssE,TssL	3
Marinilactibacillus_sp._15R	TssL	1
Vibrio_panuliri_strain_JCM_19500	TssA,TssB,TssD,TssE,TssF,TssG,TssJ,TssK,TssL,TssM	10
Citrobacter_sp._RHBSTW-00127	TssA,TssB,TssD,TssE,TssF,TssG,TssJ,TssK,TssL,TssM	10
Escherichia_marmotae_W49-2	TssA,TssB,TssD,TssE,TssF,TssG,TssJ,TssK,TssL,TssM	10
Sphingobacterium_thalpophilum_strain_NCTC11429	TssE	1
Salmonella_enterica_subsp._enterica_serovar_Enteritidis_str._SA19942384	TssA,TssD,TssE,TssG,TssM	5
Chitinolyticbacter_meiyuanensis_strain_SYBC-H1	TssA,TssB,TssD,TssE,TssF,TssG,TssJ,TssK,TssL,TssM	10
Proteobacteria_bacterium_bin408	TssD	1
Isosphaera_pallida_ATCC_43644	TssE	1
Legionella_pneumophila_130b	TssL,TssM	2
Comamonas_sp._Y33R10-2	TssE,TssL	2
Mesorhizobium_sp._L-8-3	TssA,TssB,TssC,TssD,TssE,TssF,TssG,TssJ,TssK,TssL,TssM	11
Shewanella_sp._FJAT-54031	TssD	1
Pseudomonas_migulae_strain_R1-9	TssA,TssE,TssM	3
Halostagnicola_larsenii_XH-48	TssE	1
Pseudomonas_sp._R2-7-07	TssA,TssB,TssD,TssE,TssF,TssG,TssJ,TssK,TssL,TssM	10
Microbacterium_sp._ABRD_28	TssL	1
Vibrio_neocaledonicus_strain_CGJ02-2	TssA,TssB,TssD,TssE,TssF,TssG,TssJ,TssK,TssL,TssM	10
Salmonella_enterica_subsp._enterica_serovar_Enteritidis_str._SA20090435	TssA,TssD,TssE,TssG,TssM	5
Arthrospira_platensis_NIES-39	TssE	1
Pseudomonas_denitrificans_ATCC_13867	TssA,TssB,TssD,TssE,TssF,TssG,TssJ,TssK,TssL,TssM	10
Planctomycetes_bacterium_FF011L	TssE	1
Erythrobacter_sp._A30-3	TssE	1
Candidatus_Amoebophilus_asiaticus_5a2	TssE	1
Streptomyces_huasconensis_D23	TssE,TssL	2
Rothia_mucilaginosa_DY-18	TssC	1
Lysinibacillus_sp._2017	TssE	1
Leptospira_borgpetersenii_serovar_Ceylonica_strain_Piyasena	TssB,TssD	2
Desulfotomaculum_kuznetsovii_DSM_6115	TssL	1
Citrobacter_sp._TBCP-5362	TssA,TssD	2
Rhodobacteraceae_bacterium_9Alg_56	TssA,TssB,TssD,TssE,TssF,TssG,TssK,TssL,TssM	9
Burkholderia_stagnalis_strain_MSMB735WGS	TssA,TssB,TssD,TssE,TssF,TssG,TssJ,TssK,TssL,TssM	10
Geobacter_sp._DSM_9736_strain_DSM_9736	TssB,TssE	2
Yersinia_pestis_A1122	TssA,TssB,TssD,TssE,TssF,TssG,TssJ,TssK,TssL,TssM	10
Actinoplanes_sp._L3-i22	TssE,TssG,TssL	3
Corynebacterium_lactis_RW2-5	TssL	1
Yersinia_enterocolitica_subsp._palearctica_Y11	TssA,TssB,TssD,TssE,TssF,TssG,TssJ,TssK,TssL,TssM	10
Pseudomonas_sp._DG56-2	TssA,TssB,TssD,TssE,TssF,TssG,TssJ,TssK,TssL,TssM	10
Vibrio_cidicii_strain_2423-01	TssA,TssB,TssD,TssE,TssF,TssG,TssJ,TssK,TssL,TssM	10
Saccharothrix_algeriensis_strain_NRRL_B-24137	TssE	1
Salmonella_enterica_subsp._enterica_serovar_Montevideo_str._CDC_2009K-0792	TssA,TssB,TssD,TssE,TssF,TssG,TssJ,TssK,TssL,TssM	10
Burkholderia_lata_strain_383	TssA,TssB,TssD,TssE,TssF,TssG,TssJ,TssK,TssL,TssM	10
Burkholderia_sp._AD24	TssA,TssB,TssD,TssE,TssF,TssG,TssJ,TssK,TssL,TssM	10
Dietzia_lutea_strain_YIM_80766	TssL	1
Nocardioides_humi_strain_DCY24	TssE	1
Escherichia_coli_O104:H4_PartB-EcoliO104H4-RM8376	TssA,TssB,TssD,TssE,TssF,TssG,TssJ,TssK,TssL,TssM	10
Escherichia_coli_O127:H6_strain_EPEC_E2348/69_variety_2	TssE,TssL	2
Gemmatimonadales_bacterium_bin109	TssA,TssE	2
Haemophilus_parainfluenzae_strain_FDAARGOS_1000_strain_Not_applicable	TssA,TssB,TssD,TssE,TssF,TssG,TssJ,TssK,TssL,TssM	10
Achromobacter_xylosoxidans_NBRC_15126_=_ATCC_27061	TssA,TssB,TssD,TssE,TssF,TssG,TssJ,TssK,TssL,TssM	10
Microbacterium_sp._ST-M6	TssL	1
Porphyrobacter_neustonensis_strain_DSM_9434	TssA,TssE	2
Helicobacter_felis_ATCC_49179	TssG	1
Lactiplantibacillus_paraplantarum_KCCM_11826P	TssL	1
Capnocytophaga_sp._H2931	TssE	1
Cupriavidus_necator_N-1	TssA	1
Micromonospora_purpureochromogenes_strain_DSM_43821	TssE,TssL	2
Pseudomonas_sp._St386	TssA,TssB,TssC,TssD,TssE,TssF,TssG,TssJ,TssK,TssL,TssM	11
Geobacillus_sp._Y412MC52	TssE	1
Halobacillus_mangrovi_strain_KTB_131	TssL	1
Streptococcus_oralis_1648	TssE	1
Acinetobacter_sp._Marseille-Q1620	TssA,TssB,TssD,TssE,TssF,TssG,TssK,TssL,TssM	9
Micromonospora_sp._HM134	TssE,TssL	2
Helicobacter_sp._NHP19-0003	TssG	1
Leptospira_interrogans_serovar_Hardjo_str._Norma	TssD,TssL	2
Francisella_noatunensis_subsp._orientalis_LADL--07-285A	TssA,TssB,TssK,TssL,TssM	5
Chryseobacterium_sp._G0186	TssB,TssC,TssE,TssF,TssG,TssK	6
Ferriphaselus_amnicola_strain_OYT1	TssE	1
Aminobacter_sp._SR38	TssA,TssB,TssC,TssD,TssE,TssF,TssG,TssJ,TssK,TssL,TssM	11
Bordetella_sp._HZ20	TssL	1
Rhizobium_sp._BG4	TssK	1
Candidatus_Pseudomonas_adelgestsugas_strain_HWA_ENA	TssA	1
Proteobacteria_bacterium_H1R30-47	TssA,TssB,TssD,TssE,TssF,TssG,TssK,TssL,TssM	9
Halomonas_sp._JS92-SW72	TssB,TssE,TssL	3
Mumia_sp._ZJ1417	TssL	1
Pseudomonas_sp._R4-39-08	TssA,TssB,TssD,TssE,TssF,TssG,TssJ,TssK,TssL,TssM	10
Aeromonas_sp._FDAARGOS_1419_strain_Not_applicable	TssE,TssK	2
Rhodococcus_sp._P1Y	TssL	1
Caproiciproducens_sp._7D4C2	TssE	1
Salmonella_enterica_subsp._enterica_serovar_Enteritidis_str._EC20100088	TssA,TssD,TssE,TssG,TssM	5
Halomonas_venusta_strain_4743	TssB	1
Geobacillus_subterraneus_strain_CPW16	TssC	1
Pseudomonas_sp._Y39-6	TssA,TssB,TssD,TssE,TssF,TssG,TssJ,TssK,TssL,TssM	10
Leucobacter_denitrificans_strain_KACC_14055	TssE	1
Leifsonia_sp._21MFCrub1.1	TssL	1
Yersinia_aldovae_670-83	TssA,TssB,TssD,TssE,TssF,TssG,TssJ,TssK,TssL,TssM	10
Sanguibacter_keddieii_DSM_10542	TssE	1
Haemophilus_influenzae_biotype_aegyptius_strain_HE15/F3028	TssE	1
Arcticibacterium_luteifluviistationis_strain_SM1504_strain_SM1504T	TssD	1
Tumebacillus_algifaecis_strain_THMBR28	TssE	1
Alcanivorax_sp._strain_HT1	TssA,TssB,TssD,TssE,TssF,TssG,TssJ,TssK,TssL,TssM	10
Halovivax_sp._KZCA124	TssE,TssL	2
Zobellia_galactanivorans_strain_Dsij	TssC,TssE,TssF,TssK	4
Clostridiales_bacterium_FE2010	TssJ	1
Campylobacter_jejuni_subsp._jejuni_81116	TssB	1
Citrobacter_sp._RHBSTW-00696	TssA,TssB,TssD,TssE,TssF,TssG,TssJ,TssK,TssL,TssM	10
Shewanella_sp._FJAT-53681	TssD	1
Capnocytophaga_canimorsus_Cc5	TssB,TssE,TssL	3
Bacillus_anthracis_8903-G	TssE	1
Salmonella_enterica_subsp._enterica_serovar_Enteritidis_str._EC20120765	TssA,TssD,TssE,TssG,TssM	5
Streptococcus_pneumoniae_D39	TssE	1
Elizabethkingia_meningoseptica_FMS-007	TssB,TssC,TssE,TssF,TssG	5
Citrobacter_youngae_strain_L6	TssA,TssB,TssD,TssE,TssF,TssG,TssJ	7
Bacteroides_fragilis	TssB,TssC,TssE,TssF,TssG,TssK,TssM	7
Klebsiella_pneumoniae_ATCC_BAA-2146	TssA,TssB,TssD,TssE,TssF,TssG,TssJ,TssK,TssL,TssM	10
Salmonella_enterica_subsp._enterica_serovar_Enteritidis_str._SA19961622	TssA,TssD,TssE,TssG,TssM	5
Martelella_sp._NC20	TssE,TssL	2
Chryseobacterium_sp._IHB_B_10212	TssB,TssC,TssE,TssF,TssG,TssK	6
Flavobacterium_sp._HYN0086	TssE	1
Salmonella_enterica_subsp._enterica_serovar_Cubana_str._CFSAN002050	TssA,TssB,TssD,TssE,TssF,TssG,TssJ,TssK,TssL,TssM	10
Yersinia_pseudotuberculosis_PB1/+	TssA,TssB,TssD,TssE,TssF,TssG,TssJ,TssK,TssL,TssM	10
Bordetella_genomosp._8_strain_AU19157	TssA,TssB,TssD,TssE,TssF,TssG,TssJ,TssK,TssL,TssM	10
Campylobacter_jejuni_subsp._jejuni_00-2425	TssE	1
Romboutsia_sp._Frifi_strain_FRIFI	TssE	1
Ignavibacteria_bacterium_strain_Ch128a	TssB	1
Neisseria_polysaccharea_strain_M18661	TssE	1
Microbacterium_sp._NY27	TssE	1
Pseudomonas_chlororaphis_subsp._piscium_strain_ATCC_17411	TssA,TssB,TssD,TssE,TssF,TssG,TssJ,TssK,TssL,TssM	10
Sphingomonas_melonis_strain_ZJ26	TssE,TssG	2
Clostridium_beijerinckii_ATCC_35702_SA-1	TssA,TssB	2
Xanthomonas_citri_pv._malvacearum_X18	TssA,TssB,TssC,TssD,TssE,TssF,TssG,TssK,TssL,TssM	10
Cellulosimicrobium_sp._72-3	TssL	1
Parasaccharibacter_apium_strain_G7_7_3c	TssE	1
Salmonella_enterica_subsp._enterica_serovar_Enteritidis_str._EC20100089	TssA,TssD,TssE,TssG,TssM	5
Flavobacterium_sp._Sr18	TssE	1
Dickeya_zeae_NCPPB_3532	TssA,TssB,TssD,TssE,TssF,TssG,TssJ,TssK,TssL,TssM	10
Neisseriaceae_bacterium_strain_HaMa	TssA,TssB,TssD,TssE,TssF,TssG,TssJ,TssK,TssL,TssM	10
Mycobacterium_avium_subsp._avium_2285_(R)_2285_(R)	TssL	1
Oscillatoria_acuminata_PCC_6304	TssB,TssE,TssL	3
Paraburkholderia_sp._PGU16	TssA,TssB,TssD,TssE,TssF,TssG,TssJ,TssK,TssL,TssM	10
Azospirillum_sp._M2T2B2	TssA,TssB,TssD,TssE,TssF,TssG,TssJ,TssK,TssL,TssM	10
Candidatus_Jettenia_sp._AM49	TssE	1
Vibrio_cholerae_2740-80	TssA,TssB,TssD,TssE,TssF,TssG,TssJ,TssK,TssL,TssM	10
Acidovorax_citrulli_HPP21-3-3B	TssA,TssB,TssD,TssE,TssF,TssG,TssJ,TssK,TssL,TssM	10
Leptospira_interrogans_serovar_Hardjo-prajitno_strain_Hardjoprajitno	TssD,TssL	2
Halomonas_hydrothermalis_strain_Slthf2	TssB	1
Burkholderia_sp._LAS2	TssA,TssB,TssD,TssE,TssF,TssG,TssJ,TssK,TssL,TssM	10
Klebsiella_pneumoniae_subsp._pneumoniae_NTUH-K2044	TssA,TssB,TssD,TssE,TssF,TssG,TssJ,TssK,TssL,TssM	10
Pseudomonas_veronii_G2	TssA,TssB,TssD,TssE,TssF,TssG,TssJ,TssK,TssL,TssM	10
Citrobacter_sp._RHBSTW-00821	TssD,TssE	2
Pseudomonas_sp._CMR5c	TssA,TssB,TssD,TssE,TssF,TssG,TssJ,TssK,TssL,TssM	10
Clostridiales_bacterium_FE2011	TssJ	1
Staphylococcus_aureus_subsp._aureus_ST772-MRSA-V_strain_DAR4145	TssE	1
Synechococcus_sp._CBW1107	TssL	1
Oxalobacter_formigenes_OXCC13_strain_OXCC13	TssE	1
Salmonella_enterica_subsp._enterica_serovar_Enteritidis_str._EC20111514	TssA,TssD,TssE,TssG,TssM	5
Bradyrhizobium_sp._WBAH41	TssC,TssE	2
Cronobacter_muytjensii_ATCC_51329	TssA,TssB,TssD,TssE,TssF,TssG,TssJ,TssK,TssL,TssM	10
Skermanella_sp._TT6	TssA,TssB,TssD,TssE,TssF,TssG,TssK,TssL,TssM	9
Cellvibrio_sp._KY-GH-1	TssA,TssB,TssC,TssD,TssE,TssF,TssG,TssJ,TssK,TssL,TssM	11
Aeromonas_salmonicida_subsp._salmonicida_A449	TssA,TssB,TssD,TssE,TssF,TssG,TssJ,TssK,TssL,TssM	10
Kyrpidia_tusciae_DSM_2912	TssK	1
Ralstonia_pickettii_DTP0602	TssA,TssE	2
Acinetobacter_sp._BHS4	TssA,TssB,TssD,TssE,TssF,TssG,TssK,TssL,TssM	9
Acinetobacter_baumannii_NCGM_237	TssA,TssB,TssD,TssE,TssF,TssG,TssK,TssL,TssM	9
Flavobacteriaceae_bacterium_F202Z8	TssB,TssC,TssE,TssF,TssK	5
Elizabethkingia_genomosp._4_strain_G4123	TssB,TssC,TssE,TssF,TssG	5
Shewanella_litorisediminis_strain_SMK1-12_strain_not_collected	TssD,TssL	2
Staphylococcus_aureus_subsp._aureus_ST398_2012-3	TssE	1
Bacillus_subtilis_BSn5	TssE	1
Salmonella_enterica_subsp._enterica_serovar_Enteritidis_str._SA19981522	TssA,TssD,TssE,TssG,TssM	5
Nostoc_sp._C057	TssE	1
Acetobacter_pasteurianus_subsp._pasteurianus_strain_SRCM101342	TssB,TssM	2
Candidatus_Ruthia_endofausta_strain_JDF_Ridge	TssC	1
Bacillus_sp._M4U3P1	TssA	1
Janthinobacterium_sp._PAMC25594	TssA,TssB,TssD,TssE,TssF,TssG,TssJ,TssK,TssL,TssM	10
Paenibacillus_sp._FSL_H7-0737	TssA,TssE	2
Rhodococcus_sp._B7740	TssL	1
Cellulomonas_sp._EW123	TssE	1
Campylobacter_helveticus_strain_2013D-9613	TssA,TssB,TssD,TssE,TssF,TssG,TssJ,TssK,TssL,TssM	10
Salmonella_enterica_subsp._enterica_serovar_Enteritidis_str._SA20093538	TssA,TssD,TssE,TssG,TssM	5
Actinoplanes_sp._OR16	TssE,TssM	2
Paenibacillus_sp._MBLB1234	TssA,TssL,TssM	3
Mycoplasma_gallisepticum_K4043	TssE	1
Nocardioides_baekrokdamisoli_strain_KCTC_39748	TssD,TssE	2
Raoultella_electrica_strain_DSM_102253	TssA,TssB,TssD,TssE,TssF,TssG,TssJ,TssK,TssL,TssM	10
Xanthomonas_campestris_pv._badrii_strain_NEB122	TssA,TssB,TssC,TssD,TssE,TssF,TssG,TssK,TssL,TssM	10
Caldilinea_aerophila_DSM_14535_=_NBRC_104270	TssE	1
Rhodanobacteraceae_bacterium_Dysh456	TssA,TssE	2
Nitrosopumilus_ureiphilus_strain_PS0	TssA	1
Ferruginibacter_lapsinanis_KACC_15035	TssL	1
Arthrobacter_sp._U41	TssL	1
Corynebacterium_phocae_strain_M408/89/1	TssL	1
Corynebacterium_sp._2039	TssL	1
Janthinobacterium_sp._1_2014MBL_MicDiv	TssA,TssB,TssD,TssE,TssF,TssG,TssJ,TssK,TssL,TssM	10
Bacteroides_fragilis_638R	TssB,TssC,TssE,TssF,TssG,TssK,TssM	7
Mesorhizobium_ciceri_ca181	TssA,TssB,TssC,TssD,TssE,TssF,TssG,TssJ,TssK,TssL,TssM	11
Bacteroides_faecis_BFG-108	TssC,TssE,TssF,TssG,TssK,TssM	6
Cohaesibacter_sp._ES.047	TssE	1
Bordetella_hinzii_strain_14-3425	TssA,TssB,TssD,TssE,TssF,TssG,TssK,TssL	8
Microbacterium_oxydans_strain_HG3	TssE	1
Frateuria_sp._5GH9-11	TssA,TssB,TssC,TssD,TssE,TssF,TssG,TssK,TssL,TssM	10
Mesorhizobium_ciceri_biovar_biserrulae_WSM1271	TssA,TssB,TssC,TssD,TssE,TssF,TssG,TssJ,TssK,TssL,TssM	11
Salmonella_enterica_subsp._enterica_serovar_Enteritidis_str._EC20111515	TssA,TssD,TssE,TssG,TssM	5
Thioflavicoccus_mobilis_8321	TssE,TssK,TssL	3
Streptomyces_sp._A2-16	TssE	1
Salmonella_enterica_subsp._enterica_serovar_Anatum_str._USDA-ARS-USMARC-1676	TssA,TssB,TssD,TssE,TssF,TssG,TssJ,TssK,TssL,TssM	10
Arcobacter_sp._FWKO_B	TssA,TssB,TssD,TssE,TssF,TssG,TssJ,TssK,TssL,TssM	10
Clostridiaceae_bacterium_Marseille-Q4149	TssC	1
Clostridium_beijerinckii_59B	TssA	1
Mycobacterium_heckeshornense_strain_JCM_15655	TssG	1
Lactobacillus_sp._Koumiss	TssG	1
Swingsia_samuiensis_strain_AH83	TssA,TssB,TssD,TssE,TssF,TssG,TssK,TssL	8
Cytobacillus_gottheilii_strain_1839	TssL	1
Planctomycetes_bacterium_EC9	TssA,TssB,TssD,TssE,TssF,TssG,TssK,TssL	8
Pseudomonas_stutzeri_DSM_10701	TssA,TssB,TssD,TssE,TssF,TssG,TssJ,TssK,TssL,TssM	10
Pseudomonas_fulva_12-X	TssA,TssB,TssD,TssE,TssF,TssG,TssJ,TssK,TssL,TssM	10
Alphaproteobacteria_bacterium_SO-S41	TssA,TssB,TssD,TssE,TssF,TssG,TssK,TssL,TssM	9
Campylobacter_sp._RM5004	TssB	1
Acinetobacter_baumannii_ACICU	TssA,TssB,TssD,TssE,TssF,TssG,TssK,TssL,TssM	9
Escherichia_coli_O7:K1_str._CE10	TssB,TssD,TssE,TssL	4
Erythrobacter_gangjinensis_strain_JCM_15420	TssE,TssJ	2
Enterococcus_faecalis_ATCC_29212	TssE	1
Wolbachia_endosymbiont_of_Diaphorina_citri_strain_KPSwDI05P26	TssE	1
Burkholderia_latens_strain_AU0505	TssA,TssB,TssD,TssE,TssF,TssG,TssJ,TssK,TssL,TssM	10
Synechococcus_elongatus_PCC_7942	TssA,TssE	2
uncultured_Paludibacter_sp._strain_IK1	TssG	1
Mycobacterium_malmoense_strain_ATCC_29571	TssB,TssG,TssL	3
Burkholderia_pseudomallei_MSHR1079	TssA,TssB,TssD,TssE,TssF,TssG,TssJ,TssK,TssL,TssM	10
Salmonella_enterica_subsp._enterica_serovar_Enteritidis_str._EC20111561	TssA,TssD,TssE,TssG,TssM	5
Escherichia_coli_IAI1	TssA,TssB,TssD,TssE,TssF,TssG,TssJ,TssK,TssL,TssM	10
Rhizobium_phaseoli_strain_N161	TssA,TssB,TssD,TssE,TssF,TssG,TssJ,TssK,TssL,TssM	10
Raoultella_sp._NCTC_9189_strain_NCTC9189	TssA,TssB,TssD,TssE,TssF,TssG,TssJ,TssK,TssL,TssM	10
Xanthomonas_citri_pv._mangiferaeindicae_GXG07	TssA,TssB,TssC,TssD,TssE,TssF,TssG,TssK,TssL,TssM	10
Gemmatimonas_aurantiaca_T-27	TssA,TssB,TssC,TssD,TssE,TssF,TssG,TssK,TssL,TssM	10
Nonomuraea_sp._ATCC_55076_strain_ATCC_55076	TssL	1
Mycobacterium_lepraemurium_strain_Hawaii	TssL	1
Massilia_umbonata_strain_DSMZ_26121	TssA,TssB,TssD,TssE,TssF,TssG,TssK,TssL,TssM	9
Salmonella_enterica_subsp._enterica_serovar_Enteritidis_str._SA19982831	TssA,TssD,TssE,TssG,TssM	5
Mycobacterium_tuberculosis_KZN_4207_(Broad)	TssL	1
Planctomycetes_bacterium_Enr13	TssA,TssB,TssD,TssE,TssF,TssG,TssK,TssL	8
Pectobacterium_wasabiae_WPP163	TssA,TssB,TssD,TssE,TssF,TssG,TssJ,TssK,TssL,TssM	10
Thauera_hydrothermalis_strain_GD-2	TssE	1
Candidatus_Arthromitus_sp._SFB-mouse-Yit	TssE	1
Salinimonas_lutimaris_strain_DPSR-4	TssL	1
Rhizobium_rhizoryzae_strain_DSM_29514	TssE	1
Bordetella_parapertussis_FDAARGOS_1540	TssA,TssB,TssD,TssE,TssF,TssG,TssJ,TssK,TssL,TssM	10
Borrelia_bissettii_DN127	TssB	1
Virgibacillus_sp._SK37	TssL	1
Escherichia_coli_O2:H1_HM670	TssA,TssB,TssD,TssE,TssF,TssG,TssJ,TssK,TssL,TssM	10
Burkholderia_cenocepacia_MC0-3	TssA,TssB,TssD,TssE,TssF,TssG,TssJ,TssK,TssL,TssM	10
Dysgonomonas_sp._HDW5A	TssC	1
Shewanella_sp._WE21	TssJ	1
Paludibacterium_paludis_strain_BCRC_80514	TssE	1
Lysinibacillus_sp._C5.1	TssE	1
Campylobacter_sp._CFSAN093241	TssB	1
Salmonella_enterica_subsp._enterica_serovar_Anatum_str._USDA-ARS-USMARC-1677	TssA,TssB,TssD,TssE,TssF,TssG,TssJ,TssK,TssL,TssM	10
Pragia_fontium_strain_24613	TssA,TssB,TssD,TssE,TssF,TssG,TssJ,TssK,TssL,TssM	10
Thermosipho_melanesiensis_strain_431	TssE	1
Mannheimia_haemolytica_D153	TssE	1
Alloactinosynnema_sp._L-07	TssE,TssF,TssG	3
Salmonella_enterica_subsp._enterica_serovar_Paratyphi_A_CMCC_50503	TssA,TssB,TssD,TssE,TssF,TssG,TssJ,TssK,TssL,TssM	10
Rhodococcus_koreensis_strain_R85	TssL	1
Pseudomonas_sp._R2-60-08W	TssA,TssB,TssD,TssE,TssF,TssG,TssJ,TssK,TssL,TssM	10
Pectobacterium_sp._PL64	TssA,TssB,TssD,TssE,TssF,TssG,TssJ,TssK,TssL,TssM	10
Pseudomonas_libanensis_strain_BS2975	TssA,TssB,TssD,TssE,TssF,TssG,TssJ,TssK,TssL,TssM	10
Thermocrinis_albus_DSM_14484	TssA,TssB	2
Bacillus_subtilis_subsp._subtilis_str._NCIB_3610	TssE	1
Enterobacter_sp._SES19	TssA,TssB,TssD,TssE,TssF,TssG,TssJ,TssK,TssL,TssM	10
Mycobacterium_sp._NRRL_B-3805	TssE	1
Chromobacterium_sp._257-1	TssA,TssB,TssC,TssD,TssE,TssF,TssG,TssJ,TssK,TssL,TssM	11
Lactobacillus_futsaii_strain_CQ16Z11	TssA	1
Acidiphilium_multivorum_AIU301	TssA,TssB,TssD,TssE,TssF,TssG,TssJ,TssK,TssL,TssM	10
Mycolicibacterium_flavescens_strain_NCTC10271	TssL	1
Serratia_marcescens_subsp._marcescens_ATCC_13880	TssA,TssB,TssD,TssE,TssF,TssG,TssJ,TssK,TssL,TssM	10
Enterobacter_mori_ACYC.E9L	TssA,TssB,TssD,TssE,TssF,TssG,TssJ,TssK,TssL,TssM	10
Pseudoalteromonas_sp._DL-6	TssA,TssB,TssD,TssE,TssF,TssG,TssJ,TssK,TssL,TssM	10
Pantoea_ananatis_PA13	TssA,TssB,TssD,TssE,TssF,TssG,TssJ,TssK,TssL,TssM	10
Paraburkholderia_sp._PGU19	TssA,TssB,TssC,TssD,TssE,TssF,TssG,TssJ,TssK,TssL,TssM	11
Archangium_gephyra_strain_DSM_2261	TssA,TssB,TssD,TssE,TssF,TssG,TssJ,TssK,TssL,TssM	10
Neisseria_zalophi_strain_ATCC_BAA-2455	TssA,TssB,TssD,TssE,TssF,TssG,TssJ,TssK,TssL,TssM	10
Escherichia_coli_APEC_O1	TssA,TssB,TssD,TssE,TssF,TssG,TssJ,TssK,TssL,TssM	10
Desulfarculus_baarsii_DSM_2075	TssE,TssJ	2
Proteus_sp._GOKU	TssA,TssB,TssD,TssE,TssF,TssG,TssJ,TssK,TssL,TssM	10
Nonomuraea_gerenzanensis_L70	TssL	1
Erythrobacter_sp._KY5	TssE	1
Neisseria_subflava_strain_ATCC_49275	TssA,TssB,TssD,TssE,TssF,TssG,TssJ,TssK,TssL,TssM	10
Streptomyces_sp._WAC_01529	TssE,TssL	2
Thermoleophilia_bacterium_SCSIO_60948	TssG	1
Pseudomonas_sp._DNDY-54	TssA,TssB,TssD,TssE,TssF,TssG,TssJ,TssK,TssL,TssM	10
Salmonella_enterica_subsp._enterica_serovar_Bovismorbificans_SB699	TssD,TssE	2
Bacillus_thuringiensis_serovar_finitimus_YBT-020	TssD,TssE	2
Candidatus_Promineofilum_breve	TssE,TssL	2
Mycobacterium_avium_subsp._hominissuis_TH135	TssL	1
Lactobacillus_pentosus_KCA1	TssL	1
Mucilaginibacter_sp._14171R-50	TssE	1
Streptomyces_clavuligerus_ATCC_27064	TssE,TssF	2
Pseudomonas_mucidolens_strain_LMG_2223	TssA,TssB,TssD,TssE,TssF,TssG,TssJ,TssK,TssL,TssM	10
Salmonella_enterica_subsp._enterica_serovar_Enteritidis	TssA,TssD,TssE,TssG,TssM	5
Amycolatopsis_mediterranei_RB	TssE,TssL	2
Dysgonomonas_sp._HDW5B	TssC	1
Psychrobacter_sp._KH172YL61	TssE	1
Xanthomonas_sp._LMG_31887_strain_GBBC_2202	TssE	1
Micropruina_glycogenica_strain_1	TssD	1
Gammaproteobacteria_bacterium_(ex_Lamellibrachia_satsuma)_strain_1371_Tw2	TssA,TssB,TssD,TssE,TssF,TssG,TssJ,TssK,TssL,TssM	10
Chryseobacterium_sp._3008163	TssB,TssC,TssE,TssF,TssG	5
Burkholderia_pseudomallei_MSHR62	TssA,TssB,TssD,TssE,TssF,TssG,TssJ,TssK,TssL,TssM	10
Staphylococcus_aureus_subsp._aureus_11819-97	TssE	1
Pseudomonas_mandelii_strain_KGI_MA19	TssA,TssB,TssD,TssE,TssF,TssG,TssJ,TssK,TssL,TssM	10
Halomonas_meridiana_strain_Eplume2	TssB	1
Acinetobacter_baumannii_AB0057	TssA,TssB,TssD,TssE,TssF,TssG,TssK,TssL,TssM	9
Pseudoalteromonas_agarivorans_DSM_14585	TssA,TssB,TssD,TssE,TssF,TssG,TssJ,TssK,TssL,TssM	10
Chitinimonas_sp._R3-44	TssA,TssB,TssD,TssE,TssF,TssG,TssJ,TssK,TssL,TssM	10
Mesorhizobium_sp._N3	TssE	1
Salmonella_enterica_subsp._enterica_serovar_Enteritidis_str._EC20111174	TssA,TssD,TssE,TssG,TssM	5
Salmonella_enterica_subsp._enterica_serovar_Enteritidis_str._EC20100130	TssA,TssD,TssE,TssG,TssM	5
Lactococcus_petauri_strain_CF11	TssB,TssL	2
Cellvibrio_sp._PSBB006_strain_PSBB006	TssA,TssB,TssC,TssD,TssE,TssF,TssG,TssJ,TssK,TssL,TssM	11
Actinomyces_radicidentis_strain_CCUG_36733	TssA	1
Enterococcus_faecalis_R712	TssE,TssM	2
Kosakonia_sp._CCTCC_M2018092	TssA,TssB,TssD,TssE,TssF,TssG,TssJ,TssK,TssL,TssM	10
Pseudomonas_mendocina_NK-01	TssA,TssB,TssD,TssE,TssF,TssG,TssJ,TssK,TssL,TssM	10
Vibrio_cholerae_O1_str._Inaba_G4222	TssA,TssB,TssD,TssE,TssF,TssG,TssJ,TssK,TssL,TssM	10
Mannheimia_haemolytica_M42548	TssE	1
Pseudactinotalea_sp._HY158	TssE,TssF	2
Salmonella_sp._S13	TssD,TssE,TssL	3
Parashewanella_sp._MEBiC05444	TssA,TssB,TssD,TssE,TssF,TssG,TssJ,TssK,TssL,TssM	10
Desulfococcus_multivorans_strain_DSM_2059	TssE	1
Leifsonia_sp._157MF	TssL	1
Neptunomonas_japonica_JAMM_1380	TssE	1
Capnocytophaga_canimorsus_strain_7120	TssB,TssE,TssL	3
Bacillus_anthracis_str._CDC_684	TssE	1
Rhodococcus_sp._AQ5-07	TssD,TssE,TssL	3
Nitrosomonas_ureae_strain_Nm10	TssE	1
Shigella_flexneri_3160_NCHU22	TssA,TssE,TssF,TssG,TssL	5
Francisella_tularensis_subsp._holarctica_FTNF002-00	TssB,TssK,TssL	3
Paenibacillus_sp._R14(2021)_strain_R14(2021)_strain_R14(2021)_strain_R14(2021)	TssA,TssE	2
Salilacibacter_sp._NKC3-5	TssE	1
Bacillus_cereus_03BB102	TssE	1
Moraxellaceae_bacterium_HYN0046	TssA,TssK	2
Mycobacterium_abscessus_strain_199	TssL	1
Streptomyces_sp._S501	TssE	1
Crassaminicella_profunda_Ra1766H	TssE,TssG	2
Francisella_novicida_U112	TssB,TssF,TssK,TssL	4
Arthrospira_platensis_YZ	TssE	1
Helicobacter_pylori_Cuz20	TssA,TssE	2
Erwinia_tasmaniensis_Et1/99	TssA,TssB,TssD,TssE,TssF,TssG,TssJ,TssK,TssL,TssM	10
Pseudomonas_yamanorum_strain_GZD14026	TssA,TssB,TssC,TssD,TssE,TssF,TssG,TssJ,TssK,TssL,TssM	11
Bordetella_genomosp._6_strain_AU22978	TssA,TssB,TssD,TssE,TssF,TssG,TssJ,TssK,TssL,TssM	10
Falsirhodobacter_sp._PG104	TssB	1
Hydrogenobacter_thermophilus_strain_RBS10-74	TssE,TssL	2
Phocaeicola_coprophilus_strain_FDAARGOS_1220_strain_Not_applicable	TssB,TssC,TssE,TssF,TssK	5
Francisella_sp._MA067296	TssB,TssK,TssL,TssM	4
Sphingomonas_melonis_TY	TssG	1
Roseobacter_denitrificans_OCh_114	TssE	1
Kluyvera_sp._A-F18	TssA,TssB,TssD,TssE,TssF,TssG,TssJ,TssK,TssL,TssM	10
Klebsiella_pneumoniae_30660/NJST258_1	TssA,TssB,TssD,TssE,TssF,TssG,TssJ,TssK,TssL,TssM	10
Sulfurisphaera_ohwakuensis_strain_TA-1	TssB	1
Borreliella_afzelii_strain_BO23	TssB	1
Synechococcus_sp._WH_8020	TssE	1
Salmonella_enterica_subsp._enterica_serovar_Enteritidis_str._EC20121990	TssA,TssD,TssE,TssG,TssM	5
Salmonella_enterica_subsp._enterica_serovar_Enteritidis_str._EC20121812	TssA,TssD,TssE,TssG,TssM	5
Variovorax_paradoxus_IPSP_MA_2	TssA,TssB,TssD,TssE,TssF,TssG,TssJ,TssK,TssL,TssM	10
Actinoplanes_sp._SE50/110	TssE,TssL	2
Thermococcus_kodakarensis_KOD1	TssJ	1
Francisella_persica_ATCC_VR-331	TssB,TssK,TssL	3
Actinosynnema_pretiosum_strain_X47	TssE	1
Salmonella_enterica_subsp._enterica_serovar_Enteritidis_str._EC20121689	TssA,TssD,TssE,TssG,TssM	5
Spiroplasma_melliferum_strain_AS576	TssB	1
Methanobacterium_formicicum_BRM9	TssD	1
Bacteroides_sp._CBA7301	TssB,TssC,TssE,TssF,TssG,TssK,TssL,TssM	8
Salmonella_enterica_subsp._enterica_serovar_Enteritidis_str._EC20111175	TssA,TssD,TssE,TssG,TssM	5
Salmonella_enterica_subsp._enterica_serovar_Johannesburg_str._ST203_strain_ST203	TssA,TssB,TssD,TssE,TssF,TssG,TssJ,TssK,TssL,TssM	10
Salmonella_enterica_subsp._enterica_serovar_Enteritidis_str._EC20100131	TssA,TssD,TssE,TssG,TssM	5
Enterobacter_asburiae_L1	TssA,TssB,TssD,TssE,TssF,TssG,TssJ,TssK,TssL,TssM	10
Bradyrhizobium_sp._1(2017)_strain_63S1MB	TssC,TssE	2
Clostridium_saccharolyticum_WM1	TssE	1
Microbacterium_sp._4R-513	TssD	1
Mycobacterium_rhodesiae_NBB3	TssL	1
Escherichia_coli_O111_str._RM9322	TssA,TssB,TssD,TssE,TssF,TssG,TssJ,TssK,TssL,TssM	10
Xanthomonas_vesicatoria_ATCC_35937	TssA,TssB,TssC,TssD,TssE,TssF,TssG,TssK,TssL,TssM	10
Pseudomonas_corrugata_strain_3prime	TssA,TssB,TssC,TssD,TssE,TssF,TssG,TssJ,TssK,TssL,TssM	11
Taylorella_asinigenitalis_14/45	TssA,TssB,TssD,TssE,TssF,TssG,TssJ,TssK,TssL,TssM	10
Streptomonospora_sp._M2	TssL	1
Melissococcus_plutonius_DAT561	TssL	1
Corynebacterium_ammoniagenes_DSM_20306	TssL	1
Pseudomonas_aeruginosa_LESlike1	TssA,TssB,TssD,TssE,TssF,TssG,TssJ,TssK,TssL,TssM	10
Shigella_flexneri_4c	TssA,TssE,TssF,TssG,TssL	5
Salmonella_enterica_subsp._enterica_serovar_Paratyphi_C_strain_RKS4594	TssA,TssB,TssD,TssE,TssF,TssG,TssJ,TssK,TssL,TssM	10
Mycobacterium_canettii_CIPT_140070008	TssL	1
Erwinia_pyrifoliae_Ep1/96	TssA,TssB,TssD,TssE,TssF,TssG,TssK,TssL,TssM	9
Salmonella_enterica_subsp._enterica_serovar_Enteritidis_str._SA20090877	TssA,TssD,TssE,TssG,TssM	5
Xylophilus_sp._KACC_21265	TssA,TssB,TssD,TssE,TssF,TssG,TssK,TssL,TssM	9
Salmonella_enterica_subsp._enterica_serovar_Enteritidis_str._EC20120505	TssA,TssD,TssE,TssG,TssM	5
Peptococcaceae_bacterium_DCMF	TssE	1
Chitinibacter_fontanus_strain_STM-7	TssA,TssB,TssD,TssE,TssF,TssG,TssJ,TssK,TssL,TssM	10
Yersinia_ruckeri_16Y0180	TssE	1
Klebsiella_pneumoniae_ATCC_43816	TssE	1
Halobacterium_sp._BOL4-2	TssB,TssJ,TssK	3
Xanthomonas_translucens_pv._translucens_DSM_18974	TssA,TssB,TssC,TssD,TssE,TssF,TssG,TssK,TssL,TssM	10
Pseudomonas_sp._Z003-0.4C(8344-21)	TssA,TssB,TssD,TssE,TssF,TssG,TssJ,TssK,TssL,TssM	10
Sporosarcina_sp._Marseille-Q4063	TssL	1
Dyella_sp._M7H15-1	TssA,TssB,TssD,TssE,TssF,TssG,TssJ,TssK,TssL,TssM	10
Yersinia_pseudotuberculosis_1	TssA,TssB,TssD,TssE,TssF,TssG,TssJ,TssK,TssL,TssM	10
Haemophilus_parasuis_ZJ0906	TssE	1
Pseudovibrio_sp._FO-BEG1	TssA,TssB,TssD,TssE,TssF,TssG,TssJ,TssK,TssL,TssM	10
Nocardioides_marinisabuli_strain_DSM_18965	TssL	1
Adhaeribacter_swui_strain_KCTC_52873	TssE	1
Muriicola_sp._MMS17-SY002	TssD	1
Leclercia_sp._119287	TssA,TssB,TssD,TssE,TssK,TssL	6
Corynebacterium_diphtheriae_PW8	TssB,TssJ	2
Corynebacterium_sp._Marseille-Q3630	TssL	1
Aquiflexum_balticum_DSM_16537_strain_DSM_16537	TssB,TssC,TssE,TssF,TssG,TssK	6
Pseudogulbenkiania_sp._NH8B	TssA,TssB,TssD,TssE,TssF,TssG,TssJ,TssK,TssL,TssM	10
Candidatus_Sneabacter_namystus_strain_1621	TssA,TssB,TssE,TssF,TssG,TssK,TssL,TssM	8
Glaciecola_sp._THG-3.7	TssE,TssM	2
Salmonella_enterica_subsp._enterica_serovar_Enteritidis_str._SA20093977	TssA,TssD,TssE,TssG,TssM	5
Sphingomonas_sp._HMP6	TssD,TssE	2
Mycobacterium_tuberculosis_H37RvJO	TssL	1
Thiohalocapsa_sp._PB-PSB1_strain_PB-PSB1-LS01-2011a	TssA,TssB,TssC,TssD,TssE,TssF,TssG,TssJ,TssK,TssL,TssM	11
Rhizobiales_bacterium_IMCC20636	TssB,TssD	2
Pseudomonas_chlororaphis_subsp._aurantiaca_JD37	TssA,TssB,TssD,TssE,TssF,TssG,TssJ,TssK,TssL,TssM	10
Pseudomonas_syringae_pv._avii_strain_CFBP3846	TssA,TssB,TssC,TssD,TssE,TssF,TssG,TssJ,TssK,TssL,TssM	11
Methylomicrobium_album_BG8	TssA,TssB,TssD,TssE,TssF,TssG,TssJ,TssK,TssL,TssM	10
Geobacter_bemidjiensis_Bem	TssA,TssB,TssD,TssE,TssF,TssG,TssJ,TssK,TssL	9
Vibrio_parahaemolyticus_UCM-V493	TssA,TssB,TssD,TssE,TssF,TssG,TssJ,TssK,TssL,TssM	10
Pectobacterium_parvum_FN20211	TssE	1
Streptomyces_sp._QHH-9511_strain_not_applicable	TssL	1
Burkholderia_sp._PAMC_28687	TssA,TssB,TssD,TssE,TssF,TssG,TssJ,TssK,TssL,TssM	10
Campylobacter_peloridis_strain_2016D-0074	TssA,TssB,TssD,TssE,TssF,TssG,TssJ,TssK,TssL,TssM	10
Chitinophaga_pinensis_strain_1	TssE	1
Phenylobacterium_sp._20VBR1	TssD	1
Mycobacterium_canettii_Percy1004	TssL	1
Lactobacillus_plantarum_16	TssL	1
Aquabacter_sp._L1I39	TssA,TssB,TssD,TssE,TssF,TssG,TssJ,TssK,TssL,TssM	10
Pseudomonas_monteilii_A2	TssA,TssB,TssD,TssE,TssF,TssG,TssJ,TssK,TssL,TssM	10
Rhodobacter_capsulatus_strain_A12	TssA	1
Hydrogenophaga_sp._BPS33	TssE,TssL	2
Pseudomonas_oryzae_strain_KCTC_32247	TssA,TssB,TssD,TssE,TssF,TssG,TssJ,TssK,TssL,TssM	10
Candidatus_Saccharibacteria_genomosp._TM7-H1_strain_E1	TssL	1
Lactobacillus_reuteri_I5007	TssL	1
Planctomycetes_bacterium_Enr17	TssE	1
Planctomycetaceae_bacterium_strain_ECT2AJA-110-A	TssE	1
Salmonella_enterica_subsp._enterica_serovar_Enteritidis_str._EC20120685	TssA,TssD,TssE,TssG	4
Providencia_stuartii_strain_3347685	TssD,TssE,TssK,TssL	4
Brevundimonas_vesicularis_strain_FDAARGOS_289	TssE	1
Vibrio_cholerae_MS6	TssA,TssB,TssD,TssE,TssF,TssG,TssJ,TssK,TssL,TssM	10
Staphylococcus_aureus_subsp._aureus_SA268	TssE	1
Campylobacter_jejuni_subsp._jejuni_NCTC_11168-GSv_NCTC_11168-rNRC	TssB	1
Streptomyces_nodosus_ATCC_14899	TssE	1
Streptomyces_filamentosus_strain_ATCC_23958	TssE,TssK	2
Cereibacter_azotoformans_ORIO	TssB,TssE,TssG	3
Acinetobacter_sp._dk386	TssE,TssL	2
Caulobacteraceae_bacterium_0127_4	TssC,TssE,TssL,TssM	4
Escherichia_coli_O26_str._RM10386	TssA,TssB,TssD,TssE,TssJ,TssK,TssL,TssM	8
Streptococcus_australis_strain_NCTC13166	TssL	1
Serratia_liquefaciens_strain_FDAARGOS_1081_strain_Not_applicable	TssE	1
Corynebacterium_sp._2069/2_strain_LMM-1653	TssL	1
Bifidobacterium_breve_DSM_20213_=_JCM_1192	TssL	1
Clostridium_novyi_NT	TssB	1
Shewanella_sp._FJAT-53555	TssD	1
Enterobacter_asburiae_LF7a	TssA,TssB,TssD,TssE,TssF,TssG,TssJ,TssK,TssL,TssM	10
Salmonella_enterica_subsp._enterica_serovar_Enteritidis_str._SA19940857	TssA,TssD,TssE,TssG,TssM	5
Serratia_plymuthica_A294	TssE	1
Nitrosopumilus_sp._K4	TssD	1
Blattabacterium_sp._(Blatta_orientalis)_str._Tarazona	TssE	1
Dehalococcoidia_bacterium_bin1158	TssA	1
Klebsiella_sp._LY	TssE	1
Burkholderia_ambifaria_B21-004	TssA,TssB,TssD,TssE,TssF,TssG,TssJ,TssK,TssL,TssM	10
Salmonella_enterica_subsp._enterica_serovar_Typhimurium_str._USDA-ARS-USMARC-1808	TssA,TssB,TssD,TssE,TssF,TssG,TssJ,TssK,TssL,TssM	10
Synechococcus_sp._PCC_11901	TssA	1
Aureimonas_sp._AU20	TssA,TssB,TssD,TssE,TssF,TssG,TssJ,TssK,TssL,TssM	10
Rhodococcus_sp._WB1	TssE,TssG	2
Dokdonia_sp._Dokd-P16	TssC,TssG	2
Vitreoscilla_massiliensis_SN4	TssE	1
Marinitoga_sp._1137	TssB	1
Salmonella_enterica_subsp._enterica_serovar_Dublin_str._CT_02021853	TssA,TssB,TssD,TssE,TssF,TssG,TssJ,TssK,TssL,TssM	10
Enterococcus_mundtii_P6	TssE	1
Pseudomonas_sp._Seg1	TssA,TssB,TssD,TssE,TssF,TssG,TssJ,TssK,TssL,TssM	10
Clavibacter_michiganensis_subsp._californiensis_CFBP_8216	TssE	1
Mesorhizobium_sp._M8A.F.Ca.ET.057.01.1.1	TssA,TssB,TssC,TssD,TssE,TssF,TssG,TssJ,TssK,TssL,TssM	11
Escherichia_coli_O141:H4_strain_P13-6	TssA,TssB,TssD,TssE,TssL,TssM	6
Micromonospora_tulbaghiae_strain_CNY-010	TssE,TssG,TssL	3
Pasteurella_multocida_subsp._multocida_HB01	TssE	1
Luteimonas_sp._MC1572	TssL	1
Pseudomonas_sp._FIT28	TssA,TssB,TssD,TssE,TssF,TssG,TssJ,TssK,TssL,TssM	10
Rhizobium_etli_bv._mimosae_str._Mim1	TssA,TssB,TssD,TssE,TssF,TssG,TssK,TssL,TssM	9
Nocardioides_sp._S-1144	TssA,TssE,TssK	3
Pseudomonas_sp._Cab53	TssA,TssB,TssC,TssD,TssE,TssF,TssG,TssJ,TssK,TssL,TssM	11
Dyadobacter_fermentans_DSM_18053	TssC,TssE,TssF,TssG,TssK,TssL,TssM	7
Leptospira_borgpetersenii_TC112	TssB,TssD	2
Salmonella_enterica_subsp._enterica_serovar_Enteritidis_str._EC20120686	TssA,TssD,TssE,TssG,TssM	5
Streptacidiphilus_sp._P02-A3a	TssE	1
Pseudomonas_marincola_strain_YSy11	TssA,TssB,TssD,TssE,TssF,TssG,TssJ,TssK,TssL,TssM	10
Citrobacter_cronae_S175-1	TssA,TssB,TssC,TssD,TssE,TssF,TssG,TssK,TssL	9
Clostridium_sp._M2/40	TssB	1
Mesorhizobium_sp._M2A.F.Ca.ET.046.03.2.1	TssA,TssB,TssC,TssD,TssE,TssF,TssG,TssJ,TssK,TssL,TssM	11
Sinorhizobium_sp._BG8	TssE	1
Acinetobacter_baumannii_BJAB0715	TssA,TssB,TssD,TssE,TssF,TssG,TssK,TssL,TssM	9
Campylobacter_sp._CFSAN093246	TssA,TssB,TssD,TssE,TssF,TssG,TssJ,TssK,TssL,TssM	10
Synechococcus_sp._A15-127	TssA	1
Mycobacterium_tuberculosis_PanR0601	TssL	1
Corynebacterium_aurimucosum_strain_FDAARGOS_1109_strain_Not_applicable	TssL	1
Undibacterium_parvum_strain_DSM_23061	TssE,TssL	2
Leptotrichia_sp._oral_taxon_218_strain_F0707	TssE	1
Fabibacter_pacificus_strain_9dcg1	TssE	1
Anoxybacillus_flavithermus_strain_52-1A	TssE,TssL	2
Klebsiella_africana_200023	TssA,TssB,TssD,TssE,TssF,TssG,TssJ,TssK,TssL,TssM	10
Agrobacterium_rubi_strain_W2/73	TssA,TssB,TssD,TssE,TssF,TssG,TssK,TssL,TssM	9
Deinococcus_metallilatus_strain_MA1002	TssA	1
Actinobaculum_schaalii_strain_CCUG_27420	TssB	1
Salmonella_enterica_subsp._enterica_serovar_Enteritidis_str._EC20100134	TssA,TssD,TssE,TssG,TssM	5
Salmonella_enterica_subsp._enterica_serovar_Enteritidis_str._SA20092320	TssA,TssD,TssE,TssG	4
Pseudodesulfovibrio_sp._zrk46	TssE	1
Bartonella_vinsonii_strain_NCTC12905	TssE	1
Flavisolibacter_ginsenosidimutans_strain_Gsoil_636	TssB,TssC,TssD,TssE,TssF,TssG,TssK	7
Yersinia_sp._FDAARGOS_228_strain_FDAARGOS_228	TssA,TssB,TssD,TssE,TssF,TssG,TssJ,TssK,TssL,TssM	10
Novosphingobium_resinovorum_strain_SA1	TssE	1
Neisseria_brasiliensis_strain_N.177.16	TssE	1
Salmonella_enterica_subsp._enterica_serovar_Enteritidis_str._SA20084384	TssA,TssD,TssE,TssG,TssM	5
Virgibacillus_pantothenticus_strain_DSM_26	TssE,TssL	2
Pseudomonas_sp._StFLB209	TssA,TssB,TssD,TssE,TssF,TssG,TssJ,TssK,TssL,TssM	10
Lysobacter_sp._H21R4	TssA,TssB,TssD,TssE,TssF,TssG,TssJ,TssK,TssL,TssM	10
Borreliella_garinii_strain_20047	TssB	1
Paenibacillus_cellulosilyticus_strain_KACC_14175	TssE	1
Owenweeksia_hongkongensis_DSM_17368	TssE	1
Pseudomonas_aeruginosa_LESlike4	TssA,TssB,TssD,TssE,TssF,TssG,TssJ,TssK,TssL,TssM	10
Leifsonia_xyli_strain_SE134	TssL	1
Aeromonas_sp._FDAARGOS_1415_strain_Not_applicable	TssJ	1
Streptomyces_reticuli_strain_TUE45	TssE,TssG	2
Mycoplasma_sp._E35C	TssC	1
Nocardiopsis_sp._MT53	TssF,TssK,TssL	3
Tatumella_sp._TA1	TssA,TssB,TssD,TssE,TssF,TssG,TssJ,TssK,TssL,TssM	10
Parageobacillus_toebii_strain_NEB718	TssL	1
Pseudomonas_aeruginosa_SG17M	TssA,TssB,TssD,TssE,TssF,TssG,TssJ,TssK,TssL,TssM	10
Staphylococcus_epidermidis_PM221	TssA	1
Jiangella_sp._DSM_45060	TssE,TssL	2
Lelliottia_sp._PFL01	TssA,TssD,TssE,TssF,TssG,TssJ,TssM	7
Francisella_tularensis_subsp._holarctica_OSU18	TssB,TssK,TssL	3
Vibrio_cholerae_LMA3984-4	TssA,TssB,TssD,TssE,TssF,TssG,TssJ,TssK,TssL,TssM	10
Salmonella_enterica_subsp._enterica_serovar_Gallinarum/pullorum_str._RKS5078	TssA,TssB,TssD,TssE,TssF,TssG,TssJ,TssK,TssL,TssM	10
Salmonella_enterica_subsp._enterica_serovar_Enteritidis_str._EC20120687	TssA,TssD,TssE,TssG,TssM	5
Micromonospora_carbonacea_strain_aurantiaca	TssE,TssL	2
Enterobacter_cloacae_34399	TssA,TssB,TssD,TssE,TssF,TssG,TssJ,TssK,TssL,TssM	10
Shigella_flexneri_5_str._8401	TssA,TssE,TssF,TssG,TssL	5
Salmonella_enterica_subsp._houtenae_strain_NCTC7318	TssB,TssD	2
Salmonella_enterica_subsp._enterica_serovar_4,[5],12:i:-_str._08-1736	TssA,TssB,TssD,TssE,TssF,TssG,TssJ,TssK,TssL,TssM	10
Rodentibacter_heylii_strain_G1	TssA,TssB,TssD,TssE,TssF,TssG,TssJ,TssK,TssL,TssM	10
gamma_proteobacterium_BW-2	TssL	1
Chryseobacterium_sp._SNU_WT5	TssB,TssC,TssE,TssF,TssG	5
Streptococcus_pneumoniae_INV104	TssE	1
Streptomyces_sp._Tu_2975	TssE	1
Yersinia_pestis_2944	TssA,TssB,TssD,TssE,TssF,TssG,TssJ,TssK,TssL,TssM	10
Saccharopolyspora_erythraea_NRRL_2338	TssL	1
Campylobacter_jejuni_subsp._jejuni_str._RM3420	TssE	1
Capnocytophaga_cynodegmi_strain_G7591	TssB,TssC,TssE,TssF,TssG,TssK	6
Shewanella_baltica_OS195	TssE	1
Austwickia_sp._strain_Fred_18-Q3-R57-64_BATAC.85v2	TssL	1
Prochlorococcus_marinus_str._MIT_9313	TssE	1
Pseudomonas_sp._R76	TssA,TssB,TssD,TssE,TssF,TssG,TssJ,TssK,TssL,TssM	10
Salmonella_enterica_subsp._enterica_serovar_Typhi_Entei	TssA,TssB,TssD,TssE,TssF,TssG,TssJ,TssK,TssL,TssM	10
Staphylococcus_aureus_subsp._aureus_6850	TssE	1
Hafnia_paralvei_AVS0177	TssA,TssB,TssD,TssE,TssF,TssG,TssJ,TssK,TssL,TssM	10
Pseudonocardia_sp._HH130629-09	TssB,TssE	2
Mycobacterium_tuberculosis_PanR0602	TssL	1
Alistipes_sp._Marseille-P5997	TssL	1
Natrinema_pellirubrum_DSM_15624	TssE,TssF	2
Stygiolobus_sp._KN-1	TssC	1
Streptomyces_sp._S6	TssE	1
Brevibacterium]_flavum_ZL-1	TssA,TssE,TssL	3
Corynebacterium_diphtheriae_241	TssM	1
Clostridium]_sordellii_strain_ATCC9714	TssE	1
Edaphobacter_sp._4G125	TssC,TssL	2
Oscillatoria_nigro-viridis_PCC_7112	TssE	1
Herbaspirillum_seropedicae_Z69	TssA,TssB,TssD,TssE,TssF,TssG,TssJ,TssK,TssL,TssM	10
Sphingomonas_sp._HMP9	TssG	1
Stenotrophomonas_sp._MYb57	TssE	1
Geobacter_bremensis_strain_R4	TssA,TssB,TssD,TssE,TssF,TssG,TssJ,TssK,TssL	9
Methylomicrobium_sp._wino1	TssA,TssB,TssD,TssE,TssF,TssG,TssJ,TssK,TssL,TssM	10
Orientia_tsutsugamushi_strain_Karp	TssB,TssG,TssK	3
Staphylococcus_aureus_subsp._aureus_HO_5096_0412	TssE	1
Enterobacter_cloacae_complex_bacterium_strain_C45_strain_C45-chromosome	TssA,TssB,TssD,TssE,TssF,TssG,TssJ,TssK,TssL,TssM	10
Pseudomonas_aeruginosa_LESlike5	TssA,TssB,TssD,TssE,TssF,TssG,TssJ,TssK,TssL,TssM	10
Planktothrix_agardhii_NIVA-CYA_126/8	TssE	1
Mucilaginibacter_sp._BJC16-A31	TssE,TssL	2
Helicobacter_pylori_F57	TssE	1
Burkholderia_glumae_PG1	TssA,TssB,TssC,TssD,TssE,TssF,TssG,TssJ,TssK,TssL,TssM	11
Streptomyces_sp._NHF165	TssE,TssF,TssL	3
Comamonas_koreensis_strain_T50-37	TssE,TssL	2
Achromobacter_pestifer_strain_FDAARGOS_790_strain_Not_applicable	TssA,TssB,TssD,TssE,TssF,TssG,TssJ,TssK,TssL,TssM	10
Campylobacter_jejuni_subsp._jejuni_R14	TssE	1
Francisella_tularensis_subsp._mediasiatica_FSC147	TssB,TssK,TssL	3
Meiothermus_ruber_DSM_1279	TssE,TssL	2
Clostridium]_stercorarium_subsp._stercorarium_DSM_8532	TssE	1
Vibrio_sp._HBUAS61001	TssA,TssB,TssD,TssE,TssF,TssG,TssJ,TssK,TssL,TssM	10
Mycobacterium_tuberculosis_str._Erdman_=_ATCC_35801	TssL	1
Mycolicibacterium_sp._LJ126	TssL	1
Amycolicicoccus_subflavus_DQS3-9A1	TssL	1
Burkholderia_seminalis_strain_FL-5-4-10-S1-D7	TssA,TssB,TssD,TssE,TssF,TssG,TssJ,TssK,TssL,TssM	10
Rhodobiaceae_bacterium_strain_SMS8	TssE	1
Marinobacter_sp._BSs20148	TssD	1
Mycobacterium_tuberculosis_H37Ra	TssL	1
Yersinia_enterocolitica_LC20	TssA,TssB,TssD,TssE,TssF,TssG,TssJ,TssK,TssL,TssM	10
Azospirillum_thiophilum_strain_BV-S	TssA,TssB,TssD,TssE,TssF,TssG,TssJ,TssK,TssL,TssM	10
Bifidobacterium_dentium_strain_E7	TssL	1
Campylobacter_jejuni_subsp._jejuni_ICDCCJ07001	TssB,TssE	2
Apibacter_sp._ESL0432	TssB,TssC,TssE,TssF,TssG	5
Bradyrhizobium_diazoefficiens_CB1809	TssA,TssB,TssD,TssE,TssF,TssG,TssK,TssL,TssM	9
Thermococcus_peptonophilus_strain_OG-1	TssJ	1
Virgibacillus_sp._Bac330	TssB,TssL	2
Crinalium_epipsammum_PCC_9333	TssE	1
Melittangium_boletus_DSM_14713	TssA,TssB,TssD,TssE,TssF,TssG,TssJ,TssK,TssL,TssM	10
Salmonella_enterica_subsp._enterica_serovar_Krefeld_str._SA20030536_strain_SA20030536	TssA,TssB,TssD,TssE,TssF,TssG,TssJ,TssK,TssL,TssM	10
Georgenia_sp._ZLJ0423	TssE	1
Salmonella_enterica_subsp._enterica_serovar_Enteritidis_str._EC20120555	TssA,TssD,TssE,TssG,TssM	5
Enterobacter_sp._HK169	TssA,TssB,TssD,TssE,TssF,TssG,TssJ,TssK,TssL,TssM	10
Escherichia_coli_DH1	TssD,TssE,TssL	3
Corynebacterium_sp._1864	TssL	1
Sphingobacterium_lactis_strain_DSM_22361	TssG	1
Pseudomonas_sp._RtIB026	TssA,TssB,TssD,TssE,TssF,TssG,TssJ,TssK,TssL,TssM	10
Mycobacterium_tuberculosis_PanR0603	TssL	1
Candidatus_Peribacter_riflensis_strain_RIFOXYA2_FULL_PER-ii_58_14	TssD,TssE	2
Bacillus_cereus_FRI-35	TssD	1
Paenibacillus_polymyxa_C12	TssL	1
Amycolatopsis_sp._Hca4	TssE,TssF,TssJ,TssL	4
Chryseobacterium_cucumeris_strain_MW-6	TssB,TssC,TssE,TssF,TssG,TssK	6
Staphylococcus_aureus_ST228/18412	TssE	1
Streptomyces_fradiae_ATCC_10745_=_DSM_40063	TssE,TssG,TssL	3
Pseudomonas_protegens_CHA0	TssA,TssB,TssD,TssE,TssF,TssG,TssJ,TssK,TssL,TssM	10
Escherichia_coli_O128:H27_strain_90-9281	TssA,TssB,TssD,TssE,TssF,TssG,TssJ,TssK,TssL,TssM	10
Francisella_tularensis_subsp._tularensis_TI0902	TssB,TssK,TssL,TssM	4
Dietzia_sp._JS16-p6b	TssL	1
Desulfovibrio_aespoeensis_Aspo-2	TssE	1
Escherichia_coli_O145:H28_str._RM12581	TssD,TssE,TssF,TssG,TssL	5
Citrobacter_braakii_A3	TssA,TssB,TssD,TssE,TssF,TssG,TssJ,TssK,TssL,TssM	10
Salmonella_enterica_subsp._enterica_serovar_Gallinarum_07Q015	TssA,TssB,TssD,TssE,TssF,TssG,TssJ,TssK,TssL,TssM	10
Pandoraea_faecigallinarum_strain_DSM_23572	TssE,TssL	2
Marinobacter_sp._CA1	TssA,TssB,TssD,TssE,TssF,TssG,TssJ,TssK,TssL,TssM	10
Nocardiopsis_sp._HDS5	TssM	1
Altererythrobacter_dongtanensis_strain_KCTC_22672	TssA,TssB,TssD,TssE,TssF,TssG,TssK,TssL,TssM	9
Pseudomonas_sp._43A	TssA,TssB,TssD,TssE,TssF,TssG,TssJ,TssK,TssL,TssM	10
Buttiauxella_sp._3AFRM03	TssA,TssB,TssD,TssE,TssF,TssG,TssJ,TssK,TssL,TssM	10
Phytobacter_diazotrophicus_TA9734	TssA,TssB,TssD,TssE,TssF,TssG,TssJ,TssK,TssL,TssM	10
Bacillus_sp._IHB_B_7164	TssB,TssE	2
Orientia_tsutsugamushi_str._Karp	TssB,TssG	2
Paenibacillus_sp._Cedars	TssE	1
Comamonas_testosteroni_TK102	TssE,TssL	2
Salmonella_enterica_subsp._enterica_serovar_Fresno_strain_USMARC-69835	TssA,TssB,TssD,TssE,TssF,TssG,TssJ,TssK,TssL,TssM	10
Clostridium_botulinum_B1_str._Okra	TssB	1
Aureimonas_altamirensis_C2P003	TssG	1
Candidatus_Filomicrobium_marinum_strain_strain_W	TssB	1
Pseudomonas_moraviensis_R28-S	TssA,TssB,TssD,TssE,TssF,TssG,TssJ,TssK,TssL,TssM	10
Neisseria_animalis_strain_ATCC_49930	TssE	1
Candidatus_Heimdallarchaeota_archaeon_bin272	TssD	1
Paenibacillus_sp._18JY67-1	TssD,TssL	2
Micromonospora_viridifaciens_strain_DSM_43909	TssE,TssL	2
Aneurinibacillus_thermoaerophilus_strain_CCM_8960	TssE,TssK	2
Bacillus_thuringiensis_97-27	TssE	1
Salmonella_enterica_subsp._enterica_serovar_Djakarta_str._S-1087_strain_S-1087	TssA,TssB,TssD,TssE,TssF,TssG,TssJ,TssK,TssL,TssM	10
Candidatus_Hamiltonella_defensa_strain_5D	TssE	1
Salmonella_enterica_subsp._enterica_serovar_Quebec_str._S-1267_strain_S-1267	TssA,TssB,TssD,TssE,TssF,TssG,TssJ,TssK,TssL,TssM	10
Enterobacter_cancerogenus_HAEC1	TssA,TssB,TssD,TssE,TssF,TssG,TssJ,TssK,TssL,TssM	10
Egibacter_rhizosphaerae_strain_EGI_80759	TssG,TssJ	2
Methylococcus_sp._EFPC2	TssA,TssB,TssD,TssE,TssF,TssG,TssJ,TssK,TssL,TssM	10
Pseudoalteromonas_sp._GCY	TssA,TssB,TssD,TssE,TssF,TssG,TssJ,TssK,TssL,TssM	10
Streptomyces_kanamyceticus_strain_ATCC_12853	TssE	1
Pseudomonas_syringae_pv._tomato_strain_B13-200	TssA,TssB,TssC,TssD,TssE,TssF,TssG,TssJ,TssK,TssL,TssM	11
uncultured_bacterium_clone_BY	TssA	1
Amycolatopsis_sp._YIM_10	TssE,TssL	2
Pantoea_sp._PSNIH1	TssA,TssB,TssD,TssE,TssF,TssG,TssJ,TssK,TssL,TssM	10
Escherichia_coli_O103:H2_strain_FWSEC0007	TssA,TssB,TssD,TssE,TssF,TssG,TssJ,TssK,TssL,TssM	10
Thioalkalivibrio_versutus_strain_D301	TssE	1
Anaerotruncus_colihominis_VE303-02	TssE	1
Tabrizicola_sp._K13M18	TssA,TssB,TssC,TssD,TssE,TssF,TssG,TssJ,TssK,TssL,TssM	11
Xylella_fastidiosa_M23	TssE	1
Mycobacterium_tuberculosis_PanR0604	TssL	1
Escherichia_coli_KO11FL	TssA,TssB,TssD,TssE,TssF,TssG,TssJ,TssK,TssL,TssM	10
Xanthomonas_hortorum_strain_B07-007	TssE,TssM	2
Halomonas_piezotolerans_strain_HN2	TssB,TssE	2
Gemmobacter_sp._HYN0069	TssB	1
Desulfuromonas_sp._T3	TssA,TssB,TssD,TssE,TssF,TssG,TssJ,TssK,TssL,TssM	10
Arthrospira_sp._PCC_8005	TssE	1
Halomonas_subglaciescola_strain_ACAM_12	TssB	1
Pseudomonas_stutzeri_RCH2	TssA,TssB,TssD,TssE,TssF,TssG,TssJ,TssK,TssL,TssM	10
Salmonella_enterica_subsp._enterica_serovar_Senftenberg_str._CFSAN004025	TssA,TssB,TssD,TssE,TssF,TssG,TssJ,TssK,TssL,TssM	10
Rhizobium_sp._N871	TssB,TssD,TssE,TssF,TssG,TssK,TssL,TssM	8
Chitinophagaceae_bacterium_13	TssE	1
Pseudomonas_sp._COW39	TssA,TssB,TssD,TssE,TssF,TssG,TssJ,TssK,TssL,TssM	10
Mycolicibacterium_hassiacum_DSM_44199_strain_Mhassiacum	TssL	1
Pectobacterium_carotovorum_25.1	TssA,TssB,TssD,TssE,TssF,TssG,TssJ,TssK,TssL,TssM	10
Sulfitobacter_sp._JK7-1	TssA,TssB,TssD,TssE,TssF,TssG,TssK,TssL,TssM	9
Serratia_sp._JKS000199	TssA,TssB,TssD,TssE,TssF,TssG,TssJ,TssK,TssL,TssM	10
Leifsonia_sp._98AMF	TssL	1
Microcoleus_sp._PCC_7113	TssE	1
Pseudomonas_sp._S1-A32-2	TssA,TssB,TssD,TssE,TssF,TssG,TssJ,TssK,TssL,TssM	10
Pseudomonas_aeruginosa_LESlike7	TssA,TssB,TssD,TssE,TssF,TssG,TssJ,TssK,TssL,TssM	10
Salmonella_enterica_subsp._enterica_serovar_Enteritidis_str._SA20094682	TssA,TssD,TssE,TssG,TssM	5
Advenella_mimigardefordensis_DPN7	TssA,TssB,TssD,TssE,TssF,TssG,TssJ,TssK,TssL,TssM	10
Lactobacillus_fermentum_strain_2760	TssL	1
Vibrio_sp._dhg	TssE	1
Paraburkholderia_caledonica_strain_PHRS4	TssA,TssB,TssD,TssE,TssF,TssG,TssJ,TssK,TssL,TssM	10
Burkholderia_phytofirmans_PsJN	TssA,TssB,TssD,TssE,TssF,TssG,TssJ,TssK,TssL,TssM	10
Oligotropha_carboxidovorans_OM4	TssE	1
Xanthomonas_translucens_pv._translucens_CIX43	TssA,TssB,TssC,TssD,TssE,TssF,TssG,TssK,TssL,TssM	10
Gibbsiella_quercinecans_strain_FRB97	TssA,TssB,TssD,TssE,TssF,TssG,TssJ,TssK,TssL,TssM	10
Bacillus_amyloliquefaciens_subsp._amyloliquefaciens_KHG19	TssE	1
Staphylococcus_aureus_subsp._aureus_JKD6159	TssE	1
Halarcobacter_ebronensis_strain_LMG_27922	TssA,TssB,TssD,TssE,TssF,TssG,TssJ,TssK,TssL,TssM	10
Flavobacterium_columnare_strain_90-106	TssB,TssC,TssE,TssF,TssG,TssK	6
Ktedonobacteria_bacterium_brp13	TssE	1
Elizabethkingia_anophelis_090-MNO-R	TssB,TssC,TssE,TssF,TssG	5
Parolsenella_catena_strain_JCM_31932	TssE	1
Burkholderia_thailandensis_MSMB121	TssA,TssB,TssD,TssE,TssF,TssG,TssJ,TssK,TssL,TssM	10
Bombella_sp._ESL0368	TssG	1
Pseudomonas_monteilii_SB3101	TssA,TssB,TssC,TssD,TssE,TssF,TssG,TssJ,TssK,TssL,TssM	11
Shewanella_halifaxensis_HAW-EB4	TssL	1
Citrobacter_sp._BDA59-3	TssA,TssB,TssD,TssE,TssF,TssG,TssJ,TssK,TssL,TssM	10
Paenibacillus_brasilensis_strain_KACC_13842	TssL	1
Salmonella_enterica_subsp._enterica_serovar_Krefeld_strain_CVM_20739	TssA,TssB,TssD,TssE,TssF,TssG,TssJ,TssK,TssL,TssM	10
Bacillus_jeotgali_strain_DSM_18226	TssE	1
Virgibacillus_sp._Bac332	TssL	1
Lactobacillus_gallinarum_strain_HFD4	TssE	1
Pantoea_sp._PSNIH2	TssA,TssB,TssD,TssE,TssF,TssG,TssJ,TssK,TssL,TssM	10
Yersinia_enterocolitica_(type_O:2)_str._YE3094/96	TssA,TssB,TssD,TssE,TssF,TssG,TssJ,TssK,TssL,TssM	10
Salmonella_enterica_subsp._enterica_serovar_Enteritidis_str._SA20084644	TssA,TssD,TssE,TssG,TssM	5
Bacillus_sp._DM2	TssE	1
Escherichia_coli_BL21	TssD,TssE,TssL	3
Salmonella_enterica_subsp._enterica_serovar_Enteritidis_str._EC20111095	TssA,TssD,TssE,TssG,TssM	5
Planctomycetes_bacterium_Mal4	TssA,TssB,TssC,TssD,TssE,TssF,TssG,TssK,TssL	9
Desulfurobacterium_thermolithotrophum_DSM_11699	TssL,TssM	2
Mycobacterium_tuberculosis_PanR0605	TssL	1
Celeribacter_marinus_strain_IMCC12053	TssB	1
Lentzea_sp._DHS_C013	TssE,TssG	2
Vibrio_scophthalmi_strain_VS-05	TssA,TssB,TssD,TssE,TssF,TssG,TssJ,TssK,TssL,TssM	10
Elioraea_sp._MS-P2	TssD,TssG	2
Halopseudomonas_aestusnigri_GOM5	TssA,TssB,TssD,TssE,TssF,TssG,TssJ,TssK,TssL,TssM	10
Thermotoga_profunda_AZM34c06	TssJ	1
Psychroserpens_sp._NJDZ02	TssB,TssC,TssE,TssF	4
Paraburkholderia_sp._SOS3	TssA,TssB,TssD,TssE,TssF,TssG,TssJ,TssK,TssL,TssM	10
Salmonella_enterica_subsp._arizonae_PartD-Sarizonae-RM8376	TssA,TssB,TssD,TssE,TssF,TssG,TssJ,TssK,TssL,TssM	10
Microcystis_panniformis_FACHB-1757	TssB,TssE	2
Rhodococcus_sp._LW-XY12	TssE,TssF	2
Mucilaginibacter_gossypii_strain_P3	TssB,TssC,TssE,TssF,TssG	5
Oligotropha_carboxidovorans_OM5	TssE	1
Shewanella_sp._ANA-3	TssC,TssL	2
Burkholderia_thailandensis_2002721723	TssA,TssB,TssD,TssE,TssF,TssG,TssJ,TssK,TssL,TssM	10
Planctomycetia_bacterium_strain_H1_AMX1	TssE	1
Achromobacter_deleyi_SMAs-55	TssE	1
Pseudomonas_sabulinigri_strain_JCM_14963	TssA,TssB,TssD,TssE,TssF,TssG,TssJ,TssK,TssL,TssM	10
Photobacterium_sp._GJ3	TssA,TssB,TssC,TssD,TssE,TssF,TssG,TssJ,TssK,TssL,TssM	11
Parageobacillus_caldoxylosilyticus_KH1-5	TssL	1
Hymenobacter_sp._17J68-5	TssE	1
Desulfosarcina_alkanivorans_strain_PL12	TssA,TssB,TssD,TssE,TssF,TssG,TssJ,TssK,TssL	9
Pseudomonas_sp._Colony2	TssA,TssB,TssD,TssE,TssF,TssG,TssJ,TssK,TssL,TssM	10
Muribaculum_intestinale_strain_YL27	TssL	1
Anaerostipes_caccae_NBRC_114412	TssE	1
Rhodoferax_sp._PAMC29310	TssE	1
Tamlana_sp._UJ94	TssB,TssC,TssE,TssF,TssK,TssL	6
Staphylococcus_aureus	TssE	1
Bacillus_cohnii_strain_DSM_6307	TssL	1
Actinosynnema_mirum_DSM_43827	TssE	1
Prevotella_copri_DSM_18205_FDAARGOS_1573	TssB	1
Synechocystis_sp._PCC_6803	TssE	1
Pantoea_ananatis_LMG_5342	TssA,TssB,TssD,TssE,TssF,TssG,TssJ,TssK,TssL,TssM	10
Streptomyces_incarnatus_strain_NRRL8089	TssE	1
Mycobacterium_tuberculosis_PanR0606	TssL	1
Enterococcus_cecorum_strain_NCTC12421	TssC,TssL	2
Salmonella_sp._SCFS4	TssA,TssB,TssD,TssE,TssF,TssG,TssJ,TssK,TssL,TssM	10
Salmonella_enterica_subsp._enterica_serovar_Montevideo_str._USDA-ARS-USMARC-1900	TssA,TssB,TssD,TssE,TssF,TssG,TssJ,TssK,TssL,TssM	10
Mycolicibacterium_mageritense_strain_JCM_12375	TssE	1
Kordia_antarctica_strain_IMCC3317	TssE,TssL	2
Ilumatobacter_coccineum_YM16-304	TssE	1
Mycobacterium_tuberculosis_EAI5/NITR206	TssL	1
Aggregatibacter_sp._oral_taxon_513_strain_W11186	TssB,TssE	2
Microlunatus_sp._KUDC0627	TssB	1
Morganella_morganii_subsp._morganii_strain_12304	TssF	1
Flavivirga_eckloniae_strain_ECD14	TssE	1
Microbulbifer_sp._YPW1	TssA,TssB,TssD,TssE,TssF,TssG,TssJ,TssK,TssL,TssM	10
Rhizobiales_bacterium_PAMC_29148	TssA	1
Escherichia_coli_UM146	TssA,TssB,TssD,TssE,TssF,TssG,TssJ,TssK,TssL,TssM	10
Salmonella_sp._SAL-007	TssA,TssB,TssD,TssE,TssG,TssM	6
Acidobacterium_sp._MP5ACTX9	TssA,TssB,TssD,TssE,TssF,TssG,TssK,TssL	8
Rahnella_aquatilis_CIP_78.65_=_ATCC_33071	TssA,TssB,TssD,TssE,TssF,TssG,TssJ,TssK,TssL,TssM	10
Mesorhizobium_loti_NZP2037	TssA,TssB,TssC,TssD,TssE,TssF,TssG,TssJ,TssK,TssL,TssM	11
Pseudomonas_fluorescens_A506	TssA,TssB,TssD,TssE,TssF,TssG,TssJ,TssK,TssL,TssM	10
Caulobacter_mirabilis_strain_FWC_38	TssL	1
Sphingobium_sp._YBL2	TssE,TssJ	2
Mycobacterium_tuberculosis_PanR1005	TssL	1
Staphylococcus_aureus_subsp._aureus_COL	TssE	1
Aminobacterium_colombiense_DSM_12261	TssE	1
Abyssogena_phaseoliformis_symbiont_OG214	TssC,TssE	2
Staphylococcus_pettenkoferi_SP165	TssL	1
Rhizobium_sp._N741	TssA,TssB,TssD,TssE,TssF,TssG,TssK,TssL,TssM	9
Thermoproteus_uzoniensis_768-20	TssB	1
Pontibacillus_sp._ALD_SL1	TssE,TssL	2
Pseudomonas_sp._R2-37-08W	TssA,TssB,TssD,TssE,TssF,TssG,TssJ,TssK,TssL,TssM	10
Salmonella_enterica_subsp._enterica_serovar_Hayindogo_strain_CFSAN050752	TssA,TssB,TssD,TssE,TssF,TssG,TssJ,TssK,TssL,TssM	10
Pseudomonas_aeruginosa_SCV20265	TssA,TssB,TssD,TssE,TssF,TssG,TssJ,TssK,TssL,TssM	10
Lactobacillus_pontis_strain_LP475	TssL	1
Mycobacterium_conspicuum_strain_JCM_14738	TssL	1
Clostridioides_difficile_R20291	TssC	1
Pseudoalteromonas_nigrifaciens_strain_KMM_661	TssB	1
Staphylococcus_aureus_08BA02176	TssE	1
Mesorhizobium_sp._NZP2077	TssA,TssB,TssC,TssD,TssE,TssF,TssG,TssJ,TssK,TssL,TssM	11
Stenotrophomonas_sp._NA06056	TssE	1
Mannheimia_haemolytica_0597	TssE	1
Mycobacterium_tuberculosis_PanR0607	TssL	1
Streptomyces_pratensis_strain_S10	TssE	1
Salmonella_enterica_subsp._enterica_serovar_Montevideo_str._USDA-ARS-USMARC-1901	TssA,TssB,TssD,TssE,TssF,TssG,TssJ,TssK,TssL,TssM	10
Fluviibacterium_aquatile_strain_SC52	TssA,TssB,TssD,TssE,TssF,TssG,TssK,TssL,TssM	9
Ornithinimicrobium_sp._H23M54	TssE	1
Brevundimonas_naejangsanensis_strain_BRV3	TssL	1
Pseudomonas_sp._S11A_273	TssA,TssB,TssC,TssD,TssE,TssF,TssG,TssJ,TssK,TssL,TssM	11
Xylella_fastidiosa_subsp._morus_Riv11	TssE	1
Chromobacterium_vaccinii_GIMC1601:ChrSima_w	TssA,TssB,TssD,TssE,TssF,TssG,TssJ,TssK,TssL,TssM	10
Streptomyces_sp._CMB-StM0423	TssG	1
Acidianus_sulfidivorans_JP7	TssC	1
Escherichia_coli_ATCC_8739	TssA,TssB,TssD,TssE,TssF,TssG,TssK,TssL,TssM	9
Escherichia_coli_O157:H7_str._EC10	TssA,TssB,TssD,TssE,TssF,TssG,TssJ,TssK,TssL,TssM	10
Streptomyces_cattleya_NRRL_8057_=_DSM_46488	TssE,TssL	2
Cellulomonas_sp._Z28	TssG	1
Clostridioides_sp._ES-W-0016-02	TssC	1
Klebsiella_sp._P1CD1	TssA,TssB,TssD,TssE,TssF,TssG,TssJ,TssK,TssL,TssM	10
Legionella_pneumophila_subsp._pneumophila_PartS-Lpneumophila-RM8376	TssL,TssM	2
Desulfovibrio_desulfuricans_Edelweiss	TssG	1
Xanthomonas_sp._LMG_31886_strain_GBBC_2199	TssE	1
Desulfuromonas_sp._WTL	TssA,TssB,TssD,TssE,TssF,TssG,TssJ,TssK,TssL,TssM	10
Borrelia_afzelii_PKo	TssB	1
Paenibacillus_durus_ATCC_35681	TssE	1
Desulfobacteraceae_bacterium_bin575	TssA,TssB,TssD,TssE,TssK,TssL	6
Vibrio_sp._2521-89_strain_2521-89	TssA,TssB,TssD,TssE,TssF,TssG,TssJ,TssK,TssL,TssM	10
Salmonella_enterica_subsp._enterica_serovar_Enteritidis_str._EC20120994	TssA,TssD,TssE,TssM	4
Mycobacterium_tuberculosis_PanR1006	TssL	1
Pannonibacter_phragmitetus_strain_31801	TssE	1
Catenulispora_acidiphila_DSM_44928	TssE,TssG	2
Pectobacterium_versatile_SR1	TssA,TssB,TssD,TssE,TssF,TssG,TssJ,TssK,TssL,TssM	10
Halorhodospira_halochloris_str._A	TssA,TssB,TssD,TssE,TssF,TssG,TssJ,TssK,TssL,TssM	10
Pseudomonas_sp._R2A2	TssA,TssB,TssD,TssE,TssF,TssG,TssJ,TssK,TssL,TssM	10
Mycobacterium_abscessus_CF	TssL	1
Vibrio_sp._Ex25_(Prj:41601)	TssA,TssB,TssD,TssE,TssF,TssG,TssJ,TssK,TssL,TssM	10
Lactobacillus_fermentum_F-6	TssL	1
Streptomyces_sp._INR7	TssE,TssF	2
Kitasatospora_sp._NA04385	TssB,TssJ	2
Citrobacter_sp._NMI7904_11	TssA,TssB,TssC,TssD,TssE,TssF,TssG,TssK,TssL	9
Verrucomicrobia_bacterium_S94	TssE	1
Acaryochloris_sp._'Moss_Beach'	TssA	1
Streptococcus_sp._oral_taxon_431	TssE	1
Mesorhizobium_soli_strain_NIBRBAC000500504	TssA,TssB,TssC,TssD,TssE,TssF,TssG,TssJ,TssK,TssL,TssM	11
Paenibacillus_polymyxa_CR1	TssE,TssL	2
Capnocytophaga_sp._oral_taxon_323_strain_F0383	TssG	1
Bacillus_freudenreichii_strain_NCTC4823	TssL	1
Planctomycetes_bacterium_ElP	TssA,TssB,TssD,TssE,TssF,TssG,TssK,TssL	8
Vibrio_cholerae_2012EL-2176	TssA,TssB,TssD,TssE,TssF,TssG,TssJ,TssK,TssL,TssM	10
Calothrix_sp._NIES-2098	TssE	1
Rothia_sp._ZJ932	TssK	1
Salmonella_enterica_subsp._enterica_serovar_Bareilly_strain_FC745	TssD,TssE	2
Methyloprofundus_sp._strain_INp10_methR40d	TssA,TssB,TssD,TssE,TssF,TssG,TssJ,TssK,TssL,TssM	10
Oricola_sp._MEBiC13590	TssB	1
Stenotrophomonas_maltophilia_R551-3	TssE	1
Francisella_salimarina_strain_CHUGA-F75_strain_Not_applicable	TssB,TssL	2
Psychrobacter_sp._P11F6	TssA,TssB,TssD,TssE,TssF,TssG,TssJ,TssK,TssL,TssM	10
Salmonella_enterica_subsp._diarizonae_serovar_50:k:z_str._MZ0080_strain_MZ0080	TssA,TssB,TssD,TssE,TssF,TssG,TssJ,TssK,TssL,TssM	10
Xanthomonas_translucens_pv._undulosa_CFBP_2055	TssA,TssB,TssC,TssD,TssE,TssF,TssG,TssJ,TssK,TssL,TssM	11
Janthinobacterium_lividum_strain_EIF1	TssA,TssB,TssD,TssE,TssF,TssG,TssJ,TssK,TssL,TssM	10
Citrobacter_sp._RHBSTW-01013	TssA,TssB,TssD,TssE,TssF,TssG,TssJ,TssK,TssL,TssM	10
Burkholderia_sp._2002721687	TssA,TssB,TssD,TssE,TssF,TssG,TssJ,TssK,TssL,TssM	10
Terriglobus_roseus_strain_GAS232	TssE	1
Candidatus_Accumulibacter_sp._strain_SSA1	TssE	1
Streptomyces_sp._CB09001	TssE	1
Raoultella_ornithinolytica_OHMEATKPC2_NDM5	TssA,TssB,TssD,TssE,TssF,TssG,TssJ,TssK,TssL,TssM	10
Oxalobacter_formigenes_strain_HC-1	TssE	1
Pantoea_sp._MT58	TssA,TssB,TssD,TssE,TssF,TssG,TssJ,TssK,TssL,TssM	10
Mesorhizobium_huakuii_7653R	TssA,TssB,TssC,TssD,TssE,TssF,TssG,TssJ,TssK,TssL,TssM	11
Streptomyces_luteoverticillatus_strain_CGMCC_15060	TssE,TssL	2
Mycobacterium_tuberculosis_PanR1007	TssL	1
Streptomyces_noursei_strain_A-2-1	TssE,TssJ	2
Kitasatospora_sp._MMS16-BH015	TssE	1
Escherichia_coli_O157:H7_str._EC4115	TssA,TssB,TssD,TssE,TssF,TssG,TssJ,TssK,TssL,TssM	10
Clavibacter_michiganensis_subsp._nebraskensis_A6096	TssE	1
Arcobacter_mytili_LMG_24559	TssA,TssE	2
Pseudomonas_stutzeri_A1501	TssE,TssL	2
Burkholderia_sp._MBR-1	TssA,TssB,TssD,TssE,TssF,TssG,TssJ,TssK,TssL,TssM	10
Edwardsiella_tarda_C07-087	TssA,TssB,TssD,TssE,TssF,TssG,TssJ,TssK,TssL,TssM	10
Mycobacterium_avium_subsp._paratuberculosis_MAP4	TssL	1
Citrobacter_sp._SL156	TssD,TssE	2
Francisella_tularensis_subsp._novicida_F6168	TssB,TssK,TssL,TssM	4
Salmonella_enterica_subsp._enterica_serovar_Oranienburg_strain_CFSAN076211	TssA,TssB,TssD,TssE,TssF,TssG,TssJ,TssK,TssL,TssM	10
Mycobacterium_abscessus_subsp._bolletii_50594	TssL	1
Burkholderia_pseudomallei_NAU35A-3	TssA,TssB,TssD,TssE,TssF,TssG,TssJ,TssK,TssL,TssM	10
Donghicola_sp._JLT3646	TssE	1
Candidatus_Methanoperedenaceae_archaeon_GB37_strain_gfbio:2ba61e4a-a911-483b-ba5e-_e0ad8afd3b38:HotSEEP1_E37	TssA	1
Dickeya_fangzhongdai_643b	TssA,TssB,TssD,TssE,TssF,TssG,TssJ,TssK,TssL,TssM	10
Marinomonas_foliarum_strain_JZW	TssA,TssB,TssD,TssE,TssF,TssG,TssJ,TssK,TssL,TssM	10
Salmonella_enterica_subsp._enterica_serovar_Typhimurium_str._CDC_2011K-0870	TssA,TssB,TssD,TssE,TssF,TssG,TssJ,TssK,TssL,TssM	10
Myxococcus_sp._SCHIC003	TssA,TssB,TssD,TssE,TssF,TssG,TssJ,TssK,TssL,TssM	10
Acinetobacter_baumannii_ATCC_17978	TssA,TssB,TssD,TssF,TssG,TssK,TssL,TssM	8
Helicobacter_cinaedi_ATCC_BAA-847	TssB,TssD,TssE,TssF,TssG,TssJ,TssK,TssL,TssM	9
Xanthomonas_phaseoli_pv._dieffenbachiae_strain_D182	TssA,TssB,TssC,TssD,TssE,TssF,TssG,TssK,TssL,TssM	10
Nocardia_brasiliensis_strain_AUSMDU00024985	TssL	1
Bacillus_amyloliquefaciens_XH7	TssE	1
Paenibacillus_alvei_strain_Paenibacillus_B-LR1	TssE	1
Campylobacter_jejuni_subsp._jejuni_M129	TssA,TssB,TssD,TssE,TssF,TssG,TssJ,TssK,TssL,TssM	10
Mycobacterium_tuberculosis_PanR0609	TssL	1
Salmonella_enterica_subsp._enterica_serovar_Montevideo_str._USDA-ARS-USMARC-1903	TssA,TssB,TssD,TssE,TssF,TssG,TssJ,TssK,TssL,TssM	10
Rhizobium_sp._K1/93	TssJ	1
Achromobacter_denitrificans_strain_FDAARGOS_786_strain_Not_applicable	TssA,TssB,TssD,TssE,TssF,TssG,TssJ,TssK,TssL,TssM	10
Acinetobacter_junii_A2-1	TssA,TssB,TssD,TssE,TssF,TssG,TssK,TssL,TssM	9
Mucilaginibacter_sp._F39-2	TssB,TssC,TssE,TssG	4
Escherichia_coli_O104:H4_str._2011C-3493	TssA,TssB,TssD,TssE,TssF,TssG,TssJ,TssK,TssL,TssM	10
Aeromonas_veronii_B565	TssE,TssK	2
Geobacter_sp._Jerry-YX	TssA,TssB,TssD,TssE,TssF,TssG,TssJ,TssK,TssL	9
Moellerella_wisconsensis_W1	TssA,TssB,TssD,TssE,TssF,TssG,TssJ,TssK,TssL,TssM	10
Cetobacterium_somerae_CS2105-BJ	TssA	1
Streptomyces_sp._PVA_94-07	TssE,TssG,TssL	3
Prochlorococcus_marinus_str._NATL1A	TssE	1
Micropruina_sp._strain_SSC1	TssD,TssE	2
Shewanella_sp._WPAGA9	TssA,TssB,TssD,TssE,TssF,TssG,TssJ,TssK,TssL,TssM	10
Halomonas_sp._SF2003	TssA,TssB,TssD,TssE,TssF,TssG,TssJ,TssK,TssL,TssM	10
Staphylococcus_lugdunensis_CGMH-SL118	TssA,TssE	2
Mycobacterium_avium_subsp._hominissuis_OCU889s_P11_4s	TssL	1
Streptomyces_gilvosporeus_strain_F607	TssD	1
Rhodococcus_sp._008	TssD	1
Hydrogenobacter_sp._T-8	TssB,TssE	2
Pseudoalteromonas_carrageenovora_IAM_12662_strain_ATCC_43555_strain_ATCC43555T	TssA,TssB,TssD,TssE,TssF,TssG,TssJ,TssK,TssL,TssM	10
Comamonas_odontotermitis_WLL	TssE,TssL	2
Salmonella_enterica_subsp._enterica_serovar_Anatum_str._USDA-ARS-USMARC-1727	TssA,TssB,TssD,TssE,TssF,TssG,TssJ,TssK,TssL,TssM	10
Mycolicibacterium_farcinogenes_BKK/CU-MFGFA-001	TssD,TssE,TssL	3
Spirosoma_sp._BT328	TssB,TssC,TssE,TssF,TssG,TssL	6
Paracoccus_aminophilus_JCM_7686	TssA,TssB,TssD,TssE,TssF,TssG,TssK,TssL,TssM	9
Aeromonas_hydrophila_ML09-119	TssD,TssL	2
Bacillus_sp._OxB-1	TssE,TssL	2
Salmonella_enterica_subsp._diarizonae_serovar_47:k:z35_strain_2015K-1072	TssA,TssB,TssD,TssE,TssF,TssG,TssJ,TssK,TssL,TssM	10
Proteus_mirabilis_LB_UEL_H-11	TssA,TssB,TssD,TssE,TssF,TssG,TssJ,TssK,TssL,TssM	10
Anaeromyxobacter_sp._Fw109-5	TssG	1
Brevibacillus_sp._SCSIO_07484	TssB	1
Halomonadaceae_bacterium_strain_MT13	TssA,TssB,TssD,TssE,TssF,TssG,TssJ,TssK,TssL,TssM	10
Rhodospirillaceae_bacterium_R5959	TssC	1
Salmonella_enterica_subsp._enterica_serovar_Montevideo_str._USDA-ARS-USMARC-1904	TssA,TssB,TssD,TssE,TssF,TssG,TssJ,TssK,TssL,TssM	10
Acidianus_brierleyi_strain_DSM_1651	TssB	1
Desulfovibrio_bizertensis_SY-1	TssE	1
Xenorhabdus_nematophila_ATCC_19061	TssA,TssB,TssD,TssE,TssF,TssG,TssJ,TssK,TssL,TssM	10
Enterobacter_cloacae_EcWSU1	TssA,TssB,TssD,TssE,TssF,TssG,TssJ,TssK,TssL,TssM	10
Echinicola_sp._LN3S3	TssE,TssJ	2
Lactobacillus_sp._CBA3605	TssL	1
Pseudomonas_putida_HB3267	TssA,TssB,TssC,TssD,TssE,TssF,TssG,TssJ,TssK,TssL,TssM	11
Enterobacter_hormaechei_subsp._xiangfangensis_OSUCZKPC4-10	TssA,TssB,TssD,TssE,TssF,TssG,TssJ,TssK,TssL,TssM	10
Gardnerella_vaginalis_409-05	TssB	1
Streptomyces_rapamycinicus_NRRL_5491	TssE	1
Aeromonas_sp._ASNIH1	TssE	1
Streptomyces_sp._CB00271	TssE	1
Polymorphum_gilvum_SL003B-26A1	TssE	1
Enterococcus_mundtii_QU_25	TssE	1
Streptomyces_sp._NA03103	TssE,TssL	2
Thermosynechococcus_sp._TA-1	TssC	1
Staphylococcus_aureus_subsp._aureus_str._JKD6008	TssE	1
Enterobacter_sp._RHBSTW-00975	TssA,TssB,TssD,TssE,TssF,TssG,TssJ,TssK,TssL,TssM	10
Candidatus_Nitrosymbiomonas_proteolyticus_strain_317325-2	TssE	1
Mycobacterium_aurum_strain_liquid	TssL	1
Aeromonas_sp._FDAARGOS_1411_strain_Not_applicable	TssB,TssJ,TssK	3
Pedobacter_steynii_strain_DX4	TssB,TssC,TssE,TssG	4
Pseudomonas_putida_S12	TssA,TssB,TssD,TssE,TssF,TssG,TssJ,TssK,TssL,TssM	10
Burkholderia_mallei_strain_11	TssA,TssB,TssD,TssE,TssF,TssG,TssJ,TssK,TssL,TssM	10
Edwardsiella_ictaluri_strain_2234	TssA,TssB,TssD,TssE,TssF,TssG,TssJ,TssK,TssL	9
Paraburkholderia_caffeinilytica_strain_CF1	TssA,TssB,TssD,TssE,TssF,TssG,TssJ,TssK,TssL,TssM	10
Salmonella_enterica_subsp._enterica_serovar_Anatum_str._USDA-ARS-USMARC-1728	TssA,TssB,TssD,TssE,TssF,TssG,TssJ,TssK,TssL,TssM	10
Xanthomonas_campestris_pv._incanae_18048	TssA,TssE	2
Citrobacter_sp._RHBSTW-00229	TssA,TssB,TssC,TssD,TssE,TssF,TssG,TssK,TssL	9
uncultured_Blautia_sp._strain_Blautia_sp._canine_HQ_MAG	TssA	1
Variovorax_paradoxus_B4	TssA,TssB,TssD,TssE,TssF,TssG,TssJ,TssK,TssL,TssM	10
Aminobacter_sp._MSH1	TssA,TssB,TssC,TssD,TssE,TssF,TssG,TssJ,TssK,TssL,TssM	11
Serratia_quinivorans_strain_NCTC13188	TssA,TssB,TssD,TssE,TssF,TssG,TssJ,TssK,TssL,TssM	10
Rheinheimera_sp._LHK132	TssE	1
Massilia_sp._ZMN-3	TssA,TssB,TssD,TssE,TssF,TssG,TssJ,TssK,TssL,TssM	10
Brenneria_sp._Ir50	TssA,TssB,TssD,TssE,TssF,TssG,TssJ,TssK,TssL,TssM	10
Nordella_sp._HKS_07	TssB,TssD,TssE,TssJ	4
Ralstonia_solanacearum_FQY_4	TssA,TssB,TssD,TssE,TssF,TssG,TssJ,TssK,TssL,TssM	10
Prevotella_denticola_strain_F0105	TssC,TssE,TssF,TssK,TssL	5
Escherichia_coli_O2:H6_strain_PG20180057	TssA,TssB,TssD,TssE,TssF,TssG,TssJ,TssK,TssL,TssM	10
Acinetobacter_baumannii_BJAB07104	TssA,TssB,TssD,TssE,TssF,TssG,TssK,TssL,TssM	9
Nocardia_soli_strain_Y48	TssA	1
Rubrobacter_sp._SCSIO_52915	TssM	1
Ochrobactrum_anthropi_ATCC_49188	TssE	1
Mariniblastus_fucicola_strain_FC18	TssE	1
Streptomyces_sp._ADI95-16	TssE	1
Bartonella_grahamii_as4aup	TssE	1
Candidatus_Nitrosotenuis_sp._DW1	TssB	1
Synechocystis_sp._PCC_7338	TssE	1
Erwinia_tracheiphila_BHKY	TssA,TssB,TssD,TssE,TssF,TssG,TssJ,TssK,TssL,TssM	10
Arthrobacter_agilis_strain_UMCV2	TssL	1
Lysinibacillus_sp._B2A1	TssD,TssE	2
Pseudomonas_sp._FDAARGOS_761_strain_Not_applicable	TssA,TssB,TssD,TssE,TssF,TssG,TssJ,TssK,TssL,TssM	10
Lactobacillus_curvatus_JCM_1096_=_DSM_20019	TssL	1
Streptomyces_aureofaciens_strain_DM-1	TssA	1
Lactobacillus_sp._CBA3606	TssL	1
Chryseobacterium_sp._T16E-39_strain_T16E-39	TssB,TssC,TssE,TssF,TssG,TssK	6
Anaeromyxobacter_dehalogenans_2CP-1	TssL	1
Listeria_seeligeri_strain_RR4	TssE	1
Pseudomonas_sp._3-2	TssA,TssB,TssD,TssE,TssF,TssG,TssJ,TssK,TssL,TssM	10
Virgibacillus_necropolis_strain_LMG_19488	TssL	1
Streptomyces_sp._Go-475	TssL	1
Clostridium_botulinum_E3_str._Alaska_E43	TssB,TssE	2
Citrobacter_amalonaticus_Y19	TssA,TssB,TssC,TssD,TssE,TssF,TssG,TssK,TssL	9
Xanthomonas_vesicatoria_strain_LM159	TssA,TssB,TssC,TssD,TssE,TssF,TssG,TssK,TssL,TssM	10
Clostridium_sp._M62/1_FDAARGOS_1583	TssE	1
Cellulophaga_algicola_DSM_14237	TssC,TssE,TssF,TssK	4
Pseudomonas_sp._SWRI132	TssA,TssB,TssD,TssE,TssF,TssG,TssJ,TssK,TssL,TssM	10
Aeromonas_sp._ASNIH2	TssB,TssD,TssE,TssL	4
Mycobacterium_massiliense_str._GO_06	TssL	1
Planctomycetales_bacterium_HK-STAS-UBP7_A-1	TssD	1
Xanthobacter_sp._YN2	TssC,TssE	2
Cronobacter_sakazakii_SP291	TssA,TssB,TssD,TssE,TssF,TssG,TssJ,TssK,TssL,TssM	10
Streptomyces_sp._HM190	TssE,TssL	2
Xanthomonas_citri_subsp._citri_UI6	TssA,TssB,TssC,TssD,TssE,TssF,TssG,TssK,TssL,TssM	10
Streptomyces_fulvissimus_strain_DF	TssE	1
Burkholderia_phenoliruptrix_BR3459a	TssA,TssB,TssD,TssE,TssF,TssG,TssJ,TssK,TssL,TssM	10
Streptomyces_galilaeus_strain_ATCC_14969	TssE	1
Pseudonocardia_sp._EC080610-09	TssB,TssD	2
Streptomyces_sp._KY70_strain_Streptomyces_sp._KY70_genome	TssE	1
Francisella_sp._CA97-1460	TssB,TssK,TssL,TssM	4
Porphyromonadaceae_bacterium_nC29_bin.32.fa	TssC	1
Xanthomonas_translucens_B1FA	TssA,TssB,TssC,TssD,TssE,TssF,TssG,TssJ,TssK,TssL,TssM	11
Sphingomonas_sp._AE3	TssE	1
Francisella_cf._novicida_3523	TssB,TssE,TssK,TssL,TssM	5
Agarivorans_aestuarii_strain_KCTC_32543	TssA,TssB,TssD,TssE,TssF,TssG,TssJ,TssK,TssL,TssM	10
Gemmata_massiliana_strain_Soil9	TssA,TssB,TssD,TssE,TssF,TssG,TssK,TssL	8
Endozoicomonas_montiporae_CL-33	TssB,TssE,TssJ	3
Kangiella_koreensis_DSM_16069	TssA,TssB,TssD,TssJ,TssK,TssL,TssM	7
Streptomyces_prasinus_strain_ATCC_13879	TssE	1
Lelliottia_sp._WB101	TssA,TssB,TssD,TssE,TssF,TssG,TssJ,TssK,TssL,TssM	10
Escherichia_coli_ABU_83972	TssA,TssB,TssD,TssE,TssF,TssG,TssJ,TssK,TssL,TssM	10
Flavobacterium_psychrophilum_JIP02/86	TssG	1
Dietzia_sp._oral_taxon_368_strain_W5195	TssL	1
Aeromonas_australiensis_strain_Isolate4	TssA,TssB,TssD,TssE,TssF,TssG,TssJ,TssK,TssL,TssM	10
Candidatus_Desulfobacillus_denitrificans_strain_317325-3	TssL	1
Zymomonas_mobilis_subsp._mobilis_str._CP4_=_NRRL_B-14023	TssE	1
Massilia_putida_strain_6NM-7T	TssA,TssB,TssD,TssE,TssF,TssG,TssJ,TssK,TssL,TssM	10
Campylobacter_sp._2014D-0216	TssA,TssB,TssD,TssE,TssF,TssG,TssJ,TssK,TssL,TssM	10
Pantoea_ananatis_AJ13355	TssA,TssB,TssD,TssE,TssF,TssG,TssJ,TssK,TssL,TssM	10
Aeromonas_sp._ASNIH3	TssA,TssB,TssD,TssE,TssF,TssG,TssJ,TssK,TssL,TssM	10
Rhizobacter_sp._AJA081-3	TssD	1
Salmonella_enterica_subsp._enterica_serovar_Enteritidis_str._EC20120734	TssA,TssD,TssE,TssG,TssM	5
Gilliamella_sp._ESL0405	TssA,TssB,TssD,TssE,TssF,TssG,TssJ,TssK,TssL,TssM	10
Citrobacter_rodentium_ICC168	TssA,TssB,TssC,TssD,TssE,TssF,TssG,TssK,TssL,TssM	10
Halomonas_socia_strain_CKY01	TssA,TssB,TssD,TssE,TssF,TssG,TssJ,TssK,TssL,TssM	10
Paraburkholderia_aromaticivorans_strain_AR20-38	TssA,TssB,TssD,TssE,TssF,TssG,TssJ,TssK,TssL,TssM	10
Pandoraea_pulmonicola_DSM_16583	TssA,TssB,TssD,TssE,TssF,TssG,TssJ,TssK,TssL	9
Xylella_fastidiosa_subsp._pauca_strain_De_Donno	TssE	1
Salmonella_enterica_subsp._enterica_serovar_4,[5],12:i:-_strain_FSIS1503788_strain_USDA15WA-1	TssA,TssB,TssD,TssE,TssF,TssG,TssJ,TssK,TssL,TssM	10
Microbacterium_hominis_strain_01094	TssL	1
Streptomyces_albogriseolus_strain_LBX-2	TssE,TssG	2
Escherichia_coli_str._'clone_D_i2'	TssA,TssB,TssD,TssE,TssF,TssG,TssJ,TssK,TssL,TssM	10
Salmonella_enterica_subsp._enterica_serovar_Enteritidis_str._EC20120213	TssA,TssD,TssE,TssG,TssM	5
Haemophilus_influenzae_KR494	TssB	1
Delftia_acidovorans_strain_2167	TssA,TssB,TssD,TssE,TssF,TssG,TssJ,TssK,TssL,TssM	10
Vibrio_cholerae_M66-2	TssA,TssB,TssD,TssE,TssF,TssG,TssJ,TssK,TssL,TssM	10
Lactobacillus_oris_strain_J-1	TssL	1
Burkholderia_mallei_NCTC_10229	TssA,TssB,TssD,TssE,TssF,TssG,TssJ,TssK,TssL,TssM	10
Aquisphaera_giovannonii_strain_OJF2	TssA,TssB,TssD,TssE,TssF,TssG,TssK,TssL	8
Agrobacterium_fabrum_LBA645	TssA,TssB,TssD,TssE,TssF,TssG,TssK,TssL,TssM	9
Brenneria_nigrifluens_strain_ATCC_13028	TssA,TssB,TssD,TssE,TssF,TssG,TssJ,TssK,TssL,TssM	10
Mycobacterium_bovis_BCG_str._Korea_1168P	TssL	1
Streptomyces_sp._RLB1-33	TssE	1
Francisella_tularensis_subsp._novicida_PA10-7858	TssB,TssK,TssL	3
Erysipelatoclostridium_ramosum_DSM_1402	TssE	1
Paenibacillus_sp._14171R-81	TssA,TssD	2
Burkholderia_sp._KJ006	TssA,TssB,TssD,TssE,TssF,TssG,TssJ,TssK,TssL,TssM	10
Acinetobacter_calcoaceticus_ACa13	TssA,TssB,TssC,TssD,TssE,TssF,TssG,TssK,TssL,TssM	10
Mycobacterium_haemophilum_DSM_44634_=_ATCC_29548	TssL	1
Brevibacterium_sp._CS2	TssE	1
Staphylococcus_aureus_subsp._aureus_DSM_20231	TssE	1
Desulfobulbus_sp._ORNL	TssE	1
Wolbachia_endosymbiont_of_Folsomia_candida_strain_Berlin	TssE	1
Gemmata_sp._SH-PL17	TssA,TssB,TssD,TssE,TssF,TssG,TssK,TssL	8
Actinoplanes_sp._SE50	TssE,TssL	2
Salmonella_enterica_subsp._enterica_serovar_Enteritidis_str._EC20110353	TssA,TssD,TssE,TssG,TssM	5
Pseudomonas_sp._LBUM920	TssA,TssB,TssD,TssE,TssF,TssG,TssJ,TssK,TssL,TssM	10
Pseudarthrobacter_sp._NBSH8	TssE	1
Mycobacterium_tuberculosis_060827	TssL	1
Leptolyngbya_sp._PCC_7376	TssB,TssE	2
Pseudomonas_plecoglossicida_NyZ12	TssA,TssB,TssC,TssD,TssE,TssF,TssG,TssJ,TssK,TssL,TssM	11
Agrobacterium_sp._T29	TssA,TssB,TssD,TssE,TssF,TssG,TssK,TssL,TssM	9
Chryseobacterium_sp._LJ668	TssB,TssC,TssE,TssF,TssG	5
Pasteurella_skyensis_strain_95A1	TssE	1
Burkholderia_thailandensis_2002721643	TssA,TssB,TssD,TssE,TssF,TssG,TssJ,TssK,TssL,TssM	10
Alcaligenes_sp._HO-1	TssA,TssB,TssD,TssE,TssF,TssG,TssJ,TssK,TssL,TssM	10
Rhodospirillaceae_bacterium_B3	TssL	1
Christensenellaceae_bacterium_CE91-St36	TssL	1
Actinopolymorpha_singaporensis_strain_DSM_22024	TssE,TssL	2
Synechococcus_sp._MEDNS5	TssB	1
Salmonella_enterica_subsp._enterica_serovar_Heidelberg_str._B182	TssA,TssB,TssD,TssE,TssF,TssG,TssJ,TssK,TssL,TssM	10
Aeromonas_sp._ASNIH4	TssA,TssB,TssD,TssE,TssF,TssG,TssJ,TssK,TssL,TssM	10
Planctomycetes_bacterium_Pla86	TssE	1
Devosia_sp._SCS-3	TssE	1
Escherichia_coli_O68:H12_strain_730V1	TssA,TssD,TssE,TssL,TssM	5
Nocardia_wallacei_strain_FMUON74	TssL	1
Paenibacillus_sp._E222	TssE	1
Azospirillum_humicireducens_strain_SgZ-5	TssA,TssB,TssD,TssE,TssF,TssG,TssJ,TssK,TssL,TssM	10
Aquabacterium_olei_strain_NBRC_110486	TssA,TssB,TssD,TssE,TssF,TssG,TssJ,TssK,TssL,TssM	10
Providencia_rettgeri_06-1619	TssA,TssB,TssD,TssE,TssF,TssG,TssJ,TssK,TssL,TssM	10
Salmonella_enterica_subsp._enterica_serovar_Enteritidis_str._EC20110221	TssA,TssD,TssE,TssG,TssM	5
Bradyrhizobium_sp._WBAH10	TssC,TssE	2
Acetobacter_pasteurianus_IFO_3283-12	TssM	1
Synechococcus_sp._PROS-7-1	TssG	1
Salmonella_enterica_subsp._enterica_serovar_Hillingdon_str._N1529-D3_strain_N1529-D3	TssA,TssB,TssD,TssE,TssF,TssG,TssJ,TssK,TssL,TssM	10
Escherichia_coli_APEC_O78	TssB,TssD,TssE,TssL	4
Aeromonas_sp._FDAARGOS_1405_strain_Not_applicable	TssA,TssB,TssD,TssE,TssF,TssG,TssJ,TssK,TssL,TssM	10
Flavobacterium_sp._HYN0056	TssB,TssC,TssD,TssE,TssF,TssG	6
Devosia_sp._H5989	TssE	1
Legionella_geestiana_strain_1308	TssL,TssM	2
Acidovorax_sp._JMULE5	TssA,TssG	2
Salmonella_enterica_subsp._enterica_serovar_Reading_strain_CVM_21978	TssA,TssB,TssD,TssE,TssF,TssG,TssJ,TssK,TssL,TssM	10
Serratia_plymuthica_AS9	TssE,TssG	2
Salmonella_enterica_subsp._enterica_serovar_Ouakam	TssA,TssB,TssD,TssE,TssF,TssG,TssJ,TssK,TssL,TssM	10
Escherichia_coli_O16:H48_strain_CV601gfp	TssD,TssE,TssL	3
Salmonella_enterica_subsp._houtenae_str._CFSAN000552	TssA,TssB,TssD,TssE,TssF,TssG,TssJ,TssK,TssL,TssM	10
Niabella_ginsenosidivorans_strain_BS26	TssB,TssC,TssE,TssF,TssG,TssK	6
Methanobacterium_sp._MZ-A1	TssF	1
Chthonomonas_calidirosea_strain_P488	TssB	1
Azotobacter_chroococcum_strain_B3	TssA,TssB,TssD,TssE,TssF,TssG,TssJ,TssK,TssL,TssM	10
Salmonella_enterica_subsp._enterica_serovar_Macclesfield_str._S-1643_strain_S-1643	TssA,TssB,TssD,TssE,TssF,TssG,TssJ,TssK,TssL,TssM	10
Balneolaceae_bacterium_strain_ECT2AJA-110-D	TssE,TssK	2
Mesotoga_infera_strain_MESINF1	TssB,TssE	2
Streptomyces_sp._AC541	TssE	1
Aeromonas_sp._CA23	TssA,TssB,TssD,TssE,TssF,TssG,TssJ,TssK,TssL,TssM	10
Escherichia_coli_O20:H12_strain_Res13-Lact-PEB17-18	TssA,TssB,TssD,TssE,TssF,TssG,TssJ,TssK,TssL,TssM	10
Pseudomonas_alcaligenes_MRCP2	TssA,TssB,TssD,TssE,TssF,TssG,TssJ,TssK,TssL,TssM	10
Salmonella_enterica_subsp._enterica_serovar_Enteritidis_str._EC20110354	TssA,TssD,TssE,TssG,TssM	5
Campylobacter_peloridis_LMG_23910	TssA,TssB,TssD,TssE,TssF,TssG,TssJ,TssK,TssL,TssM	10
Streptomyces_sp._XC_2026	TssE	1
Streptomyces_sp._M54	TssE,TssL	2
Haemophilus_influenzae_F3047	TssB,TssE	2
Sphingobacteriaceae_bacterium_GW460-11-11-14-LB5_strain_GW460-11-11-14-LB5	TssB,TssC,TssE,TssF,TssG,TssK	6
Lactobacillus_acidipiscis_strain_ACA-DC_1533	TssE	1
Nocardioides_aquaticus_strain_KCTC_9944	TssK,TssL	2
Ruminococcus_bromii_L2-63	TssM	1
Paenibacillus_azoreducens_J34TS1	TssK	1
Xanthomonas_citri_pv._vignicola_strain_CFBP7111	TssA,TssB,TssC,TssD,TssE,TssF,TssG,TssK,TssL,TssM	10
Cupriavidus_basilensis_4G11	TssA,TssB,TssD,TssE,TssF,TssG,TssJ,TssK,TssL,TssM	10
Planctomycetes_bacterium_V144	TssA,TssE	2
Escherichia_coli_O25b:H4-ST131	TssA,TssB,TssD,TssE,TssF,TssG,TssJ,TssK,TssL,TssM	10
Citrobacter_sp._RHBSTW-00667	TssA,TssB,TssC,TssD,TssE,TssF,TssG,TssJ,TssK,TssL	10
Hylemonella_gracilis_strain_NS1	TssA	1
Paenibacillus_sp._DCY84	TssE	1
Aeromonas_sp._ASNIH5	TssJ	1
Bacillus_thuringiensis_serovar_chinensis_CT-43	TssD	1
Streptococcus_pneumoniae_TIGR4	TssE	1
Staphylococcus_aureus_subsp._aureus_71193	TssE	1
Helicobacter_winghamensis_strain_2015D-0170	TssA	1
Methylobacterium_radiotolerans_NYY1	TssE,TssL	2
Escherichia_coli_O112ab:H8_strain_Res13-Lact-EA06-22	TssB,TssD,TssE,TssL,TssM	5
Kordia_sp._SMS9	TssE	1
Salmonella_enterica_subsp._enterica_serovar_Enteritidis_str._EC20110222	TssA,TssD,TssE,TssG,TssM	5
Methanosarcina_siciliae_HI350	TssA	1
Mycobacterium_tuberculosis_UT205	TssL	1
Gemmatimonas_sp._TET16	TssA,TssB,TssD,TssE,TssF,TssG,TssK,TssL,TssM	9
Lactococcus_lactis_subsp._lactis_KLDS_4.0325	TssM	1
Mesorhizobium_sp._M2A.F.Ca.ET.043.02.1.1	TssA,TssB,TssC,TssD,TssE,TssF,TssG,TssJ,TssK,TssL,TssM	11
Permianibacter_aggregans_strain_HW001	TssE,TssM	2
Pseudomonas_sp._R4-35-07	TssA,TssB,TssD,TssE,TssF,TssG,TssJ,TssK,TssL,TssM	10
Escherichia_coli_O145:H28_str._RM12761	TssD,TssE,TssF,TssG,TssL	5
Xanthomonas_axonopodis_pv._allii_CFBP6369	TssA,TssB,TssC,TssD,TssE,TssF,TssG,TssK,TssL,TssM	10
Rhodovulum_sulfidophilum_DSM_1374	TssA,TssB,TssD,TssE,TssF,TssG,TssK,TssL,TssM	9
Mycobacterium_tuberculosis_7199-99	TssL	1
Pseudomonas_sp._LG1D9	TssA,TssB,TssD,TssE,TssF,TssG,TssJ,TssK,TssL,TssM	10
Francisella_noatunensis_subsp._noatunensis_FSC772_strain_FSC772	TssB,TssK,TssL,TssM	4
Pseudomonas_frederiksbergensis_strain_AS1	TssA,TssB,TssD,TssE,TssF,TssG,TssJ,TssK,TssL,TssM	10
Pseudomonas_sp._QZS01	TssA,TssB,TssD,TssE,TssF,TssG,TssJ,TssK,TssL,TssM	10
Erwinia_pyrifoliae_DSM_12163	TssA,TssB,TssD,TssE,TssF,TssG,TssJ,TssK,TssL,TssM	10
Pseudomonas_putida_S16	TssA,TssB,TssC,TssD,TssE,TssF,TssG,TssJ,TssK,TssL,TssM	11
Sphingomonas_sp._FARSPH	TssK	1
Thalassospira_indica_strain_PB8BT_strain_PB8BT_(=MCCC_1A01103T=LMG_29620T)	TssE	1
Citrobacter_sp._RHBSTW-00535	TssA,TssB,TssD,TssE,TssF,TssG,TssJ,TssK,TssL,TssM	10
Burkholderia_pseudomallei_MSHR511	TssA,TssB,TssD,TssE,TssF,TssG,TssJ,TssK,TssL,TssM	10
Alteromonas_sp._Mac1	TssL	1
Salmonella_enterica_subsp._enterica_serovar_Enteritidis_str._SA20093421	TssA,TssD,TssE,TssG,TssM	5
Modestobacter_sp._L9-4	TssL,TssM	2
Thermosipho_melanesiensis_BI429	TssE	1
Brevibacillus_choshinensis_strain_HPD31-SP3_strain_not_applicable	TssM	1
Lactobacillus_reuteri_JCM_1112	TssL	1
Colwellia_sp._MT41	TssB	1
Pseudomonas_khazarica_strain_ODT-83	TssA,TssB,TssD,TssE,TssF,TssG,TssJ,TssK,TssL,TssM	10
Stenotrophomonas_sp._Q16	TssE	1
Mycobacterium_seoulense_strain_JCM_16018	TssL	1
Salmonella_enterica_subsp._enterica_3018683606	TssA,TssB,TssD,TssE,TssF,TssG,TssJ,TssK,TssL,TssM	10
Bosea_sp._F3-2	TssA,TssB,TssD,TssE,TssF,TssG,TssK,TssL,TssM	9
Corallococcus_sp._EGB	TssA,TssB,TssE,TssF,TssK,TssL,TssM	7
Nonomuraea_coxensis_DSM_45129	TssE,TssL	2
Bacillus_subtilis_subsp._subtilis_str._JH642_substr._AG174	TssE	1
Sphaerospermopsis_kisseleviana_NIES-73	TssE,TssL	2
Aeromonas_hydrophila_AL09-71	TssD,TssL	2
Salmonella_enterica_subsp._enterica_serovar_Enteritidis_str._EC20110355	TssA,TssD,TssE,TssG,TssM	5
Bacillus_sp._N1-1	TssE,TssL	2
Chryseobacterium_shandongense_strain_G0207	TssB,TssC,TssE,TssF,TssG,TssK	6
Campylobacter_gracilis_FDAARGOS_1548	TssE	1
Pseudomonas_sp._SWRI17	TssA,TssB,TssC,TssD,TssE,TssF,TssG,TssJ,TssK,TssL,TssM	11
Izhakiella_sp._KSNA2	TssA,TssB,TssD,TssE,TssF,TssG,TssJ,TssK,TssL,TssM	10
Pseudomonas_lini_strain_BS3782	TssA,TssB,TssD,TssE,TssF,TssG,TssJ,TssK,TssL,TssM	10
Pseudomonas_mediterranea_strain_DSM_16733	TssA,TssB,TssC,TssD,TssE,TssF,TssG,TssJ,TssK,TssL,TssM	11
Leptospira_interrogans_serovar_Icterohaemorrhagiae_strain_898	TssD,TssL	2
Salmonella_enterica_subsp._enterica_serovar_Yovokome_str._S-1850_strain_S-1850	TssA,TssB,TssD,TssE,TssF,TssG,TssJ,TssK,TssL,TssM	10
Shewanella_sp._FJAT-51860	TssD	1
Parabacteroides_sp._CT06	TssC,TssE,TssF,TssK	4
Salmonella_enterica_subsp._enterica_serovar_Enteritidis_str._EC20121180	TssA,TssD,TssE,TssG	4
Halobacterium_sp._JI20-1	TssE,TssL	2
Mycobacterium_fortuitum_strain_CT6	TssL	1
Aeromonas_rivipollensis_strain_KN-Mc-11N1	TssJ	1
Tistrella_mobilis_KA081020-065	TssA,TssB,TssD,TssE,TssF,TssG,TssJ,TssK,TssL,TssM	10
Geobacillus_thermoleovorans_strain_ARTRW1	TssE	1
Rhodocyclaceae_bacterium_ICHIAU1	TssJ	1
Salmonella_enterica_subsp._enterica_serovar_Enteritidis_str._EC20110223	TssA,TssD,TssE,TssG,TssM	5
Streptomyces_sp._Z423-1	TssE,TssL	2
Salmonella_enterica_subsp._enterica_serovar_London_strain_CVM_35153	TssA,TssB,TssD,TssE,TssF,TssG,TssJ,TssK,TssL,TssM	10
Pseudopuniceibacterium_sp._HQ09	TssE	1
Salmonella_enterica_subsp._enterica_serovar_Heidelberg_strain_09-036813-1A	TssA,TssB,TssD,TssE,TssF,TssG,TssJ,TssK,TssL,TssM	10
Streptomyces_hygroscopicus_subsp._jinggangensis_TL01	TssE	1
Nocardiopsis_sp._BM-2018	TssL	1
Pseudomonas_sp._R3-52-08	TssA,TssB,TssD,TssE,TssF,TssG,TssJ,TssK,TssL,TssM	10
Flavobacterium_johnsoniae_UW101	TssC,TssD,TssE,TssF,TssG,TssK	6
Acinetobacter_nosocomialis_strain_6411	TssA,TssB,TssC,TssK,TssL,TssM	6
Salmonella_enterica_subsp._enterica_serovar_Typhimurium_str._USDA-ARS-USMARC-1906	TssA,TssB,TssD,TssE,TssF,TssG,TssJ,TssK,TssL,TssM	10
Cupriavidus_sp._ISTL7	TssA,TssM	2
Mycobacterium_smegmatis_INHR1	TssL	1
Chryseobacterium_rhizoplanae_XL97	TssB,TssC,TssE,TssF,TssG,TssK	6
Dolosigranulum_pigrum_strain_83VPs-KB5	TssL	1
Rhodococcus_sp._X156	TssE	1
Azotobacter_chroococcum_NCIMB_8003	TssA,TssD	2
Bosea_sp._PAMC_26642	TssA,TssB,TssD,TssE,TssF,TssG,TssK,TssL,TssM	9
Haemophilus_parainfluenzae_T3T1	TssE	1
Mycoplasma_edwardii_strain_NCTC10132	TssC	1
Candidatus_Methylopumilus_rimovensis_strain_MMS-RI-1	TssL	1
Salinivibrio_costicola_strain_M318	TssA,TssB,TssC,TssD,TssE,TssF,TssG,TssJ,TssK,TssL,TssM	11
Alteromonas_sp._Mac2	TssL	1
Natronolimnobius_sp._XQ-INN_246_strain_2447	TssA,TssB,TssD,TssE,TssF,TssG,TssJ,TssK,TssL,TssM	10
Paenibacillus_sp._PAMC21692	TssE	1
Jeongeupia_sp._USM3	TssA,TssB,TssD,TssE,TssF,TssG,TssJ,TssK,TssL,TssM	10
Halopenitus_persicus_strain_CBA1233	TssE	1
Streptococcus_pneumoniae_INV200	TssE	1
Burkholderia_sp._IDO3	TssA,TssB,TssD,TssE,TssF,TssG,TssJ,TssK,TssL,TssM	10
Pseudomonas_sp._J380	TssA,TssB,TssD,TssE,TssF,TssG,TssJ,TssK,TssL,TssM	10
Marinobacter_similis_A3d10	TssA,TssB,TssD,TssE,TssF,TssG,TssJ,TssK,TssL,TssM	10
Leptospira_borgpetersenii_str._4E	TssB,TssD	2
Gemmatimonadetes_bacterium_KBS708	TssA,TssB,TssD,TssE,TssF,TssG,TssK,TssL,TssM	9
Sphingomonas_echinoides_strain_B18	TssA,TssB,TssD,TssE,TssF,TssG,TssJ,TssK,TssL,TssM	10
Planctomycetes_bacterium_CA51	TssA,TssB,TssD,TssE,TssF,TssG,TssK,TssL	8
Lactobacillus_plantarum_subsp._plantarum_P-8	TssL	1
Geoglobus_acetivorans_SBH6	TssE	1
Clavibacter_michiganensis_subsp._chilensis_CFBP_8217	TssE	1
Salmonella_enterica_subsp._enterica_serovar_Enteritidis_str._EC20110356	TssA,TssD,TssE,TssG,TssM	5
Helicobacter_pylori_83	TssE	1
Achromobacter_mucicolens_IA	TssA,TssB,TssD,TssE,TssF,TssG,TssJ,TssK,TssL,TssM	10
Bacteroides_thetaiotaomicron_BFG-55	TssM	1
Corynebacterium_flavescens_strain_OJ8	TssK,TssL	2
Acinetobacter_lactucae_strain_OTEC-02	TssA,TssB,TssD,TssE,TssF,TssG,TssK,TssL,TssM	9
Klebsiella_pneumoniae_subsp._pneumoniae_HS11286	TssA,TssB,TssD,TssE,TssF,TssG,TssJ,TssK,TssL,TssM	10
Serratia_sp._AS12	TssE,TssG	2
Marinomonas_sp._A3A	TssA,TssB,TssD,TssE,TssF,TssG,TssJ,TssK,TssL,TssM	10
Salmonella_enterica_subsp._enterica_serovar_Enteritidis_str._SA20084824	TssA,TssD,TssE,TssG,TssM	5
Weissella_ceti_strain_CECT_7719	TssE	1
Phascolarctobacterium_faecium_CE91-St52	TssB	1
Saprospira_grandis_str._Lewin	TssE,TssL	2
Actinoplanes_sp._NBRC_14428	TssE	1
Streptomyces_sp._ID38640	TssE	1
Treponema_succinifaciens_DSM_2489	TssB,TssE	2
Francisella_philomiragia_subsp._philomiragia_ATCC_25017	TssB,TssL	2
Pseudomonas_balearica_strain_EC28	TssA,TssB,TssD,TssE,TssF,TssG,TssJ,TssK,TssL,TssM	10
Pseudomonas_cedrina_strain_BS2981	TssA,TssB,TssD,TssE,TssF,TssG,TssJ,TssK,TssL,TssM	10
Mycoplasma_putrefaciens_strain_NCTC10155	TssD	1
Enterococcus_sp._HSIEG1	TssK	1
Corynebacterium_macginleyi_strain_FDAARGOS_1195_strain_Not_applicable	TssL	1
Clostridium]_hylemonae_DSM_15053	TssE	1
Erwinia_billingiae_strain_TH88	TssA,TssB,TssD,TssE,TssF,TssG,TssJ,TssK,TssL,TssM	10
Salmonella_enterica_subsp._enterica_serovar_Enteritidis_str._EC20120738	TssA,TssD,TssE,TssG,TssM	5
Arthrobacter_sp._Rue61a	TssL	1
Haemophilus_influenzae_PittEE	TssB	1
Geomonas_sp._RG10	TssA,TssB,TssD,TssE,TssF,TssG,TssJ,TssK,TssL	9
Alicycliphilus_denitrificans_strain_DP3	TssE,TssL	2
Edwardsiella_tarda_FDAARGOS_1473	TssE	1
Burkholderia_aenigmatica_CMCC(B)23010_strain_CMCC(B)23010	TssA,TssB,TssD,TssE,TssF,TssG,TssJ,TssK,TssL,TssM	10
Yersinia_pestis_KIM10+	TssA,TssB,TssD,TssE,TssF,TssG,TssJ,TssK,TssL,TssM	10
Winogradskyella_sp._HaHa_3_26	TssL	1
Chitinophaga_sp._KRA15-503	TssB,TssC,TssE,TssF,TssG,TssK	6
Serinicoccus_profundi_strain_CGMCC_4.5582	TssG	1
Flavobacterium_psychrophilum_FPG101	TssG	1
Cyanobium_sp._M30B3	TssE	1
Haloarculaceae_archaeon_HSR12-1	TssJ	1
Marinobacter_sp._CP1	TssA,TssB,TssC,TssD,TssE,TssF,TssG,TssJ,TssK,TssL,TssM	11
Chloracidobacterium_sp._MS_40/45	TssL	1
Paenibacillus_sp._32O-W	TssE,TssG	2
Methanobrevibacter_arboriphilus_strain_SA	TssE	1
Enterococcus_faecalis_str._Symbioflor_1	TssE	1
uncultured_Alistipes_sp._min17_bin03	TssL	1
Janthinobacterium_sp._LM6_strain_LM6	TssA,TssB,TssD,TssE,TssF,TssG,TssJ,TssK,TssL,TssM	10
Bordetella_bronchiseptica_253	TssA,TssB,TssD,TssE,TssF,TssG,TssJ,TssK,TssL,TssM	10
Conexibacter_sp._SYSU_D00693	TssL	1
Streptomyces_bottropensis_ATCC_25435	TssE,TssL	2
Cupriavidus_metallidurans_ZM02	TssA,TssB,TssD,TssE,TssF,TssG,TssJ,TssK,TssL,TssM	10
Aeromonas_veronii_32286	TssK	1
Bacillus_sp._LUNF1	TssE	1
Shigella_flexneri_1a	TssA,TssE,TssF,TssG,TssL	5
Sphingobacterium_sp._UDSM-2020	TssL	1
Serratia_sp._LS-1	TssA,TssB,TssD,TssE,TssF,TssG,TssJ,TssK,TssL,TssM	10
Cronobacter_universalis_NCTC_9529	TssA,TssB,TssD,TssE,TssF,TssG,TssJ,TssK,TssL,TssM	10
Candidatus_Nitrotoga_arctica_6680	TssE	1
Mycobacterium_tuberculosis_PanR0311	TssL	1
Salmonella_enterica_subsp._enterica_serovar_Enteritidis_str._EC20110357	TssA,TssD,TssE,TssG,TssM	5
Wolbachia_endosymbiont_of_Drosophila_melanogaster_strain_wMel	TssE	1
Escherichia_coli_O1:HNT_strain_DR162-CEF	TssD,TssE,TssL	3
Chlamydia_buteonis_strain_IDL17-4553	TssC	1
Bacillus_sp._Alg07	TssL	1
Serratia_sp._AS13	TssE,TssG	2
Escherichia_coli_O45:H2_strain_FWSEC0003	TssA,TssB,TssD,TssE,TssF,TssG,TssJ,TssK,TssL,TssM	10
Salmonella_enterica_subsp._enterica_serovar_Enteritidis_str._EC20121004	TssD	1
Brachyspira_intermedia_PWS/A	TssA,TssM	2
Rhodoblastus_sp._strain_SSC7	TssE,TssM	2
Paenibacillus_sp._FSL_R5-0345	TssA,TssE,TssF	3
Proteus_cibarius_strain_G11	TssA,TssB,TssD,TssE,TssF,TssG,TssJ,TssK,TssL,TssM	10
Desulfovibrio_piger_strain_DESPIGER1	TssE,TssG	2
Deinococcus_sp._AJ005	TssE	1
Gemella_sanguinis_strain_FDAARGOS_742_strain_Not_applicable	TssC	1
Streptococcus_constellatus_subsp._pharyngis_C232	TssB	1
Clostridium_neonatale_250_09	TssB,TssE	2
Legionella_pneumophila_subsp._pneumophila_str._Hextuple_2q	TssL,TssM	2
Streptomyces_violaceoruber_strain_S21	TssE,TssF,TssL	3
Cellulophaga_lytica_strain_DAU203	TssB,TssC,TssE	3
Streptomyces_sp._CRPJ-33	TssE,TssL	2
Pandoraea_pnomenusa_3kgm	TssL	1
Vibrio_owensii_strain_1700302	TssA,TssB,TssD,TssE,TssF,TssG,TssJ,TssK,TssL,TssM	10
Pseudomonas_aeruginosa_NCGM2.S1	TssA,TssB,TssD,TssE,TssF,TssG,TssJ,TssK,TssL,TssM	10
Listonella_anguillarum_M3	TssA,TssB,TssD,TssE,TssF,TssG,TssJ,TssK,TssL,TssM	10
Bartonella_tribocorum_strain_BM1374166	TssE	1
Chryseobacterium_indoltheticum_strain_G0211	TssB,TssC,TssE,TssF,TssG	5
Moritella_yayanosii_strain_DB21MT_5	TssA,TssB,TssD,TssE,TssF,TssG,TssJ,TssK,TssL,TssM	10
Salmonella_enterica_subsp._enterica_serovar_Typhimurium_str._USDA-ARS-USMARC-1908	TssA,TssB,TssD,TssE,TssF,TssG,TssJ,TssK,TssL,TssM	10
Kutzneria_sp._CA-103260	TssC,TssE,TssL,TssM	4
Proteus_penneri_S178-2	TssA,TssB,TssD,TssE,TssF,TssG,TssJ,TssK,TssL,TssM	10
Marinithermus_hydrothermalis_DSM_14884	TssA	1
Verrucosispora_sp._NA02020	TssE,TssF	2
Pseudomonas_fluorescens_PICF7	TssA,TssB,TssD,TssE,TssF,TssG,TssJ,TssK,TssL,TssM	10
Salmonella_enterica_subsp._enterica_serovar_Enteritidis_str._EC20100100	TssA,TssD,TssE,TssG,TssM	5
Pandoraea_vervacti_strain_NS15	TssL	1
Betaproteobacteria_bacterium_GR16-43_strain_GR16-43	TssE,TssL	2
Photorhabdus_laumondii_subsp._laumondii_strain_DJC	TssA,TssB,TssD,TssE,TssF,TssG,TssJ,TssK,TssL,TssM	10
Capnocytophaga_stomatis_strain_H2177	TssB,TssC,TssE,TssF,TssG,TssK	6
Rhizobium_sp._L51/94	TssJ	1
Staphylococcus_sp._SM9054	TssE	1
Wenzhouxiangella_sp._AB-CW3	TssD	1
Mycobacterium_shigaense_strain_SCY	TssL	1
Alicycliphilus_denitrificans_BC	TssE,TssL	2
Frateuria_aurantia_DSM_6220	TssA,TssB,TssD,TssE,TssF,TssG,TssJ,TssK,TssL,TssM	10
Citrobacter_sp._RHBSTW-00017	TssA,TssB,TssC,TssD,TssE,TssF,TssG,TssJ,TssK,TssL	10
Oceanicola_sp._D3	TssA,TssB,TssD,TssE,TssF,TssG,TssK,TssL,TssM	9
Wolbachia_endosymbiont_of_Delia_radicum_iso-1	TssE	1
Thermomonas_carbonis_strain_KCTC_42013	TssA,TssB,TssD,TssE,TssF,TssG,TssK,TssL	8
Leptospira_interrogans_serovar_Lai_str._IPAV	TssD,TssL	2
Flavobacterium_sediminilitoris_YSM-43	TssB,TssC,TssE,TssF,TssK	5
Echinicola_rosea_strain_JL3085	TssE,TssJ	2
Frankineae_bacterium_MT45	TssD	1
Salmonella_enterica_subsp._enterica_serovar_Enteritidis_str._EC20110358	TssA,TssD,TssE,TssG,TssM	5
Enterobacter_sp._RHB15-C17	TssA,TssB,TssD,TssE,TssF,TssG,TssJ,TssK,TssL,TssM	10
Zhongshania_aliphaticivorans_strain_SM2_strain_SM-2	TssF	1
Streptomyces_platensis_strain_ATCC_23948	TssE	1
Arsenophonus_nasoniae_strain_FIN	TssB,TssE,TssL	3
Candidatus_Sulcia_muelleri_GWSS	TssE	1
Helicobacter_cinaedi_PAGU611	TssA,TssB,TssD,TssE,TssF,TssG,TssJ,TssK,TssL,TssM	10
Escherichia_coli_O126:H45_strain_MIN10	TssA,TssB,TssD,TssE,TssF,TssG,TssJ,TssK,TssL,TssM	10
Amycolatopsis_methanolica_239	TssL	1
Shinella_sp._HZN7	TssC,TssE	2
Nocardia_gipuzkoensis_FDAARGOS_1619	TssE	1
Oscillibacter_sp._PEA192	TssE,TssL	2
Pseudomonas_pelagia_strain_Kongs-67	TssA,TssB,TssD,TssE,TssF,TssG,TssJ,TssK,TssL,TssM	10
Bulleidia_sp._zg-1006	TssL	1
Paraburkholderia_sp._DHF22	TssA,TssB,TssD,TssE,TssF,TssG,TssJ,TssK,TssL,TssM	10
Virgibacillus_sp._LM2416_strain_LM2416	TssE,TssL	2
Phycisphaerae_bacterium_RAS2	TssA	1
Pseudomonas_sp._R5-89-07	TssA,TssB,TssD,TssE,TssF,TssG,TssJ,TssK,TssL,TssM	10
Candidatus_Ruthia_sp._Crec_9_S17	TssC	1
Streptomyces_sp._MK45	TssE	1
Citrobacter_sp._Colony322	TssA,TssB,TssD,TssE,TssF,TssG,TssJ,TssK,TssL,TssM	10
Pseudomonas_putida_NBRC_14164	TssA,TssB,TssC,TssD,TssE,TssF,TssG,TssJ,TssK,TssL,TssM	11
Escherichia_coli_O100:H21_strain_Res13-Lact-ER07-18	TssB,TssD,TssE,TssF,TssL	5
Aeromonas_salmonicida_strain_A527	TssK	1
Streptomyces_globosus_strain_LZH-48_strain_soil	TssE,TssF	2
Klebsiella_pneumoniae_subsp._pneumoniae_Kp13	TssA,TssB,TssD,TssE,TssF,TssG,TssJ,TssK,TssL,TssM	10
Novosphingobium_pentaromativorans_US6-1	TssA,TssE	2
Limnospira_fusiformis_SAG_85.79	TssE,TssJ	2
Dokdonia_sp._PRO95	TssG	1
Legionella_pneumophila_subsp._pneumophila_LPE509	TssL,TssM	2
Blautia_sp._SC05B48	TssC	1
Salmonella_enterica_subsp._enterica_serovar_Enteritidis_str._EC20120219	TssA,TssD,TssE,TssG,TssM	5
Bacillus_sporothermodurans_strain_DSM_10599	TssE	1
Salmonella_enterica_subsp._enterica_serovar_Enteritidis_str._EC20100101	TssA,TssD,TssE,TssG,TssM	5
Streptococcus_pneumoniae_TCH8431/19A	TssE	1
Curtobacterium_sp._L6-1	TssL	1
Arthrospira_sp._PCC_9108	TssE	1
Tardiphaga_sp._vice154	TssE,TssL	2
Burkholderia_pseudomallei_K42	TssA,TssB,TssD,TssE,TssF,TssG,TssJ,TssK,TssL,TssM	10
Methylobacterium_nodulans_ORS_2060	TssA,TssB,TssD,TssE,TssF,TssG,TssK,TssL,TssM	9
Janibacter_indicus_strain_TT2	TssG	1
Deinococcus_wulumuqiensis_strain_NEB_479	TssA,TssL	2
Nostoc_sp._TCL26-01	TssE	1
Clavibacter_sp._DM1	TssE	1
Bacillus_thuringiensis_serovar_coreanensis_strain_ST7	TssC,TssE	2
Calothrix_sp._NIES-3974	TssE,TssL	2
Pseudomonas_juntendi_18091276	TssA,TssB,TssC,TssD,TssE,TssF,TssG,TssJ,TssK,TssL,TssM	11
Epibacterium_mobile_strain_EPIB1	TssA,TssB,TssD,TssE,TssF,TssG,TssK,TssL,TssM	9
Oceanicola_sp._strain_m2	TssA,TssB,TssD,TssE,TssF,TssG,TssK,TssL,TssM	9
Serratia_rubidaea_H440	TssA,TssB,TssD,TssE,TssF,TssG,TssJ,TssK,TssL,TssM	10
Flavobacterium_sp._CJ74	TssA,TssE	2
Bradyrhizobium_lablabi_strain_GAS499	TssD,TssE,TssL	3
Variovorax_paradoxus_EPS	TssA,TssB,TssD,TssE,TssF,TssG,TssJ,TssK,TssL,TssM	10
Vibrio_fischeri_MJ11	TssA,TssB,TssD,TssE,TssF,TssG,TssJ,TssK,TssL,TssM	10
Salmonella_enterica_subsp._enterica_serovar_Thompson_strain_CFSAN000738	TssA,TssB,TssD,TssE,TssF,TssG,TssJ,TssK,TssL,TssM	10
Mycobacterium_tuberculosis_PanR0313	TssL	1
Salmonella_enterica_subsp._enterica_serovar_Enteritidis_str._EC20110359	TssA,TssD,TssE,TssG,TssM	5
Moraxella_bovoculi_strain_22581	TssE	1
Pseudomonas_aeruginosa_YL84	TssA,TssB,TssD,TssE,TssF,TssG,TssJ,TssK,TssL,TssM	10
Arcobacter_skirrowii_CCUG_10374	TssA,TssB,TssD,TssE,TssF,TssG,TssJ,TssK,TssL,TssM	10
Bosea_sp._Tri-49	TssA,TssB,TssD,TssE,TssF,TssG,TssJ,TssK,TssL,TssM	10
Mucilaginibacter_ginsenosidivorax_strain_KHI28	TssE	1
Mycobacterium_tuberculosis_PanR0702	TssL	1
Neisseria_meningitidis_alpha14	TssE	1
Escherichia_coli_O104:H4_str._2009EL-2050	TssA,TssB,TssD,TssE,TssF,TssG,TssJ,TssK,TssL,TssM	10
Erwiniaceae_bacterium_PD-1	TssA,TssB,TssD,TssE,TssF,TssG,TssJ,TssK,TssL,TssM	10
Rhodococcus_coprophilus_strain_NCTC10994	TssL	1
Streptococcus_thermophilus_ASCC_1275	TssB	1
Streptococcus_pneumoniae_gamPNI0373	TssE	1
Flexibacter_litoralis_DSM_6794	TssE	1
Entomomonas_sp._F2A	TssA,TssB,TssD,TssE,TssF,TssG,TssJ,TssK,TssL,TssM	10
Pseudomonas_poae_RE*1-1-14	TssA,TssB,TssD,TssE,TssF,TssG,TssJ,TssK,TssL,TssM	10
Streptomyces_chartreusis_NRRL_3882_strain_NRRL3882	TssE,TssL	2
Weissella_viridescens_strain_NJ100	TssA,TssE	2
Proteus_columbae_strain_T60	TssA,TssB,TssD,TssE,TssF,TssG,TssJ,TssK,TssL,TssM	10
Desulfovibrio_vulgaris_str._Hildenborough	TssE	1
Ruminiclostridium_sp._KB18	TssL	1
Enterobacter_sp._DNB-S2	TssA,TssB,TssD,TssE,TssF,TssG,TssJ,TssK,TssL,TssM	10
Streptococcus_pneumoniae_OXC141	TssE	1
Bacteroides_uniformis_strain_CL06T03C05	TssC,TssE,TssF,TssG,TssK	5
Streptomyces_sp._P3	TssG	1
Acetobacter_pasteurianus_IFO_3283-01-42C	TssM	1
Maritimibacter_sp._strain_ih11	TssJ,TssM	2
Sphingobium_cloacae_strain_JCM_10874	TssE	1
Actinoalloteichus_sp._GBA129-24	TssE	1
Klebsiella_variicola_subsp._variicola_01A065	TssA,TssB,TssD,TssE,TssF,TssG,TssJ,TssK,TssL,TssM	10
Apibacter_sp._HY041	TssB,TssC,TssE,TssF,TssG,TssJ,TssK	7
Rhizobium_sp._N6212	TssB,TssD,TssE,TssF,TssG,TssK,TssL,TssM	8
Marinifilaceae_bacterium_SPP2	TssB,TssC,TssE,TssF	4
Eubacterium_siraeum_70/3	TssK	1
Capnocytophaga_sp._H4358	TssE,TssL	2
Burkholderia_pseudomallei_MSHR5848	TssA,TssB,TssD,TssE,TssF,TssG,TssJ,TssK,TssL,TssM	10
Burkholderiales_bacterium_bin300	TssD,TssE,TssF,TssK,TssL	5
Arcobacter_molluscorum_LMG_25693_strain_CECT_7696	TssA,TssB,TssD,TssE,TssF,TssG,TssJ,TssK,TssL,TssM	10
Paenibacillus_sp._S02	TssL	1
Neisseria_meningitidis_alpha710	TssE	1
Salmonella_enterica_subsp._enterica_serovar_Enteritidis_str._SA19992322	TssA,TssD,TssE,TssG,TssM	5
Thermoanaerobacterium_saccharolyticum_JW/SL-YS485	TssB	1
Methylomonas_sp._EFPC1	TssA,TssB,TssD,TssE,TssF,TssG,TssJ,TssK,TssL,TssM	10
Citrobacter_sp._RHB25-C09	TssA,TssB,TssD,TssE,TssF,TssG,TssJ,TssK,TssL,TssM	10
Salmonella_enterica_subsp._enterica_serovar_Bareilly_str._CFSAN000189	TssD,TssE	2
Nitrosococcus_halophilus_Nc_4	TssA	1
Peptoclostridium_difficile_BJ08	TssC	1
Halomonas_sp._A3H3	TssA,TssB,TssD,TssE,TssF,TssG,TssJ,TssK,TssL,TssM	10
Pusillimonas_sp._DMV24BSW_D	TssA,TssB,TssD,TssE,TssF,TssG,TssJ,TssK,TssL	9
Apilactobacillus_kunkeei_strain_7K4AA	TssL	1
Bacillus_amyloliquefaciens_TA208	TssE	1
Labrenzia_sp._THAF191a	TssA,TssB,TssD,TssE,TssF,TssG,TssK,TssL,TssM	9
Xanthomonas_citri_pv._malvacearum_strain_HD-1	TssA,TssB,TssC,TssD,TssE,TssF,TssG,TssK,TssL,TssM	10
Mycobacterium_tuberculosis_PanR0314	TssL	1
Oxynema_sp._AP17	TssE	1
Burkholderia_fungorum_strain_ATCC_BAA-463	TssA,TssB,TssD,TssE,TssF,TssG,TssJ,TssK,TssL,TssM	10
Staphylococcus_aureus_04-02981	TssE	1
Aeromonas_jandaei_FDAARGOS_1523	TssA,TssB,TssD,TssE,TssF,TssG,TssJ,TssK,TssL,TssM	10
Salmonella_enterica_subsp._enterica_serovar_Anatum_str._USDA-ARS-USMARC-1175	TssA,TssB,TssD,TssE,TssF,TssG,TssJ,TssK,TssL,TssM	10
Providencia_rustigianii_strain_NCTC6933	TssA,TssB,TssD,TssE,TssK,TssL,TssM	7
Massilia_sp._NP310	TssA,TssB,TssD,TssE,TssF,TssG,TssJ,TssK,TssL,TssM	10
Cylindrospermum_stagnale_PCC_7417	TssE,TssF	2
Salmonella_enterica_subsp._enterica_serovar_Ouakam_str._SA20034636_strain_SA20034636	TssA,TssB,TssD,TssE,TssF,TssG,TssJ,TssK,TssL,TssM	10
Mycobacterium_tuberculosis_PanR0703	TssL	1
Xylella_fastidiosa_subsp._fastidiosa_MAG_669	TssE	1
Erwinia_sp._J780	TssA,TssB,TssD,TssE,TssF,TssG,TssJ,TssK,TssL,TssM	10
Spiroplasma_endosymbiont_of_'Nebria_riversi'_strain_Nriv7	TssM	1
Klebsiella_pneumoniae_subsp._pneumoniae_1158	TssA,TssE,TssF,TssG,TssJ,TssK,TssL,TssM	8
Halomonas_sp._SH5A2	TssA,TssB,TssD,TssE,TssF,TssG,TssJ,TssK,TssL,TssM	10
Burkholderia_sp._MS389	TssA,TssB,TssD,TssE,TssF,TssG,TssJ,TssK,TssL,TssM	10
Lysinibacillus_sphaericus_C3-41	TssD,TssE,TssL	3
Lachnospiraceae_bacterium_KM106-2	TssE	1
Dactylococcopsis_salina_PCC_8305	TssC	1
Xylella_fastidiosa_subsp._sandyi_OC8	TssE	1
Neorhizobium_galegae_bv._officinalis_bv._officinalis_str._HAMBI_1141	TssE	1
Pseudomonas_syringae_pv._syringae_strain_CFBP2118	TssA,TssB,TssC,TssD,TssE,TssF,TssG,TssJ,TssK,TssL,TssM	11
Bartonella_sp._Raccoon60_strain_Raccoon60	TssE	1
Desulfobulbus_propionicus_DSM_2032	TssE	1
Paucibacter_sp._KCTC_42545	TssB,TssD,TssE	3
Salmonella_enterica_subsp._enterica_serovar_Muenster_strain_CVM_22504	TssA,TssB,TssD,TssE,TssF,TssG,TssJ,TssK	8
Erwinia_amylovora_1-2	TssA,TssB,TssD,TssE,TssF,TssG,TssJ,TssK,TssL,TssM	10
Acetobacteraceae_bacterium_strain_868	TssA,TssB,TssD,TssE,TssF,TssG,TssK,TssL,TssM	9
Achromobacter_xylosoxidans_PartM-Axylosoxidans-RM8376	TssA,TssB,TssD,TssE,TssF,TssG,TssJ,TssK,TssL,TssM	10
Bradyrhizobium_japonicum_CC829	TssA,TssB,TssD,TssE,TssF,TssG,TssK,TssL,TssM	9
Diaphorobacter_aerolatus_strain_KACC_16536	TssA,TssB,TssD,TssE,TssF,TssG,TssJ,TssK,TssL,TssM	10
Mycobacterium_tuberculosis_PanR1101	TssL	1
Brenneria_rubrifaciens_strain_6D370	TssA,TssB,TssD,TssE,TssF,TssG,TssJ,TssK,TssL,TssM	10
Salmonella_enterica_subsp._enterica_serovar_Enteritidis_str._EC20100103	TssA,TssD,TssE,TssG,TssM	5
Serratia_sp._FDAARGOS_506_strain_Not_applicable	TssA,TssB,TssD,TssE,TssF,TssG,TssJ,TssK,TssL,TssM	10
Eubacterium_acidaminophilum_DSM_3953	TssL	1
Salmonella_enterica_subsp._enterica_serovar_Enteritidis_str._EC20120002	TssA,TssD,TssE,TssG,TssM	5
Pseudoalteromonas_donghaensis_strain_HJ51	TssM	1
Salmonella_enterica_subsp._enterica_serovar_Enteritidis_str._SA20123395	TssA,TssD,TssE,TssG,TssM	5
Mycolicibacterium_fortuitum_subsp._fortuitum_JCM6387	TssL	1
Pseudomonas_sp._gcc21	TssA,TssB,TssD,TssE,TssF,TssG,TssJ,TssK,TssL,TssM	10
Bradyrhizobium_sp._58S1	TssE	1
Salmonella_enterica_subsp._enterica_serovar_Waycross_strain_RSE24	TssA,TssB,TssD,TssE,TssF,TssG,TssJ,TssK,TssL,TssM	10
Yersinia_pestis_biovar_Medievalis_str._Harbin_35	TssA,TssB,TssD,TssE,TssF,TssG,TssJ,TssK,TssL,TssM	10
Halomonas_sp._MCCC_1A13718	TssA,TssB,TssD,TssE,TssF,TssG,TssJ,TssK,TssL,TssM	10
Pseudomonas_sp._Tri1	TssA,TssB,TssC,TssD,TssE,TssF,TssG,TssJ,TssK,TssL,TssM	11
Microbacterium_sp._WY121	TssL	1
Pseudomonas_sp._HN11	TssA,TssB,TssD,TssE,TssF,TssG,TssJ,TssK,TssL,TssM	10
Methylobacterium_organophilum_WPA_B	TssL	1
Micromonospora_sp._B006	TssE	1
Pseudomonas_syringae_pv._actinidiae_strain_CRAFRU_12.29	TssA,TssB,TssC,TssD,TssE,TssF,TssG,TssJ,TssK,TssL,TssM	11
Labrenzia_sp._THAF191b	TssA,TssB,TssD,TssE,TssF,TssG,TssK,TssL,TssM	9
Pseudomonas_aeruginosa_MTB-1	TssA,TssB,TssD,TssE,TssF,TssG,TssJ,TssK,TssL,TssM	10
Pseudomonas_sp._R4-34-07	TssA,TssB,TssD,TssE,TssF,TssG,TssJ,TssK,TssL,TssM	10
Mycobacterium_tuberculosis_PanR0315	TssL	1
Anseongella_ginsenosidimutans_strain_Gsoil_524	TssE,TssL	2
Streptosporangium_roseum_DSM_43021	TssL	1
Dickeya_dadantii_Ech586	TssA,TssB,TssD,TssE,TssF,TssG,TssJ,TssK,TssL,TssM	10
Pedobacter_sp._D749	TssC,TssE,TssF,TssG,TssK	5
Streptomyces_mirabilis_strain_P16B-1	TssE	1
Mycobacterium_tuberculosis_PanR0704	TssL	1
Acidovorax_ebreus_TPSY	TssG,TssL	2
Bacteroides_fragilis_CL03T12C07	TssB,TssC,TssE,TssF,TssG,TssK,TssM	7
Mycoplasma_bovis_HB0801	TssE	1
Dyella_thiooxydans_strain_ATSB10	TssA,TssB,TssC,TssD,TssE,TssF,TssG,TssK,TssL,TssM	10
Pseudomonas_aeruginosa_DSM_50071	TssA,TssB,TssD,TssE,TssF,TssG,TssJ,TssK,TssL,TssM	10
Pseudomonas_lundensis_strain_2T.2.5.2	TssA,TssB,TssD,TssE,TssF,TssG,TssJ,TssK,TssL,TssM	10
Paucimonas_lemoignei_strain_NCTC10937	TssA,TssB,TssD,TssE,TssF,TssG,TssJ,TssK,TssL,TssM	10
Chryseobacterium_sp._G0201	TssB,TssC,TssE,TssF,TssG,TssK	6
Pseudomonas_aeruginosa_CI27	TssA,TssB,TssD,TssE,TssF,TssG,TssJ,TssK,TssL,TssM	10
Citrobacter_sp._RHBSTW-00976	TssA,TssB,TssC,TssD,TssE,TssF,TssG,TssJ,TssK,TssL	10
Myxococcus_sp._(contaminant_ex_DSM_436)	TssA,TssB,TssD,TssE,TssF,TssG,TssJ,TssK,TssL,TssM	10
Ralstonia_solanacearum_FJAT-1458	TssA,TssB,TssD,TssE,TssF,TssG,TssJ,TssK,TssL,TssM	10
Arthrobacter_sp._ERGS1:01	TssE	1
Yersinia_intermedia_N6/293	TssA,TssB,TssD,TssE,TssF,TssG,TssJ,TssK,TssL,TssM	10
Echinicola_vietnamensis_DSM_17526	TssE,TssJ	2
Marinomonas_sp._SM1966	TssA,TssB,TssD,TssE,TssF,TssG,TssJ,TssK,TssL,TssM	10
Clostridium_botulinum_F_str._230613	TssB,TssE	2
Pseudomonas_sp._IzPS32d	TssA,TssB,TssD,TssE,TssF,TssG,TssJ,TssK,TssL,TssM	10
Escherichia_coli_K-12	TssD,TssE,TssL	3
Rhodococcus_sp._2G	TssE	1
Myxococcus_stipitatus_DSM_14675	TssA,TssB,TssD,TssE,TssF,TssG,TssJ,TssK,TssL,TssM	10
Bacillus_aquiflavi_3H-10	TssE,TssL	2
Nitrospira_moscoviensis_strain_NSP_M-1	TssE	1
Sphingopyxis_sp._YF1	TssE	1
Chloroherpeton_thalassium_ATCC_35110	TssE	1
Cupriavidus_oxalaticus_strain_Ox1	TssA,TssB,TssD,TssE,TssF,TssG,TssJ,TssK,TssL,TssM	10
Corynebacterium_casei_LMG_S-19264	TssL	1
Fluviicola_sp._RIFCSPHIGHO2_02_FULL_43_260	TssE	1
Paludibacterium_sp._B53371	TssE	1
Nitratireductor_sp._OM-1	TssL	1
Persephonella_marina_EX-H1	TssE	1
Vibrio_cincinnatiensis_strain_1398-82	TssA,TssB,TssD,TssE,TssF,TssG,TssJ,TssK,TssL,TssM	10
Phytohabitans_flavus_strain_NBRC_107702	TssE,TssL	2
Sphingomonas_sp._WHSC-8	TssE	1
Bacterioplanes_sanyensis_strain_NV9	TssA,TssB,TssD,TssE,TssF,TssG,TssK,TssL	8
Legionella_jordanis_strain_NCTC11533	TssE,TssL,TssM	3
Sinorhizobium_fredii_USDA_257	TssA,TssB,TssD,TssE,TssF,TssG,TssJ,TssK,TssL,TssM	10
Francisella_noatunensis_subsp._orientalis_FNO24	TssA,TssB,TssK,TssL,TssM	5
Moorella_glycerini_strain_DSM_11254	TssL	1
Cryobacterium_sp._PAMC25264	TssL	1
Candidatus_Saccharibacteria_bacterium_FS14P	TssL	1
Vibrio_penaeicida_IFO_15641	TssA,TssB,TssD,TssE,TssF,TssG,TssJ,TssK,TssL,TssM	10
Bradyrhizobium_yuanmingense_strain_WBAH30	TssC,TssE	2
Salmonella_enterica_subsp._enterica_serovar_Enteritidis_str._EC20120003	TssA,TssD,TssE,TssG,TssM	5
Rhodoferax_antarcticus_strain_DSM_24876	TssE	1
Clavibacter_michiganensis_subsp._capsici_strain_1101	TssE	1
Sulfurimonas_sp._S2-6	TssE	1
Pandoraea_sputorum_DSM_21091	TssE,TssL	2
Serratia_nematodiphila_strain_DH-S01_strain_not_collected	TssA,TssB,TssD,TssE,TssF,TssG,TssJ,TssK,TssL,TssM	10
Pedobacter_sp._G11	TssE	1
Corynebacterium_diphtheriae_CDCE_8392	TssB	1
Nitrospiraceae_bacterium_bin1476	TssE	1
Paludisphaera_borealis_strain_PX4	TssA,TssB,TssD,TssE,TssF,TssG,TssK,TssL	8
Escherichia_coli_O18ac:H14_strain_873.10	TssB,TssD,TssE,TssG,TssL	5
Salmonella_enterica_subsp._enterica_serovar_Bardo_strain_SA20113257	TssA,TssB,TssD,TssE,TssF,TssG,TssJ,TssK,TssL,TssM	10
Altibacter_sp._ALE3EI	TssL	1
Acinetobacter_sp._NEB_394	TssA,TssB,TssD,TssE,TssF,TssG,TssK,TssL,TssM	9
Actinomyces_sp._HMT_897	TssL	1
Mannheimia_haemolytica_D174	TssE	1
Escherichia_coli_O89m:H10_strain_MIN12	TssA,TssB,TssD,TssE,TssF,TssG,TssJ,TssK,TssL,TssM	10
Neisseriaceae_bacterium_26B	TssA,TssE	2
Mycobacterium_tuberculosis_PanR0316	TssL	1
Streptomyces_sp._CCM_MD2014	TssE	1
Bradyrhizobium_sp._CCBAU_51765	TssA,TssB,TssC,TssD,TssE,TssF,TssG,TssK,TssL,TssM	10
Hafnia_alvei_strain_A23BA	TssA,TssB,TssD,TssE,TssF,TssG,TssJ,TssK,TssL,TssM	10
Serratia_sp._SSNIH1	TssA,TssB,TssD,TssE,TssF,TssG,TssJ,TssK,TssL,TssM	10
Lonsdalea_populi_strain_N-5-1	TssA,TssB,TssD,TssE,TssF,TssG,TssJ,TssK,TssL,TssM	10
Pseudomonas_sp._St29	TssA,TssB,TssD,TssE,TssF,TssG,TssJ,TssK,TssL,TssM	10
Prevotella_sp._oral_taxon_475_strain_F0059	TssA	1
Pseudomonas_multiresinivorans_strain_populi	TssA,TssB,TssD,TssE,TssF,TssG,TssK,TssL	8
Pseudomonas_fluorescens_SS101	TssA,TssB,TssD,TssE,TssF,TssG,TssJ,TssK,TssL,TssM	10
Agromyces_sp._KACC_19306	TssE,TssF	2
Streptococcus_merionis_strain_NCTC13788	TssB	1
Rothia_mucilaginosa_strain_CECT30005	TssC	1
Streptomyces_sp._TLI_053	TssE,TssF	2
Mycoplasma_anseris_strain_ATCC_49234	TssC	1
Alicyclobacillus_sp._TC	TssB	1
Phascolarctobacterium_succinatutens_YIT_12067_strain_Phascolarctobacterium_succinatutens_82G5	TssB	1
Burkholderia_thailandensis_34	TssA,TssB,TssD,TssE,TssF,TssG,TssJ,TssK,TssL,TssM	10
Zymomonas_mobilis_subsp._mobilis_NRRL_B-12526	TssE	1
Sphingomonas_panacis_strain_DCY99	TssE	1
Francisella_sp._TX077310	TssA,TssB,TssD,TssE,TssF,TssG,TssJ,TssK,TssL,TssM	10
Pseudomonas_aeruginosa_LES431	TssA,TssB,TssD,TssE,TssF,TssG,TssJ,TssK,TssL,TssM	10
Azospirillum_lipoferum_4B	TssA,TssB,TssD,TssE,TssF,TssG,TssJ,TssK,TssL,TssM	10
Halomonas_titanicae_strain_GPM3	TssA,TssB,TssD,TssE,TssF,TssG,TssJ,TssK,TssL,TssM	10
Variovorax_sp._PMC12	TssA,TssB,TssD,TssE,TssF,TssG,TssJ,TssK,TssL,TssM	10
Lysobacter_enzymogenes_strain_C3	TssA,TssB,TssC,TssD,TssE,TssF,TssG,TssJ,TssK,TssL,TssM	11
Bifidobacterium_dentium_JCM_1195_=_DSM_20436	TssL	1
Streptomyces_sp._QMT-28	TssE	1
Cellvibrio_japonicus_Ueda107	TssC,TssE	2
Paenibacillus_borealis_DSM_13188	TssE	1
Pseudomonas_monteilii_SB3078	TssA,TssB,TssC,TssD,TssE,TssF,TssG,TssJ,TssK,TssL,TssM	11
Haliangium_ochraceum_DSM_14365	TssA,TssB,TssE,TssF,TssK,TssL	6
Proteus_sp._ZN5	TssA,TssB,TssD,TssE,TssF,TssG,TssJ,TssK,TssL,TssM	10
Methanosarcina_horonobensis_HB-1_=_JCM_15518	TssE	1
Avibacterium_paragallinarum_ZJ-C	TssE	1
Qipengyuania_sp._1NDH1	TssE	1
Haemophilus_influenzae_CGSHiCZ412602	TssB	1
Mycobacterium_tuberculosis_PanR0317	TssL	1
Serratia_plymuthica_S13	TssE	1
Pseudomonas_aeruginosa_M18	TssA,TssB,TssD,TssE,TssF,TssG,TssJ,TssK,TssL,TssM	10
Thiomicrospira_sp._S5	TssJ,TssL	2
Azotobacter_salinestris_strain_KACC_13899	TssA,TssD,TssM	3
Mannheimia_sp._ZY171111	TssE	1
Spirosoma_sp._HA7	TssB,TssC,TssE,TssF,TssG,TssK	6
Bacillus_anthracis_str._H9401	TssE	1
Pseudomonas_sp._M30-35_strain_M30-35	TssA,TssB,TssD,TssE,TssF,TssG,TssJ,TssK,TssL,TssM	10
Pandoraea_oxalativorans_strain_DSM-23570	TssA,TssB,TssD,TssE,TssF,TssG,TssJ,TssK,TssL,TssM	10
Enterobacter_sp._YD4	TssA,TssB,TssD,TssE,TssF,TssG,TssJ,TssK,TssL,TssM	10
Aeromonas_schubertii_strain_LF1708	TssA,TssB,TssD,TssE,TssF,TssG,TssJ,TssK,TssL,TssM	10
Paenibacillus_lentus_strain_DSM_25539	TssE	1
Escherichia_coli_O84:H7_strain_Trh52	TssD,TssE,TssL	3
Mycobacterium_kansasii_ATCC_12478	TssL	1
Mycoplasma_gallisepticum_str._R(high)	TssE	1
Sulfuriferula_sp._AH1_strain_AH1	TssE	1
Chryseobacterium_sp._17S1E7	TssB,TssC,TssE,TssF,TssG,TssK	6
Staphylococcus_lugdunensis_HKU09-01	TssA,TssE	2
Salmonella_enterica_subsp._enterica_serovar_Braenderup_strain_FORC93	TssA,TssB,TssD,TssE,TssF,TssG,TssJ,TssK,TssL,TssM	10
Staphylococcus_aureus_subsp._aureus_TW20_strain_582	TssE	1
Vibrio_cholerae_MJ-1236	TssA,TssB,TssD,TssE,TssF,TssG,TssJ,TssK,TssL,TssM	10
Mycobacterium_sp._THAF192	TssL	1
Youhaiella_tibetensis_strain_fig4	TssE	1
Lysobacter_helvus_strain_D10_strain_JCM32364	TssE,TssF	2
Klebsiella_sp._PL-2018	TssA,TssB,TssD,TssF,TssG,TssJ,TssK,TssL,TssM	9
Xanthomonas_oryzae_NJ01	TssA,TssB,TssC,TssD,TssE,TssF,TssG,TssJ,TssK,TssL,TssM	11
Salmonella_enterica_subsp._enterica_serovar_Newport_str._USDA-ARS-USMARC-1923	TssA,TssB,TssD,TssE,TssF,TssG,TssJ,TssK,TssL,TssM	10
Candidatus_Paracaedibacter_acanthamoebae	TssA,TssB,TssE,TssF,TssG,TssK,TssL	7
Pseudomonas_orientalis_YB-76	TssA,TssB,TssD,TssE,TssF,TssG,TssJ,TssK,TssL,TssM	10
Planococcus_plakortidis_strain_DSM_23997	TssC	1
Hymenobacter_sp._NBH84	TssC,TssL	2
Phreatobacter_sp._NMCR1094	TssA	1
Burkholderia_ambifaria_MC40-6	TssA,TssB,TssD,TssE,TssF,TssG,TssJ,TssK,TssL,TssM	10
Pluralibacter_gergoviae_FB2	TssA,TssB,TssD,TssE,TssF,TssG,TssJ,TssK,TssL,TssM	10
Capnocytophaga_gingivalis_strain_H1496	TssB,TssC,TssE,TssF,TssG,TssK	6
Pragia_sp._CF-458	TssA,TssB,TssD,TssE,TssF,TssG,TssJ,TssK,TssL,TssM	10
Escherichia_coli_O157:H7_str._TW14359	TssA,TssB,TssD,TssE,TssF,TssG,TssJ,TssK,TssL,TssM	10
Acinetobacter_variabilis_BDT2044	TssL	1
Corynebacterium_epidermidicanis_strain_DSM_45586	TssL	1
Sporosarcina_sp._P33_strain_P33	TssE	1
Geobacter_lovleyi_SZ	TssE	1
Halovulum_dunhuangense_strain_RR4-56	TssB,TssE	2
Laribacter_hongkongensis_strain_LHGZ1	TssE	1
Mycobacterium_tuberculosis_H37Rv	TssL	1
Francisella_noatunensis_subsp._noatunensis_FSC774	TssB,TssK,TssL,TssM	4
Escherichia_coli_O127:H6_str._E2348/69	TssE,TssL	2
Bremerella_volcania_TYQ1	TssA,TssB,TssD,TssE,TssF,TssG,TssK,TssL	8
Legionella_hackeliae_strain_ATCC35250	TssA,TssE,TssL,TssM	4
Capnocytophaga_sp._oral_taxon_864_strain_F0512	TssB,TssC,TssE,TssF,TssG,TssK	6
Salmonella_enterica_subsp._enterica_serovar_Enteritidis_str._EC20120005	TssA,TssD,TssE,TssG,TssM	5
Streptomyces_solisilvae_strain_HNM0141	TssE	1
Lysinibacillus_sphaericus_NEU_1003	TssE	1
Rathayibacter_tritici_strain_NCPPB_1953	TssM	1
Pseudomonas_sp._15A4	TssA,TssB,TssD,TssE,TssF,TssG,TssJ,TssK,TssL,TssM	10
Streptomyces_sp._WY228	TssE	1
Zoogloeaceae_bacterium_strain_H1-1-2A	TssA,TssB,TssD,TssE,TssF,TssG,TssJ,TssK,TssL,TssM	10
Xanthomonas_citri_pv._fuscans_CFBP_6988	TssA,TssB,TssC,TssD,TssE,TssF,TssG,TssK,TssL,TssM	10
Chryseobacterium_gleum_strain_110146	TssB,TssC,TssE,TssF,TssG,TssK	6
Bartonella_sp._'Tel_Aviv'	TssE	1
Rhodoferax_sp._BAB1	TssA,TssE,TssL	3
Roseateles_depolymerans_strain_KCTC_42856	TssA,TssB,TssD,TssE,TssF,TssG,TssJ,TssK,TssL,TssM	10
Salmonella_enterica_subsp._enterica_serovar_Sanjuan_strain_NCTC7406	TssA,TssB,TssD,TssE,TssF,TssG,TssJ,TssK,TssL,TssM	10
Streptomyces_parvulus_strain_2297	TssE	1
Microlunatus_sp._Gsoil_973	TssE	1
Rhizobium_sp._ZX09	TssB,TssE	2
Sulfitobacter_pseudonitzschiae_MC36-1	TssJ	1
Burkholderia_glumae_LMG_2196_=_ATCC_33617	TssA,TssB,TssD,TssE,TssF,TssG,TssJ,TssK,TssL,TssM	10
Pseudomonas_sp._LPH1_strain_LPH1	TssA,TssB,TssD,TssE,TssF,TssG,TssJ,TssK,TssL,TssM	10
Escherichia_coli_O25:NM_strain_2014EL-1343-2	TssD,TssE	2
Salmonella_enterica_subsp._enterica_serovar_Enteritidis_str._EC20120051	TssA,TssD,TssE,TssG,TssM	5
Synechococcus_sp._KORDI-49	TssA	1
Salmonella_sp._SAL-020	TssA,TssB,TssD,TssE,TssG,TssM	6
Mycobacterium_tuberculosis_PanR0707	TssL	1
Clostridium_cf._saccharolyticum_K10	TssE	1
Yersinia_enterocolitica_(type_O:5,27)_str._YE149/02	TssA,TssB,TssD,TssE,TssF,TssG,TssJ,TssK,TssL,TssM	10
Salmonella_enterica_subsp._enterica_serovar_Weltevreden_str._1655	TssA,TssB,TssD,TssE,TssF,TssG,TssJ,TssK,TssL,TssM	10
Polynucleobacter_paneuropaeus_strain_AP-Creno-20-G10	TssE	1
Cronobacter_malonaticus_LMG_23826	TssA,TssB,TssD,TssE,TssF,TssG,TssJ,TssK,TssL,TssM	10
Bradyrhizobium_sp._CCBAU_53340	TssC,TssE	2
Vibrio_sp._THAF100	TssA,TssB,TssD,TssE,TssF,TssG,TssJ,TssK,TssL,TssM	10
Rhizobium_jaguaris_strain_CCGE525	TssA,TssB,TssD,TssE,TssF,TssG,TssJ,TssK,TssL,TssM	10
Bacillus_sp._X1(2014)	TssB	1
Vibrio_furnissii_NCTC_11218	TssA,TssB,TssD,TssE,TssF,TssG,TssJ,TssK,TssL,TssM	10
Hydrogenophaga_pseudoflava_strain_DSM_1084	TssG	1
Salmonella_enterica_subsp._enterica_serovar_Newport_str._USDA-ARS-USMARC-1924	TssA,TssB,TssD,TssE,TssF,TssG,TssJ,TssK,TssL,TssM	10
Serinicoccus_marinus_DSM_15273	TssL	1
Aliivibrio_salmonicida_strain_VS224	TssA,TssB,TssD,TssE,TssF,TssG,TssJ,TssK,TssL,TssM	10
Pseudomonas_fluorescens_NCIMB_11764	TssA,TssB,TssD,TssE,TssF,TssG,TssJ,TssK,TssL,TssM	10
Mesorhizobium_sp._M4B.F.Ca.ET.058.02.1.1	TssA,TssB,TssD,TssE,TssF,TssG,TssJ,TssK,TssL,TssM	10
Pantoea_alhagi_strain_LTYR-11Z	TssA,TssB,TssD,TssE,TssF,TssG,TssJ,TssK,TssL,TssM	10
Amphibacillus_xylanus_NBRC_15112	TssL	1
Bacillus_subtilis	TssE	1
Ureaplasma_parvum_MIN-198	TssD	1
Acanthopleuribacteraceae_bacterium_M133	TssA,TssB,TssC,TssD,TssE,TssF,TssG,TssK,TssL	9
Candidatus_Nitrososphaera_gargensis_Ga9.2	TssD,TssE	2
Mycobacterium_tuberculosis_str._Beijing/NITR203	TssL	1
Pseudomonas_sp._B10_strain_B10	TssA,TssB,TssD,TssE,TssF,TssG,TssJ,TssK,TssL,TssM	10
Solibacillus_sp._R5-41	TssD	1
Massilia_sp._WG5	TssA,TssB,TssD,TssE,TssF,TssG,TssJ,TssK,TssL,TssM	10
Candidatus_Sulcia_muelleri_str._Sulcia-ALF	TssE	1
Enterobacter_sp._E76	TssB,TssD	2
Chryseobacterium_arthrosphaerae_LMY	TssB,TssC,TssE,TssF,TssG,TssK	6
Dickeya_dianthicola_RNS04.9	TssA,TssB,TssD,TssE,TssF,TssG,TssJ,TssK,TssL,TssM	10
Vibrio_fluvialis_strain_12605	TssA,TssB,TssD,TssE,TssF,TssG,TssJ,TssK,TssL,TssM	10
Yersinia_pestis_1522	TssA,TssB,TssD,TssE,TssF,TssG,TssJ,TssK,TssL,TssM	10
Amycolatopsis_sp._CA-230715	TssE	1
Chlamydia_psittaci_02DC15	TssC	1
Acinetobacter_baumannii_AYE	TssA,TssB,TssD,TssE,TssF,TssG,TssK,TssL,TssM	9
Cutibacterium_modestum_strain_KB17-24694	TssL	1
Pseudomonas_sihuiensis_strain_KCTC_32246	TssA,TssB,TssD,TssE,TssF,TssG,TssJ,TssK,TssL,TssM	10
Staphylococcus_aureus_subsp._aureus_CN1	TssE	1
Rhodococcus_sp._PSBB049	TssE,TssL	2
Collimonas_fungivorans_Ter331	TssA,TssB,TssC,TssD,TssE,TssF,TssG,TssJ,TssK,TssL,TssM	11
Flavobacterium_branchiophilum_strain_FL-15	TssB,TssC,TssE	3
Micromonospora_aurantiaca_G9	TssE,TssM	2
Enterobacter_aerogenes_KCTC_2190	TssA,TssB,TssD,TssE,TssF,TssG,TssJ,TssK,TssL,TssM	10
Mycobacterium_tuberculosis_H37RvLP	TssL	1
Cytophagaceae_bacterium_YYF0007	TssL	1
Bacillus_thuringiensis_HD-771	TssE,TssJ	2
Azospirillum_brasilense_2020WEIHUA_K	TssA,TssB,TssC,TssD,TssE,TssF,TssG,TssK,TssL	9
Porphyromonas_crevioricanis_strain_NCTC12858	TssC,TssE,TssF,TssG,TssK	5
Pseudomonas_sp._MPC6	TssA,TssB,TssD,TssE,TssF,TssG,TssJ,TssK,TssL,TssM	10
Proteus_mirabilis_HI4320	TssA,TssB,TssD,TssE,TssF,TssG,TssJ,TssK,TssL,TssM	10
Bartonella_elizabethae_strain_NCTC12898	TssK	1
Thalassococcus_sp._S3	TssA,TssB,TssD,TssE,TssF,TssG,TssK,TssL,TssM	9
Mycobacterium_tuberculosis_PanR0708	TssL	1
Apibacter_sp._ESL0404	TssB,TssC,TssE,TssF,TssG	5
Salmonella_enterica_subsp._enterica_serovar_Enteritidis_str._SA19970769	TssA,TssD,TssE,TssG,TssM	5
Mycolicibacterium_helvum_strain_JCM_30396	TssE	1
Stygiolobus_azoricus_strain_FC6	TssB	1
Helicobacter_heilmannii_ASB1.4	TssG	1
Klebsiella_sp._BDA134-6	TssA,TssB,TssD,TssE,TssF,TssG,TssJ,TssK,TssL,TssM	10
Serratia_proteamaculans_568	TssA,TssB,TssD,TssE,TssF,TssG,TssJ,TssK,TssL,TssM	10
Pseudomonas_sp._PDNC002	TssA,TssB,TssD,TssE,TssF,TssG,TssK,TssL	8
Taylorella_equigenitalis_ATCC_35865	TssA,TssB,TssD,TssE,TssF,TssJ,TssK,TssL,TssM	9
Pseudomonas_sp._LAB-08	TssA,TssB,TssD,TssE,TssF,TssG,TssJ,TssK,TssL,TssM	10
Moritella_sp._5	TssA,TssB,TssD,TssE,TssF,TssG,TssJ,TssK,TssL,TssM	10
Massilia_flava_strain_DSM_26639	TssA,TssB,TssD,TssE,TssF,TssG,TssJ,TssK,TssL,TssM	10
Megasphaera_hexanoica_strain_MH	TssE	1
Kosakonia_pseudosacchari_strain_BDA62-3	TssA,TssB,TssD,TssE,TssF,TssG,TssJ,TssK,TssL,TssM	10
Salmonella_enterica_subsp._enterica_serovar_Newport_str._USDA-ARS-USMARC-1925	TssA,TssB,TssD,TssE,TssF,TssG,TssJ,TssK,TssL,TssM	10
Mesorhizobium_sp._M1E.F.Ca.ET.045.02.1.1	TssA,TssB,TssC,TssD,TssE,TssF,TssG,TssJ,TssK,TssL,TssM	11
Hymenobacter_sp._APR13	TssF	1
Burkholderia_pseudomallei_MSHR435	TssA,TssB,TssD,TssE,TssF,TssG,TssJ,TssK,TssL,TssM	10
Agrobacterium_larrymoorei_strain_AF3.44	TssA,TssB,TssD,TssE,TssF,TssG,TssK,TssL,TssM	9
Mycolicibacterium_parafortuitum_strain_JCM_6367	TssL	1
Pontibacter_sp._BT326	TssE	1
Sulfurihydrogenibium_sp._YO3AOP1	TssB,TssK	2
Pantoea_agglomerans_33.1	TssB,TssD,TssE,TssL	4
Salmonella_sp._SSDFZ69	TssA,TssB,TssD,TssE,TssF,TssG,TssJ,TssK,TssL,TssM	10
Streptomyces_silaceus_strain_ACCC40021	TssE,TssL	2
Staphylococcus_aureus_subsp._aureus_M013	TssE	1
Azoarcus_olearius_strain_DQS4	TssA,TssB,TssD,TssE,TssF,TssG,TssJ,TssK,TssL,TssM	10
Pseudomonas_citronellolis_strain_P3B5	TssA,TssB,TssD,TssE,TssF,TssG,TssJ,TssK,TssL,TssM	10
Salmonella_enterica_subsp._enterica_serovar_Enteritidis_str._EC20120916	TssA,TssD,TssE,TssG,TssM	5
Escherichia_coli_O6:H16_strain_2014EL-1346-6	TssA,TssD,TssE,TssL,TssM	5
Rahnella_sp._Y9602	TssA,TssB,TssD,TssE,TssF,TssG,TssJ,TssK,TssL,TssM	10
Halomonas_sp._BC-M4-5	TssA,TssB,TssD,TssE,TssF,TssG,TssJ,TssK,TssL,TssM	10
Caulobacter_sp._Ji-3-8	TssD,TssE	2
Chloracidobacterium_sp._2	TssL	1
Citrobacter_sp._RHBSTW-00848	TssD,TssE	2
Salmonella_enterica_subsp._enterica_serovar_Typhimurium_str._798	TssA,TssB,TssD,TssE,TssF,TssG,TssJ,TssK,TssL,TssM	10
Nissabacter_sp._SGAir0207_strain_not_applicable	TssA,TssB,TssD,TssE,TssF,TssG,TssJ,TssK,TssL,TssM	10
Bordetella_bronchiseptica_S798	TssA,TssB,TssD,TssE,TssF,TssG,TssJ,TssK,TssL,TssM	10
Aminipila_sp._CBA3637	TssE	1
Citrobacter_sp._B72	TssA,TssB,TssD,TssE,TssF,TssG,TssJ,TssK,TssL,TssM	10
Streptomyces_sp._RLB3-17_strain_Microscale_soil_grain	TssE	1
Rahnella_inusitata_strain_Se8.10.12	TssA,TssB,TssD,TssE,TssF,TssG,TssJ,TssK,TssL,TssM	10
Crenobacter_sp._K1W11S-77	TssL	1
Salmonella_enterica_subsp._enterica_serovar_Enteritidis_str._EC20120007	TssA,TssD,TssE,TssG,TssM	5
Synechococcus_sp._PCC_73109	TssA	1
Xanthomonas_cucurbitae_strain_ATCC_23378	TssA,TssB,TssC,TssD,TssE,TssF,TssG,TssK,TssL,TssM	10
Paenibacillus_sp._FSL_R5-0912	TssE	1
haloarchaeon_3A1-DGR	TssE	1
Finegoldia_magna_FDAARGOS_1556	TssB	1
Cronobacter_sakazakii_ES15	TssA,TssB,TssD,TssE,TssF,TssG,TssJ,TssK,TssL,TssM	10
Escherichia_coli_O8:H28_strain_BMH-17-0027	TssA,TssB,TssD,TssE,TssF,TssG,TssJ,TssK,TssL,TssM	10
Rhizobium_etli_bv._phaseoli_str._IE4803	TssA,TssB,TssD,TssE,TssF,TssG,TssJ,TssK,TssL,TssM	10
Sulfurospirillum_multivorans_strain_N	TssC	1
Nitratireductor_sp._strain_pb3	TssL	1
Synechococcus_sp._NIES-970	TssE	1
Pseudomonas_aeruginosa_PAO1H2O	TssA,TssB,TssD,TssE,TssF,TssG,TssJ,TssK,TssL,TssM	10
Pectobacterium_brasiliense_130	TssA,TssB,TssD,TssE,TssF,TssG,TssJ,TssK,TssL,TssM	10
Amycolatopsis_mediterranei_U32	TssE,TssL	2
Orrella_dioscoreae_strain_Orrdi1	TssA,TssB,TssD,TssE,TssF,TssG,TssJ,TssK,TssL,TssM	10
Ralstonia_mannitolilytica_strain_Guangzhou-RMAB10	TssA,TssB,TssD,TssE,TssF,TssG,TssJ,TssK,TssL	9
Xanthomonas_citri_pv._aurantifolii_strain_FDC_1561	TssA,TssB,TssC,TssD,TssE,TssF,TssG,TssK,TssL,TssM	10
Salmonella_enterica_subsp._enterica_serovar_Gallinarum/pullorum_str._CDC1983-67	TssA,TssB,TssD,TssE,TssF,TssG,TssJ,TssK,TssL,TssM	10
Shigella_flexneri_Y_strain_93-3063	TssA,TssE,TssF,TssG,TssL	5
Mycobacterium_avium_strain_CECT_7407	TssL	1
Moraxella_bovis_strain_Epp63_(300)_strain_Epp63_(300)_strain_Epp63_(300)	TssA,TssB,TssD,TssE,TssF,TssG,TssJ,TssK,TssL,TssM	10
Pseudomonas_aeruginosa_LESB65	TssA,TssB,TssD,TssE,TssF,TssG,TssJ,TssK,TssL,TssM	10
Teredinibacter_sp._1162T.S.0a.05	TssE	1
Salmonella_enterica_subsp._enterica_serovar_Enteritidis_str._SA20094521	TssA,TssD,TssE,TssG,TssM	5
Acinetobacter_baumannii_BJAB0868	TssA,TssB,TssD,TssE,TssF,TssG,TssK,TssL,TssM	9
Legionella_clemsonensis_strain_CDC-D5610	TssE,TssL,TssM	3
Rubrivivax_gelatinosus_IL144	TssA,TssB,TssD,TssE,TssF,TssG,TssJ,TssK,TssL,TssM	10
Methanobrevibacter_smithii_CE91-St67	TssG	1
Geobacter_sp._FeAm09	TssE	1
Edwardsiella_ictaluri_93-146	TssA,TssB,TssD,TssE,TssF,TssG,TssJ,TssK,TssL	9
Salmonella_enterica_subsp._enterica_serovar_Enteritidis_str._EC20120528	TssA,TssD,TssE,TssG,TssM	5
Salmonella_enterica_subsp._enterica_serovar_Newport_str._USDA-ARS-USMARC-1926	TssA,TssB,TssD,TssE,TssF,TssG,TssJ,TssK,TssL,TssM	10
Calothrix_sp._PCC_6303	TssE	1
Salmonella_enterica_subsp._enterica_serovar_Enteritidis_str._SA20095440	TssA,TssD,TssG	3
Campylobacter_coli_RM4661	TssE	1
Salmonella_enterica_subsp._enterica_serovar_Enteritidis_str._EC20120917	TssA,TssD,TssE,TssG,TssM	5
Mycobacterium_sp._DL90	TssD,TssL	2
Staphylococcus_aureus_subsp._aureus_RN4220	TssE	1
Streptococcus_lactarius_strain_CCUG_66490	TssL	1
Tolypothrix_sp._PCC_7910	TssE	1
Sphingomonas_alpina_strain_S8-3T_strain_DSM_22537	TssA,TssB,TssD,TssE,TssF,TssG,TssK,TssM	8
Planctomycetes_bacterium_Pan44	TssA,TssB,TssD,TssE,TssF,TssG,TssK,TssL	8
Cellulomonas_sp._H30R-01	TssD,TssE	2
Phycisphaerales_bacterium_bin11	TssA,TssB,TssD,TssE,TssF,TssK,TssL	7
Agarivorans_sp._YJW074	TssL	1
Chlamydia_abortus_strain_15-49d3	TssC	1
Yersinia_pestis_Dodson	TssA,TssB,TssD,TssE,TssF,TssG,TssJ,TssK,TssL,TssM	10
Salmonella_enterica_subsp._enterica_serovar_Enteritidis_str._EC20120008	TssA,TssD,TssE,TssG,TssM	5
Vibrio_jasicida_090810c	TssA,TssB,TssD,TssE,TssF,TssG,TssJ,TssK,TssL,TssM	10
Streptomyces_sp._JCM17656	TssB,TssL	2
Pseudomonas_sp._S07E_245	TssE,TssJ	2
Dyadobacter_sp._Q3-56	TssC,TssD,TssE,TssF,TssG,TssK	6
Pseudomonas_parafulva_strain_CRS01-1	TssA,TssB,TssD,TssE,TssF,TssG,TssJ,TssK,TssL,TssM	10
Acidihalobacter_prosperus_strain_F5	TssL	1
Salmonella_enterica_subsp._enterica_serovar_Enteritidis_str._EC20120963	TssA,TssD,TssE,TssG,TssM	5
Pyrococcus_yayanosii_CH1	TssE	1
Coprococcus_comes_strain_FDAARGOS_1339_strain_Not_applicable	TssC,TssF	2
Flavobacterium_sp._140616W15	TssB,TssC,TssD,TssE,TssK	5
Mesorhizobium_sp._M1B.F.Ca.ET.045.04.1.1	TssA,TssB,TssC,TssD,TssE,TssF,TssG,TssJ,TssK,TssL,TssM	11
Gloeobacter_kilaueensis_JS1	TssE,TssL	2
Frankia_sp._QA3	TssE	1
Aulosira_laxa_NIES-50	TssE	1
Muricauda_ruestringensis_DSM_13258	TssJ	1
Erythrobacter_sp._YH-07	TssE	1
Vibrio_parahaemolyticus_BB22OP	TssA,TssB,TssD,TssE,TssF,TssG,TssJ,TssK,TssL,TssM	10
Pseudoflavitalea_sp._5GH32-13	TssE	1
Pseudomonas_entomophila_L48	TssA,TssB,TssD,TssE,TssF,TssG,TssJ,TssK,TssL,TssM	10
Salmonella_enterica_subsp._enterica_serovar_Enteritidis_str._SA19980677	TssA,TssD,TssE,TssG,TssM	5
Salmonella_enterica_subsp._enterica_serovar_Montevideo_strain_CFSAN051296	TssA,TssB,TssD,TssE,TssF,TssG,TssJ,TssK,TssL,TssM	10
uncultured_Tenericutes_bacterium_min17_bin11	TssC	1
Salmonella_bongori_strain_04-0440	TssA,TssB,TssC,TssD,TssE,TssF,TssG,TssK,TssL	9
Pseudomonas_syringae_pv._syringae_HS191	TssA,TssB,TssC,TssD,TssE,TssF,TssG,TssJ,TssK,TssL,TssM	11
Campylobacter_jejuni_subsp._jejuni_F38011	TssE	1
Candidatus_Adiutrix_intracellularis_strain_Adiu2019_strain_Adiu1	TssF	1
Methylomonas_paludis_strain_S2AM	TssB	1
Burkholderia_stabilis_strain_ATCC_BAA-67	TssA,TssB,TssD,TssE,TssF,TssG,TssJ,TssK,TssL,TssM	10
Leptospirillum_ferrooxidans_C2-3	TssA,TssB,TssD,TssE,TssF,TssG,TssJ,TssK,TssL	9
Salmonella_enterica_subsp._enterica_serovar_Enteritidis_str._EC20121969	TssA,TssD,TssE,TssG,TssM	5
Salmonella_enterica_subsp._enterica_serovar_Newport_str._USDA-ARS-USMARC-1927	TssD,TssE	2
Candidatus_Rhodoluna_planktonica_strain_MWH-Dar1	TssE	1
Aggregatibacter_segnis_strain_FDAARGOS_987_strain_Not_applicable	TssB	1
Cupriavidus_sp._USMAA1020	TssA,TssB,TssD,TssE,TssF,TssG,TssJ,TssK,TssL,TssM	10
Acidisphaera_sp._G45-3	TssA,TssB,TssD,TssE,TssF,TssG,TssK,TssL	8
Thalassolituus_oleivorans_MIL-1	TssA,TssB,TssD,TssE,TssF,TssG,TssJ,TssK,TssL,TssM	10
Salmonella_enterica_subsp._enterica_serovar_Borreze_str._SA20041063_strain_SA20041063	TssA,TssB,TssD,TssE,TssF,TssG,TssJ,TssK,TssL,TssM	10
Xylella_fastidiosa_subsp._fastidiosa_GB514	TssE	1
Salmonella_enterica_subsp._enterica_serovar_Enteritidis_str._EC20120918	TssA,TssD,TssE,TssG,TssM	5
Coxiella_burnetii_CbuG_Q212	TssL,TssM	2
Taylorella_equigenitalis_MCE9	TssA,TssB,TssD,TssE,TssF,TssJ,TssK,TssL,TssM	9
Yersinia_enterocolitica_(type_O:9)_str._YE212/02	TssA,TssB,TssD,TssE,TssF,TssG,TssJ,TssK,TssL,TssM	10
Salmonella_enterica_subsp._enterica_serovar_Enteritidis_str._EC20121750	TssA,TssD,TssE,TssG,TssM	5
Erysipelatoclostridium_ramosum_FDAARGOS_1519	TssE	1
Klebsiella_variicola_At-22	TssA,TssB,TssD,TssE,TssF,TssG,TssJ,TssK,TssL,TssM	10
Pseudomonas_sp._20_BN	TssA,TssE	2
Pectobacterium_punjabense_strain_SS95	TssA,TssE	2
Helicobacter_acinonychis_strain_212_9	TssE	1
Clostridioides_difficile_CD196	TssC	1
Enterobacter_cloacae_complex_sp._ECL72	TssA,TssB,TssD,TssE,TssF,TssG,TssJ,TssK,TssL,TssM	10
Salmonella_enterica_subsp._enterica_serovar_Enteritidis_str._EC20120009	TssA,TssB,TssD,TssE,TssG,TssM	6
Klebsiella_pneumoniae_JM45	TssA,TssB,TssD,TssE,TssF,TssG,TssJ,TssK,TssL,TssM	10
Methylosinus_trichosporium_OB3b	TssE,TssJ	2
Rhodococcus_sp._NJ-530	TssD	1
Spirochaeta_africana_DSM_8902	TssE,TssG,TssL	3
Burkholderia_pseudomallei_MSHR305	TssA,TssB,TssD,TssE,TssF,TssG,TssJ,TssK,TssL,TssM	10
Porphyrobacter_HT-58-2	TssE	1
Mycolicibacterium_chitae_strain_JCM_12403	TssL	1
Francisella_tularensis_subsp._tularensis_FSC198	TssB,TssK,TssL	3
Mycobacterium_abscessus_subsp._abscessus_strain_1010	TssL	1
Ureaplasma_parvum_serovar_3_SV3F4	TssD	1
Pseudomonas_aeruginosa_PAO581	TssA,TssB,TssD,TssE,TssF,TssG,TssJ,TssK,TssL,TssM	10
Enterococcus_faecalis_OG1RF	TssE	1
Lactobacillus_plantarum_DOMLa	TssL	1
Salmonella_enterica_subsp._enterica_serovar_Pullorum_strain_QJ-2D-Sal	TssA,TssB,TssD,TssE,TssF,TssG,TssJ,TssK,TssL,TssM	10
Synechococcus_sp._RSCCF101	TssG	1
Escherichia_coli_O25:H16_strain_F5505-C1	TssD,TssE	2
Yersinia_frederiksenii_Y225	TssA,TssB,TssD,TssE,TssF,TssG,TssJ,TssK,TssL,TssM	10
Pseudomonas_sp._FDAARGOS_380	TssA,TssB,TssD,TssE,TssF,TssG,TssJ,TssK,TssL,TssM	10
Pseudomonas_savastanoi_MHT1	TssA,TssB,TssC,TssD,TssE,TssF,TssG,TssJ,TssK,TssL,TssM	11
Prevotella_denticola_F0289	TssL	1
Pseudomonas_sp._SGAir0191	TssA,TssB,TssD,TssE,TssF,TssG,TssJ,TssK,TssL,TssM	10
Burkholderia_contaminans_B17-01563-1	TssA,TssB,TssD,TssE,TssF,TssG,TssJ,TssK,TssL,TssM	10
Lactobacillus_manihotivorans_strain_LM010	TssL	1
Aeromonas_sp._FDAARGOS_1416_strain_Not_applicable	TssA,TssB,TssD,TssE,TssF,TssG,TssJ,TssK,TssL,TssM	10
Pseudomonas_azotoformans_ZY-1	TssA,TssB,TssD,TssE,TssF,TssG,TssJ,TssK,TssL,TssM	10
Mesorhizobium_sp._Pch-S	TssA,TssB,TssC,TssD,TssE,TssF,TssG,TssJ,TssK,TssL,TssM	11
Lysobacter_sp._H21R20	TssA,TssB,TssD,TssE,TssF,TssG,TssJ,TssK,TssL,TssM	10
Enterobacter_cloacae_complex_sp._ECL112	TssA,TssB,TssD,TssE,TssF,TssG,TssJ,TssK,TssL,TssM	10
Morganella_morganii_CTX51T	TssA,TssB,TssD,TssE,TssF,TssG,TssJ,TssK,TssL,TssM	10
Micromonospora_echinaurantiaca_strain_DSM_43904	TssE,TssL	2
Salmonella_enterica_subsp._enterica_serovar_Newport_str._USDA-ARS-USMARC-1928	TssA,TssB,TssD,TssE,TssF,TssG,TssJ,TssK,TssL,TssM	10
Dickeya_solani_strain_IFB0167	TssD,TssE,TssF,TssG,TssJ,TssL	6
Pseudoalteromonas_sp._SM1988	TssA,TssB,TssD,TssE,TssF,TssG,TssJ,TssK,TssL,TssM	10
Enterobacter_sp._T2	TssA,TssB,TssD,TssE,TssF,TssG,TssJ,TssK,TssL,TssM	10
Brevibacillus_sp._FJAT-54423	TssE	1
Bacillus_licheniformis_9945A	TssD,TssE	2
Simiduia_agarivorans_SA1_=_DSM_21679	TssA,TssB,TssD,TssE,TssF,TssG,TssJ,TssK,TssL,TssM	10
Lactobacillus_nagelii_strain_TMW_1.1827	TssA	1
Salmonella_enterica_subsp._enterica_serovar_Enteritidis_str._EC20121751	TssA,TssD,TssE,TssG,TssM	5
Cohnella_sp._LGH	TssE,TssF	2
Citrobacter_freundii_3863	TssD	1
Aeromonas_salmonicida_subsp._salmonicida_890054	TssA,TssB,TssE,TssF,TssG,TssJ,TssK,TssL,TssM	9
Luteibacter_pinisoli_strain_MAH-14	TssD	1
Shewanella_sp._FJAT-52962	TssD,TssL	2
Obesumbacterium_proteus_strain_DSM_2777	TssA,TssB,TssD,TssE,TssF,TssG,TssJ,TssK,TssL,TssM	10
Leclercia_sp._29361	TssA,TssB,TssD,TssE,TssF,TssG,TssJ,TssK,TssL,TssM	10
Pectobacterium_wasabiae_CFBP_3304	TssA,TssB,TssD,TssE,TssF,TssG,TssJ,TssK,TssL,TssM	10
Parabacteroides_distasonis_CL03T12C09	TssC,TssE,TssF,TssG,TssK	5
Rhizobium_sp._N324	TssB,TssD,TssE,TssF,TssG,TssK,TssL,TssM	8
Pseudomonas_vancouverensis_strain_BS3656	TssA,TssE,TssM	3
Escherichia_coli_str._K-12_substr._MG1655	TssD,TssE,TssL	3
Rhodoferax_sp._DCY110_strain_DCY110	TssA,TssB,TssD,TssE,TssF,TssG,TssJ,TssK,TssL,TssM	10
Streptomyces_sp._BHT-5-2	TssD,TssE,TssG,TssL	4
Klebsiella_quasipneumoniae_3Z-5L	TssA,TssB,TssD,TssE,TssF,TssG,TssJ,TssK,TssL,TssM	10
Phaeobacter_sp._P97	TssE	1
Mycolicibacterium_confluentis_strain_JCM_13671	TssL	1
Planctomycetes_bacterium_Q31a	TssA,TssB,TssD,TssE,TssF,TssG,TssK,TssL	8
Pelosinus_sp._UFO1	TssE	1
Megasphaera_massiliensis_NBRC_114414	TssE	1
Haemophilus_parasuis_SH0165	TssE	1
Staphylococcus_aureus_Bmb9393	TssE	1
Micromonospora_sp._28ISP2-46	TssE	1
Pseudomonas_sp._AO-1	TssA,TssB,TssD,TssE,TssF,TssG,TssJ,TssK,TssL,TssM	10
Methanobrevibacter_smithii_ATCC_35061	TssG	1
Pirellula_staleyi_DSM_6068	TssA,TssB,TssD,TssE,TssF,TssG,TssK,TssL	8
Citrobacter_sp._92	TssD,TssE	2
Acinetobacter_bereziniae_strain_GD03185	TssA,TssB,TssD,TssE,TssF,TssG,TssK,TssL,TssM	9
Enterobacter_sp._RHBSTW-00422	TssA,TssB,TssD,TssE,TssF,TssG,TssJ,TssK,TssL,TssM	10
Arthrobacter_phenanthrenivorans_Sphe3	TssK	1
Bordetella_bronchialis_strain_AU17976	TssA,TssB,TssD,TssE,TssF,TssG,TssJ,TssK,TssL,TssM	10
Corynebacterium_kefirresidentii_strain_FDAARGOS_1055_strain_Not_applicable	TssL	1
Corynebacterium_provencense_strain_17KM38	TssL	1
Boseongicola_sp._strain_MH-Pat-all_autometa_1-3	TssA	1
Yersinia_pseudotuberculosis_YPIII	TssA,TssB,TssD,TssE,TssF,TssG,TssJ,TssK,TssL,TssM	10
Francisella_tularensis_subsp._holarctica_LVS	TssB,TssK,TssL	3
Amycolatopsis_sp._YIM_96748	TssA,TssK,TssL	3
Flavobacterium_sp._HJ-32-4	TssE	1
Chlamydia_sp._S15-834C_strain_S15-834K	TssC	1
Nocardioides_sp._CF8	TssE	1
Allofrancisella_inopinata_strain_SYSU_YG23	TssB,TssF,TssK,TssL,TssM	5
Geobacillus_sp._WCH70	TssL	1
Legionella_sainthelensi_strain_NCTC11988	TssL,TssM	2
Acinetobacter_baumannii_SDF	TssA,TssB,TssD,TssE,TssF,TssG,TssK,TssL,TssM	9
Salmonella_enterica_subsp._enterica_serovar_Newport_str._USDA-ARS-USMARC-1929	TssA,TssB,TssD,TssE,TssF,TssG,TssJ,TssK,TssL,TssM	10
Altererythrobacter_ishigakiensis_strain_NBRC_107699	TssD,TssE	2
Actinomadura_sp._32-07	TssA,TssE,TssF	3
Flavobacterium_haoranii_strain_KCTC_23008	TssL	1
Shewanella_sp._D4-2	TssL	1
Mycobacterium_colombiense_CECT_3035_strain_CECT_3035	TssB,TssL	2
Haloterrigena_longa_strain_ABH32	TssE,TssM	2
Pasteurellaceae_bacterium_NI1060	TssA,TssB,TssD,TssE,TssF,TssG,TssJ,TssK,TssL,TssM	10
Microbacterium_lemovicicum_strain_Viu22	TssL	1
Brevibacillus_sp._FJAT-54424	TssE	1
Pectobacterium_carotovorum_subsp._odoriferum_strain_BC_S7	TssA,TssB,TssD,TssE,TssF,TssG,TssJ,TssK,TssL,TssM	10
Nocardia_seriolae_strain_EM150506	TssL	1
Bacillus]_caldolyticus_strain_NEB414	TssE	1
Salmonella_enterica_subsp._enterica_serovar_Typhimurium_str._USDA-ARS-USMARC-1878	TssA,TssB,TssD,TssE,TssF,TssG,TssJ,TssK,TssL,TssM	10
Psychrobacter_sanguinis_FDAARGOS_1598	TssB	1
Streptomyces_asterosporus_strain_DSM_41452	TssE	1
Tannerella_forsythia_KS16	TssG	1
Burkholderia_thailandensis_2003015869	TssA,TssB,TssD,TssE,TssF,TssG,TssJ,TssK,TssL,TssM	10
Corallococcus_coralloides_strain_B035	TssB,TssE,TssF,TssK,TssL,TssM	6
Arthrospira_platensis_C1	TssE,TssJ	2
Streptomyces_sp._R527F	TssE	1
Rivularia_sp._PCC_7116	TssC,TssE	2
Brochothrix_thermosphacta_strain_BI	TssE	1
Streptomyces_sp._GSSD-12	TssE	1
Halolamina_sediminis_strain_Hb3	TssB,TssE	2
Candidatus_Desulforudis_audaxviator_MP104C	TssJ	1
Streptococcus_pneumoniae_A026	TssE	1
Salmonella_enterica_subsp._enterica_serovar_Manchester_str._ST278_strain_ST278	TssD,TssE,TssJ	3
Salmonella_enterica_subsp._enterica_serovar_Enteritidis_str._SA20093784	TssA,TssD,TssE,TssG,TssM	5
Actinomadura_verrucosospora_strain_NRRL:B18236	TssL	1
Rhodopseudomonas_boonkerdii_NS23	TssE	1
Escherichia_coli_LF82	TssA,TssB,TssD,TssE,TssF,TssG,TssJ,TssK,TssL,TssM	10
Salinarchaeum_sp._IM2453	TssE	1
Dehalogenimonas_lykanthroporepellens_BL-DC-9	TssE,TssF	2
Actinomyces_sp._Z16	TssL	1
Desulfovibrio_salexigens_DSM_2638	TssA,TssB,TssD,TssE,TssF,TssG,TssJ,TssK,TssL	9
Cellulosimicrobium_sp._JZ28	TssL	1
Marivirga_tractuosa_DSM_4126	TssE	1
Pseudomonas_pseudoalcaligenes_KF707_=_NBRC_110670	TssA,TssB,TssD,TssE,TssF,TssG,TssJ,TssK,TssL,TssM	10
Salmonella_enterica_subsp._enterica_serovar_Enteritidis_str._SA19983126	TssA,TssD,TssE,TssG,TssM	5
Tolumonas_auensis_DSM_9187	TssA,TssB,TssD,TssE,TssF,TssG,TssJ,TssK,TssL,TssM	10
Bryobacterales_bacterium_F-183	TssA,TssB,TssD,TssE,TssF,TssG,TssK,TssL	8
Pseudomonas_taetrolens_strain_NCTC10697	TssA,TssB,TssD,TssE,TssF,TssG,TssJ,TssK,TssL,TssM	10
Diaphorobacter_sp._HDW4A	TssA,TssB,TssD,TssE,TssF,TssG,TssJ,TssK,TssL,TssM	10
Thiocystis_violascens_DSM_198	TssA,TssB,TssD,TssE,TssF,TssG,TssJ,TssK,TssL,TssM	10
Hyphomicrobium_sp._MC1	TssL	1
Neisseriaceae_bacterium_DSM_100970	TssA,TssB,TssD,TssE,TssF,TssG,TssJ,TssK,TssL	9
Pseudovibrio_brasiliensis_strain_Ab134	TssA,TssB,TssD,TssE,TssF,TssG,TssJ,TssK,TssL,TssM	10
Salmonella_enterica_subsp._enterica_serovar_Enteritidis_str._EC20090135	TssA,TssD,TssE,TssG,TssM	5
Brachyspira_pilosicoli_95/1000	TssB	1
Bordetella_pseudohinzii_strain_HI4681	TssL	1
Pseudomonas_sp._ADPe	TssA,TssB,TssD,TssE,TssF,TssG,TssJ,TssK,TssL,TssM	10
Cuniculiplasma_divulgatum_strain_PM4_(=JCM_30641;_=VKM_B-2940)	TssB	1
Salmonella_bongori_N268-08	TssA,TssB,TssC,TssD,TssE,TssF,TssG,TssK,TssL	9
Salmonella_enterica_subsp._enterica_serovar_Enteritidis_str._EC20121753	TssA,TssD,TssE,TssG,TssM	5
Staphylococcus_warneri_Cap_100.1	TssA	1
Proteus_vulgaris_FDAARGOS_1507	TssA,TssB,TssD,TssE,TssF,TssG,TssJ,TssK,TssL,TssM	10
Nitrosomonas_sp._MAG_19	TssE	1
Arcobacter_anaerophilus_strain_DSM_24636	TssA,TssB,TssD,TssE,TssF,TssG,TssJ,TssK,TssL,TssM	10
Streptomyces_sp._GMY02	TssE	1
Pseudomonas_veronii_1YdBTEX2	TssA,TssB,TssD,TssE,TssF,TssG,TssJ,TssK,TssL,TssM	10
Leptolyngbya_sp._7M	TssA,TssB,TssD,TssE,TssF,TssG,TssJ,TssK,TssL,TssM	10
Pseudoalteromonas_rubra_strain_SCSIO_6842	TssE,TssL,TssM	3
Rhizobium_lentis_strain_BLR27	TssA,TssB,TssD,TssE,TssF,TssG,TssJ,TssK,TssL,TssM	10
Pseudomonas_sp._NIBRBAC000502773	TssA,TssB,TssD,TssE,TssF,TssG,TssJ,TssK,TssL,TssM	10
Nostoc_punctiforme_PCC_73102	TssE	1
Shigella_sp._PAMC_28760	TssD,TssE,TssL	3
Sorangium_cellulosum_strain_So_ce26	TssA,TssB,TssD,TssE,TssF,TssG,TssJ,TssK,TssL,TssM	10
Bacillus_amyloliquefaciens_subsp._plantarum_UCMB5033	TssB	1
Thermococcus_profundus_strain_DT_5432	TssE,TssJ	2
Leptolyngbya_boryana_NIES-2135	TssB,TssE,TssL	3
Burkholderia_vietnamiensis_LMG_10929	TssA,TssB,TssD,TssE,TssF,TssG,TssJ,TssK,TssL,TssM	10
Salmonella_enterica_subsp._enterica_serovar_Anatum_str._CFSAN003961	TssA,TssB,TssD,TssE,TssF,TssG,TssJ,TssK,TssL,TssM	10
Flavobacterium_arcticum_strain_SM1502	TssE	1
Corynebacterium_diphtheriae_C7_(beta)	TssB	1
Bacillus_aryabhattai_strain_GW320	TssA,TssB,TssD,TssE,TssF,TssG,TssJ,TssK,TssL,TssM	10
Taylorella_asinigenitalis_MCE3	TssA,TssB,TssD,TssE,TssF,TssG,TssJ,TssK,TssL,TssM	10
Campylobacter_mucosalis_CCUG_21559	TssE	1
Haemophilus_influenzae_2019	TssB,TssE	2
Ancylobacter_sp._TS-1	TssE	1
Marinobacter_sp._Arc7-DN-1	TssA,TssB,TssD,TssE,TssF,TssG,TssJ,TssK,TssL,TssM	10
Acinetobacter_baumannii_TYTH-1	TssA,TssB,TssD,TssE,TssF,TssG,TssK,TssL,TssM	9
uncultured_Pleomorphomonas_sp._strain_86	TssE	1
Olleya_aquimaris_strain_DAU311	TssB,TssC,TssE,TssF,TssK	5
Enterococcus_faecalis_101-1	TssE	1
Edwardsiella_sp._LADL05-105	TssA,TssB,TssD,TssE,TssF,TssG,TssJ,TssK,TssL,TssM	10
Mycoplasma_anserisalpingitidis_MA271	TssL	1
Streptococcus_constellatus_subsp._pharyngis_C1050	TssB	1
Streptomyces_sp._SCUT-3	TssE,TssL	2
Escherichia_coli_O19:H7_strain_97.3	TssB,TssD,TssE,TssL	4
Gammaproteobacteria_bacterium_ESL0073	TssA,TssB,TssD,TssE,TssF,TssG,TssJ,TssK,TssL,TssM	10
Xanthomonas_hortorum_pv._taraxaci_strain_NCPPB_940	TssE,TssM	2
Clostridium]_symbiosum_CE91-St65	TssE	1
Lactobacillus_curvatus_strain_CBA3617	TssL	1
Campylobacter_jejuni_1	TssA,TssB,TssD,TssE,TssF,TssG,TssJ,TssK,TssL,TssM	10
Diaphorobacter_sp._HDW4B	TssA,TssF,TssL	3
Xanthomonas_campestris_pv._campestris_str._B100	TssA,TssE	2
Escherichia_coli_O26_str._RM8426	TssA,TssB,TssD,TssE,TssJ,TssK,TssL,TssM	8
Francisella_tularensis_subsp._tularensis_TIGB03	TssB,TssK,TssL,TssM	4
Dickeya_paradisiaca_NCPPB_2511	TssA,TssE	2
Enterobacter_cloacae_ECR091	TssA,TssB,TssD,TssE,TssF,TssG,TssJ,TssK,TssL,TssM	10
Aerococcus_urinaeequi_strain_CCUG28094	TssL	1
Iodobacter_fluviatilis_strain_PCH194	TssA,TssB,TssC,TssD,TssE,TssF,TssG,TssJ,TssK,TssL,TssM	11
Kroppenstedtia_pulmonis_strain_W9323	TssE,TssK	2
Azorhizobium_caulinodans_ORS_571	TssA,TssB,TssD,TssE,TssF,TssG,TssJ,TssK,TssL,TssM	10
Escherichia_coli_O7:H4_strain_MIN14	TssD,TssE,TssL	3
Escherichia_coli_O25:H4_CU568-3	TssA,TssB,TssD,TssE,TssF,TssG,TssJ,TssK,TssL,TssM	10
Providencia_stuartii_MRSN_2154	TssA,TssB,TssD,TssE,TssF,TssG,TssJ,TssK,TssL,TssM	10
Tetragenococcus_halophilus_NBRC_12172	TssL	1
Sulfolobus_sp._S-194	TssB	1
Streptomyces_atratus_strain_SCSIO_ZH16	TssE	1
Actinosynnema_pretiosum_subsp._pretiosum_strain_ATCC_31280	TssE	1
Marinicauda_algicola_strain_RMAR8-3	TssA	1
Streptomyces_mobaraensis_NBRC_13819_=_DSM_40847	TssE	1
Blastochloris_sp._GI	TssE	1
Mixta_theicola_strain_SRCM103227	TssA,TssB,TssD,TssE,TssF,TssG,TssJ,TssK,TssL,TssM	10
Chryseobacterium_sp._ZHDP1	TssB,TssC,TssE,TssF,TssG,TssK	6
Rhizobium_leguminosarum_bv._viciae	TssA,TssB,TssD,TssE,TssF,TssG,TssK,TssL,TssM	9
Kingella_kingae_4177/66	TssC,TssE	2
Salmonella_enterica_subsp._enterica_serovar_Montevideo_str._USDA-ARS-USMARC-1921	TssA,TssB,TssD,TssE,TssF,TssG,TssJ,TssK,TssL,TssM	10
Delftia_sp._HK171	TssA,TssB,TssD,TssE,TssF,TssG,TssJ,TssK,TssL,TssM	10
Thermus_parvatiensis_strain_RL	TssL	1
Acinetobacter_baumannii_AB307-0294	TssA,TssB,TssD,TssE,TssF,TssG,TssK,TssL,TssM	9
Salmonella_enterica_subsp._enterica_serovar_Enteritidis_str._EC20120968	TssA,TssD,TssE,TssG,TssM	5
Salmonella_enterica_subsp._enterica_serovar_Enteritidis_str._SA19981857	TssA,TssD,TssE,TssG,TssM	5
Chryseobacterium_carnipullorum_strain_F9942	TssA,TssB,TssC,TssE,TssF,TssG,TssK	7
Carnobacterium_sp._PL12RED10	TssL	1
Candidatus_Rickettsia_amblyommii_str._GAT-30V	TssB	1
Stenotrophomonas_maltophilia_2013-SM12	TssE	1
Acidovorax_sp._T1_strain_T1	TssG	1
Miniimonas_sp._S16	TssE,TssL	2
Yersinia_enterocolitica_subsp._palearctica_105.5R(r)	TssA,TssB,TssD,TssE,TssF,TssG,TssJ,TssK,TssL,TssM	10
Pseudomonas_sp._Ost2	TssA,TssB,TssC,TssD,TssE,TssF,TssG,TssJ,TssK,TssL,TssM	11
Lacimicrobium_alkaliphilum_strain_YelD216	TssL	1
Acinetobacter_sp._Colony158	TssE	1
Rhizobium_sp._M15	TssE	1
Streptomyces_sp._604F	TssE,TssG,TssL	3
Exiguobacterium_antarcticum_B7	TssL	1
Sphingobium_yanoikuyae_strain_A3	TssE	1
Cupriavidus_sp._KK10	TssA	1
Rhizobium_etli_8C-3	TssA,TssB,TssD,TssE,TssF,TssG,TssJ,TssK,TssL,TssM	10
Acinetobacter_baumannii_10_3	TssA,TssB,TssD,TssE,TssF,TssG,TssK,TssL,TssM	9
Citrobacter_freundii_complex_sp._CFNIH2	TssA,TssB,TssD,TssE,TssF,TssL,TssM	7
Pseudoalteromonas_sp._R3	TssE,TssM	2
Acinetobacter_seifertii_strain_AS11	TssA,TssB,TssD,TssE,TssF,TssG,TssK,TssL,TssM	9
Sphingobacterium_sp._CZ-2	TssF	1
Variovorax_sp._38R	TssA,TssB,TssD,TssE,TssF,TssG,TssJ,TssK,TssL,TssM	10
Serratia_sp._SCBI	TssA,TssB,TssD,TssE,TssF,TssG,TssJ,TssK,TssL,TssM	10
Leclercia_adecarboxylata_FDAARGOS_1505	TssA,TssB,TssD,TssE,TssF,TssG,TssJ,TssK,TssL,TssM	10
Thalassolituus_oleivorans_strain_K188	TssA,TssB,TssD,TssE,TssF,TssG,TssJ,TssK,TssL,TssM	10
Escherichia_coli_O157:H7_str._SS52	TssA,TssB,TssD,TssE,TssF,TssG,TssJ,TssK,TssL,TssM	10
Aeromonas_caviae_211703	TssA,TssB,TssD,TssE,TssF,TssG,TssJ,TssK,TssL,TssM	10
Planctomycetes_bacterium_Pan161	TssE	1
Azoarcus_sp._DD4	TssA,TssB,TssD,TssE,TssF,TssG,TssJ,TssK,TssL,TssM	10
Variovorax_sp._PBS-H4	TssE,TssJ,TssL,TssM	4
Brucella_sp._141012304	TssE	1
Yersinia_pestis_D182038	TssA,TssB,TssD,TssE,TssF,TssG,TssJ,TssK,TssL,TssM	10
Serpentinicella_alkaliphila_strain_3B	TssB	1
Cobetia_sp._4B	TssB	1
Candidatus_Streptomyces_philanthi_strain_23Af2	TssE	1
Cohnella_sp._HS21_strain_KCTC_43028	TssE	1
Pseudomonas_sp._ADAK13	TssA,TssB,TssD,TssE,TssF,TssG,TssJ,TssK,TssL,TssM	10
Pseudoalteromonas_sp._Scap06	TssA,TssB,TssD,TssE,TssF,TssG,TssJ,TssK,TssL,TssM	10
Salmonella_enterica_subsp._enterica_serovar_Enteritidis_str._EC20120969	TssA,TssD,TssE,TssG,TssM	5
Pseudoalteromonas_sp._M8	TssA,TssB,TssD,TssE,TssF,TssG,TssJ,TssK,TssL,TssM	10
Escherichia_coli_M8	TssA,TssB,TssD,TssE,TssL	5
Bacillus_thuringiensis_serovar_israelensis_strain_BGSC_4Q7rifR	TssE	1
Rhizobium_leguminosarum_bv._trifolii_CB782	TssB,TssD,TssE,TssF,TssG,TssK,TssL,TssM	8
Dehalobacterium_formicoaceticum_strain_DMC	TssE	1
Escherichia_coli_O150:H6_strain_FEX669	TssA,TssB,TssD,TssE,TssF,TssG,TssJ,TssK,TssL,TssM	10
Photobacterium_damselae_subsp._damselae_AS-15-0759-2	TssA,TssB,TssD,TssE,TssF,TssG,TssJ,TssK,TssL,TssM	10
Vibrio_spartinae_strain_3.6	TssA,TssB,TssD,TssE,TssF,TssG,TssJ,TssK,TssL,TssM	10
Clostridium_difficile_M120	TssC	1
Mycolicibacterium_monacense_strain_JCM_15658	TssE,TssL	2
Planctomycetes_bacterium_Poly24	TssA,TssB,TssD,TssE,TssF,TssG,TssK,TssL,TssM	9
Pseudomonas_sp._SCA2728.1_7	TssA,TssB,TssD,TssE,TssF,TssG,TssJ,TssK,TssL,TssM	10
Salmonella_enterica_subsp._enterica_serovar_Enteritidis_str._SA20093266	TssA,TssB,TssD,TssE,TssG,TssM	6
Salmonella_enterica_subsp._enterica_serovar_Weltevreden_str._2007-60-3289-1	TssA,TssB,TssD,TssE,TssF,TssG,TssJ,TssK,TssL,TssM	10
Dickeya_zeae_Ech1591	TssA,TssB,TssD,TssE,TssF,TssG,TssJ,TssK,TssL,TssM	10
Pseudomonas_prosekii_strain_LMG_26867	TssA,TssB,TssD,TssE,TssF,TssG,TssJ,TssK,TssL,TssM	10
Delftia_lacustris_HQS1	TssA,TssB,TssD,TssE,TssF,TssG,TssJ,TssK,TssL,TssM	10
Marinomonas_mediterranea_MMB-1	TssA,TssB,TssD,TssE,TssF,TssG,TssJ,TssK,TssL,TssM	10
Citrobacter_freundii_complex_sp._CFNIH3	TssA,TssB,TssC,TssD,TssE,TssF,TssG,TssK,TssL	9
Corynebacterium_glutamicum_K051_strain_ATCC_13032	TssL	1
Kibdelosporangium_phytohabitans_strain_KLBMP1111	TssE,TssL	2
Leptospira_interrogans_serovar_Hardjo_strain_L53	TssD,TssL	2
Apibacter_sp._B2966	TssB,TssC,TssE,TssF,TssG	5
Klebsiella_pneumoniae_HK787	TssA,TssB,TssD,TssE,TssF,TssG,TssJ,TssK,TssL,TssM	10
Vibrio_furnissii_PartQ-Vfurnissii-RM8376	TssA,TssB,TssD,TssE,TssF,TssG,TssJ,TssK,TssL,TssM	10
Nostoc_carneum_NIES-2107	TssE,TssF	2
Clostridium_carboxidivorans_P7	TssB	1
Methylomonas_sp._LL1	TssA,TssB,TssC,TssD,TssE,TssF,TssG,TssJ,TssK,TssL,TssM	11
Gaiellales_bacterium_strain_SCSIO_60955	TssE,TssM	2
Aggregatibacter_aphrophilus_NJ8700	TssA,TssB,TssD,TssF,TssG,TssJ,TssK,TssL,TssM	9
Leptolyngbya_boryana_dg5_strain_dg5	TssB,TssE	2
Candidatus_Kapabacteria_bacterium_strain_Ch6	TssL	1
Eikenella_sp._PXX	TssE,TssL	2
Enterobacter_cloacae_complex_sp._ECL78	TssA,TssB,TssD,TssE,TssF,TssG,TssJ,TssK,TssL,TssM	10
Yokenella_regensburgei_strain_W13	TssA,TssB,TssD,TssE,TssF,TssG,TssJ,TssK,TssL,TssM	10
Streptomyces_collinus_L2	TssE,TssL	2
Enterobacter_sp._MGH120	TssA,TssB,TssD,TssE,TssF,TssG,TssJ,TssK,TssL,TssM	10
Taylorella_equigenitalis_strain_09-0932	TssA,TssB,TssD,TssE,TssF,TssJ,TssK,TssL,TssM	9
Streptomyces_californicus_strain_FDAARGOS_1209_strain_Not_applicable	TssE,TssL	2
Haemophilus_parasuis_str._Nagasaki	TssE	1
Vibrio_cholerae_C6706	TssA,TssB,TssD,TssE,TssF,TssG,TssJ,TssK,TssL,TssM	10
Burkholderia_pseudomallei_7894	TssA,TssB,TssD,TssE,TssF,TssG,TssJ,TssK,TssL,TssM	10
Sulfurifustis_variabilis_strain_skN76	TssB	1
Yersinia_kristensenii_strain_2012N-4030	TssA,TssB,TssD,TssE,TssF,TssG,TssJ,TssK,TssL,TssM	10
Mycobacterium_paragordonae_strain_49061	TssL	1
Labrenzia_sp._CP4	TssA,TssB,TssD,TssE,TssF,TssG,TssK,TssL,TssM	9
Bacillus_thuringiensis_serovar_morrisoni_strain_BGSC_4AA1	TssE	1
Pseudomonas_sp._LTGT-11-2Z	TssA,TssB,TssD,TssE,TssF,TssG,TssJ,TssK,TssL,TssM	10
Virgibacillus_sp._MSP4-1	TssC,TssL	2
Legionella_lansingensis_strain_NCTC12830	TssF,TssL,TssM	3
Bacillus_ciccensis_strain_5L6	TssL	1
Arthrobacter_sp._AQ5-05	TssL	1
Pseudomonas_oryzihabitans_strain_FDAARGOS_657_strain_Not_applicable	TssA,TssB,TssD,TssE,TssF,TssG,TssJ,TssK,TssL,TssM	10
Mycobacterium_tuberculosis_PanR0410	TssL	1
Salmonella_enterica_subsp._enterica_serovar_Enteritidis_str._SA20093788	TssA,TssD,TssE,TssG,TssM	5
Campylobacter_fetus_subsp._testudinum_Sp3	TssE	1
Nocardiopsis_sp._HDS12	TssL	1
Lactobacillus_kullabergensis_strain_ESL0186	TssD	1
Kosakonia_sp._SMBL-WEM22_strain_SYMB	TssA,TssB,TssD,TssE,TssF,TssG,TssJ,TssK,TssL,TssM	10
Serratia_marcescens_WW4	TssA,TssB,TssD,TssE,TssF,TssG,TssJ,TssK,TssL,TssM	10
Haloplanus_sp._CBA1112	TssE	1
Oleiphilus_messinensis_strain_ME102	TssA,TssB,TssD,TssE,TssF,TssG,TssJ,TssK,TssL,TssM	10
cyanobacterium_endosymbiont_of_Rhopalodia_gibberula_strain_RgSB_strain_cyanobacterium_endosymbiont_of_Rhopalodia_gibberula_isolate_RgSB_Namiki_Park	TssL	1
Xylella_fastidiosa_subsp._sandyi_Ann-1	TssE	1
Citrobacter_freundii_complex_sp._CFNIH4	TssD,TssE	2
Enterobacter_sp._RHBSTW-00994	TssA,TssB,TssD,TssE,TssF,TssG,TssJ,TssK,TssL,TssM	10
Neorhizobium_galegae_bv._orientalis_str._HAMBI_540	TssA,TssB,TssD,TssE,TssF,TssG,TssK,TssL,TssM	9
Escherichia_coli_O89m:H9_strain_MIN11	TssB,TssD,TssE,TssF,TssG,TssJ,TssK,TssL	8
Arcobacter_sp._L	TssA,TssB,TssD,TssE,TssF,TssG,TssJ,TssK,TssL,TssM	10
Salmonella_enterica_subsp._enterica_serovar_Enteritidis_str._EC20122022	TssA,TssD,TssE,TssG,TssM	5
Paenibacillaceae_bacterium_GAS479	TssE,TssJ	2
Cronobacter_dublinensis_subsp._dublinensis_LMG_23823	TssA,TssB,TssD,TssE,TssF,TssG,TssJ,TssK,TssL,TssM	10
Escherichia_coli_O80:H26_strain_EC-107	TssB,TssD,TssE,TssL	4
Streptococcus_sp._oral_taxon_064	TssE	1
Stenotrophomonas_sp._ZAC14D1_NAIMI4_1	TssA,TssB,TssD,TssE,TssF,TssG,TssJ,TssK,TssL,TssM	10
Salmonella_enterica_subsp._enterica_serovar_Agona_str._SL483	TssA,TssB,TssD,TssE,TssF,TssG,TssJ,TssK,TssL,TssM	10
Salmonella_enterica_subsp._enterica_serovar_Dessau_strain_KUFSE-SAL0043	TssA,TssB,TssD,TssE,TssF,TssG,TssJ,TssK,TssL,TssM	10
Planctomycetes_bacterium_SRT547	TssA,TssB,TssD,TssE,TssF,TssG,TssK,TssL,TssM	9
Microcystis_aeruginosa_FD4	TssE	1
Opitutus_sp._GAS368	TssL,TssM	2
Marinobacterium_sp._ST58-10	TssE	1
Nostoc_sp._PCC_7524	TssE,TssG	2
Streptomyces_nitrosporeus_strain_ATCC_12769	TssE	1
Bacillus_nitratireducens_N4/150	TssE	1
Francisella_tularensis_subsp._tularensis_WY-00W4114	TssB,TssK,TssL,TssM	4
Methylomonas_sp._GJ1	TssE	1
Arcobacter_marinus_strain_JCM_15502	TssA,TssB,TssD,TssE,TssF,TssG,TssJ,TssK,TssL,TssM	10
Lactobacillus_reuteri	TssL	1
Burkholderia_gladioli_pv._gladioli_strain_FDAARGOS_188_strain_Not_Applicable	TssA,TssB,TssC,TssD,TssE,TssF,TssG,TssJ,TssK,TssL,TssM	11
Enterobacter_lignolyticus_SCF1	TssE,TssK	2
Yersinia_similis_strain_228	TssA,TssB,TssD,TssE,TssF,TssG,TssJ,TssK,TssL,TssM	10
Vibrio_sp._Q67	TssA,TssB,TssD,TssE,TssF,TssG,TssJ,TssK,TssL,TssM	10
Rhodanobacter_thiooxydans_FW510-R12	TssF	1
Roseobacter_denitrificans_strain_FDAARGOS_309	TssE	1
Enterococcus_durans_strain_4928STDY7071430	TssG	1
Escherichia_coli_O167:H26_strain_Res13-Lact-PER13-34	TssA,TssB,TssD,TssE,TssL	5
Tsuneonella_flava_strain_SS-21NJ	TssE	1
Xanthomonas_citri_pv._phaseoli_var._fuscans_strain_CFBP4885	TssA,TssB,TssC,TssD,TssE,TssF,TssG,TssK,TssL,TssM	10
Salinivibrio_kushneri_strain_AL184	TssE	1
Neptunomonas_phycophila_strain_Scap09	TssA,TssB,TssD,TssE,TssF,TssG,TssJ,TssK,TssL,TssM	10
Acinetobacter_ursingii_strain_FDAARGOS_1095_strain_Not_applicable	TssA,TssK,TssL	3
Burkholderia_sp._NK8	TssA,TssB,TssD,TssE,TssF,TssG,TssJ,TssK,TssL,TssM	10
Salmonella_enterica_subsp._arizonae_serovar_41:z4,z23:-_str._01-0089	TssA,TssB,TssD,TssE,TssF,TssG,TssJ,TssK,TssL,TssM	10
Mycobacterium_tuberculosis_PanR0411	TssL	1
Vibrio_tapetis_subsp._tapetis_strain_Vibrio_tapetis_CECT4600	TssA,TssB,TssD,TssE,TssF,TssG,TssJ,TssK,TssL,TssM	10
Parasphingorhabdus_sp._JHSY0214	TssE	1
Campylobacter_jejuni_subsp._jejuni_00-2544	TssE	1
Lactobacillus_bifermentans_strain_LB003	TssE	1
Gardnerella_vaginalis_HMP9231	TssE	1
Delftia_sp._Cs1-4	TssA,TssB,TssD,TssE,TssF,TssG,TssJ,TssK,TssL,TssM	10
Psychrobacter_urativorans_strain_R310.10B	TssE	1
Bradyrhizobium_icense_strain_LMTR_13	TssB,TssC	2
Campylobacter_jejuni_subsp._jejuni_NCTC_11168-BN148	TssB	1
Pseudomonas_oleovorans_strain_T9AD	TssA,TssB,TssD,TssE,TssF,TssG,TssJ,TssK,TssL,TssM	10
Melaminivora_sp._SC2-7	TssE,TssL	2
Sinimarinibacterium_sp._NLF-5-8	TssG,TssM	2
Solimonas_sp._K1W22B-7	TssA	1
Spirochaetaceae_bacterium_RmG30	TssE	1
Christensenella_sp._Marseille-P3954	TssL	1
Flavobacterium_psychrophilum_FPG3	TssG	1
Streptomyces_bingchenggensis_BCW-1	TssE	1
Salmonella_enterica_subsp._enterica_serovar_Enteritidis_str._EC20121671	TssA,TssD,TssE,TssG,TssM	5
Nitrosopumilus_oxyclinae_strain_HCE1	TssA,TssD	2
Campylobacter_hepaticus_strain_UF2019SK1	TssB	1
Kosakonia_arachidis_strain_KACC_18508	TssA,TssB,TssD,TssE,TssF,TssG,TssJ,TssK,TssL,TssM	10
Paenibacillus_larvae_subsp._larvae_DSM_25430	TssE,TssL	2
Shewanella_sp._YLB-06	TssA,TssB,TssD,TssE,TssF,TssG,TssJ,TssK,TssL,TssM	10
Pseudomonas_stutzeri_2020WEIHUA_G	TssA,TssB,TssD,TssE,TssF,TssG,TssJ,TssK,TssL,TssM	10
Hydrogenophaga_sp._NH-16	TssG	1
Cohnella_sp._18JY8-7	TssD	1
Prevotella_fusca_JCM_17724_strain_W1435	TssC,TssE,TssF	3
Francisella_sp._14-2155	TssB,TssK,TssL,TssM	4
Erythrobacter_sp._JK5	TssA,TssB,TssD,TssE,TssF,TssG,TssK,TssL,TssM	9
Streptomyces_albulus_ZPM	TssE	1
Sphingobium_japonicum_UT26S	TssE,TssJ	2
Bacillus_anthracis_188678-1	TssE	1
Salmonella_enterica_subsp._enterica_serovar_Enteritidis_str._EC20120496	TssA,TssD,TssE,TssG,TssM	5
Bacillus_haynesii_strain_P19	TssD,TssE	2
Mycoplasma_yeatsii_GM274B	TssJ	1
Methylocystis_bryophila_strain_S285	TssD	1
Yersinia_enterocolitica_(type_O:3)_str._YE12/03	TssA,TssB,TssD,TssE,TssF,TssG,TssJ,TssK,TssL,TssM	10
Bacteroides_xylanisolvens_XB1A	TssM	1
Elizabethkingia_bruuniana_strain_ATCC_33958	TssB,TssC,TssF,TssG	4
Acinetobacter_venetianus_VE-C3	TssA,TssB,TssD,TssE,TssF,TssG,TssK,TssL,TssM	9
Acinetobacter_soli_strain_GFJ2	TssA,TssB,TssD,TssE,TssF,TssG,TssK,TssL,TssM	9
Pseudomonas_sp._2hn	TssA,TssB,TssD,TssE,TssF,TssG,TssJ,TssK,TssL,TssM	10
Mariniflexile_sp._TRM1-10	TssB	1
Shewanella_vesiculosa_M7	TssA,TssB,TssD,TssE,TssF,TssG,TssJ,TssK,TssL,TssM	10
Collimonas_fungivorans_strain_Ter6	TssA,TssB,TssC,TssD,TssE,TssF,TssG,TssJ,TssK,TssL,TssM	11
Streptomyces_sp._WAC6273	TssE	1
Rhizobium_leguminosarum_Gr_12/7	TssA,TssB,TssD,TssE,TssF,TssG,TssK,TssL,TssM	9
Ralstonia_pickettii_FDAARGOS_1535	TssA,TssB,TssD,TssE,TssF,TssG,TssJ,TssK,TssL,TssM	10
Ciceribacter_thiooxidans_strain_F43B	TssE	1
Citrobacter_sp._RHB35-C21	TssA,TssB,TssD,TssE,TssF,TssG,TssJ,TssK,TssL,TssM	10
Fischerella_sp._NIES-3754	TssF,TssL	2
Stenotrophomonas_sp._ESTM1D_MKCIP4_1	TssA,TssB,TssD,TssE,TssF,TssG,TssJ,TssK,TssL,TssM	10
Fischerella_sp._NIES-4106	TssE	1
Mycobacterium_tuberculosis_PanR0412	TssL	1
Bacteroides_caecimuris_strain_I48	TssM	1
Lactobacillus_backii_strain_TMW_1.1988	TssJ,TssL	2
Peptacetobacter_hiranonis_strain_DGF055142	TssE	1
Pseudomonas_chlororaphis_O6	TssA,TssB,TssD,TssE,TssF,TssG,TssJ,TssK,TssL,TssM	10
Mycobacterium_tuberculosis_PanR0801	TssL	1
Diaphorobacter_ruginosibacter_strain_DSM_27467	TssL	1
Synechocystis_sp._IPPAS_B-1465	TssE	1
Labilithrix_luteola_strain_DSM_27648	TssD,TssE,TssG	3
Streptococcus_oralis_subsp._dentisani_strain_F0392	TssL	1
Mycobacterium_stomatepiae_strain_JCM_17783	TssL	1
Staphylococcus_aureus_subsp._aureus_Mu50	TssE	1
Salmonella_enterica_subsp._enterica_serovar_Enteritidis_str._EC20121672	TssA,TssD,TssE,TssG,TssM	5
Rhizobium_sp._10195	TssA,TssB,TssD,TssE,TssF,TssG,TssK,TssL,TssM	9
Raoultella_sp._XY-1	TssA,TssB,TssD,TssE,TssF,TssG,TssJ,TssK,TssL,TssM	10
Vibrio_cholerae_O37_strain_ATCC_25872	TssA,TssB,TssD,TssE,TssF,TssG,TssJ,TssK,TssL,TssM	10
Streptomyces_harbinensis_strain_NA02264	TssE,TssF	2
Stigmatella_aurantiaca_DW4/3-1_(Prj:54333)	TssB,TssE,TssF,TssG,TssK,TssL,TssM	7
Oligella_urethralis_strain_FDAARGOS_329	TssA,TssB,TssD,TssE,TssF,TssG,TssJ,TssK,TssL,TssM	10
Bacillus_glycinifermentans_MGMM1	TssD,TssE	2
Salmonella_enterica_subsp._enterica_serovar_Enteritidis_str._EC20120497	TssA,TssD,TssE,TssG,TssM	5
Cronobacter_sakazakii_CMCC_45402	TssA,TssB,TssD,TssE,TssF,TssG,TssJ,TssK,TssL,TssM	10
Petrotoga_mobilis_SJ95	TssE	1
Pseudomonas_lalucatii_strain_R1b52	TssA,TssD,TssE,TssL	4
Hymenobacter_sp._17J36-26	TssE	1
Legionella_longbeachae_FDAARGOS_1481	TssL,TssM	2
Renibacterium_salmoninarum_strain_DJ2R	TssK	1
Hymenobacter_tibetensis_KACC_21982	TssB,TssC,TssE,TssF,TssG	5
Phytobacter_sp._SCO41	TssA,TssB,TssD,TssE,TssF,TssG,TssJ,TssK,TssL,TssM	10
Chromobacterium_rhizoryzae_32279	TssA,TssB,TssC,TssD,TssE,TssF,TssG,TssJ,TssK,TssL,TssM	11
Sphingosinicella_sp._BN140058	TssE,TssG	2
Pseudooceanicola_nitratireducens_strain_m3	TssC	1
Streptococcus_pneumoniae_Taiwan19F-14	TssE	1
Faecalibacterium_prausnitzii_SL3/3	TssE	1
Burkholderia_pseudomallei_TSV_48	TssA,TssB,TssD,TssE,TssF,TssG,TssJ,TssK,TssL,TssM	10
Campylobacter_blaseri_strain_LMG_30333	TssE	1
Yersinia_frederiksenii_strain_FDAARGOS_417	TssA,TssB,TssD,TssE,TssF,TssG,TssJ,TssK,TssL,TssM	10
Streptomyces_sp._4F	TssE	1
Halomonas_elongata_DSM_2581	TssA,TssB,TssD,TssE,TssF,TssG,TssJ,TssK,TssL,TssM	10
Methanosarcina_siciliae_T4/M	TssA	1
Rhodobacteraceae_bacterium_N5(2021)_strain_N5(2021)_strain_N5(2021)_strain_N5(2021)	TssL	1
Rhizobium_sp._N113	TssA,TssB,TssD,TssE,TssF,TssG,TssK,TssL,TssM	9
Campylobacter_sp._RM18020_strain_RM18020	TssE	1
Escherichia_coli_O104:H4_str._C227-11	TssA,TssB,TssD,TssE,TssF,TssG,TssJ,TssK,TssL,TssM	10
Erythrobacter_sp._THAF29	TssE	1
Shigella_flexneri_1c_strain_Y394	TssA,TssE,TssF,TssG,TssL	5
Pseudomonas_aeruginosa_PA1	TssA,TssB,TssD,TssE,TssF,TssG,TssJ,TssK,TssL,TssM	10
Desulfovibrio_sp._J2	TssE	1
Mycobacterium_tuberculosis_PanR0802	TssL	1
Melaminivora_sp._SC2-9	TssL	1
Ereboglobus_luteus_strain_Ho45	TssA,TssB,TssD,TssE,TssF,TssG,TssK,TssL	8
Klebsiella_oxytoca_E718	TssA,TssB,TssD,TssE,TssF,TssG,TssJ,TssK,TssL,TssM	10
Raoultella_sp._X13	TssA,TssD	2
Rhodococcus_sp._C1	TssD	1
Weissella_sp._W-1	TssA,TssE	2
Bradyrhizobium_daqingense_CCBAU_15774	TssC,TssE	2
Rhodothermaceae_bacterium_RA	TssA,TssB,TssD,TssE,TssF,TssG,TssJ,TssK,TssL,TssM	10
Escherichia_coli_BW25113	TssD,TssE,TssL	3
Serratia_sp._CMO1	TssA,TssB,TssD,TssE,TssF,TssG,TssJ,TssK,TssL,TssM	10
Escherichia_coli_APEC_IMT5155	TssA,TssB,TssD,TssE,TssF,TssG,TssJ,TssK,TssL,TssM	10
Xylella_fastidiosa_MUL0034	TssE	1
Streptomyces_sp._CFMR_7	TssE	1
Methylacidimicrobium_sp._B4	TssA	1
Mycobacterium_tuberculosis_variant_microti_OV254_strain_Mycobacterium_microti_OV254	TssL	1
Borrelia_recurrentis_A1	TssB	1
Niveibacterium_sp._HC41	TssA,TssB,TssD,TssE,TssF,TssG,TssJ,TssK,TssL,TssM	10
Salmonella_enterica_subsp._enterica_serovar_Enteritidis_str._EC20120498	TssA,TssD,TssE,TssG,TssM	5
Acinetobacter_oleivorans_DR1	TssA,TssB,TssD,TssE,TssF,TssG,TssK,TssL,TssM	9
Massilia_sp._LPB0304	TssA,TssE,TssF,TssG,TssK	5
Mycolicibacterium_monacense_DSM_44395	TssE,TssL	2
Bosea_sp._AS-1	TssA,TssB,TssD,TssE,TssF,TssG,TssK,TssL,TssM	9
Nocardioides_sp._MMS17-SY207-3	TssE	1
Salmonella_enterica_subsp._enterica_serovar_Enteritidis_str._EC20121541	TssD,TssE,TssG,TssL,TssM	5
Salmonella_enterica_subsp._enterica_serovar_Derby_strain_2014LSAL01779	TssA,TssB,TssD,TssE,TssF,TssG,TssJ,TssK,TssL,TssM	10
Escherichia_coli_55989	TssA,TssB,TssD,TssE,TssF,TssG,TssJ,TssK,TssL,TssM	10
Streptomyces_brunneus_strain_CR22	TssE,TssL	2
Paenarthrobacter_ureafaciens_AT	TssE	1
Pseudomonas_syringae_strain_31R1	TssA,TssB,TssC,TssD,TssE,TssF,TssG,TssJ,TssK,TssL,TssM	11
Salmonella_enterica_subsp._enterica_serovar_Senftenberg_strain_11-5006	TssA,TssB,TssD,TssE,TssF,TssG,TssJ,TssK,TssL,TssM	10
Chryseoglobus_sp._CTD02-10-2	TssL	1
Alteromonas_macleodii_str._'Aegean_Sea_MED64'	TssE	1
Verminephrobacter_eiseniae_EF01-2	TssA,TssL	2
Pseudomonas_sp._ADAK18	TssA,TssB,TssD,TssE,TssF,TssG,TssJ,TssK,TssL,TssM	10
Pseudomonas_brassicacearum_WCS365	TssA,TssB,TssC,TssD,TssE,TssF,TssG,TssJ,TssK,TssL,TssM	11
Salmonella_enterica_subsp._enterica_serovar_Braenderup_str._ATCC_BAA-664	TssA,TssB,TssD,TssE,TssF,TssG,TssJ,TssK,TssL,TssM	10
Salmonella_enterica_subsp._enterica_serovar_Typhimurium_str._D23580	TssA,TssB,TssD,TssE,TssF,TssG,TssJ,TssK,TssL,TssM	10
Paenibacillus_sp._DCT19_strain_rhisosphere	TssF	1
Mycobacterium_tuberculosis_CTRI-2	TssL	1
Streptomyces_sp._NEAU-sy36	TssE,TssL	2
Bradyrhizobium_genosp._B_strain_BDV5040	TssE	1
Mesorhizobium_sp._113-1-2	TssA,TssB,TssC,TssD,TssE,TssF,TssG,TssJ,TssK,TssL,TssM	11
Pseudomonas_sp._St290	TssA,TssB,TssC,TssD,TssE,TssF,TssG,TssJ,TssK,TssL,TssM	11
Arcobacter_canalis_strain_LMG_29148	TssA,TssB,TssD,TssE,TssF,TssG,TssJ,TssK,TssL,TssM	10
Streptomyces_exfoliatus_strain_A1013Y	TssE,TssF,TssL	3
Saccharopolyspora_gregorii_MLY014	TssE	1
Crassaminicella_sp._143-21	TssE	1
Qipengyuania_sp._1NDW3	TssE	1
Mycobacterium_tuberculosis_PanR0803	TssL	1
Salmonella_enterica_subsp._enterica_serovar_Newport_strain_0007-33	TssA,TssB,TssD,TssE,TssF,TssG,TssJ,TssK,TssL,TssM	10
Tatlockia_micdadei_strain_ATCC33218	TssL,TssM	2
Aeromonas_taiwanensis_strain_Colony382	TssA,TssB,TssD,TssE,TssF,TssG,TssJ,TssK,TssL,TssM	10
Halobellus_limi_strain_CGMCC_1.10331	TssE	1
Acetobacter_pasteurianus_IFO_3283-32	TssM	1
Pseudomonas_sp._14181154	TssA,TssB,TssC,TssD,TssE,TssF,TssG,TssJ,TssK,TssL,TssM	11
Streptomyces_sp._S1D4-20_strain_Microscale_soil_grain	TssE	1
Streptomyces_albus_J1074	TssE,TssL	2
Lysinibacillus_sp._YS11	TssD,TssE	2
Pantoea_eucalypti_strain_LMG_24197	TssA,TssB,TssD,TssE,TssF,TssG,TssJ,TssK,TssL,TssM	10
Staphylococcus_aureus_ST228/10497	TssE	1
Rhizobium_gallicum_bv._gallicum_R602	TssA,TssB,TssD,TssE,TssF,TssG,TssJ,TssK,TssL,TssM	10
Shewanella_sp._YLB-09	TssE	1
Paenibacillus_larvae_subsp._pulvifaciens_strain_ATCC_13537	TssE,TssL	2
Salmonella_enterica_subsp._enterica_serovar_Enteritidis_str._EC20122026	TssA,TssD,TssE,TssG,TssM	5
Streptomyces_sp._OUCMDZ-3434	TssE,TssG,TssL	3
Halomonas_sp._THAF5a	TssB	1
Anaerolineae_bacterium_bin1159	TssE,TssL	2
Succinivibrio_dextrinosolvens_strain_ASCUSBF53	TssA,TssB,TssD,TssE,TssF,TssG,TssK,TssL	8
bacterium_RGF134-1	TssA,TssB,TssD,TssE,TssF,TssG,TssJ,TssK,TssL,TssM	10
Salmonella_enterica_subsp._enterica_serovar_Bergen_str._ST350_strain_ST350	TssA,TssB,TssD,TssE,TssF,TssG,TssJ,TssK,TssL,TssM	10
Bacillus_xiamenensis_strain_VV3	TssE,TssL	2
Stenotrophomonas_sp._YM1	TssA,TssB,TssD,TssE,TssF,TssG,TssJ,TssK,TssL,TssM	10
Pseudonocardia_sp._CGMCC_4.1532	TssL	1
Raoultella_planticola_A2-F21	TssA,TssB,TssD,TssE,TssF,TssG,TssJ,TssK,TssL,TssM	10
Vibrio_parahaemolyticus_20-082E4	TssA,TssB,TssD,TssE,TssF,TssG,TssJ,TssK,TssL,TssM	10
Variovorax_sp._RA8	TssA,TssB,TssD,TssE,TssF,TssG,TssJ,TssK,TssL,TssM	10
Bacteroides_salanitronis_DSM_18170_strain_DSM_18179	TssB,TssC,TssE,TssF,TssG,TssK,TssL	7
Mycobacterium_kansasii_824	TssL	1
Inhella_inkyongensis_strain_IMCC1713	TssJ	1
Chryseobacterium_sp._IHB_B_17019	TssB,TssC,TssE,TssF,TssG,TssK	6
Ralstonia_solanacearum_OE1-1	TssA,TssB,TssD,TssE,TssF,TssG,TssJ,TssK,TssL,TssM	10
Desulfonema_magnum_strain_4be13	TssA,TssB,TssD,TssE,TssF,TssG,TssK,TssL	8
Arthrobacter_alpinus_strain_ERGS4:06	TssE	1
Streptomyces_sp._LBUM_1475	TssB,TssE,TssL	3
Salmonella_enterica_subsp._enterica_serovar_Enteritidis_str._EC20121542	TssA,TssD,TssE,TssG,TssM	5
Salmonella_enterica_subsp._salamae_serovar_55:k:z39_str._1315K_strain_1315K	TssA,TssB,TssD,TssE,TssF,TssG,TssJ,TssK,TssL,TssM	10
Vibrio_sp._THAF64	TssA,TssB,TssD,TssE,TssF,TssG,TssJ,TssK,TssL,TssM	10
Bartonella_tribocorum_CIP_105476	TssE	1
Campylobacter_jejuni_4031	TssB	1
Burkholderia_thailandensis_MSMB59	TssA,TssB,TssD,TssE,TssF,TssG,TssJ,TssK,TssL,TssM	10
Sulfitobacter_pontiacus_DSM_110277	TssE	1
Xanthomonas_campestris_pv._campestris_str._CN12	TssA,TssE	2
Legionella_oakridgensis_strain_NCTC11531	TssL,TssM	2
Streptomyces_sp._M2	TssE	1
Agromyces_sp._AR33	TssE	1
Stenotrophomonas_sp._SAU14A_NAIMI4_5	TssE	1
Methylomicrobium_buryatense_strain_5GB1C	TssA,TssB,TssD,TssE,TssF,TssG,TssJ,TssK,TssL,TssM	10
Kangiella_profundi_strain_FT102	TssA,TssB,TssD,TssE,TssF,TssG,TssJ,TssK,TssL,TssM	10
Pseudoxanthomonas_suwonensis_11-1	TssE,TssL	2
Pantoea_deleyi_LMG24200	TssA,TssB,TssD,TssE,TssF,TssG,TssJ,TssK,TssL,TssM	10
Flavobacterium_jumunjinense_HME7102	TssB,TssC,TssE,TssF,TssG	5
Mycobacterium_tuberculosis_PanR0804	TssL	1
Yersinia_entomophaga_strain_MH96	TssA,TssB,TssD,TssE,TssF,TssG,TssJ,TssK,TssL,TssM	10
Yersinia_massiliensis_strain_2011N-4075	TssA,TssB,TssD,TssE,TssF,TssG,TssJ,TssK,TssL,TssM	10
Citrobacter_freundii_complex_sp._CFNIH9	TssA,TssB,TssD,TssE,TssF,TssG,TssJ,TssK,TssL,TssM	10
Polaromonas_vacuolata_strain_KCTC_22033	TssE	1
Xanthomonas_sp._gxlp16	TssA,TssB,TssC,TssD,TssE,TssF,TssG,TssK,TssL,TssM	10
Chamaesiphon_minutus_PCC_6605	TssE,TssJ	2
Snodgrassella_alvi_wkB2	TssA,TssB,TssD,TssE,TssF,TssG,TssJ,TssK,TssL,TssM	10
Nocardioides_dokdonensis_FR1436	TssE,TssL	2
Cellulomonas_fimi_ATCC_484	TssD,TssE,TssM	3
Raoultella_terrigena_strain_JH01	TssA,TssB,TssD,TssE,TssF,TssG,TssJ,TssK,TssL,TssM	10
Moorea_producens_PAL-8-15-08-1	TssE	1
Yersinia_pseudotuberculosis_str._PA3606_Pa3606	TssA,TssB,TssD,TssE,TssF,TssG,TssJ,TssK,TssL,TssM	10
Burkholderia_pseudomallei_HBPUB10303a	TssA,TssB,TssD,TssE,TssF,TssG,TssJ,TssK,TssL,TssM	10
Qipengyuania_sp._1NDH13	TssE,TssK	2
Macrococcus_canis_B8	TssE	1
Stenotrophomonas_sp._ZAC14D1_NAIMI4_6	TssA,TssB,TssD,TssE,TssF,TssG,TssJ,TssK,TssL,TssM	10
Pseudomonas_sp._VLB120	TssA,TssB,TssD,TssE,TssF,TssG,TssJ,TssK,TssL,TssM	10
Methanococcus_maripaludis_strain_DSM_2067	TssD	1
Geobacillus_sp._LC300	TssL	1
Jeongeupia_sp._HS-3	TssE,TssK,TssL	3
Aquimarina_sp._TRL1	TssB,TssC,TssE,TssF,TssG,TssK,TssL,TssM	8
Campylobacter_jejuni_subsp._jejuni_D42a	TssB	1
Salmonella_enterica_subsp._enterica_serovar_Newport_str._CDC_2012K-0938	TssA,TssB,TssD,TssE,TssF,TssG,TssJ,TssK,TssL,TssM	10
Bacillus_amyloliquefaciens_Y2	TssM	1
Streptomyces_sp._S1D4-11	TssD,TssE,TssF	3
Bacillus_sp._NP247	TssC,TssE	2
Shigella_flexneri_2a_strain_1508	TssA,TssE,TssF,TssG,TssL	5
Citrobacter_sp._RHBSTW-00944	TssA,TssB,TssC,TssD,TssE,TssF,TssG,TssK,TssL	9
Pseudomonas_sp._LTJR-52	TssA,TssB,TssD,TssE,TssF,TssG,TssJ,TssK,TssL,TssM	10
Anderseniella_sp._Alg231-50_strain_Anderseniella_sp._Alg231_50	TssL	1
Streptomyces_gardneri_strain_ATCC_15439	TssE	1
Acidobacterium_sp._4Y35	TssA,TssB,TssD,TssE,TssF,TssG,TssK,TssL,TssM	9
Caulobacter_flavus_strain_RHGG3	TssA,TssB,TssD,TssE,TssF,TssG,TssK,TssL,TssM	9
Acidovorax_radicis_79	TssG,TssL	2
Streptomyces_sp._CRXT-G-22	TssE	1
Pseudomonas_sp._SWI44	TssA,TssB,TssD,TssE,TssF,TssG,TssJ,TssK,TssL,TssM	10
Bradyrhizobium_sp._LCT2	TssA,TssB,TssD,TssE,TssF,TssG,TssK,TssL,TssM	9
Salmonella_enterica_subsp._enterica_serovar_Enteritidis_str._SA19994216	TssD,TssE	2
Mycoplasma_mycoides_subsp._capri_LC_str._95010	TssC	1
Methylovirgula_sp._HY1	TssB	1
Xanthomonas_axonopodis_pv._glycines_CFBP_7119	TssA,TssB,TssC,TssD,TssE,TssF,TssG,TssJ,TssK,TssL,TssM	11
Brenneria_goodwinii_strain_FRB141	TssA,TssB,TssD,TssE,TssF,TssG,TssJ,TssK,TssL,TssM	10
Massilia_sp._YMA4	TssA,TssB,TssC,TssD,TssE,TssF,TssG,TssJ,TssK,TssL,TssM	11
Pseudomonas_sivasensis_BsEB-1	TssA,TssB,TssD,TssE,TssF,TssG,TssJ,TssK,TssL,TssM	10
Thermoleptolyngbya_sp._PKUAC-SCTB121	TssE,TssG	2
Salmonella_enterica_subsp._enterica_serovar_Havana_strain_CVM_20761	TssA,TssB,TssD,TssE,TssF,TssG,TssJ,TssK,TssL,TssM	10
Pseudomonas_sp._DTU12.1	TssA,TssB,TssD,TssE,TssF,TssG,TssJ,TssK,TssL,TssM	10
Oceanobacillus_sp._143	TssE	1
Staphylococcus_sp._MZ1	TssE	1
Citrobacter_sp._RHB36-C18	TssA,TssB,TssD,TssE,TssF,TssG,TssJ,TssK,TssL,TssM	10
Moorea_producens_JHB	TssE	1
uncultured_Celerinatantimonas_sp._1	TssE	1
Wolbachia_sp._wRi	TssE	1
Mycobacterium_tuberculosis_PanR0805	TssL	1
Staphylococcus_aureus_subsp._aureus_SA40	TssE	1
Massilia_sp._HC52	TssA,TssB,TssC,TssD,TssE,TssF,TssG,TssJ,TssK,TssL,TssM	11
Oleispira_antarctica_RB-8	TssA,TssB,TssC,TssD,TssE,TssF,TssG,TssJ,TssK,TssL,TssM	11
Dechloromonas_sp._strain_SSB2	TssE,TssJ	2
Burkholderia_pseudomallei_B03	TssA,TssB,TssD,TssE,TssF,TssG,TssJ,TssK,TssL,TssM	10
Micromonospora_echinofusca_strain_DSM_43913	TssE,TssL,TssM	3
Erwinia_gerundensis_AR	TssA,TssB,TssD,TssE,TssF,TssG,TssJ,TssK,TssL,TssM	10
Burkholderia_pseudomallei_MSHR2243	TssA,TssB,TssD,TssE,TssF,TssG,TssJ,TssK,TssL,TssM	10
Mycobacterium_avium_subsp._avium_DJO-44271	TssL	1
Hydrogenophaga_sp._LPB0072	TssG,TssL	2
Burkholderia_pseudomallei_1026b	TssA,TssB,TssD,TssE,TssF,TssG,TssJ,TssK,TssL,TssM	10
Streptomyces_sp._KY75_strain_Streptomyces_sp._KY75_genome	TssE	1
Methyloversatilis_sp._RAC08	TssD	1
Serinicoccus_sp._W204	TssG	1
Acaryochloris_marina_S15	TssA,TssE	2
Chromobacterium_sp._Rain0013	TssA,TssB,TssC,TssD,TssE,TssF,TssG,TssJ,TssK,TssL,TssM	11
Leptospira_santarosai_strain_DU92	TssB,TssD	2
Leptospira_noguchii_201601331	TssD,TssL	2
Mesorhizobium_ciceri_strain_CC1192	TssA,TssB,TssC,TssD,TssE,TssF,TssG,TssJ,TssK,TssL,TssM	11
Yersinia_enterocolitica_subsp._enterocolitica_8081	TssA,TssB,TssD,TssE,TssF,TssG,TssJ,TssK,TssL,TssM	10
Corynebacterium_humireducens_NBRC_106098_=_DSM_45392	TssL	1
Erythrobacter_sp._3-20A1M	TssE	1
Arthrobacter_sp._PGP41	TssE,TssJ	2
Chloracidobacterium_sp._A	TssL	1
Staphylococcus_sp._MI_10-1553	TssC	1
Streptomyces_sp._MG28	TssE,TssL,TssM	3
Azospirillum_brasilense_Sp245	TssA,TssB,TssC,TssD,TssE,TssF,TssG,TssJ,TssK,TssL,TssM	11
Vibrio_vulnificus_Env1	TssA,TssB,TssD,TssE,TssF,TssG,TssJ,TssK,TssL,TssM	10
Meiothermus_silvanus_DSM_9946	TssE	1
Francisella_tularensis_subsp._holarctica_FSC201	TssB,TssK,TssL	3
Vibrio_mediterranei_strain_117-T6	TssA,TssB,TssD,TssE,TssF,TssG,TssJ,TssK,TssL,TssM	10
Pseudanabaena_sp._PCC_7367	TssE	1
Archaeoglobus_profundus_DSM_5631	TssE,TssJ	2
Nitrospinaceae_bacterium_VA-1	TssL	1
Oscillospiraceae_bacterium_J115	TssE,TssL	2
Citrobacter_sp._RHBSTW-00424	TssA,TssB,TssC,TssD,TssE,TssF,TssG,TssK,TssL	9
Salmonella_enterica_subsp._enterica_serovar_Anatum_strain_CFSAN076215	TssA,TssB,TssD,TssE,TssF,TssG,TssJ,TssK,TssL,TssM	10
Thermococcus_radiotolerans_strain_EJ2	TssL	1
Xenorhabdus_nematophila_strain_SII	TssA,TssB,TssD,TssE,TssF,TssG,TssJ,TssK,TssL,TssM	10
Escherichia_coli_SMS-3-5	TssD,TssE,TssL	3
Blastococcus_saxobsidens_DD2	TssE,TssJ	2
Salmonella_enterica_subsp._enterica_serovar_Rissen_strain_GJ0703-2	TssA,TssB,TssD,TssE,TssF,TssG,TssJ,TssK,TssL,TssM	10
Brevibacillus_brevis_B011	TssE	1
Sulfurimonas_sp._H1576	TssB,TssC,TssE	3
Paenibacillus_polymyxa_SQR-21	TssL	1
Ralstonia_pseudosolanacearum_SL1931	TssA,TssB,TssD,TssE,TssF,TssG,TssJ,TssK,TssL,TssM	10
Delftia_acidovorans_SPH-1	TssA,TssB,TssD,TssE,TssF,TssG,TssJ,TssK,TssL,TssM	10
Parabacteroides_distasonis_BFG-238	TssE	1
Nakamurella_panacisegetis_strain_P4-7,KCTC_19426,CECT_7604	TssC,TssE	2
Photorhabdus_akhurstii_strain_0813-124_phase_II_strain_not_applicable	TssA,TssB,TssD,TssE,TssF,TssG,TssJ,TssK,TssL,TssM	10
Streptomyces_nojiriensis_strain_JCM_3382	TssD,TssE,TssL	3
Agrobacterium_tumefaciens_1D1104	TssA,TssB,TssD,TssE,TssF,TssG,TssK,TssL,TssM	9
Corynebacterium_minutissimum_strain_FDAARGOS_1196_strain_Not_applicable	TssB,TssL	2
Staphylococcus_aureus_subsp._aureus_Z172	TssE	1
Nostoc_sp._NIES-2111	TssE	1
Streptococcus_oralis_Uo5	TssE	1
Bradyrhizobium_sp._WBAH33	TssC,TssE	2
Bacillus_megaterium_QM_B1551	TssB,TssE	2
Francisella_cf._novicida_Fx1	TssB,TssK,TssL,TssM	4
Sulfitobacter_mediterraneus_strain_SC1-11	TssA,TssB,TssD,TssE,TssF,TssG,TssK,TssL,TssM	9
Gammaproteobacteria_bacterium_DM2	TssA,TssB,TssD,TssE,TssF,TssG,TssJ,TssK,TssL,TssM	10
Erysipelotrichaceae_bacterium_66202529	TssD,TssE	2
Streptomyces_variabilis_strain_ARRS001	TssE,TssF	2
Labrenzia_sp._VG12	TssA,TssB,TssC,TssD,TssE,TssF,TssG,TssJ,TssK,TssL,TssM	11
Mycobacterium_noviomagense_strain_JCM_16367	TssG,TssL	2
Micromonospora_endophytica_(Xie_et_al._2001)_Li_et_al._2019_strain_NBRC_109090	TssE,TssL	2
Campylobacter_jejuni_subsp._jejuni_S3	TssE	1
Photorhabdus_luminescens_0813-124_phase_I	TssA,TssB,TssD,TssE,TssF,TssG,TssJ,TssK,TssL,TssM	10
Planctomycetes_bacterium_Spa11	TssA,TssB,TssD,TssE,TssF,TssG,TssK,TssL	8
Pseudochrobactrum_sp._C130915_07	TssE	1
Escherichia_coli_RS218	TssA,TssB,TssD,TssE,TssF,TssG,TssJ,TssK,TssL,TssM	10
Janibacter_terrae_strain_YFY001	TssG	1
Streptomyces_roseochromogenus_subsp._oscitans_DS_12.976	TssE	1
Escherichia_coli_C321.deltaA	TssD,TssE,TssL	3
Staphylococcus_aureus_subsp._aureus_LGA251	TssE	1
Cedecea_lapagei_strain_NCTC11466	TssA,TssB,TssD,TssE,TssF,TssG,TssJ,TssK,TssL,TssM	10
Neisseria_lactamica_strain_M17106	TssE	1
Escherichia_coli_O157:H7_str._Sakai	TssA,TssB,TssD,TssE,TssF,TssG,TssJ,TssK,TssL,TssM	10
Flavobacterium_sp._MDT1-60	TssE	1
Nocardia_otitidiscaviarum_strain_NEB252	TssA,TssE,TssL	3
Burkholderia_multivorans_ATCC_BAA-247	TssA,TssB,TssD,TssE,TssF,TssG,TssJ,TssK,TssL,TssM	10
Micromonospora_terminaliae_strain_DSM_101760	TssE,TssM	2
Microlunatus_phosphovorus_NM-1	TssE,TssG,TssM	3
Sinorhizobium_meliloti_Ak57	TssB	1
Pseudoalteromonas_carrageenovora_strain_KCTC_22325	TssA,TssB,TssD,TssE,TssF,TssG,TssJ,TssK,TssL,TssM	10
Cobetia_sp._L2A1	TssB	1
Streptomyces_sp._ZFG47	TssE,TssF	2
Pseudomonas_sp._29A	TssA,TssB,TssD,TssE,TssF,TssG,TssJ,TssK,TssL,TssM	10
Winogradskyella_sp._PAMC22761	TssL	1
Ectothiorhodospira_sp._BSL-9	TssA,TssB,TssD,TssF,TssG,TssJ,TssK,TssL,TssM	9
Thiocapsa_bogorovii_BBS	TssA,TssB,TssD,TssE,TssF,TssG,TssJ,TssK,TssL,TssM	10
Streptomyces_griseocarneus_strain_KCC_S-1010	TssD,TssE	2
Streptomyces_sp._769	TssE	1
Aeromicrobium_sp._zg-629	TssL	1
Streptomyces_griseus_subsp._griseus_strain_ATCC_13273	TssE	1
Aeromonas_sp._2692-1	TssA,TssB,TssD,TssE,TssF,TssG,TssJ,TssK,TssL,TssM	10
Escherichia_coli_O113:H21_strain_FWSEC0010	TssA,TssB,TssD,TssE,TssF,TssG,TssJ,TssK,TssL,TssM	10
Lactobacillus_graminis_strain_LG542	TssL	1
Liquorilactobacillus_nagelii_DSM_13675	TssA	1
Pseudomonas_aeruginosa_LES400	TssA,TssB,TssD,TssE,TssF,TssG,TssJ,TssK,TssL,TssM	10
Pseudomonas_sp._DTU12.3	TssA,TssB,TssD,TssE,TssF,TssG,TssJ,TssK,TssL,TssM	10
Pseudomonas_sp._Y5-11	TssA,TssB,TssD,TssE,TssF,TssG,TssJ,TssK,TssL,TssM	10
Salinibacterium_sp._M195	TssL	1
Staphylococcus_sp._MZ3	TssE	1
Lutibacter_sp._LPB0138	TssE	1
Wolbachia_endosymbiont_of_Drosophila_incompta_strain_wInc_Cu	TssE	1
Candidatus_Hamiltonella_defensa_(Bemisia_tabaci)	TssE	1
Microbulbifer_hydrolyticus_strain_IRE-31	TssA,TssB,TssD,TssE,TssF,TssG,TssJ,TssK,TssL,TssM	10
Serratia_marcescens_2020-O-9	TssA,TssB,TssD,TssE,TssF,TssG,TssJ,TssK,TssL,TssM	10
Escherichia_coli_FAP1	TssA,TssB,TssD,TssE,TssF,TssG,TssL,TssM	8
Rhodococcus_sp._21391	TssE	1
Rhodococcus_sp._YL-1	TssD	1
Pseudomonas_mosselii_923	TssA,TssB,TssD,TssE,TssF,TssG,TssJ,TssK,TssL,TssM	10
Mycolicibacterium_insubricum_strain_JCM_16366	TssE,TssL	2
Erythrobacter_sp._EB310	TssE	1
Pseudomonas_reinekei_strain_BS3776	TssA,TssB,TssC,TssD,TssE,TssF,TssG,TssJ,TssK,TssL,TssM	11
Roseomonas_sp._1318	TssA,TssB,TssD,TssE,TssF,TssG,TssK,TssL,TssM	9
Acinetobacter_johnsonii_XBB1	TssA,TssB,TssD,TssE,TssF,TssG,TssK,TssL,TssM	9
Shigella_dysenteriae_1617	TssG,TssL,TssM	3
Streptomyces_sp._WAC8241	TssE	1
Halorhodospira_halochloris_strain_DSM-1059_strain_DSM_1059	TssA,TssB,TssD,TssE,TssF,TssG,TssJ,TssK,TssL,TssM	10
Pseudomonas_guangdongensis_strain_CCTCC_2012022	TssA	1
Tetrasphaera_sp._HKS02	TssE	1
Escherichia_coli_O10:H32_strain_NMBU-W12E19	TssA,TssB,TssD,TssE,TssF,TssG,TssJ,TssK,TssL	9
Burkholderia_pseudomallei_MSHR146	TssA,TssB,TssD,TssE,TssF,TssG,TssJ,TssK,TssL,TssM	10
Aquificae_bacterium_strain_RBS10-58	TssB	1
Nocardioides_sp._S-713	TssK	1
Bacillus_licheniformis_C5	TssD,TssE	2
Pseudomonas_sp._S49	TssA,TssB,TssD,TssE,TssF,TssG,TssJ,TssK,TssL,TssM	10
Saccharopolyspora_spinosa_strain_CCTCC_M206084	TssE,TssL	2
Legionella_israelensis_strain_Bercovier_4	TssL,TssM	2
Lactobacillus_brevis_strain_100D8	TssE,TssL	2
Salmonella_enterica_subsp._enterica_serovar_Enteritidis_str._SA20091739	TssA,TssD,TssE,TssG,TssM	5
Algibacter_sp._L3A6	TssB,TssC,TssE,TssF,TssK	5
Rhizobium_sp._N941	TssB,TssD,TssE,TssF,TssG,TssK,TssL,TssM	8
Prevotella_dentalis_DSM_3688	TssA	1
Escherichia_coli_BW2952	TssD,TssE,TssL	3
Jatrophihabitans_sp._GAS493	TssD,TssE,TssF,TssM	4
Campylobacter_sp._CCUG_57310	TssA,TssB,TssD,TssE,TssF,TssG,TssJ,TssK,TssL,TssM	10
Cellvibrio_sp._KY-YJ-3	TssC	1
Methylomonas_sp._DH-1	TssA,TssB,TssD,TssE,TssF,TssG,TssJ,TssK,TssL,TssM	10
Mycobacterium_phlei_strain_CCUG_21000	TssL	1
Klebsiella_oxytoca_KCTC_1686	TssA,TssB,TssD,TssE,TssF,TssG,TssJ,TssK,TssL,TssM	10
Sporosarcina_sp._Te-1	TssC,TssF,TssL	3
Francisella_halioticida_strain_DSM_23729	TssB,TssK,TssL,TssM	4
Acinetobacter_sp._NEB149	TssM	1
Vibrio_sp._THAF191c	TssA,TssB,TssD,TssE,TssF,TssG,TssJ,TssK,TssL,TssM	10
Pandoraea_norimbergensis_strain_DSM_11628	TssA,TssD,TssE,TssF,TssG,TssJ,TssL,TssM	8
Halomonas_sp._BM-2019	TssB,TssE,TssL	3
Burkholderia_sp._JP2-270	TssA,TssB,TssD,TssE,TssF,TssG,TssJ,TssK,TssL,TssM	10
Rhodococcus_pyridinivorans_SB3094	TssE	1
Klebsiella_sp._FDAARGOS_511_strain_Not_applicable	TssB,TssD,TssE	3
Klebsiella_pneumoniae_subsp._pneumoniae_KP5-1	TssA,TssB,TssD,TssE,TssF,TssG,TssJ,TssK,TssL,TssM	10
Pseudomonas_aeruginosa_PA7	TssA,TssB,TssD,TssE,TssF,TssG,TssJ,TssK,TssL,TssM	10
Anabaenopsis_circularis_NIES-21	TssE	1
Hydrogenobacter_thermophilus_TK-6	TssB,TssL	2
Pseudomonas_sp._MRSN12121	TssA,TssB,TssD,TssE,TssF,TssG,TssJ,TssK,TssL,TssM	10
Haemophilus_influenzae_PittGG	TssB	1
Streptomyces_sp._V17-9	TssE,TssL	2
Mycobacterium_tuberculosis_CCDC5180	TssL	1
Rhodococcus_ruber_strain_C1	TssE	1
Mesoflavibacter_sp._strain_ih5	TssA,TssB,TssC,TssD,TssE,TssF,TssG,TssK,TssL	9
Legionella_anisa_FDAARGOS_1480	TssJ,TssL,TssM	3
Hymenobacter_monticola_KACC_22596	TssB,TssC,TssE,TssF,TssG	5
Lactococcus_sp._LG606	TssB,TssC,TssL	3
Escherichia_sp._TM-G17TGC	TssD,TssE,TssL	3
Streptomyces_albireticuli_strain_SMD11	TssE	1
Legionella_sp._TUM19329	TssL,TssM	2
Pseudomonas_sp._SK	TssA,TssB,TssD,TssE,TssF,TssG,TssJ,TssK,TssL,TssM	10
Sinorhizobium_fredii_CCBAU_25509	TssL	1
Cedecea_neteri_M006	TssA,TssB,TssD,TssE,TssF,TssG,TssJ,TssK,TssL,TssM	10
Tenacibaculum_sp._LPB0136	TssD	1
Chromatiales_bacterium_bin74	TssD	1
Chloracidobacterium_sp._D	TssL	1
Deinococcus_sp._S14-83_strain_S14-83T	TssA,TssE	2
Salmonella_enterica_subsp._enterica_serovar_Enteritidis_str._EC20111554	TssA,TssD,TssE,TssG,TssM	5
Marinobacter_sp._JH2	TssA,TssB,TssD,TssE,TssF,TssG,TssJ,TssK,TssL,TssM	10
Enterobacter_sp._R4-368	TssA,TssB,TssD,TssE,TssF,TssG,TssJ,TssK,TssL,TssM	10
Streptomyces_antimycoticus_strain_NBRC_100767	TssE	1
Salmonella_sp._SJTUF15034	TssA,TssB,TssD,TssE,TssG,TssM	6
Ensifer_adhaerens_E-60	TssE	1
Citrobacter_sp._Colony475	TssD	1
Enterobacter_sp._ODB01	TssA,TssB,TssD,TssE,TssF,TssG,TssJ,TssK,TssL,TssM	10
Salmonella_enterica_subsp._enterica_serovar_Enteritidis_str._EC20090884	TssA,TssD,TssE,TssG,TssM	5
Pantoea_sp._CCBC3-3-1	TssA,TssB,TssD,TssE,TssF,TssG,TssJ,TssK,TssL,TssM	10
Xanthomonas_campestris_pv._campestris_str._CN17	TssA,TssE	2
Candidatus_Thioglobus_singularis_strain_GG2	TssC	1
Serratia_marcescens_SM39	TssA,TssB,TssD,TssE,TssF,TssG,TssJ,TssK,TssL,TssM	10
Friedmanniella_luteola_strain_DSM_21741	TssE,TssF	2
Vibrio_sp._THAF191d	TssA,TssB,TssD,TssE,TssF,TssG,TssJ,TssK,TssL,TssM	10
Pseudomonas_sp._Boi14	TssA,TssB,TssD,TssE,TssF,TssG,TssJ,TssK,TssL,TssM	10
Salmonella_enterica_subsp._enterica_serovar_Adjame_strain_353868	TssA,TssB,TssD,TssE,TssF,TssG,TssJ,TssK,TssL,TssM	10
Escherichia_coli_str._K-12_substr._MDS42	TssL	1
Sanguibacter_sp._HDW7	TssE	1
Corynebacterium_glutamicum_ZL-6	TssA,TssE,TssL	3
Lysobacter_antibioticus_strain_76	TssA,TssE	2
Burkholderia_pseudomallei_MSHR1328	TssA,TssB,TssD,TssE,TssF,TssG,TssJ,TssK,TssL,TssM	10
Blattabacterium_sp._(Blaberus_giganteus)	TssE	1
Salmonella_enterica_subsp._enterica_serovar_Bredeney_strain_CVM_24358	TssA,TssB,TssD,TssE,TssF,TssG,TssJ,TssK,TssL,TssM	10
Acidipropionibacterium_acidipropionici_strain_F3E8	TssL	1
Prevotella_enoeca_strain_F0113	TssB	1
Arenimonas_daejeonensis_strain_KACC_14631	TssL	1
Caballeronia_sp._M1242	TssA,TssB,TssD,TssE,TssF,TssG,TssJ,TssK,TssL,TssM	10
Mycobacterium_tuberculosis_PanR0201	TssL	1
Rhodobacter_sphaeroides_strain_2.4.1	TssA,TssB,TssD,TssE,TssF,TssG,TssJ,TssK,TssM	9
Pantoea]_beijingensis_JZB2120001	TssA,TssB,TssD,TssE,TssF,TssG,TssJ,TssK,TssL,TssM	10
Pseudonocardia_sp._EC080625-04	TssB,TssD,TssL	3
Roseimaritima_ulvae_strain_UC8	TssA,TssB,TssD,TssE,TssF,TssG,TssK,TssL	8
Streptococcus_oligofermentans_AS_1.3089	TssL	1
Klebsiella_pneumoniae_KCTC_2242	TssA,TssB,TssD,TssE,TssF,TssG,TssJ,TssK,TssL,TssM	10
Mycoplasma_neurolyticum_strain_NCTC10166	TssL	1
Candidatus_Wolbachia_massiliensis_strain_PL13	TssB,TssE	2
Serratia_ficaria_strain_NCTC12148	TssA,TssB,TssD,TssE,TssF,TssG,TssJ,TssK,TssL,TssM	10
Streptomyces_lydicus_M01	TssE,TssL	2
Gallibacterium_anatis_UMN179	TssE	1
Salmonella_enterica_subsp._enterica_serovar_Muenchen_180135033	TssA,TssB,TssD,TssE,TssF,TssG,TssJ,TssK,TssL,TssM	10
Salmonella_enterica_subsp._arizonae_serovar_62:z4,z23:-_strain_RSK2980	TssA,TssB,TssD,TssE,TssF,TssG,TssJ,TssK,TssL,TssM	10
Azoarcus_communis_strain_TSNA42	TssA,TssB,TssD,TssE,TssF,TssG,TssJ,TssK,TssL,TssM	10
Legionella_oakridgensis_ATCC_33761_=_DSM_21215	TssL,TssM	2
Novosphingobium_tardaugens_NBRC_16725	TssK	1
Lysinibacillus_sp._GY32	TssE	1
Chloracidobacterium_sp._E	TssL	1
Magnetococcus_marinus_MC-1	TssE,TssJ	2
Eubacterium_limosum_strain_Eubacterium_limosum_81C1	TssB	1
Actinomadura_amylolytica_strain_YIM_77502	TssB,TssE	2
Comamonas_sp._NLF_7-7	TssG	1
Herbaspirillum_seropedicae_SmR1	TssA,TssB,TssD,TssE,TssF,TssG,TssJ,TssK,TssL,TssM	10
Rhizobium_tropici_CIAT_899	TssE,TssL	2
Pseudochrobactrum_sp._C150915_16	TssE	1
Kutzneria_albida_DSM_43870	TssA,TssE,TssL	3
Halapricum_salinum_strain_CBA1105	TssE	1
Helicobacter_pylori_Puno135	TssA	1
Enterobacter_cloacae_complex_sp._ABFPL_strain_ABFPL	TssA,TssB,TssD,TssE,TssF,TssG,TssJ,TssK,TssL,TssM	10
Xanthomonas_campestris_pv._campestris_str._CN18	TssA,TssE	2
Rhizobium_sp._N1341	TssB,TssD,TssE,TssF,TssG,TssK,TssL,TssM	8
Escherichia_coli_O104:H4_str._2009EL-2071	TssA,TssB,TssD,TssE,TssF,TssG,TssJ,TssK,TssL,TssM	10
Limnospira_sp._RM-2019_strain_BM	TssE,TssJ	2
Gallaecimonas_sp._HK-28	TssA,TssB,TssC,TssD,TssE,TssF,TssG,TssJ,TssK,TssL,TssM	11
Dictyoglomus_turgidum_DSM_6724	TssA,TssB	2
Duganella_sp._AF9R3	TssA,TssB,TssD,TssE,TssF,TssG,TssK,TssL,TssM	9
Helicobacter_bizzozeronii_CIII-1	TssE,TssG	2
Bacillus_megaterium_NBRC_15308_=_ATCC_14581	TssB,TssE	2
Mesorhizobium_sp._M6A.T.Cr.TU.016.01.1.1	TssA,TssB,TssC,TssD,TssE,TssF,TssG,TssJ,TssK,TssL,TssM	11
Paraburkholderia_sp._DCR13_strain_rhisosphere	TssA,TssB,TssD,TssE,TssF,TssG,TssJ,TssK,TssL,TssM	10
Staphylococcus_aureus_subsp._aureus_T0131	TssE	1
Mycobacterium_tuberculosis_PanR0202	TssL	1
Planctomycetes_bacterium_I41	TssE,TssL	2
Marinomonas_sp._CT5	TssC,TssE	2
Mycoplasma_gallisepticum_str._F	TssE	1
Legionella_pneumophila_subsp._pascullei_strain_D-7119	TssL,TssM	2
Luteimonas_sp._S-1072	TssA,TssB,TssD,TssE,TssF,TssG,TssJ,TssK,TssL,TssM	10
Salmonella_enterica_subsp._enterica_serovar_Wandsworth_str._SA20092095_strain_SA20092095	TssA,TssB,TssD,TssE,TssF,TssG,TssJ,TssK,TssL,TssM	10
Elizabethkingia_miricola_Mir-N11	TssB,TssC,TssE,TssF,TssG	5
Cohnella_sp._KS_22	TssD,TssE	2
Halomonas_sp._PA16-9	TssA,TssB,TssD,TssE,TssF,TssG,TssJ,TssK,TssL,TssM	10
Polynucleobacter_sp._QLW-P1FAT50C-4	TssK	1
Aquitalea_sp._THG-DN7.12	TssA,TssB,TssD,TssE,TssF,TssG,TssJ,TssK,TssL,TssM	10
Mycobacterium_tuberculosis_TKK_02_0049	TssL	1
Streptococcus_lutetiensis_033	TssC,TssK	2
Salmonella_enterica_subsp._enterica_serovar_Typhi_str._Ty21a	TssA,TssB,TssD,TssE,TssF,TssG,TssJ,TssK,TssL,TssM	10
Mycobacterium_orygis_strain_MUHC/MB/EPTB/Orygis/51145	TssL	1
Isoptericola_variabilis_225	TssK	1
Corynebacterium_ammoniagenes_strain_KCCM_40472	TssL	1
Xanthomonas_cassavae_CFBP_4642	TssA,TssB,TssC,TssD,TssE,TssF,TssG,TssK,TssL,TssM	10
Geobacter_sp._M21	TssA,TssB,TssD,TssE,TssF,TssG,TssJ,TssK,TssL	9
Phreatobacter_stygius_strain_KCTC_52518	TssA,TssB,TssD,TssE,TssF,TssG,TssK,TssL,TssM	9
Shimwellia_blattae_strain_NCTC10965	TssA,TssB,TssD,TssE,TssF,TssG,TssJ,TssK,TssL,TssM	10
Hydrogenophaga_sp._SL48	TssG,TssK	2
Paenibacillus_agaridevorans_strain_HCL2020	TssA,TssE	2
Pseudochrobactrum_sp._C150915_17	TssE	1
Pseudomonas_synxantha_strain_10586	TssA,TssB,TssD,TssE,TssF,TssG,TssJ,TssK,TssL,TssM	10
Pseudomonas_sp._URMO17WK12:I11	TssA,TssB,TssD,TssE,TssF,TssG,TssJ,TssK,TssL,TssM	10
Staphylococcus_sp._SM3655	TssE	1
Legionella_longbeachae_NSW150	TssL,TssM	2
Sporosarcina_sp._P37_strain_P37	TssE	1
Haloarculaceae_archaeon_HSR-Est	TssE	1
Saccharopolyspora_erythraea_strain_NRRL_23338	TssL	1
Acidipropionibacterium_jensenii_strain_FAM_19038	TssL	1
Salmonella_enterica_subsp._enterica_serovar_Enteritidis_str._SA20100239	TssM	1
Pseudarthrobacter_sp._NIBRBAC000502770	TssK	1
Oceanospirillaceae_bacterium_xL5	TssE	1
Azospira_sp._Azo-2	TssA,TssB,TssD,TssE,TssF,TssG,TssJ,TssK,TssL,TssM	10
Staphylococcus_sp._MZ7	TssE	1
Haemophilus_influenzae_10810	TssB	1
Staphylococcus_sp._T93	TssE	1
Mycobacterium_tuberculosis_PanR0203	TssL	1
Erythrobacter_sp._Alg231-14_strain_Erythrobacter_sp._Alg231_14	TssE,TssL	2
Pseudomonas_aeruginosa_PA38182	TssA,TssB,TssD,TssE,TssF,TssG,TssJ,TssK,TssL,TssM	10
Rhodoferax_sp._MIZ03	TssG	1
Ensifer_alkalisoli_strain_YIC4027	TssL	1
Planctomycetes_bacterium_Mal65	TssE	1
Panacibacter_ginsenosidivorans_strain_Gsoil1550	TssD	1
Clostridioides_difficile	TssC	1
Shewanella_sp._FJAT-51754	TssC	1
Salmonella_enterica_subsp._enterica_serovar_Dublin_strain_CVM_22429	TssA,TssB,TssD,TssE,TssF,TssG,TssJ,TssK,TssL,TssM	10
Microvirga_sp._VF16	TssE	1
Martelella_sp._NC18	TssE,TssL	2
Porphyrobacter_sp._YT40	TssA,TssB,TssD,TssE,TssF,TssG,TssK,TssL,TssM	9
Pectobacterium_parmentieri_strain_HC	TssA,TssB,TssD,TssE,TssF,TssG,TssJ,TssK,TssL,TssM	10
Prevotella_jejuni_strain_F0106	TssB,TssC,TssE,TssF	4
Arcobacter_trophiarum_LMG_25534	TssL	1
Flavobacterium_sp._BB8	TssE	1
Campylobacter_subantarcticus_LMG_24374	TssA,TssB,TssD,TssE,TssF,TssG,TssJ,TssK,TssL,TssM	10
Burkholderia_pseudomallei_MSHR840	TssA,TssB,TssD,TssE,TssF,TssG,TssJ,TssK,TssL,TssM	10
Streptomyces_sp._2114.2	TssE	1
Elizabethkingia_meningoseptica_strain_F2_strain_not_collected	TssB,TssC,TssE,TssF,TssG	5
Mycobacterium_sp._DL592	TssL	1
Brucella_sp._09RB8471_strain_09RB8471	TssE	1
Acinetobacter_sp._10FS3-1	TssA,TssK,TssL	3
Deinococcus_sp._TS-293	TssE	1
Pseudescherichia_vulneris_strain_4928STDY7071515	TssA,TssD,TssE,TssF,TssG,TssJ,TssK,TssL,TssM	9
Microbacterium_schleiferi_strain_A32-1	TssL	1
Amycolatopsis_keratiniphila_strain_FH_1893	TssE,TssM	2
Prevotella_ruminicola_strain_KHP1	TssL	1
Xanthomonas_hortorum_pv._carotae_str._M081	TssE	1
Amycolatopsis_sp._DSM_110486	TssE,TssJ,TssK,TssL	4
Pusillimonas_sp._T7-7	TssA,TssB,TssD,TssE,TssF,TssG,TssJ,TssK,TssL,TssM	10
Rhodococcus_sp._PSBB066	TssE,TssL	2
Aggregatibacter_segnis_ATCC_33393_strain_NCTC10977_strain_NCTC_10977	TssB	1
Acinetobacter_calcoaceticus_PHEA-2	TssA,TssB,TssD,TssE,TssF,TssG,TssK,TssL,TssM	9
Pseudomonas_putida_JB	TssA,TssB,TssD,TssE,TssF,TssG,TssJ,TssK,TssL,TssM	10
Mycobacteroides_abscessus_subsp._bolletii_BD	TssL	1
Treponema_sp._nC27_bin.160.fa	TssD	1
Baekduia_soli_strain_BR7-21	TssD,TssE,TssF	3
Corynebacterium_geronticis_strain_W8	TssL	1
Micrococcales_bacterium_LRZ-2	TssE	1
Pseudomonas_graminis_strain_PgKB30	TssA,TssB,TssD,TssE,TssF,TssG,TssJ,TssK,TssL,TssM	10
Salmonella_enterica_subsp._enterica_serovar_Enteritidis_str._EC20120677	TssD,TssE,TssM	3
Chthonomonas_calidirosea_T49	TssB	1
Gammaproteobacteria_bacterium_bin107	TssK	1
Vibrio_cyclitrophicus_strain_ECSMB14105	TssK	1
Pseudomonas_sp._MS586	TssA,TssB,TssD,TssE,TssF,TssG,TssJ,TssK,TssL,TssM	10
Pseudarthrobacter_sp._NIBRBAC000502771	TssK	1
Azospira_sp._Azo-3	TssA,TssB,TssD,TssE,TssF,TssG,TssJ,TssK,TssL,TssM	10
Escherichia_coli_O111:NM_strain_FWSEC0005	TssA,TssB,TssD,TssE,TssF,TssG,TssJ,TssK,TssL,TssM	10
Staphylococcus_sp._MZ8	TssE	1
Bartonella_vinsonii_subsp._berkhoffii_str._Winnie	TssE	1
Planctomycetes_bacterium_TBK1r	TssA,TssB,TssD,TssE,TssF,TssG,TssK,TssL	8
Micromonospora_aurantiaca_ATCC_27029	TssE,TssM	2
Campylobacter_iguaniorum_strain_2463D	TssE	1
Tenacibaculum_jejuense_strain_type_strain:_KCTC_22618	TssE	1
Prevotella_veroralis_strain_F0319	TssC,TssE,TssF	3
Escherichia_coli_'BL21-Gold(DE3)pLysS_AG'	TssD,TssE,TssL	3
Thermomonas_sp._XSG	TssA,TssB,TssD,TssE,TssF,TssG,TssK,TssL	8
Fusobacterium_nucleatum_subsp._vincentii_strain_KCOM_2931	TssE	1
Bacillus_subtilis_KCTC_1028	TssE	1
Prochlorococcus_marinus_str._MIT_9303	TssE	1
Salmonella_enterica_subsp._enterica_serovar_Enteritidis_str._EC20120544	TssA,TssD,TssE,TssG,TssM	5
Serratia_odorifera_strain_NCTC11214	TssA,TssB,TssD,TssE,TssF,TssG,TssJ,TssK,TssL,TssM	10
Pseudomonas_resinovorans_NBRC_106553	TssA,TssB,TssD,TssE,TssF,TssG,TssJ,TssK,TssL,TssM	10
Calothrix_parasitica_NIES-267	TssE,TssJ	2
Haemophilus_sp._oral_taxon_036_strain_F0629	TssB	1
Actinopolyspora_erythraea_strain_YIM_90600	TssB	1
Ammonifex_degensii_KC4	TssE	1
Tetragenococcus_osmophilus_strain_JCM_31126	TssL	1
Salmonella_enterica_subsp._enterica_serovar_Enteritidis_str._SA20083456	TssA,TssD,TssE,TssG,TssM	5
Geobacter_sulfurreducens_PCA_v2	TssA,TssB,TssD,TssE,TssF,TssG,TssJ,TssK,TssL	9
Clostridium_sp._SY8519	TssE	1
Bordetella_bronchiseptica_MO149	TssA,TssB,TssD,TssE,TssF,TssG,TssJ,TssK,TssL,TssM	10
Mycobacterium_canettii_CIPT_140060008	TssL	1
Streptomyces_hygroscopicus_subsp._jinggangensis_5008	TssE	1
Corynebacterium_argentoratense_DSM_44202	TssL	1
Wolbachia_endosymbiont_of_Culex_quinquefasciatus_Pel_strain_wPip	TssE	1
Paenibacillus_sp._S25	TssL	1
Teredinibacter_turnerae_T7901	TssA,TssB,TssD,TssE,TssF,TssG,TssJ,TssK,TssL,TssM	10
Megasphaera_elsdenii_strain_NCIMB702410	TssE	1
Acidovorax_avenae_subsp._avenae_strain_AA78_5	TssA,TssB,TssD,TssE,TssF,TssG,TssJ,TssK,TssL,TssM	10
Salmonella_enterica_subsp._enterica_serovar_Enteritidis_str._EC20120590	TssA,TssD,TssE,TssG,TssM	5
Salmonella_enterica_subsp._enterica_serovar_Antsalova_str._S01-0511_strain_S01-0511	TssA,TssB,TssD,TssE,TssF,TssG,TssJ,TssK,TssL,TssM	10
Tsukamurella_paurometabola_DSM_20162	TssL	1
Marinobacter_sp._THAF39	TssA,TssB,TssD,TssE,TssF,TssG,TssJ,TssK,TssL,TssM	10
Desulfatibacillum_alkenivorans_AK-01	TssK	1
Streptomyces_autolyticus_strain_CGMCC0516	TssE	1
Aeromonas_hydrophila_71317	TssA,TssB,TssD,TssE,TssF,TssG,TssJ,TssK,TssL,TssM	10
Campylobacter_hyointestinalis_subsp._lawsonii_CCUG_27631	TssE	1
Streptomyces_sp._WAC_01438	TssE	1
Pseudoalteromonas_translucida_KMM_520	TssB	1
Paracoccus_denitrificans_R-1	TssA,TssB,TssC,TssD,TssE,TssF,TssG,TssJ,TssK,TssL,TssM	11
Cyanothece_sp._PCC_7822	TssB,TssE,TssF,TssL	4
Mycobacterium_avium_subsp._avium_2285_(S)_2285_(S)	TssL	1
Prolixibacteraceae_bacterium_WC007	TssD,TssE,TssJ	3
Enterobacter_cloacae_complex_sp._FDA-CDC-AR_0164	TssA,TssB,TssD,TssE,TssF,TssG,TssJ,TssK,TssL,TssM	10
Halorussus_sp._ZS-3	TssE	1
Pseudomonas_sp._AK6U	TssA,TssB,TssD,TssE,TssF,TssG,TssJ,TssK,TssL,TssM	10
Campylobacter_jejuni_subsp._jejuni_14991B	TssA,TssB,TssD,TssE,TssF,TssG,TssJ,TssK,TssL,TssM	10
Streptomyces_sp._S1D4-23_strain_Microscale_soil_grain	TssE	1
Legionella_sp._PC1000	TssL,TssM	2
Rhizobium_sp._B21/90	TssJ	1
Francisella_tularensis_subsp._holarctica_F92	TssB,TssK,TssL	3
Salmonella_enterica_subsp._enterica_serovar_Enteritidis_str._SA20121703	TssA,TssD,TssE,TssG,TssM	5
Pandoraea_pnomenusa_strain_DSM-16536	TssE,TssL	2
Mycolicibacter_minnesotensis_strain_JCM_17932	TssE	1
Pseudarthrobacter_sp._NIBRBAC000502772	TssE	1
Staphylococcus_sp._MZ9	TssE	1
Acidaminococcus_intestini_strain_MGYG-HGUT-01440	TssE	1
Candidatus_Nucleicultrix_amoebiphila_FS5_strain_FS5	TssA,TssB,TssE,TssF,TssG,TssK,TssL	7
Leptolyngbya_boryana_IU_594	TssB,TssE,TssL	3
Rhodobacter_sphaeroides_KD131	TssA,TssB,TssD,TssE,TssF,TssG,TssJ,TssK,TssL,TssM	10
Cryomorphaceae_bacterium_A20-9	TssK	1
Mycobacterium_tuberculosis_PanR0205	TssL	1
Uruburuella_testudinis_CCUG_63373m	TssE	1
Campylobacter_sp._CFSAN093238	TssA,TssB,TssD,TssE,TssF,TssG,TssJ,TssK,TssL,TssM	10
Neisseria_gonorrhoeae_strain_1291	TssE	1
Xylella_fastidiosa_M12	TssE	1
Streptomyces_sp._BSE6.1	TssE,TssL	2
Paenibacillus_sp._12200R-189	TssD	1
Lactobacillus_johnsonii_FI9785	TssD	1
Buttiauxella_agrestis_strain_DSM_9389	TssA,TssB,TssD,TssE,TssF,TssG,TssJ,TssK,TssL,TssM	10
Acidovorax_sp._HDW3	TssE,TssG	2
Clostridium_difficile_BI1	TssC	1
Pseudomonas_aeruginosa_B136-33	TssA,TssB,TssD,TssE,TssF,TssG,TssJ,TssK,TssL,TssM	10
Mycobacterium_sp._ELW1	TssL	1
Dickeya_solani_IPO_2222	TssA,TssB,TssD,TssE,TssF,TssG,TssJ,TssK,TssL,TssM	10
Streptacidiphilus_sp._PB12-B1b	TssE,TssF	2
Salinimonas_sp._HMF8227	TssB,TssE	2
Salmonella_enterica_subsp._enterica_serovar_Typhimurium_var._5-_str._CFSAN001921	TssA,TssB,TssD,TssE,TssF,TssG,TssJ,TssK,TssL,TssM	10
Mesorhizobium_sp._M7D.F.Ca.US.005.01.1.1	TssA,TssB,TssC,TssD,TssE,TssF,TssG,TssJ,TssK,TssL,TssM	11
Desulfovibrio_sp._86	TssE	1
Croceicoccus_sp._YJ47	TssE,TssL	2
Agrobacterium_sp._B7.6	TssA,TssB,TssD,TssE,TssF,TssG,TssK,TssL,TssM	9
Microbacterium_sp._BH3-3-3	TssL	1
Sphaerotilus_natans_subsp._sulfidivorans_strain_D-507	TssA,TssB,TssD,TssE,TssF,TssG,TssJ,TssK,TssL,TssM	10
Rhodanobacter_sp._FDAARGOS_1247_strain_FDAARGOS_1247_strain_Not_applicable	TssA,TssB,TssC,TssD,TssE,TssF,TssG,TssK,TssL,TssM	10
Aeribacillus_pallidus_strain_KCTC3564	TssC	1
Enterobacter_aerogenes_strain_CAV1320	TssA,TssB,TssD,TssE,TssF,TssG,TssJ,TssK,TssL,TssM	10
Leptotrichia_sp._oral_taxon_498	TssE	1
Campylobacter_jejuni_subsp._jejuni_IA3902	TssB	1
Treponema_brennaborense_DSM_12168	TssE	1
Blattabacterium_sp._(Periplaneta_americana)_str._BPLAN	TssE	1
Olleya_sp._HaHaR_3_96	TssB,TssC,TssE,TssF,TssK	5
Agrobacterium_sp._B19.1.4	TssA,TssB,TssD,TssE,TssF,TssG,TssK,TssL,TssM	9
Arthrobacter_sp._TES	TssE,TssG	2
Burkholderia_caribensis_strain_MWAP64	TssA,TssB,TssD,TssE,TssF,TssG,TssJ,TssK,TssL,TssM	10
Methanosarcina_lacustris_Z-7289	TssL	1
Salmonella_enterica_subsp._enterica_serovar_Paratyphi_B_str._SPB7	TssD,TssE	2
Geomonas_sp._RG2	TssA,TssB,TssD,TssE,TssF,TssG,TssJ,TssK,TssL	9
Psychrobacillus_sp._INOP01	TssB	1
Pseudomonas_sp._RR6	TssA,TssB,TssD,TssE,TssF,TssG,TssJ,TssK,TssL,TssM	10
Chryseobacterium_lactis_strain_G0197	TssB,TssC,TssE,TssF,TssG,TssK	6
Streptomyces_sp._GF20	TssE	1
Capnocytophaga_sp._oral_taxon_878_strain_F0545	TssB,TssC,TssE,TssF,TssG,TssK	6
Xenorhabdus_nematophila_AN6/1	TssA,TssB,TssD,TssE,TssF,TssG,TssJ,TssK,TssL,TssM	10
Gordonia_pseudoamarae_strain_BEN371	TssM	1
Streptomyces_glaucescens_GLA.O	TssE,TssF,TssL	3
Acidimicrobium_ferrooxidans_DSM_10331	TssE	1
Pseudomonas_sp._MT-1	TssA,TssB,TssD,TssE,TssF,TssG,TssJ,TssK,TssL,TssM	10
Aquisalimonas_sp._2447	TssA,TssB,TssD,TssE,TssF,TssG,TssJ,TssK,TssL,TssM	10
Candidatus_Paracaedibacteraceae_bacterium_'Lake_Konstanz'	TssA,TssB,TssE,TssF,TssG,TssK,TssL	7
Pleurocapsa_sp._PCC_7327	TssA	1
Stenotrophomonas_sp._ZAC14A_NAIMI4_1	TssA,TssB,TssD,TssE,TssF,TssG,TssJ,TssK,TssL,TssM	10
Actinobacillus_lignieresii_strain_NCTC10568	TssE	1
Oscillibacter_sp._NSJ-62	TssE	1
Corynebacterium_glutamicum_strain_AJ1511	TssA,TssE,TssL	3
Klebsiella_sp._P1954	TssA,TssB,TssD,TssE,TssF,TssG,TssJ,TssK,TssL,TssM	10
Mycobacterium_tuberculosis_PanR0206	TssL	1
Klebsiella_sp._M5al_strain_M5al	TssD,TssE,TssK	3
Salmonella_enterica_subsp._enterica_serovar_Enteritidis_str._EC20121986	TssA,TssD,TssE,TssG,TssM	5
Pseudomonas_fuscovaginae_strain_LMG_2158	TssA,TssB,TssD,TssE,TssF,TssG,TssJ,TssK,TssL,TssM	10
Burkholderia_dolosa_PC543	TssA,TssB,TssD,TssE,TssF,TssG,TssJ,TssK,TssL,TssM	10
Legionella_pneumophila_11052018-5	TssL,TssM	2
Escherichia_coli_O55:H7_str._RM12579	TssA,TssB,TssD,TssE,TssF,TssG,TssJ,TssK,TssL,TssM	10
Orientia_tsutsugamushi_str._Gilliam	TssG	1
Bacillus_sp._FJAT-18017	TssE,TssM	2
Klebsiella_pneumoniae_subsp._ozaenae_strain_AR_0096	TssA,TssB,TssD,TssE,TssF,TssG,TssJ,TssK,TssL,TssM	10
Ralstonia_solanacearum_CFBP2957	TssA,TssB,TssD,TssE,TssF,TssG,TssJ,TssK,TssL,TssM	10
Hahella_sp._KA22	TssA,TssB,TssD,TssE,TssF,TssG,TssJ,TssK,TssL,TssM	10
Prevotella_buccalis_FDAARGOS_1588	TssB,TssC,TssE,TssF	4
Campylobacter_subantarcticus_LMG_24377	TssA,TssB,TssD,TssE,TssF,TssG,TssJ,TssK,TssL,TssM	10
Aeromonas_sp._FDAARGOS_1402_strain_Not_applicable	TssJ	1
Burkholderia_dolosa_FDAARGOS_1463	TssA,TssB,TssD,TssE,TssF,TssG,TssJ,TssK,TssL,TssM	10
Saccharomonospora_sp._31sw	TssL	1
Dactylosporangium_vinaceum_NRRL_B-16297	TssE	1
Clostridium_botulinum_202F	TssB,TssE	2
Paenibacillus_sp._M-152	TssL	1
Pseudenhygromyxa_sp._WMMC2535	TssA,TssB,TssD,TssE,TssF,TssG,TssJ,TssK,TssL,TssM	10
Leeuwenhoekiella_sp._ZYFB001	TssD,TssE	2
Tenacibaculum_maritimum_strain_NCIMB_2154T	TssB,TssC,TssE,TssF,TssK	5
Oscillatoriales_cyanobacterium_JSC-12	TssA,TssE	2
Meiothermus_taiwanensis_WR-220	TssE,TssL	2
Aeromonas_sp._1805	TssA,TssB,TssD,TssE,TssF,TssG,TssJ,TssK,TssL,TssM	10
Serratia_entomophila_A1	TssA,TssB,TssD,TssE,TssF,TssG,TssJ,TssK,TssL,TssM	10
Rhizobacter_gummiphilus_strain_NBRC_109400	TssA,TssB,TssD,TssE,TssF,TssG,TssJ,TssK,TssL,TssM	10
Chloroflexus_sp._Y-400-fl	TssE,TssL	2
Sandaracinobacter_sp._M6	TssA,TssB,TssD,TssE,TssF,TssG,TssK,TssL,TssM	9
Spirosoma_montaniterrae_strain_DY10	TssB,TssC,TssE,TssF,TssG,TssL	6
Streptomyces_sp._ASO4wet	TssE,TssL	2
Geomonas_sp._RG3	TssA,TssB,TssD,TssE,TssF,TssG,TssJ,TssK,TssL	9
Metallosphaera_hakonensis_strain_HO1-1	TssB	1
Erwinia_sp._E602	TssA,TssB,TssD,TssE,TssF,TssG,TssJ,TssK,TssL,TssM	10
Flavobacterium_sp._KK2020170	TssL	1
Halomicrobium_sp._LC1Hm	TssG	1
Thioalkalivibrio_sulfidophilus_HL-EbGr7	TssE	1
Xylanimonas_cellulosilytica_DSM_15894	TssE	1
Tenacibaculum_dicentrarchi_strain_AY7486TD	TssC	1
Alicyclobacillus_acidocaldarius_subsp._acidocaldarius_DSM_446	TssL	1
Microbacterium_oryzae_strain_MB-10	TssE,TssL	2
Prevotella_intermedia_strain_17-2	TssB,TssC,TssE,TssF,TssL	5
Bacillus_subtilis_subsp._natto_BN0	TssA	1
Candidatus_Phytoplasma_luffae_strain_NCHU2019	TssB	1
Mycobacterium_parmense_strain_JCM_14742	TssL	1
Pseudomonas_sp._COR54	TssA,TssB,TssD,TssE,TssF,TssG,TssJ,TssK,TssL,TssM	10
Corynebacterium_segmentosum_strain_NCTC934	TssL	1
Spirosoma_sp._KCTC_42546	TssB,TssC,TssD,TssE,TssF,TssG	6
Mycobacterium_kansasii_662	TssL	1
Microbacterium_sp._L-031	TssL	1
Mycobacterium_tuberculosis_PanR0207	TssL	1
Pseudomonas_arsenicoxydans_strain_ACM1	TssA,TssB,TssD,TssE,TssF,TssG,TssJ,TssK,TssL,TssM	10
Escherichia_coli_O103_str._RM10042	TssA,TssB,TssD,TssE,TssF,TssG,TssJ,TssK,TssL,TssM	10
Bartonella_australis_Aust/NH1	TssE	1
Ralstonia_solanacearum_MolK2	TssA,TssB,TssD,TssE,TssF,TssG,TssJ,TssK,TssL,TssM	10
Granulicella_sp._5B5	TssL	1
Paenibacillus_sp._FSL_P4-0081	TssE	1
Neisseria_sp._KEM232	TssE	1
Mycobacterium_kansasii_FDAARGOS_1534	TssL	1
Herbaspirillum_rubrisubalbicans_strain_DSM_11543	TssA,TssB,TssC,TssD,TssE,TssF,TssG,TssJ,TssK,TssL,TssM	11
Cytophagales_bacterium_Alg240-R148	TssE	1
Salmonella_enterica_subsp._enterica_serovar_Heidelberg_str._SL476	TssA,TssB,TssD,TssE,TssF,TssG,TssJ,TssK,TssL,TssM	10
Mycobacterium_bovis_BCG_str._Pasteur_1173P2	TssL	1
Flavobacterium_sp._XS-5	TssE	1
Selenomonas_ruminantium_subsp._lactilytica_TAM6421	TssE,TssL	2
Salmonella_enterica_subsp._diarizonae_serovar_65:c:z_str._SA20044251_strain_SA20044251	TssA,TssB,TssD,TssE,TssF,TssG,TssJ,TssK,TssL,TssM	10
Chryseobacterium_sp._DH-B6	TssB,TssC,TssE,TssF,TssG,TssK	6
Tardiphaga_sp._vice304	TssE,TssL	2
Mycobacterium_tuberculosis_H37RvAE	TssL	1
Escherichia_coli_H20_strain_MIN6	TssA,TssB,TssD,TssE,TssF,TssG,TssJ,TssK,TssL,TssM	10
Rhodospirillaceae_bacterium_strain_ECT2AJA-110-B	TssB,TssE	2
Pseudomonas_nitroreducens_strain_HBP1	TssA,TssB,TssD,TssE,TssF,TssG,TssJ,TssK,TssL,TssM	10
Legionella_pneumophila_subsp._fraseri	TssL,TssM	2
Shewanella_sp._FJAT-53720	TssD,TssL	2
Pantoea_rwandensis_ND04	TssA,TssB,TssD,TssE,TssF,TssG,TssJ,TssK,TssL,TssM	10
Micromonospora_echinospora_strain_DSM_43816	TssE,TssF,TssL	3
Chloracidobacterium_sp._BV2-C	TssA	1
Variovorax_paradoxus_S110	TssA,TssB,TssD,TssE,TssF,TssG,TssJ,TssK,TssL,TssM	10
Geobacillus_sp._GHH01	TssB,TssE	2
Acidovorax_avenae_subsp._avenae_ATCC_19860	TssA,TssB,TssD,TssE,TssF,TssG,TssJ,TssK,TssL,TssM	10
Clostridium_sp._BNL1100	TssE	1
Parabacteroides_distasonis_ATCC_8503	TssE	1
Erythrobacter_sp._HKB08	TssE	1
Bordetella_parapertussis_Bpp5	TssF,TssG,TssJ,TssK,TssL,TssM	6
Paenibacillus_polymyxa_SC2	TssL	1
Labrenzia_sp._THAF35	TssA,TssB,TssD,TssE,TssF,TssG,TssK,TssL,TssM	9
Francisella_tularensis_subsp._novicida_D9876	TssB,TssK,TssL,TssM	4
Nocardia_tengchongensis_strain_CFH_S0057	TssL	1
Streptomyces_anulatus_YINM00001	TssA,TssE	2
Clavibacter_michiganensis_LMG7333	TssE	1
Streptomyces_viridifaciens_strain_ATCC_11989	TssA,TssE	2
Yersinia_pestis_3770	TssA,TssB,TssD,TssE,TssF,TssG,TssJ,TssK,TssL,TssM	10
Cobetia_pacifica_strain_GPM2	TssB,TssF	2
Salmonella_enterica_subsp._enterica_serovar_Apapa_str._SA20060561_strain_SA20060561	TssA,TssB,TssD,TssE,TssF,TssG,TssJ,TssK,TssL,TssM	10
Pseudomonas_salegens_strain_CECT_8338	TssA,TssB,TssD,TssE,TssF,TssG,TssJ,TssK,TssL,TssM	10
Mycobacterium_tuberculosis_PanR0208	TssL	1
Amycolatopsis_albispora_strain_WP1	TssL	1
Salmonella_enterica_subsp._enterica_serovar_Enteritidis_str._EC20120548	TssA,TssD,TssE,TssG,TssM	5
Cellulophaga_sp._L1A9	TssC,TssE,TssF,TssK	4
Escherichia_coli_O121_str._RM8352	TssA,TssB,TssD,TssE,TssF,TssG,TssJ,TssK,TssL,TssM	10
Arachidicoccus_ginsenosidivorans_strain_Gsoil_809	TssL	1
Pasteurella_multocida_subsp._gallicida_strain_NCTC10204	TssE	1
Pseudomonas_sp._31-12	TssA,TssB,TssD,TssE,TssF,TssG,TssJ,TssK,TssL,TssM	10
Bifidobacterium_coryneforme_strain_LMG_18911	TssM	1
Planctomycetes_bacterium_Pan216	TssA,TssB,TssD,TssE,TssF,TssG,TssK,TssL	8
Streptomyces_sp._W1SF4	TssE	1
Streptomyces_sp._GS7	TssE	1
Agarivorans_gilvus_strain_WH0801	TssA,TssB,TssD,TssE,TssF,TssG,TssJ,TssK,TssL,TssM	10
Aeromonas_enteropelogenes_FDAARGOS_1459	TssD	1
Bacillus_megaterium_DSM_319	TssB	1
Desulfovibrio_vulgaris_str._'Miyazaki_F'	TssE	1
Pseudomonas_sp._BJP69	TssA,TssB,TssD,TssE,TssF,TssG,TssJ,TssK,TssL,TssM	10
Streptomyces_seoulensis_HEK131	TssE,TssF	2
Nostoc_sp._'Peltigera_membranacea_cyanobiont_N6'	TssE	1
Melioribacter_roseus_P3M-2	TssE	1
Hydrogenobaculum_sp._Y04AAS1	TssL	1
Streptococcus_pneumoniae_SPN033038	TssE	1
Herbivorax_saccincola_strain_GGR1	TssA,TssB	2
Pseudomonas_aeruginosa_c7447m	TssA,TssB,TssD,TssE,TssF,TssG,TssJ,TssK,TssL,TssM	10
Bdellovibrio_bacteriovorus_strain_109J	TssL	1
Sediminicola_sp._YIK13	TssE	1
bacterium_symbiont_of_Cryptopsaras_couesii	TssC	1
Geoalkalibacter_subterraneus_Red1	TssA,TssB,TssD,TssE,TssF,TssG,TssJ,TssK,TssL,TssM	10
Streptomyces_sp._NA04227	TssD,TssE,TssL	3
Streptomyces_sp._fd1-xmd_strain_fd1-xmd	TssE,TssF,TssJ	3
Natrialba_magadii_ATCC_43099	TssE	1
Turneriella_parva_DSM_21527	TssF,TssM	2
Salmonella_enterica_subsp._enterica_serovar_Blockley_strain_159838	TssA,TssB,TssD,TssE,TssF,TssG,TssJ,TssK,TssL,TssM	10
Rhizobium_sp._N731	TssB,TssD,TssE,TssF,TssG,TssK,TssL,TssM	8
Roseovarius_sp._SCSIO_43702	TssB	1
Pseudomonas_sp._COW77	TssA,TssB,TssD,TssE,TssF,TssG,TssJ,TssK,TssL,TssM	10
Serratia_sp._MYb239	TssA,TssB,TssD,TssE,TssF,TssG,TssJ,TssK,TssL,TssM	10
Vibrio_tritonius_strain_JCM_16456	TssA,TssB,TssD,TssE,TssF,TssG,TssJ,TssK,TssL,TssM	10
Rhizobium_etli_CIAT_652	TssA,TssB,TssD,TssE,TssF,TssG,TssJ,TssK,TssL,TssM	10
Escherichia_coli_PCN061	TssE,TssG,TssL	3
Yersinia_pestis_790	TssA,TssB,TssD,TssE,TssF,TssG,TssJ,TssK,TssL,TssM	10
Acinetobacter_dispersus_strain_NCCP_16014	TssA,TssB,TssD,TssE,TssF,TssG,TssK,TssL,TssM	9
Bacillus_subtilis_subsp._subtilis_strain_168G	TssE	1
Streptococcus_sp._CNU_G2	TssC	1
Yersinia_rohdei_YRA	TssA,TssB,TssD,TssE,TssF,TssG,TssJ,TssK,TssL,TssM	10
Azospirillum_sp._TSA2s_strain_TSA2S	TssA,TssB,TssD,TssE,TssF,TssG,TssJ,TssK,TssL,TssM	10
Saprospiraceae_bacterium_strain_SSA7	TssE	1
Mesorhizobium_sp._M9A.F.Ca.ET.002.03.1.2	TssA,TssB,TssC,TssD,TssE,TssF,TssG,TssJ,TssK,TssL,TssM	11
Neisseria_gonorrhoeae_NG-k51.05	TssE	1
Mycobacterium_tuberculosis_PanR0209	TssL	1
Nocardioides_sp._HDW12B	TssE	1
Salmonella_enterica_subsp._enterica_serovar_Enteritidis_str._EC20121989	TssA,TssD,TssE,TssG,TssM	5
Streptomyces_albus_DSM_41398	TssE,TssG	2
Salmonella_enterica_subsp._enterica_serovar_Typhimurium_str._CFSAN000648_strain_SGSC_2189_strain_SARA9	TssA,TssB,TssD,TssE,TssF,TssG,TssJ,TssK,TssL,TssM	10
Lacrimispora_saccharolytica_strain_FDAARGOS_1340_strain_Not_applicable	TssE	1
Shewanella_sediminis_HAW-EB3	TssL	1
Erythrobacter_sp._LANL01A	TssA,TssB,TssD,TssE,TssF,TssG,TssK,TssL,TssM	9
Candidatus_Nitrosotenuis_cloacae_strain_SAT1	TssA	1
Atlantibacter_hermannii_strain_78-1320	TssA,TssB,TssD,TssE,TssF,TssG,TssJ,TssK,TssL,TssM	10
Bacteroides_uniformis_CL03T12C37	TssB,TssC,TssE,TssF,TssK	5
Acinetobacter_johnsonii_AJ14	TssA,TssB,TssD,TssE,TssF,TssG,TssK,TssL,TssM	9
Salmonella_enterica_subsp._enterica_serovar_Typhimurium_str._USDA-ARS-USMARC-1896	TssA,TssB,TssD,TssE,TssF,TssG,TssJ,TssK,TssL,TssM	10
Dickeya_sp._NCPPB_569	TssE	1
Corynebacterium_aurimucosum_ATCC_700975	TssL	1
Labrenzia_sp._THAF82	TssA,TssB,TssD,TssE,TssF,TssG,TssK,TssL,TssM	9
Micromonospora_sp._L5	TssE,TssM	2
Calothrix_brevissima_NIES-22	TssE	1
Herbaspirillum_hiltneri_N3	TssA,TssF,TssG,TssJ,TssM	5
Salmonella_enterica_subsp._enterica_serovar_Concord_strain_CFSAN018747	TssA,TssB,TssD,TssE,TssF,TssG,TssJ,TssK,TssL,TssM	10
Escherichia_coli_ED1a	TssA,TssB,TssD,TssE,TssF,TssG,TssJ,TssK,TssL,TssM	10
Cupriavidus_nantongensis_strain_X1	TssA,TssB,TssD,TssE,TssF,TssG,TssJ,TssK,TssL,TssM	10
Brasilonema_octagenarum_UFV-E1	TssE	1
Xanthomonas_citri_subsp._citri_Aw12879	TssA,TssB,TssC,TssD,TssE,TssF,TssG,TssK,TssL,TssM	10
Pseudoalteromonas_sp._THAF3	TssA,TssB,TssD,TssE,TssF,TssG,TssJ,TssK,TssL,TssM	10
Lactobacillus_mucosae_strain_A1	TssB	1
Citrobacter_freundii_ATCC_8090_=_MTCC_1658_=_NBRC_12681	TssD,TssE	2
Pseudomonas_stutzeri_DSM_4166	TssE,TssJ,TssK,TssL,TssM	5
Actinoplanes_teichomyceticus_ATCC_31121	TssE,TssL	2
Escherichia_coli_O176:H45_strain_MIN9	TssD,TssE,TssL	3
Roseovarius_indicus_strain_DSM_26383	TssE	1
Thermomonas_sp._SY21	TssA,TssB,TssD,TssE,TssF,TssG,TssK,TssL	8
Tardiphaga_sp._vice352	TssE,TssL	2
Yersinia_pestis_1412	TssA,TssB,TssD,TssE,TssF,TssG,TssJ,TssK,TssL,TssM	10
Streptomyces_cinereoruber_strain_ATCC_19740	TssE,TssF	2
Desulfosarcina_ovata_strain_oXyS1	TssA,TssB,TssD,TssE,TssF,TssG,TssJ,TssK,TssL	9
Erwinia_sp._QL-Z3	TssA,TssB,TssD,TssE,TssF,TssG,TssJ,TssK,TssL,TssM	10
Mycoplasma_gallisepticum_NC95_13295-2-2P	TssE	1
Photobacterium_angustum_strain_LC1-200	TssA,TssM	2
Streptomyces_cavourensis_strain_1AS2a	TssE	1
Escherichia_coli_O145_str._RM9872	TssD,TssE,TssF,TssG,TssL	5
Halanaerobium_praevalens_DSM_2228	TssA	1
Pseudoalteromonas_sp._A25	TssE,TssL	2
Pseudomonas_sp._So3.2b	TssA,TssB,TssD,TssE,TssF,TssG,TssJ,TssK,TssL,TssM	10
Streptomyces_leeuwenhoekii_strain_type_strain_(C34_=_DSM_42122_=_NRRL_B-24963)	TssE	1
Cronobacter_sp._JZ38	TssA,TssB,TssD,TssE,TssF,TssG,TssJ,TssK,TssL,TssM	10
Rhodococcus_sp._M8	TssE	1
Collinsella_aerofaciens_ATCC_25986_strain_JCM_10188	TssL	1
Lactobacillus_murinus_strain_CR141	TssE	1
Burkholderia_thailandensis_E444	TssA,TssB,TssD,TssE,TssF,TssG,TssJ,TssK,TssL,TssM	10
Bartonella_sp._1-1C_strain_1-1c	TssE	1
Vibrio_sp._B1FIG11_strain_LMG10946-nano	TssA,TssB,TssD,TssE,TssF,TssG,TssJ,TssK,TssL,TssM	10
Virgibacillus_sp._NKC19-16	TssC,TssE,TssL	3
Salicibibacter_sp._NKC5-3	TssE	1
Haemophilus_influenzae_F3031	TssE	1
Marinobacter_sp._strain_oa4	TssA,TssB,TssD,TssE,TssF,TssG,TssJ,TssK,TssL,TssM	10
Pedobacter_sp._PACM_27299	TssE	1
Mycobacterium_microti_strain_12	TssL	1
Cronobacter_condimenti_1330_strain_LMG_26250	TssA,TssB,TssD,TssE,TssF,TssG,TssJ,TssK,TssL,TssM	10
Alcanivorax_dieselolei_B5	TssA,TssB,TssD,TssE,TssF,TssG,TssJ,TssK,TssL,TssM	10
Salmonella_enterica_subsp._enterica_serovar_Typhimurium_str._CDC_2009K-2059	TssA,TssB,TssD,TssE,TssF,TssG,TssJ,TssK,TssL,TssM	10
Streptomyces_ferrugineus_strain_CCTCC_AA2014009	TssE	1
Bifidobacterium_breve_12L	TssL	1
Chloracidobacterium_sp._N	TssL	1
Shewanella_sp._FJAT-52072	TssD,TssK,TssL	3
Campylobacter_jejuni_subsp._jejuni_NCTC_11168-K12E5	TssB	1
Marinobacter_salsuginis_strain_ECT2AJA-044	TssA,TssB,TssC,TssD,TssE,TssF,TssG,TssJ,TssK,TssL,TssM	11
Burkholderia_cenocepacia_CMCC(B)23006_strain_CMCC(B)23006	TssA,TssB,TssD,TssE,TssF,TssG,TssJ,TssK,TssL,TssM	10
Mannheimia_sp._ZY170218	TssE	1
Sphingobium_sp._PAMC28499	TssE	1
Shewanella_livingstonensis_strain_LMG_19866	TssE	1
Pseudomonas_knackmussii_strain_N1-2	TssA,TssB,TssD,TssE,TssF,TssG,TssJ,TssK,TssL,TssM	10
Muricauda_sp._501str8	TssL	1
Wolbachia_endosymbiont_of_Drosophila_simulans_wNo	TssE	1
Klebsiella_pneumoniae_subsp._rhinoscleromatis_KP4831	TssA,TssB,TssD,TssE,TssF,TssG,TssJ,TssK,TssL,TssM	10
Dyadobacter_sp._32_strain_Dyadobacter_sp._32_sample_2	TssC,TssD,TssE,TssF,TssG	5
Pseudomonas_sp._CFSAN084952	TssA,TssB,TssD,TssE,TssF,TssG,TssJ,TssK,TssL,TssM	10
Aggregatibacter_aphrophilus_strain_NCTC11096	TssA,TssB,TssD,TssE,TssF,TssG,TssJ,TssK,TssL,TssM	10
Rhizobium_sp._B230/85	TssJ	1
Burkholderia_sp._MS455	TssA,TssB,TssD,TssE,TssF,TssG,TssJ,TssK,TssL,TssM	10
Corynebacterium_singulare_IBS_B52218	TssB,TssL	2
Legionella_sp._PC997	TssA,TssB,TssD,TssE,TssF,TssG,TssJ,TssK,TssL,TssM	10
Pseudomonas_putida_W619	TssA,TssB,TssD,TssE,TssF,TssG,TssJ,TssK,TssL,TssM	10
Yersinia_pestis_1413	TssA,TssB,TssD,TssE,TssF,TssG,TssJ,TssK,TssL,TssM	10
Enterobacter_cloacae_ECNIH2	TssA,TssB,TssD,TssE,TssF,TssG,TssJ,TssK,TssL,TssM	10
Xenorhabdus_bovienii_strain_CS03	TssA,TssB,TssD,TssE,TssF,TssG,TssJ,TssK,TssL,TssM	10
Palaeococcus_pacificus_DY20341	TssE	1
Shewanella_sp._MR-4	TssC	1
Salmonella_sp._SAL-045	TssA,TssB,TssD,TssE,TssG,TssM	6
Pseudomonas_silesiensis_strain_A3	TssA,TssB,TssC,TssD,TssE,TssF,TssG,TssJ,TssK,TssL,TssM	11
Francisella_guangzhouensis_08HL01032	TssB,TssD,TssF,TssK,TssL,TssM	6
Staphylococcus_aureus_subsp._aureus_SA957	TssE	1
Rhizobium_leguminosarum_bv._trifolii_WSM1689	TssA,TssB,TssD,TssE,TssF,TssG,TssK,TssL,TssM	9
Pectobacterium_aroidearum_LJ2	TssA,TssB,TssD,TssE,TssF,TssG,TssJ,TssK,TssL,TssM	10
Citrobacter_sp._CF971	TssA,TssD	2
Diaphorobacter_polyhydroxybutyrativorans_strain_SL-205	TssG,TssL	2
Vibrio_splendidus_LGP32	TssA,TssB,TssD,TssE,TssF,TssG,TssJ,TssK,TssL,TssM	10
Microbacterium_sp._LKL04	TssL	1
Pseudoalteromonas_ruthenica_strain_LMG_19699	TssA,TssB,TssD,TssE,TssF,TssG,TssJ,TssK,TssL,TssM	10
Halomonas_huangheensis_strain_BJGMM-B45	TssA,TssB,TssD,TssE,TssF,TssG,TssJ,TssK,TssL,TssM	10
Aeromonas_sp._FDAARGOS_1417_strain_Not_applicable	TssE,TssK	2
Arthrobacter_sp._ZXY-2	TssE,TssG	2
Paenibacillus_larvae_subsp._larvae_strain_ATCC_9545	TssE,TssL	2
Paradevosia_shaoguanensis_strain_J5-3	TssG	1
Streptomyces_sp._PBH53	TssE,TssG	2
Moritella_sp._36	TssA,TssB,TssD,TssE,TssF,TssG,TssJ,TssK,TssL,TssM	10
Coxiella_burnetii_Dugway_5J108-111	TssL,TssM	2
Luteolibacter_sp._G-1-1-1	TssD	1
Alteromonas_stellipolaris_LMG_21856	TssL	1
Anoxybacter_fermentans_strain_DY22613	TssE	1
Paenibacillus_lautus_strain_E7593-69	TssA	1
Escherichia_coli_BL21(DE3)	TssD,TssE,TssL	3
Anaerolineaceae_bacterium_CAMBI-1_strain_CAMBI-1	TssB	1
Bifidobacterium_dentium_Bd1	TssL	1
Salmonella_enterica_subsp._enterica_serovar_Typhimurium_str._USDA-ARS-USMARC-1898	TssA,TssB,TssD,TssE,TssF,TssG,TssJ,TssK,TssL,TssM	10
Curtobacterium_luteum_ATCC_31317	TssL	1
Clostridium_thermocellum_DSM_1313	TssC	1
Pseudomonas_sp._S-6-2_strain_S-6-2	TssA,TssB,TssD,TssE,TssF,TssG,TssJ,TssK,TssL,TssM	10
Bacillus_badius_NBPM-293	TssE,TssL	2
Erwinia_rhapontici_BY21311	TssA,TssB,TssD,TssE,TssF,TssG,TssJ,TssK,TssL,TssM	10
Micromonospora_sp._WMMC415	TssE	1
Acinetobacter_sp._ACNIH1	TssA,TssB,TssC,TssD,TssE,TssF,TssG,TssK,TssL,TssM	10
Escherichia_coli_O22:H8_strain_RM10809-3	TssA,TssB,TssD,TssE,TssF,TssG,TssJ,TssK,TssL,TssM	10
Salmonella_enterica_subsp._enterica_serovar_Enteritidis_str._EC20120597	TssA,TssD,TssE,TssG,TssM	5
Geobacillus_thermocatenulatus_strain_KCTC_3921	TssE	1
Lactobacillus_plantarum_CMPG5300	TssL	1
Spiribacter_sp._E85	TssA,TssB,TssD,TssE,TssF,TssG,TssJ,TssK,TssL,TssM	10
Brasilonema_sennae_CENA114	TssE	1
Planctomycetes_bacterium_Pan265	TssE	1
Paludibaculum_fermentans_strain_P105	TssA,TssB,TssC,TssD,TssE,TssF,TssG,TssK,TssL,TssM	10
Rouxiella_badensis_strain_C173	TssE	1
Shigella_boydii_strain_183	TssA,TssB,TssD,TssE,TssF,TssG,TssJ,TssK,TssL,TssM	10
Sporanaerobacter_sp._NJN-17	TssE	1
Salmonella_enterica_subsp._enterica_serovar_Enteritidis_str._EC20120200	TssA,TssD,TssE,TssG,TssM	5
Pantoea_sp._At-9b	TssA,TssB,TssD,TssE,TssF,TssG,TssJ,TssK,TssL,TssM	10
Haemophilus_parasuis_D74	TssE	1
Salmonella_enterica_subsp._enterica_serovar_Birkenhead_strain_AUSMDU00010532	TssA,TssB,TssD,TssE,TssF,TssG	6
Achromobacter_xylosoxidans_NH44784-1996	TssA,TssB,TssD,TssE,TssF,TssG,TssJ,TssK,TssL,TssM	10
Enterobacter_cloacae_ECNIH3	TssA,TssB,TssD,TssE,TssF,TssG,TssJ,TssK,TssL,TssM	10
Euhalothece_natronophila_Z-M001	TssL	1
Salinimonas_sp._KX18D6	TssL	1
Cellulomonas_flavigena_DSM_20109	TssE	1
Francisella_tularensis_FAM_SR-2	TssB,TssK,TssL	3
Shigella_flexneri_5a_str._M90T	TssA,TssE,TssF,TssG,TssL	5
Tannerella_forsythia_3313	TssG	1
Alistipes_sp._3BBH6	TssE,TssL	2
Microbulbifer_celer_KCTC_12973	TssA,TssB,TssD,TssE,TssF,TssG,TssJ,TssK,TssL,TssM	10
Halorhabdus_tiamatea_SARL4B	TssE	1
Salmonella_bongori_serovar_48:z81:-_strain_08-0158	TssA,TssB,TssC,TssD,TssE,TssF,TssG,TssK,TssL	9
Salmonella_enterica_subsp._salamae_serovar_42:r:-_strain_RSE09	TssA,TssB,TssD,TssE,TssF,TssG,TssJ,TssK,TssL,TssM	10
Helicobacter_pylori_XZ274	TssA	1
Staphylococcus_aureus_subsp._aureus_Mu3	TssE	1
Chelatococcus_daeguensis_strain_TAD1	TssA,TssB,TssD,TssE,TssF,TssG,TssK,TssL,TssM	9
Mycolicibacterium_duvalii_strain_JCM_6396	TssL	1
Actinomyces_sp._pika_114_strain_pika_114	TssE	1
Enterobacter_sp._638	TssA,TssB,TssC,TssD,TssE,TssK,TssL,TssM	8
Thermofilum_sp._1807-2	TssL	1
Mycobacterium_tuberculosis_PanR0902	TssL	1
Enterobacter_sp._BIDMC_29_strain_Colony302	TssA,TssB,TssD,TssE,TssF,TssG,TssJ,TssK,TssL,TssM	10
Paraburkholderia_sp._7MH5	TssA,TssB,TssD,TssE,TssF,TssG,TssJ,TssK,TssL,TssM	10
Cellvibrionaceae_bacterium_Bs12	TssA,TssE	2
Bacillus_pseudomycoides_N451-2	TssE	1
Leptospira_interrogans_FMAS_AP1	TssD,TssL	2
Geobacter_sp._SVR	TssA,TssE	2
Citrobacter_rodentium_DSM_16636	TssA,TssB,TssC,TssD,TssE,TssF,TssG,TssJ,TssK,TssL,TssM	11
Xanthomonas_gardneri_strain_ICMP_7383	TssE,TssK,TssM	3
Mycolicibacterium_diernhoferi_strain_ATCC_19340	TssL	1
Herbaspirillum_sp._meg3	TssJ	1
Vibrio_cholerae_O1_str._KW3	TssA,TssB,TssD,TssE,TssF,TssG,TssJ,TssK,TssL,TssM	10
Microbacterium_endophyticum_strain_DSM_27099	TssL	1
Roseiflexus_castenholzii_DSM_13941	TssE,TssF	2
Xanthomonas_citri_pv._malvacearum_X20	TssA,TssB,TssC,TssD,TssE,TssF,TssG,TssK,TssL,TssM	10
Salmonella_enterica_subsp._enterica_serovar_Typhimurium_str._USDA-ARS-USMARC-1899	TssA,TssB,TssD,TssE,TssF,TssG,TssJ,TssK,TssL,TssM	10
Mycobacterium_bovis_BCG	TssL	1
Streptomyces_sp._A1-5	TssE	1
Streptococcus_sp._HSISM1	TssC	1
Hydrogenophaga_sp._PAMC20947	TssE,TssM	2
Streptomyces_coeruleorubidus_strain_ATCC_13740	TssE	1
Nitrospinaceae_bacterium_EB	TssA,TssB,TssD,TssE,TssF,TssG,TssK,TssL	8
Pseudomonas_deceptionensis_strain_L10.10	TssA,TssB,TssD,TssE,TssF,TssG,TssJ,TssK,TssL,TssM	10
Fibrella_sp._ES10-3-2-2_strain_ES10-3-2-2	TssB,TssC,TssE,TssF,TssG,TssK	6
Cardinium_endosymbiont_of_Sogatella_furcifera_strain_cSfur	TssE	1
Salmonella_enterica_subsp._enterica_serovar_Enteritidis_str._EC20120722	TssA,TssD,TssE,TssG,TssM	5
Rhodocytophaga_sp._172606-1	TssE	1
Acinetobacter_sp._ACNIH2	TssE,TssG	2
Pseudomonas_sp._CC6-YY-74_strain_CC6-YY-74	TssA,TssB,TssD,TssE,TssF,TssG,TssJ,TssK,TssL,TssM	10
uncultured_Desulfovibrio_sp._strain_86-1	TssE	1
Halomonas_sp._HL-93	TssA,TssB,TssD,TssE,TssF,TssG,TssJ,TssK,TssL,TssM	10
Vibrio_anguillarum_775	TssA,TssB,TssD,TssE,TssF,TssG,TssJ,TssK,TssL,TssM	10
Pseudomonas_sp._7SR1_strain_7SR1	TssA,TssB,TssD,TssE,TssF,TssG,TssJ,TssK,TssL,TssM	10
Paenibacillus_uliginis_N3/975_strain_N3/975	TssA,TssE	2
Chryseolinea_sp._KIS68-18	TssE	1
Bacillus_subtilis_subsp._subtilis_6051-HGW	TssE	1
Paracoccus_aminovorans_strain_JCM7685	TssA,TssB,TssD,TssE,TssF,TssG,TssK,TssL,TssM	9
Escherichia_coli_O15:H11_strain_90-9272	TssA,TssB,TssD,TssE,TssF,TssG,TssJ,TssK,TssL,TssM	10
Pseudomonas_sp._THAF187a	TssA,TssB,TssD,TssE,TssF,TssG,TssJ,TssK,TssL,TssM	10
Bacteroides_xylanisolvens_strain_APCS1/XY	TssM	1
Terriglobus_roseus_DSM_18391	TssE	1
Corynebacterium_sp._FDAARGOS_1242_strain_FDAARGOS_1242_strain_Not_applicable	TssB,TssL	2
Burkholderia_multivorans_strain_AU1185	TssA,TssB,TssD,TssE,TssF,TssG,TssJ,TssK,TssL,TssM	10
Nocardioides_sp._zg-1228	TssL	1
Burkholderia_sp._KK1_strain_KK1	TssA,TssB,TssD,TssE,TssF,TssG,TssJ,TssK,TssL,TssM	10
Sinorhizobium_meliloti_2011	TssE	1
Escherichia_coli_O91:H21_strain_FWSEC0008	TssA,TssB,TssD,TssE,TssF,TssG,TssJ,TssK,TssL,TssM	10
Waddlia_chondrophila_WSU_86-1044	TssD	1
Shewanella_sp._FJAT-51800	TssB	1
Acidiphilium_multivorum_JZ-6	TssA,TssB,TssD,TssE,TssF,TssG,TssJ,TssK,TssL,TssM	10
Pseudonocardia_sp._AL041005-10	TssB,TssD	2
Telmatocola_sphagniphila_strain_SP2T	TssA,TssC,TssE	3
Enterobacter_sp._LU1	TssA,TssB,TssD,TssE,TssF,TssG,TssJ,TssK,TssL,TssM	10
Chromobacterium_sp._IIBBL_112-1	TssA,TssB,TssD,TssE,TssF,TssG,TssJ,TssK,TssL,TssM	10
Pantoea_sp._MSR2	TssA,TssB,TssD,TssE,TssF,TssG,TssJ,TssK,TssL,TssM	10
Salmonella_enterica_subsp._enterica_serovar_Montevideo_str._USDA-ARS-USMARC-1920_strain_CDC_2010K-0257	TssA,TssB,TssD,TssE,TssF,TssG,TssJ,TssK,TssL,TssM	10
Campylobacter_concisus_strain_ATCC_33237	TssB,TssD,TssE,TssF,TssG,TssJ,TssK,TssL,TssM	9
Paenibacillus_sp._JZ16	TssA,TssE	2
Streptomyces_albulus_strain_NK660	TssE	1
Mycoplasma_gallisepticum_WI01_2001.043-13-2P	TssE	1
Capnocytophaga_sp._oral_taxon_902_strain_W10638	TssB,TssC,TssE,TssF,TssG,TssK	6
Mycobacterium_tuberculosis_PanR0903	TssL	1
Paracoccus_sp._H4-D09	TssA,TssB,TssC,TssD,TssE,TssF,TssG,TssJ,TssK,TssL,TssM	11
Acinetobacter_sp._FDAARGOS_560_strain_Not_applicable	TssA,TssB,TssD,TssE,TssF,TssG,TssK,TssL,TssM	9
Citrobacter_sp._S39	TssA,TssB,TssD,TssE,TssF,TssG,TssJ,TssK,TssL,TssM	10
Burkholderia_sp._YI23	TssA,TssB,TssD,TssE,TssF,TssG,TssJ,TssK,TssL,TssM	10
Serinicoccus_sp._HY006	TssG	1
Vibrio_anguillarum_J382	TssA,TssB,TssD,TssE,TssF,TssG,TssJ,TssK,TssL,TssM	10
Sphingorhabdus_sp._Alg231-15_strain_Sphingorhabdus_sp._Alg231_15	TssE	1
Flavihumibacter_sp._SB-02	TssD	1
Orbus_sp._IPMB12	TssK	1
Paenibacillus_dendritiformis_J27TS7	TssA,TssE	2
Leucobacter_sp._HDW9A	TssK	1
Agrobacterium_tumefaciens_LBA4213_(Ach5)	TssA,TssB,TssD,TssE,TssF,TssG,TssK,TssL,TssM	9
Leptospirillum_ferriphilum_ML-04	TssE	1
Providencia_sp._2.29	TssA,TssB,TssD,TssE,TssF,TssG,TssJ,TssK,TssL,TssM	10
Lactobacillus_sp._P38	TssE	1
Burkholderia_humptydooensis_strain_FDAARGOS_899_strain_Not_applicable	TssA,TssB,TssD,TssE,TssF,TssG,TssJ,TssK,TssL,TssM	10
Mycobacterium_goodii_ATCC_700504	TssK	1
Natribaculum_longum_TRM20345	TssJ	1
Paenibacillus_sp._TB2019	TssF,TssJ	2
Streptomyces_sp._S1A1-3_strain_Microscale_soil_grain	TssE	1
Saccharothrix_sp._6-C	TssG,TssL	2
Pseudomonas_sp._Leaf58	TssA,TssB,TssE,TssF,TssL,TssM	6
Mahella_australiensis_50-1_BON	TssE	1
Shewanella_sp._FJAT-53726	TssD,TssL	2
Pseudoalteromonas_sp._Scap25	TssA,TssB,TssD,TssE,TssF,TssG,TssJ,TssK,TssL,TssM	10
Serratia_sp._ATCC_39006	TssE	1
Clostridium_butyricum_strain_16-3	TssE	1
Spirosoma_sp._PL0136	TssB,TssC,TssD,TssE,TssF,TssG,TssK	7
Streptomyces_rimosus_subsp._rimosus_R7	TssL,TssM	2
Breoghania_sp._L-A4	TssE	1
Halomonas_beimenensis_strain_NTU-111	TssB	1
Streptomyces_sp._ETH9427	TssE	1
Bacillus_sp._wens01	TssJ	1
Shewanella_sp._MR-7	TssC	1
Propionibacterium_acidipropionici_ATCC_4875	TssL	1
Methanohalobium_evestigatum_Z-7303	TssL	1
Flavobacterium_sp._WSW3-B6	TssE	1
Paenibacillus_sp._FSL_R7-0331	TssL	1
Pseudomonas_amygdali_35-1	TssA,TssB,TssC,TssD,TssE,TssF,TssG,TssJ,TssK,TssL,TssM	11
Oligoflexus_tunisiensis_strain_Shr3	TssE,TssJ,TssL	3
Halomonas_sp._THAF12	TssB,TssD,TssE	3
Salmonella_enterica_subsp._enterica_serovar_Napoli_strain_16-174478	TssA,TssB,TssD,TssE,TssF,TssG	6
Silicimonas_algicola_strain_KC90	TssE	1
Streptomyces_sp._SUK_48	TssE,TssL	2
Lachnospiraceae_bacterium_oral_taxon_500_strain_W11650	TssE	1
Mycobacterium_tuberculosis_PanR0904	TssL	1
Nitrosomonadales_bacterium_0125_3	TssL	1
Lactobacillus_plantarum_ZJ316	TssL	1
Stenotrophomonas_sp._364	TssA,TssB,TssD,TssE,TssF,TssG,TssJ,TssK,TssL,TssM	10
Lysobacter_caseinilyticus_strain_KVB24_strain_JCM32879	TssE,TssF	2
Escherichia_coli_SE11	TssA,TssB,TssD,TssE,TssF,TssG,TssJ,TssK,TssL,TssM	10
Wolbachia_strain_wAu	TssE	1
Salmonella_enterica_subsp._enterica_serovar_Anatum_str._USDA-ARS-USMARC-1765	TssA,TssB,TssD,TssE,TssF,TssG,TssJ,TssK,TssL,TssM	10
Oceanospirillales_bacterium_S2-4-1H	TssA,TssB,TssD,TssE,TssF,TssG,TssJ,TssK,TssL,TssM	10
Helicobacter_cholecystus_strain_NCTC13205	TssK	1
Bradyrhizobium_sp._CCBAU_051011	TssC	1
Streptomyces_griseofuscus_strain_DSM_40191	TssE,TssL	2
Mycobacterium_intracellulare_subsp._intracellulare_FDAARGOS_1610	TssE	1
Dickeya_solani_GBBC_2040	TssA,TssB,TssD,TssE,TssF,TssG,TssJ,TssK,TssL,TssM	10
Acinetobacter_sp._CS-2	TssA,TssB,TssC,TssD,TssE,TssF,TssG,TssK,TssL,TssM	10
Salinibacter_ruber_strain_M1	TssE	1
Planctomycetes_bacterium_Pan181	TssA,TssB,TssD,TssE,TssF,TssG,TssK,TssL,TssM	9
Klebsiella_sp._RHBSTW-00464	TssA,TssB,TssD,TssJ,TssK	5
Microbacterium_sp._E22	TssL	1
Wolbachia_endosymbiont_of_Drosophila_mauritiana_strain_wMau	TssE	1
Salmonella_enterica_subsp._enterica_serovar_Enteritidis_str._SA20094803	TssA,TssD,TssE,TssG,TssM	5
Pseudomonas_sp._SWRI123	TssA,TssB,TssD,TssE,TssF,TssG,TssJ,TssK,TssL,TssM	10
Pseudomonas_syringae_pv._syringae_B301D	TssA,TssB,TssC,TssD,TssE,TssF,TssG,TssJ,TssK,TssL,TssM	11
Shewanella_sp._FJAT-52076	TssD,TssK,TssL	3
Leptospira_mayottensis_strain_MDI222	TssB,TssJ	2
Clavibacter_michiganensis_subsp._michiganensis_CMM09	TssE	1
Salmonella_enterica_subsp._enterica_serovar_Moscow_str._S-1843_strain_S-1843	TssA,TssD,TssE,TssG,TssM	5
Acetobacter_pasteurianus_IFO_3283-01	TssM	1
Bacteroides_sp._CACC_737	TssE	1
Beijerinckiaceae_bacterium_strain_MG08	TssL,TssM	2
Streptomyces_sp._ZYC-3	TssE	1
Xylella_fastidiosa_strain_3124	TssE	1
Salmonella_enterica_subsp._enterica_serovar_Choleraesuis_TUM12370	TssA,TssB,TssC,TssD,TssE,TssF,TssG,TssJ,TssK,TssL	10
Borrelia_duttonii_Ly	TssB	1
Alysiella_crassa_S6	TssE	1
Klebsiella_pneumoniae_subsp._pneumoniae_PittNDM01	TssA,TssB,TssD,TssE,TssF,TssG,TssJ,TssK,TssL,TssM	10
Citrobacter_sp._SNU_WT2	TssA,TssB,TssD,TssE,TssF,TssG,TssJ,TssK,TssL,TssM	10
Ureibacillus_thermophilus_strain_LM102	TssL	1
Bacillus_thuringiensis_BMB171	TssE	1
Leptolyngbya_boryana_IAM_M-101_strain_IAM_M-101	TssB,TssE	2
Gilliamella_sp._ESL0441	TssA,TssB,TssD,TssE,TssF,TssG,TssJ,TssK,TssL,TssM	10
Pantoea_sp._SO10	TssA,TssB,TssD,TssE,TssF,TssG,TssJ,TssK,TssL,TssM	10
Thermus_thermophilus_SG0.5JP17-16	TssL	1
Selenomonas_sp._oral_taxon_136	TssE	1
Weissella_koreensis_strain_CBA3615	TssJ,TssK	2
Chryseobacterium_nakagawai_strain_G0041	TssB,TssC,TssE,TssF,TssG,TssK	6
Geosporobacter_ferrireducens_strain_IRF9	TssE,TssJ	2
Bradyrhizobium_erythrophlei_strain_GAS138	TssE	1
Enterobacteriaceae_bacterium_ENNIH1	TssA,TssB,TssD,TssE,TssF,TssG,TssJ,TssK,TssL,TssM	10
Devosia_sp._SL43	TssE,TssL	2
Klebsiella_grimontii_LC-1303-2020	TssA,TssB,TssD,TssE,TssF,TssG,TssJ,TssK,TssL,TssM	10
Pseudomonas_sesami_BC42	TssA,TssB,TssD,TssE,TssF,TssG,TssJ,TssK,TssL,TssM	10
Pseudomonas_sp._R3-18-08	TssA,TssB,TssC,TssD,TssE,TssF,TssG,TssJ,TssK,TssL,TssM	11
Virgibacillus_halodenitrificans_ASH15	TssL	1
Kushneria_sp._YCWA18	TssB,TssE	2
Microvirga_ossetica_strain_V5/3M_strain_V5/3m	TssE,TssJ	2
Geobacillus_kaustophilus_NBRC_102445	TssE	1
Burkholderia_anthina_strain_1CH1	TssA,TssB,TssD,TssE,TssF,TssG,TssJ,TssK,TssL,TssM	10
Chthonomonadaceae_bacterium_strain_H1_ARM1	TssE	1
Pseudomonas_sp._M1	TssA,TssB,TssD,TssE,TssF,TssG,TssJ,TssK,TssL,TssM	10
Salmonella_enterica_subsp._enterica_serovar_Anatum_str._USDA-ARS-USMARC-1766	TssA,TssB,TssD,TssE,TssF,TssG,TssJ,TssK,TssL,TssM	10
Enterobacteriaceae_bacterium_Kacie_13	TssA,TssB,TssD,TssE,TssF,TssG,TssJ,TssK,TssL,TssM	10
Sphingobacterium_sp._G1-14_strain_G1-14	TssE	1
Agarivorans_sp._YJW224	TssL	1
Salmonella_enterica_subsp._enterica_serovar_Bovismorbificans_str._3114	TssD,TssE	2
Leptolyngbya_sp._15MV	TssA,TssB,TssG	3
Stenotrophomonas_sp._G4	TssA,TssB,TssD,TssE,TssF,TssG,TssJ,TssK,TssL,TssM	10
Salmonella_enterica_subsp._enterica_serovar_Typhimurium_str._ST4/74	TssA,TssB,TssD,TssE,TssF,TssG,TssJ,TssK,TssL,TssM	10
Serratia_bockelmannii_Rip1	TssA,TssB,TssD,TssE,TssF,TssG,TssJ,TssK,TssL,TssM	10
Subtercola_sp._PAMC28395	TssD,TssL	2
Streptomyces_spectabilis_strain_ATCC_27465	TssE	1
Chloracidobacterium_sp._S	TssL	1
Paenibacillus_riograndensis_SBR5	TssE	1
Prevotella_intermedia_ATCC_25611_=_DSM_20706_strain_ATCC_25611	TssL	1
Salmonella_enterica_subsp._enterica_serovar_Enteritidis_str._SA20083636	TssA,TssD,TssE,TssG,TssM	5
Vibrio_vulnificus_MO6-24/O	TssA,TssB,TssD,TssE,TssF,TssG,TssJ,TssK,TssL,TssM	10
Massilia_sp._CCM_8941	TssA,TssB,TssD,TssE,TssF,TssG,TssJ,TssK,TssL,TssM	10
Altererythrobacter_marensis_strain_KCTC_22370	TssE	1
Staphylococcus_aureus_subsp._aureus_VC40	TssA,TssE	2
Geobacillus_sp._JS12	TssE	1
Sphingobacterium_sp._E70	TssC,TssE,TssF,TssL	4
Streptomyces_sp._C8S0	TssL	1
Citrobacter_sp._ABFQG	TssD,TssE	2
Microcystis_aeruginosa_NIES-843	TssL	1
Clavibacter_michiganensis_subsp._phaseoli_LPPA_982	TssE	1
Bradyrhizobium_ottawaense_strain_GAS524	TssB,TssE	2
Campylobacter_rectus_FDAARGOS_1549	TssB,TssD,TssE,TssF,TssG,TssJ,TssK,TssL,TssM	9
Haloferax_mediterranei_ATCC_33500	TssA,TssB,TssE	3
Agrobacterium_salinitolerans_strain_DG3-1	TssA,TssB,TssD,TssE,TssF,TssG,TssK,TssL,TssM	9
Ureaplasma_urealyticum_MIN-201	TssD	1
Shewanella_indica_strain_Colony474	TssC,TssL	2
Citrobacter_sp._RHBSTW-00524	TssA,TssB,TssD,TssE,TssF,TssG,TssJ,TssK,TssL,TssM	10
Alistipes_finegoldii_DSM_17242	TssL	1
Xanthomonas_campestris_pv._campestris_BJSJQ20200612	TssA,TssE	2
Janthinobacterium_sp._17J80-10	TssA,TssB,TssD,TssE,TssF,TssG,TssJ,TssK,TssL,TssM	10
Salmonella_enterica_subsp._enterica_serovar_Enteritidis_str._EC20120469	TssA,TssD,TssE,TssG,TssM	5
Coxiella-like_endosymbiont_strain_CRt	TssL	1
Georgenia_sp._Z294	TssE	1
Acidiferrobacter_sp._SPIII_3	TssG	1
Enterobacteriaceae_bacterium_ENNIH2	TssA,TssB,TssD,TssE,TssF,TssG,TssJ,TssK,TssL,TssM	10
Acinetobacter_sp._F9	TssE,TssK,TssL,TssM	4
Salmonella_enterica_subsp._enterica_serovar_Javiana_str._CFSAN001992	TssA,TssD,TssE	3
Burkholderia_oklahomensis_C6786	TssA,TssB,TssD,TssE,TssF,TssG,TssJ,TssK,TssL,TssM	10
Halanaerobiaceae_bacterium_NS-1	TssB	1
Klebsiella_oxytoca_KONIH1	TssA,TssB,TssD,TssE,TssF,TssG,TssJ,TssK,TssL,TssM	10
Sphingomonas_sp._NBWT7	TssA,TssB,TssD,TssE,TssF,TssG,TssK,TssL,TssM	9
Piscirickettsia_salmonis_Psal-104b	TssA,TssB,TssE,TssF,TssG,TssJ,TssK,TssL,TssM	9
Litorilituus_sediminis_strain_JCM_17549	TssA,TssB,TssD,TssE,TssF,TssG,TssJ,TssK,TssL,TssM	10
Mycobacterium_tuberculosis_PanR0906	TssL	1
Sphingomonas_sp._LM7_strain_LM7	TssE	1
Coxiella_burnetii_CbuK_Q154	TssL,TssM	2
Pseudomonas_aeruginosa_C-NN2_strain_early_isolate_NN2_(clone_C)	TssA,TssB,TssD,TssE,TssF,TssG,TssJ,TssK,TssL,TssM	10
Anoxybacillus_flavithermus_WK1	TssL	1
Citrobacter_sp._RHBSTW-00570	TssA,TssB,TssD,TssE,TssF,TssG,TssJ,TssK,TssL,TssM	10
Haloterrigena_salifodinae_strain_BOL5-1	TssE	1
Variovorax_boronicumulans_strain_J1	TssA,TssB,TssD,TssE,TssF,TssG,TssJ,TssK,TssL,TssM	10
Haloferax_gibbonsii_strain_ARA6	TssB	1
Pseudomonadaceae_bacterium_SI-3	TssA,TssB,TssD,TssE,TssF,TssG,TssJ,TssK,TssL,TssM	10
Sulfitobacter_sp._B30-2	TssE	1
Burkholderia_pseudomallei_HBPUB10134a	TssA,TssB,TssD,TssE,TssF,TssG,TssJ,TssK,TssL,TssM	10
Streptomyces_sp._S1D4-14_strain_Microscale_soil_grain	TssE	1
Streptomyces_sp._CA-256286	TssE	1
Salmonella_enterica_subsp._enterica_serovar_Corvallis_strain_12-01738	TssA,TssB,TssD,TssE,TssF,TssG,TssJ,TssK,TssL,TssM	10
Escherichia_coli_JJ1886	TssA,TssB,TssD,TssE,TssF,TssG,TssJ,TssK,TssL,TssM	10
Salmonella_enterica_subsp._enterica_serovar_Enteritidis_str._SA20093543	TssA,TssD,TssE,TssG,TssM	5
Pseudomonas_agarici_strain_NCPPB_2472	TssA,TssB,TssC,TssD,TssE,TssF,TssG,TssJ,TssK,TssL,TssM	11
Rahnella_aceris_S2-A69	TssA,TssB,TssD,TssE,TssF,TssG,TssJ,TssK,TssL	9
Cupriavidus_sp._USMAA2-4	TssA,TssB,TssD,TssE,TssF,TssG,TssJ,TssK,TssL,TssM	10
Acetobacter_pasteurianus_IFO_3283-03	TssM	1
Acinetobacter_venetianus_strain_TBCP-1051	TssE	1
Escherichia_coli_O157_strain_180-PT54	TssA,TssB,TssD,TssE,TssF,TssG,TssJ,TssK,TssL,TssM	10
Corallococcus_coralloides_DSM_2259	TssB,TssE,TssF,TssK,TssL,TssM	6
Streptomyces_sp._RLB3-5_strain_Microscale_soil_grain	TssE	1
Thermobispora_bispora_strain_ZC4	TssL	1
Sphingobium_sp._TKS	TssJ	1
Streptomyces_sp._KPB2	TssE,TssL	2
Myxococcus_fulvus_HW-1	TssA,TssB,TssD,TssE,TssF,TssG,TssJ,TssK,TssL,TssM	10
Luteimonas_sp._Gr-4	TssM	1
Helicobacter_saguini_strain_15-1416_(F2)_strain_15-1416_(F2)_strain_15-1416_(F2)	TssB,TssD,TssE,TssF,TssG,TssJ,TssK,TssL,TssM	9
Halomonas_sp._YLGW01	TssB	1
Nostoc_sp._CENA543	TssE,TssF	2
Escherichia_coli_B_str._REL606	TssD,TssE,TssL	3
Klebsiella_pneumoniae_30684/NJST258_2	TssA,TssB,TssD,TssE,TssF,TssG,TssJ,TssK,TssL,TssM	10
Nocardiopsaceae_bacterium_VN6-2	TssL	1
Escherichia_coli_O121:H19_strain_16-9255	TssA,TssB,TssD,TssE,TssF,TssG,TssJ,TssK,TssL,TssM	10
Chitinophaga_sp._T22	TssA	1
Lactobacillus_plantarum_JDM1	TssL	1
Marinomonas_posidonica_IVIA-Po-181	TssA,TssB,TssD,TssE,TssF,TssG,TssJ,TssK,TssL,TssM	10
Pseudomonas_aeruginosa_RP73	TssA,TssB,TssD,TssE,TssF,TssG,TssJ,TssK,TssL,TssM	10
Ralstonia_sp._56D2	TssA,TssB,TssD,TssE,TssF,TssG,TssJ,TssK,TssL,TssM	10
Mycobacterium_kubicae_strain_JCM_13573	TssL	1
Achromobacter_sp._MFA1_R4_strain_MFA1_R4	TssA,TssB,TssD,TssE,TssF,TssG,TssJ,TssK,TssL,TssM	10
Calothrix_sp._PCC_7507	TssE,TssF	2
Aeromonas_salmonicida_subsp._pectinolytica_34mel	TssB,TssD	2
Enterobacteriaceae_bacterium_ENNIH3	TssA,TssB,TssD,TssE,TssF,TssG,TssJ,TssK,TssL,TssM	10
Citrobacter_sp._R56	TssA,TssB,TssD,TssE,TssF,TssG,TssJ,TssK,TssL,TssM	10
Acinetobacter_pittii_32292	TssA,TssB,TssD,TssE,TssF,TssG,TssK,TssL,TssM	9
Flammeovirga_yaeyamensis_strain_NBRC:100898_strain_not_applicable	TssE	1
Ureaplasma_parvum_serovar_3_str._ATCC_27815	TssD	1
Porphyromonas_endodontalis_FDAARGOS_1506	TssC,TssE,TssF,TssG,TssK	5
Mycobacterium_tuberculosis_PanR0907	TssL	1
Acinetobacter_sp._C16S1	TssA,TssB,TssD,TssE,TssF,TssG,TssK,TssL,TssM	9
Leifsonia_sp._466MF	TssL	1
Acidovorax_cattleyae_strain_CAT98_1	TssA,TssB,TssD,TssE,TssF,TssG,TssJ,TssK,TssL,TssM	10
Campylobacter_ornithocola_strain_LMG_29815	TssA,TssB,TssD,TssE,TssF,TssG,TssJ,TssK,TssL,TssM	10
Streptomyces_laurentii_strain_ATCC_31255	TssE,TssL	2
Novosphingobium_sp._PP1Y	TssE	1
Spirosoma_linguale_DSM_74	TssB,TssC,TssD,TssE,TssF,TssG	6
Colwellia_sp._PAMC_21821_strain_PAMC_21821	TssB	1
Tetragenococcus_halophilus_strain_CY54	TssL	1
Bacillus_albus_strain_DLOU-Yingkou	TssE	1
Hydrogenophaga_sp._YM1	TssK	1
Escherichia_coli_Xuzhou21	TssA,TssB,TssD,TssE,TssF,TssG,TssJ,TssK,TssL,TssM	10
Streptomyces_flavogriseus_ATCC_33331	TssE	1
Salmonella_enterica_subsp._enterica_serovar_Hadar_strain_12-2388	TssA,TssB,TssD,TssE,TssF,TssG,TssJ,TssK,TssL,TssM	10
Leptospira_weilii_FMAS_PD2	TssB,TssD	2
Salmonella_enterica_subsp._enterica_serovar_Gallinarum_str._287/91	TssA,TssB,TssD,TssE,TssF,TssG,TssJ,TssK,TssL,TssM	10
Escherichia_coli_JJ1887	TssA,TssB,TssD,TssE,TssF,TssG,TssJ,TssK,TssL,TssM	10
Rahnella_aquatilis_HX2	TssA,TssB,TssD,TssE,TssF,TssG,TssJ,TssK,TssL,TssM	10
Mycobacterium_canettii_CIPT_140070010	TssL	1
Cellulosimicrobium_sp._TH-20_strain_TH-20	TssL	1
Azospirillum_sp._B510	TssA,TssB,TssC,TssD,TssE,TssF,TssG,TssJ,TssK,TssL,TssM	11
Salmonella_enterica_subsp._enterica_serovar_Anatum_str._CDC_06-0532_strain_USDA-ARS-USMARC-1764	TssA,TssB,TssD,TssE,TssF,TssG,TssJ,TssK,TssL,TssM	10
Shewanella_japonica_strain_KCTC_22435	TssA,TssB,TssD,TssE,TssF,TssG,TssJ,TssK,TssL,TssM	10
Simplicispira_sp._SC1-8	TssL	1
Ideonella_dechloratans_CCUG_30977	TssA,TssB,TssD,TssE,TssF,TssG,TssJ,TssK,TssL,TssM	10
Candidatus_Brocadia_pituitae_strain_317325-1	TssA,TssB,TssD,TssE,TssF,TssG,TssJ,TssK,TssL	9
Geobacillus_thermoglucosidasius_strain_NCIMB_11955	TssE	1
Corynebacterium_glutamicum_ATCC_14067	TssA,TssE,TssL	3
Corynebacterium_sp._23H37-10	TssM	1
Citrobacter_sp._RHBSTW-00137	TssA,TssB,TssC,TssD,TssE,TssF,TssG,TssJ,TssK,TssL	10
Bartonella_sp._HY038	TssD,TssE	2
Salmonella_enterica_subsp._enterica_serovar_Typhi_str._P-stx-12	TssA,TssB,TssD,TssE,TssF,TssG,TssJ,TssK,TssL,TssM	10
Neorickettsia_helminthoeca_str._Oregon	TssA	1
Leifsonia_shinshuensis_strain_INR9	TssM	1
Janthinobacterium_svalbardensis_strain_PAMC_27463	TssA,TssB,TssD,TssE,TssF,TssG,TssJ,TssK,TssL,TssM	10
Bacillus_subtilis_BEST7613	TssE	1
Shigella_flexneri_3a_strain_888048	TssA,TssE,TssF,TssG,TssL	5
Nocardioidaceae_bacterium_strain_SSC3	TssG,TssL	2
Escherichia_coli_W	TssA,TssB,TssD,TssE,TssF,TssG,TssJ,TssK,TssL,TssM	10
Escherichia_coli_O91_str._RM7190	TssA,TssB,TssD,TssE,TssF,TssG,TssJ,TssK,TssL,TssM	10
Glaciimonas_sp._PAMC28666	TssA,TssB,TssD,TssE,TssF,TssG,TssJ,TssK,TssL,TssM	10
Legionella_sp._MW5194	TssE,TssL,TssM	3
Vibrio_sp._Scap24	TssA,TssB,TssD,TssE,TssF,TssG,TssJ,TssK,TssL,TssM	10
Salmonella_enterica_subsp._enterica_serovar_Enteritidis_str._EC20120773	TssA,TssD,TssE,TssG,TssM	5
Capnocytophaga_sp._FDAARGOS_737_strain_Not_applicable	TssB,TssC,TssE,TssF,TssG,TssK	6
Geobacillus_sp._Y412MC61	TssE	1
Bacillus_subtilis_QB928	TssE	1
Chryseobacterium_balustinum_strain_KC_1863	TssB,TssC,TssE,TssF,TssG	5
Acinetobacter_sp._ADP1	TssA,TssB,TssD,TssE,TssF,TssG,TssK,TssL,TssM	9
Gordonia_polyisoprenivorans_VH2	TssG	1
Cronobacter_sakazakii_70402496	TssA,TssB,TssD,TssE,TssF,TssG,TssJ,TssK,TssL,TssM	10
Citrobacter_sp._LY-1	TssA,TssB,TssD,TssE,TssF,TssG,TssJ,TssK,TssL,TssM	10
Mycobacterium_abscessus_UC22	TssL	1
Arcobacter_butzleri_RM4018	TssE	1
Mycobacterium_tuberculosis_PanR0908	TssL	1
Burkholderia_sp._Bp7605	TssA,TssB,TssD,TssE,TssF,TssG,TssJ,TssK,TssL,TssM	10
Bacillus_sonorensis_strain_SRCM101395	TssD,TssE	2
Streptomyces_rutgersensis_strain_NBH77	TssL	1
Bradyrhizobium_oligotrophicum_S58	TssD,TssE	2
Abiotrophia_defectiva_strain_FDAARGOS_785_strain_Not_applicable	TssM	1
Lactobacillus_plantarum_subsp._plantarum_ST-III	TssL	1
Cellulomonas_sp._zg-ZUI157	TssE,TssL	2
Vibrio_diabolicus_NV27	TssA,TssB,TssD,TssE,TssF,TssG,TssJ,TssK,TssL,TssM	10
Escherichia_coli_SE15	TssA,TssB,TssD,TssE,TssF,TssG,TssJ,TssK,TssL,TssM	10
Chitinophaga_sp._XS-30	TssE,TssL	2
Francisella_tularensis_subsp._tularensis_NIH_B-38	TssB,TssK,TssL	3
Escherichia_coli_O4:H5_CU532-9	TssA,TssB,TssD,TssE,TssF,TssG,TssJ,TssK,TssL,TssM	10
Enterobacteriaceae_bacterium_w6_strain_W6	TssA,TssB,TssD,TssE,TssF,TssG,TssJ,TssK,TssL,TssM	10
Croceicoccus_sp._Ery5	TssE	1
Candidatus_Arthromitus_sp._SFB-mouse-Japan	TssE	1
Serratia_grimesii_strain_BXF1	TssJ	1
Streptomyces_sp._11-1-2	TssE	1
Scytonema_sp._HK-05_strain_NIES-2130	TssE	1
Planctomycetes_bacterium_Pla133	TssE	1
Staphylococcus_aureus_subsp._aureus_ECT-R_2	TssE	1
Streptococcus_pneumoniae_CGSP14	TssE	1
Ralstonia_sp._bin465	TssB,TssD,TssE,TssF,TssG,TssJ,TssK,TssL	8
Citrobacter_sp._MGH_55_strain_Colony470	TssD	1
Pseudomonas_aeruginosa_PA96	TssA,TssB,TssD,TssE,TssF,TssG,TssJ,TssK,TssL,TssM	10
Cedecea_sp._FDAARGOS_727	TssA,TssB,TssD,TssE,TssF,TssG,TssJ,TssK,TssL,TssM	10
Wolbachia_endosymbiont_of_Chrysomya_megacephala_strain_wMeg	TssE	1
Sphingobacterium_siyangense_strain_PDNC006	TssE	1
Flavobacterium_sp._HYN0049	TssL	1
Acinetobacter_radioresistens_strain_DD78	TssA,TssB,TssD,TssE,TssF,TssG,TssK,TssL,TssM	9
Paraburkholderia_sprentiae_WSM5005	TssA,TssB,TssC,TssD,TssE,TssF,TssG,TssJ,TssK,TssL,TssM	11
Hymenobacter_sp._TS19	TssG	1
Burkholderia_glumae_strain_257sh-1	TssA,TssB,TssD,TssE,TssF,TssG,TssJ,TssK,TssL,TssM	10
Leclercia_sp._4-9-1-25	TssA,TssB,TssD,TssE,TssG,TssJ,TssK,TssL	8
Clostridium_difficile_2007855	TssC	1
Oryzomicrobium_terrae_strain_TPP412	TssA,TssB,TssD,TssE,TssF,TssG,TssJ,TssK,TssL	9
Deinococcus_gobiensis_I-0	TssE,TssL	2
Marinomonas_arctica_strain_BSI20414	TssA,TssB,TssD,TssE,TssF,TssG,TssJ,TssK,TssL,TssM	10
Rhizobium_sp._strain_NT-26	TssE	1
Salmonella_enterica_subsp._enterica_serovar_Enteritidis_str._EC20120774	TssA,TssD,TssE,TssG,TssM	5
Mycobacterium_sp._PH-06_strain_PH-06	TssE	1
Fimbriimonas_ginsengisoli_Gsoil_348	TssD,TssE	2
Ralstonia_syzygii_strain_LLRS-1	TssA,TssB,TssD,TssE,TssF,TssG,TssJ,TssK,TssL,TssM	10
Pseudomonas_sp._ADAK2	TssA,TssB,TssC,TssD,TssE,TssF,TssG,TssJ,TssK,TssL,TssM	11
Lysinibacillus_pakistanensis_strain_LZH-9	TssD,TssE	2
Cardiobacterium_hominis_strain_NCTC10426	TssE	1
Virgibacillus_sp._AGTR	TssL	1
Serratia_sp._KUDC3025	TssA,TssB,TssD,TssE,TssF,TssG,TssJ,TssK,TssL,TssM	10
Actinoplanes_missouriensis_431	TssL	1
Klebsiella_pneumoniae_subsp._pneumoniae_KPNIH24	TssA,TssB,TssD,TssE,TssF,TssG,TssJ,TssK,TssL,TssM	10
Thioploca_ingrica	TssA,TssB,TssC,TssD,TssE,TssF,TssG,TssK,TssL	9
Acinetobacter_baumannii_ZW85-1	TssA,TssB,TssD,TssE,TssF,TssG,TssK,TssL,TssM	9
Oligella_ureolytica_strain_FDAARGOS_872_strain_Not_applicable	TssD,TssE,TssF	3
Proteus_sp._CD3	TssA,TssB,TssD,TssE,TssF,TssG,TssJ,TssK,TssL,TssM	10
Mycobacterium_tuberculosis_PanR0909	TssL	1
Pseudomonas_aeruginosa_PAO1-VE2	TssA,TssB,TssD,TssE,TssF,TssG,TssJ,TssK,TssL,TssM	10
Mycobacterium_tuberculosis_PanR0301	TssL	1
Streptococcus_suis_ST1	TssK	1
Salmonella_enterica_subsp._enterica_serovar_Enteritidis_str._EC20122045	TssA,TssD,TssE,TssG,TssM	5
Streptomyces_lydicus_A02	TssE	1
Mycobacterium_chubuense_NBB4	TssL	1
Variovorax_sp._PAMC28562	TssA,TssB,TssD,TssE,TssF,TssG,TssJ,TssK,TssL,TssM	10
Planctomycetes_bacterium_K22_7	TssA,TssB,TssD,TssE,TssF,TssG,TssK,TssL	8
Streptomyces_sp._3124.6_strain_3124.6	TssE,TssF,TssG	3
Paenibacillus_sp._FSL_H7-0357	TssE,TssL	2
Staphylococcus_aureus_subsp._aureus_NCTC_8325	TssE	1
Caballeronia_sp._SBC1	TssB,TssE,TssL,TssM	4
Lactococcus_sp._LG1267	TssB,TssL	2
Salmonella_enterica_subsp._enterica_serovar_Typhimurium_str._USDA-ARS-USMARC-1810	TssA,TssB,TssD,TssE,TssF,TssG,TssJ,TssK,TssL,TssM	10
Buttiauxella_ferragutiae_H4-C11	TssA,TssB,TssD,TssE,TssF,TssG,TssJ,TssK,TssL,TssM	10
Nocardia_sp._CFHS0054	TssL	1
Actinoalloteichus_hoggarensis_strain_DSM_45943	TssL	1
Helicobacter_canis_strain_MGYG-HGUT-01463	TssA	1
Rhodoferax_sp._AJA081-3	TssG	1
Salmonella_enterica_subsp._enterica_serovar_Enteritidis_str._SA19943269	TssA,TssD,TssE,TssG,TssM	5
Mycobacterium_canettii_CIPT_140010059	TssL	1
Enterobacter_sp._JUb54_strain_RIT712	TssE	1
Runella_sp._HYN0085	TssB,TssC,TssD,TssE,TssF,TssG,TssJ,TssK	8
Salmonella_enterica_subsp._enterica_serovar_Infantis_423_13	TssA,TssB,TssD,TssE,TssF,TssG,TssJ,TssK,TssL,TssM	10
Methylobacterium_populi_BJ001	TssL	1
Polaromonas_sp._SP1	TssK	1
Vibrio_harveyi_XH2145	TssA,TssB,TssD,TssE,TssF,TssG,TssJ,TssK,TssL,TssM	10
Colwellia_sp._Arc7-D	TssL	1
Dokdonia_donghaensis_DSW-1	TssG	1
Cryomorphaceae_bacterium_CECT_30217_strain_AS29M-1	TssB,TssL	2
Streptomyces_chartreusis_strain_ATCC_14922	TssE,TssG	2
Kangiella_geojedonensis_strain_YCS-5	TssD	1
Streptomyces_sp._RLB3-6_strain_Microscale_soil_grain	TssE	1
Grimontia_hollisae_strain_1078-81	TssE	1
Pseudomonas_aeruginosa_DK2	TssA,TssB,TssD,TssE,TssF,TssG,TssJ,TssK,TssL,TssM	10
Halomonas_sp._MCCC_1A13316	TssB,TssD,TssL	3
Halorubrum_lacusprofundi_ATCC_49239	TssL	1
Paracoccus_denitrificans_SD1	TssA,TssB,TssD,TssE,TssF,TssG,TssK,TssL,TssM	9
Salmonella_enterica_subsp._enterica_serovar_Enteritidis_str._EC20120775	TssA,TssD,TssE,TssG,TssM	5
Bacillus_thuringiensis_serovar_indiana_strain_HD521	TssE	1
Streptococcus_suis_TL13	TssE	1
Scytonema_sp._NIES-4073	TssE	1
bacterium_bin264	TssG	1
Mycobacterium_thermoresistibile_strain_NCTC10409	TssL	1
Sphingomonas_paucimobilis_strain_FDAARGOS_881_strain_Not_applicable	TssA,TssB,TssD,TssE,TssF,TssG,TssK,TssL,TssM	9
Clostridium_argentinense_strain_89G	TssB,TssE	2
Janthinobacterium_sp._PLB02	TssA,TssB,TssD,TssE,TssF,TssG,TssJ,TssK,TssL,TssM	10
Pseudomonas_aeruginosa_PAK	TssA,TssB,TssD,TssE,TssF,TssG,TssJ,TssK,TssL,TssM	10
TM7_phylum_sp._oral_taxon_952_strain_TM7x	TssL	1
Sulfurimonas_sp._NW10	TssE	1
Klebsiella_quasivariicola_08A119	TssA,TssB,TssD,TssE,TssF,TssG,TssJ,TssK,TssL,TssM	10
Clostridium]_hylemonae_CE91-St63	TssE	1
Intestinimonas_butyriciproducens_strain_AF211	TssK	1
Luteolibacter_sp._32A	TssL	1
Altererythrobacter_sp._B11	TssE	1
Pyrobaculum_aerophilum_str._IM2	TssL	1
Devosia_sp._G19	TssE	1
Burkholderia_ubonensis_strain_MSMB0783	TssA,TssB,TssD,TssE,TssF,TssG,TssJ,TssK,TssL,TssM	10
Romboutsia_sp._CE17	TssB	1
Caballeronia_sp._SBC2	TssB,TssE,TssL,TssM	4
Streptomyces_scabiei_87.22	TssB,TssE,TssL	3
Coxiella_burnetii_str._Namibia	TssL,TssM	2
Escherichia_coli_APEC_O18_strain_APEC_O18	TssA,TssB,TssD,TssE,TssF,TssG,TssJ,TssK,TssL,TssM	10
Salmonella_enterica_subsp._enterica_serovar_Enteritidis_str._EC20090332	TssA,TssD,TssE,TssG,TssM	5
Sulfolobus_sp._JCM_16833_strain_IC-006	TssL	1
Citrobacter_sp._RHBSTW-00053	TssA,TssB,TssC,TssD,TssE,TssF,TssG,TssJ,TssK,TssL	10
Pseudomonas_aeruginosa	TssA,TssB,TssD,TssE,TssF,TssG,TssJ,TssK,TssL,TssM	10
Salmonella_enterica_subsp._salamae_strain_CFSAN001010	TssA,TssB,TssD,TssE,TssF,TssG,TssJ,TssK,TssL,TssM	10
Staphylococcus_aureus_ST228/15532	TssE	1
Streptococcus_pneumoniae_SPN034183	TssE	1
endosymbiont_of_unidentified_scaly_snail_isolate_Monju	TssE	1
Kingella_oralis_strain_DSM_18271	TssE	1
Betaproteobacteria_bacterium_UKL13-2	TssE,TssJ,TssK	3
Citrobacter_europaeus_FDAARGOS_1490	TssA,TssB,TssC,TssD,TssE,TssF,TssG,TssJ,TssK,TssL,TssM	11
Pseudomonas_sp._R32	TssA,TssB,TssD,TssE,TssF,TssG,TssJ,TssK,TssL,TssM	10
Acetobacter_pasteurianus_IFO_3283-07	TssM	1
Salmonella_enterica_subsp._enterica_serovar_Pullorum_str._S06004	TssA,TssB,TssD,TssE,TssF,TssG,TssJ,TssK,TssL,TssM	10
Pseudomonas_sp._S150	TssA,TssB,TssD,TssE,TssF,TssG,TssJ,TssK,TssL,TssM	10
Actinoplanes_friuliensis_DSM_7358	TssF,TssL	2
Bifidobacterium_breve_S27	TssL	1
Wolbachia_endosymbiont_of_Spodoptera_picta_strain_Spic_B	TssE	1
Actinomyces_sp._432	TssL	1
Nitrososphaera_viennensis_EN76	TssD	1
Salmonella_enterica_subsp._enterica_serovar_Crossness_str._1422-74_strain_1422-74	TssA,TssB,TssD,TssE,TssF,TssG,TssJ,TssK,TssL,TssM	10
Kluyvera_sp._PO2S7	TssA,TssB,TssD,TssE,TssF,TssG,TssJ,TssK,TssL,TssM	10
Salmonella_enterica_subsp._enterica_serovar_Enteritidis_str._EC20120776	TssA,TssD,TssE,TssG,TssM	5
Salmonella_sp._HNK130	TssD,TssE,TssL	3
Azotobacter_vinelandii_CA	TssA,TssB,TssD,TssE,TssF,TssG,TssJ,TssK,TssL,TssM	10
Escherichia_coli_O26:H11_str._11368	TssA,TssB,TssD,TssE,TssJ,TssK,TssL,TssM	8
Halobacillus_halophilus_DSM_2266	TssE	1
Maribacter_sp._1_2014MBL_MicDiv	TssC	1
Pasteurellaceae_bacterium_12565	TssE	1
Staphylococcus_aureus_LAC	TssE	1
Vibrio_natriegens_WPAGA4	TssE	1
Pseudomonas_sp._THAF42	TssA,TssB,TssD,TssE,TssF,TssG,TssJ,TssK,TssL,TssM	10
Lachnospiraceae_bacterium_Choco86	TssL	1
Salmonella_enterica_subsp._houtenae_serovar_45:g,z51:-_20-369	TssA,TssB,TssD,TssE,TssF,TssG,TssJ,TssK,TssL,TssM	10
Borrelia_burgdorferi_JD1	TssL	1
Oscillibacter_valericigenes_Sjm18-20	TssE	1
Sphingopyxis_macrogoltabida_strain_203	TssE	1
Catenovulum_sediminis_strain_WS1-A	TssL,TssM	2
Xanthomonas_campestris_pv._raphani_756C	TssA,TssE	2
Burkholderia_phymatum_STM815	TssA,TssB,TssD,TssE,TssF,TssG,TssJ,TssK,TssL,TssM	10
Geobacter_sulfurreducens_KN400	TssA,TssB,TssD,TssE,TssF,TssG,TssJ,TssK,TssL	9
Providencia_sp._R33	TssA,TssB,TssD,TssE,TssF,TssG,TssJ,TssK,TssL,TssM	10
Lysobacter_maris_strain_HZ9B	TssE	1
Mycobacterium_tuberculosis_K	TssL	1
Paracoccus_pantotrophus_strain_ACCC10489	TssA,TssB,TssD,TssE,TssF,TssG,TssJ,TssK,TssL,TssM	10
Herbaspirillum_huttiense_strain_NFYY_53159	TssA,TssB,TssD,TssE,TssF,TssG,TssJ,TssK,TssL,TssM	10
Dickeya_dianthicola_IPO_980	TssA,TssB,TssD,TssE,TssF,TssG,TssJ,TssK,TssL,TssM	10
Neisseria_weaveri_strain_NCTC12742	TssE	1
Lactobacillus_brevis_BSO_464	TssL	1
Serratia_plymuthica_4Rx13	TssG,TssJ	2
Arcobacter_nitrofigilis_DSM_7299	TssA,TssB,TssD,TssE,TssF,TssG,TssJ,TssK,TssL,TssM	10
Cupriavidus_gilardii_strain_FDAARGOS_639_strain_Not_applicable	TssA,TssD,TssE,TssF,TssG,TssM	6
Enterobacter_oligotrophica_strain_CCA6	TssA,TssB,TssD,TssE,TssF,TssG,TssJ,TssK,TssL,TssM	10
Prevotella_sp._Rep29	TssL	1
Salmonella_enterica_subsp._enterica_serovar_Enteritidis_str._SA20094079	TssA,TssD,TssE,TssG,TssM	5
Pseudomonas_aeruginosa_PA99	TssA,TssB,TssD,TssE,TssF,TssG,TssJ,TssK,TssL,TssM	10
Lactobacillus_hokkaidonensis_LOOC260	TssL	1
Desulfotomaculum_ruminis_DSM_2154	TssE	1
Opitutus_terrae_PB90-1	TssE	1
Paraburkholderia_terricola_SMT4a	TssA,TssB,TssD,TssE,TssF,TssG,TssJ,TssK,TssL,TssM	10
Mycoplasma_gallisepticum_NC06_2006.080-5-2P	TssE	1
Mariprofundus_aestuarium_strain_CP-5	TssF	1
Marinitoga_piezophila_KA3	TssB	1
Rodentibacter_pneumotropicus_strain_NCTC8284	TssA,TssB,TssD,TssE,TssF,TssG,TssJ,TssK,TssL,TssM	10
Xanthomonas_sp._ISO98C4	TssA,TssB,TssC,TssD,TssE,TssF,TssG,TssK,TssL,TssM	10
Acinetobacter_sp._BRTC-1	TssA,TssB,TssD,TssE,TssF,TssG,TssK,TssL,TssM	9
Delftia_sp._WY8	TssA,TssB,TssD,TssE,TssF,TssG,TssJ,TssK,TssL,TssM	10
Bradyrhizobium_guangdongense_strain_CCBAU_51649	TssB,TssD,TssE	3
Francisella_noatunensis_subsp._orientalis_FNO12	TssA,TssB,TssK,TssL,TssM	5
Pseudomonas_alcaliphila_JAB1	TssA,TssB,TssD,TssE,TssF,TssG,TssJ,TssK,TssL,TssM	10
Alteromonas_sp._SN2	TssL	1
Myxococcus_xanthus_DZ2	TssA,TssB,TssD,TssE,TssF,TssG,TssJ,TssK,TssL,TssM	10
Agrobacterium_sp._S7/73	TssA,TssB,TssD,TssE,TssF,TssG,TssK,TssL,TssM	9
Rhodospirillum_centenum_SW	TssE	1
Achromobacter_sp._B7	TssA,TssB,TssD,TssE,TssF,TssG,TssJ,TssK,TssL,TssM	10
Cobetia_sp._ICG0124	TssA,TssB,TssD,TssE,TssF,TssG,TssJ,TssK,TssL,TssM	10
Shewanella_sp._Scap07	TssA,TssB,TssD,TssE,TssF,TssG,TssJ,TssK,TssL,TssM	10
Proteus_hauseri_strain_15H5D-4a	TssE	1
Francisella_tularensis_subsp._tularensis_WY96-3418	TssB,TssK,TssL	3
Pectobacterium_carotovorum_subsp._carotovorum_PCC21	TssA,TssB,TssD,TssE,TssF,TssG,TssJ,TssK,TssL,TssM	10
Desulfovibrio_marinus_strain_CS1	TssE,TssL	2
Methylobacterium_radiotolerans_JCM_2831	TssD	1
Amycolatopsis_sp._Poz14	TssL	1
Ewingella_americana_strain_B6-1	TssA,TssB,TssD,TssE,TssF,TssG,TssJ,TssK,TssL,TssM	10
Enterococcus_faecalis_DENG1	TssE	1
Bacillus_sp._7D3	TssL	1
Myroides_odoratus_strain_FDAARGOS_1131_strain_Not_applicable	TssB,TssC,TssE,TssF,TssG,TssK	6
Klebsiella_pneumoniae_subsp._pneumoniae_KPNIH27	TssA,TssB,TssD,TssE,TssF,TssG,TssJ,TssK,TssL,TssM	10
Natronococcus_occultus_SP4	TssG	1
Mycobacterium_tuberculosis_PanR0304	TssL	1
Bradyrhizobium_sp._CCBAU_51753	TssA,TssB,TssC,TssD,TssE,TssF,TssG,TssK,TssL,TssM	10
Serratia_sp._JUb9_strain_MYb239	TssA,TssB,TssD,TssE,TssF,TssG,TssJ,TssK,TssL,TssM	10
Brachyspira_hyodysenteriae_ATCC_27164	TssB	1
Anaerotignum_propionicum_DSM_1682_strain_X2	TssE	1
Streptomyces_davawensis_JCM_4913	TssA,TssE	2
Pseudomonas_sp._COW40	TssA,TssB,TssD,TssE,TssF,TssG,TssJ,TssK,TssL,TssM	10
Planctomycetes_bacterium_KS4	TssE	1
Gemmobacter_sp._con5	TssB	1
Salmonella_enterica_subsp._arizonae_serovar_62:z36:-_str._RKS2983	TssA,TssB,TssD,TssE,TssF,TssG,TssJ,TssK,TssL,TssM	10
Spongiibacter_sp._CSC3.9_strain_csc3.9	TssG	1
Salmonella_enterica_subsp._enterica_serovar_Enteritidis_str._EC20121175	TssA,TssD,TssE,TssG,TssM	5
Bacillus_sp._H15-1	TssD,TssE	2
Nocardiopsis_gilva_YIM_90087	TssK	1
Wolbachia_endosymbiont_of_Ceratosolen_solmsi_strain_MIAOwCsol	TssE	1
Atopobiaceae_bacterium_P1	TssL	1
Alteromonadaceae_bacterium_strain_2141T.STBD.0c.01a	TssA,TssB,TssD,TssE,TssF,TssG,TssJ,TssK,TssL,TssM	10
Roseococcus_sp._NIBR12	TssA,TssB,TssD,TssE,TssF,TssG,TssK,TssL,TssM	9
Salmonella_enterica_subsp._enterica_serovar_Enteritidis_str._SA19960848	TssA,TssD,TssE,TssG,TssM	5
Marinobacter_excellens_HL-55	TssA,TssB,TssD,TssE,TssF,TssG,TssJ,TssK,TssL,TssM	10
Streptomyces_formicae_1H-GS9	TssD,TssE,TssF,TssL	4
Bacillus_sp._KH172YL63	TssB	1
Streptococcus_pneumoniae_P1031	TssE	1
Sphingobacterium_sp._ML3W	TssE,TssL	2
Neisseria_lactamica_020-06	TssE	1
Tardiphaga_sp._vice278	TssE,TssL	2
Massilia_sp._PAMC28688	TssA,TssB,TssD,TssE,TssF,TssG,TssK,TssL,TssM	9
Escherichia_coli_O103_str._RM8385	TssA,TssB,TssD,TssE,TssJ,TssK,TssL,TssM	8
Corynebacterium_nuruki_S6-4	TssL	1
Parasphingorhabdus_litoris_DSM_22379	TssE	1
Yersinia_pestis_D106004	TssA,TssB,TssD,TssE,TssF,TssG,TssJ,TssK,TssL,TssM	10
Staphylococcus_aureus_USA300-ISMMS1	TssE	1
Salmonella_sp._SSDFZ54	TssA,TssB,TssD,TssE,TssF,TssG,TssJ,TssK,TssL,TssM	10
Pseudoalteromonas_piscicida_2515	TssA,TssB,TssD,TssE,TssF,TssG,TssJ,TssK,TssL,TssM	10
Francisella_marina_strain_E103-15	TssA,TssB,TssE,TssF,TssG,TssJ,TssK,TssL,TssM	9
Pseudomonas_atacamensis_strain_SM1	TssA,TssB,TssD,TssE,TssF,TssG,TssJ,TssK,TssL,TssM	10
Pseudoalteromonas_tetraodonis_strain_GFC	TssA,TssB,TssD,TssE,TssF,TssG,TssJ,TssK,TssL,TssM	10
Tamlana_sp._s12	TssC,TssE,TssF,TssK	4
Marinobacter_sp._THAF197a	TssA,TssB,TssD,TssE,TssF,TssG,TssJ,TssK,TssL,TssM	10
Shewanella_glacialimarina_TZS-4	TssA,TssB,TssD,TssE,TssF,TssG,TssJ,TssK,TssL,TssM	10
Streptomyces_sp._CB01881	TssE	1
Escherichia_coli_O114:H49_strain_90-9280	TssA,TssB,TssD,TssE,TssF,TssG,TssJ,TssK,TssL,TssM	10
Celeribacter_ethanolicus_strain_TSPH2	TssA,TssB,TssD,TssE,TssF,TssG,TssK,TssL,TssM	9
Halomonas_sp._GFAJ-1	TssB	1
Salmonella_enterica_subsp._enterica_serovar_Enteritidis_str._P125109	TssA,TssD,TssE,TssG,TssM	5
Exiguobacterium_sp._PFWT01	TssB,TssL	2
Pseudomonas_sp._NC02	TssA,TssB,TssD,TssE,TssF,TssG,TssJ,TssK,TssL,TssM	10
Streptomyces_subrutilus_strain_ATCC_27467	TssE	1
Clostridiales_bacterium_nC29_bin.3.fa	TssB	1
Bosea_sp._RAC05	TssA,TssB,TssD,TssE,TssF,TssG,TssK,TssL,TssM	9
Rickettsia_australis_str._Cutlack	TssB	1
Pedobacter_saltans_DSM_12145	TssE	1
Actinoalloteichus_sp._ADI127-7	TssE	1
Pseudomonas_sp._K2W31S-8	TssA,TssL,TssM	3
Corynebacterium_tuberculostearicum_strain_FDAARGOS_1117_strain_Not_applicable	TssL	1
Escherichia_coli_O78_3	TssA,TssB,TssD,TssE,TssF,TssG,TssJ,TssK,TssL,TssM	10
Lactiplantibacillus_plantarum_022AE	TssL	1
Hungatella_xylanolytica_strain_ASCUSBR21	TssE	1
Xanthomonas_sp._MLO165	TssB,TssM	2
Xanthomonas_oryzae_pv._oryzae	TssA,TssB,TssC,TssD,TssE,TssF,TssG,TssJ,TssK,TssL,TssM	11
Rathayibacter_sp._VKM_Ac-2760	TssF	1
Microbacterium_sp._10M-3C3	TssL	1
Pseudonocardia_sp._EC080619-01	TssB,TssD,TssL	3
Aeromonas_sp._FDAARGOS_1407_strain_Not_applicable	TssA,TssB,TssD,TssE,TssF,TssG,TssJ,TssK,TssL,TssM	10
Mycobacterium_tuberculosis_PanR0305	TssL	1
Pseudomonas_sp._1909-1	TssA,TssB,TssD,TssE,TssF,TssG,TssJ,TssK,TssL,TssM	10
Pseudomonas_sp._A214_strain_A214	TssA,TssB,TssC,TssD,TssE,TssF,TssG,TssJ,TssK,TssL,TssM	11
Terribacillus_aidingensis_strain_DMT04	TssL	1
Mycobacterium_avium_subsp._paratuberculosis_E1	TssL	1
Enterobacter_cloacae_complex_sp._FDA-CDC-AR_0132	TssA,TssB,TssD,TssE,TssF,TssG,TssJ,TssK,TssL,TssM	10
Oceanospirillaceae_bacterium_ASO5	TssE	1
Nostoc_sp._'Lobaria_pulmonaria_(5183)_cyanobiont'	TssE,TssL	2
Shewanella_woodyi_ATCC_51908	TssA,TssB,TssD,TssE,TssF,TssG,TssJ,TssK,TssL,TssM	10
Streptomyces_sp._135	TssA,TssE,TssL	3
Comamonas_piscis_strain_BIGb0172	TssA,TssE,TssJ,TssK,TssL,TssM	6
Neisseria_sp._10022	TssE	1
Pigmentiphaga_sp._H8	TssA,TssB,TssD,TssE,TssF,TssG,TssK,TssL	8
Salmonella_enterica_subsp._enterica_serovar_Enteritidis_str._EC20121176	TssD,TssE,TssG	3
Candidatus_Saccharibacteria_bacterium_GW2011_GWC2_44_17	TssL	1
Zhouia_spongiae_HN-Y44	TssJ	1
Haloarculaceae_archaeon_HSR-Bgl	TssJ	1
Mannheimia_haemolytica_USDA-ARS-USMARC-183	TssE	1
Edwardsiella_tarda_EIB202	TssA,TssB,TssD,TssE,TssF,TssG,TssJ,TssK,TssL	9
Agrobacterium_vitis_CG412	TssA,TssB,TssD,TssE,TssF,TssG,TssK,TssL,TssM	9
Geobacillus_sp._Y4.1MC1	TssE	1
Shewanella_sp._FJAT-54481	TssE,TssL	2
Salmonella_enterica_subsp._enterica_serovar_India_str._SA20085604_strain_SA20085604	TssA,TssB,TssD,TssE,TssF,TssG,TssJ,TssK,TssL,TssM	10
Candidatus_Thioglobus_singularis_PS1	TssC	1
Melaminivora_jejuensis_KACC_19629	TssG,TssL	2
Escherichia_coli_P12b	TssB,TssD,TssE,TssG,TssL	5
Streptomyces_sp._SGAir0924_strain_not_applicable	TssE	1
Staphylococcus_aureus_ST228/10388	TssE	1
Campylobacter_cuniculorum_LMG_24588_strain_LMG_24588	TssA,TssB,TssC,TssD,TssE,TssF,TssG,TssJ,TssK,TssL,TssM	11
Streptomyces_hygroscopicus_HOK021	TssE	1
Vibrio_maritimus_BH16	TssA,TssB,TssD,TssE,TssF,TssG,TssJ,TssK,TssL,TssM	10
Tenacibaculum_mesophilum_strain_DSM_13764	TssB,TssC,TssE,TssF,TssK	5
Streptomyces_sp._EAS-AB2608_strain_NBRC_114648	TssE,TssG	2
Photobacterium_damselae_strain_2012V-1072	TssA,TssB,TssD,TssE,TssF,TssG,TssJ,TssK,TssL,TssM	10
Halomonas_olivaria_strain_TYRC17	TssA,TssB,TssD,TssE,TssF,TssG,TssJ,TssK,TssL,TssM	10
Streptomyces_rectiverticillatus_strain_B15-08	TssD,TssE	2
Spiroplasma_phoeniceum_P40	TssE	1
Bacillus_sp._FJAT-42376	TssL	1
Streptococcus_pneumoniae_G54	TssE	1
Cellulophaga_sp._HaHa_2_95	TssC,TssE,TssF,TssK	4
Cellulophaga_sp._HaHaR_3_176	TssB,TssC,TssE,TssF,TssK	5
Roseitalea_porphyridii_strain_MA7-20	TssL	1
Pedobacter_sp._PAMC26386	TssB,TssC,TssD,TssE,TssG	5
Thermosynechococcus_elongatus_PKUAC-SCTE542	TssE	1
Streptomyces_tendae_strain_139	TssE,TssG	2
Helicobacter_bilis_strain_AAQJH	TssB,TssD,TssF,TssG,TssJ,TssK,TssL,TssM	8
Pseudomonas_sp._ADAK7	TssA,TssB,TssC,TssD,TssE,TssF,TssG,TssJ,TssK,TssL,TssM	11
Sorangium_cellulosum_So0157-2	TssA,TssB,TssD,TssE,TssF,TssG,TssJ,TssK,TssL,TssM	10
Enterobacter_sp._BIDMC93	TssA,TssB,TssD,TssE,TssF,TssG,TssJ,TssK,TssL,TssM	10
Salmonella_enterica_subsp._enterica_serovar_Newport_str._CDC_2010K-2159	TssA,TssB,TssD,TssE,TssF,TssG,TssJ,TssK,TssL,TssM	10
Flavobacterium_sp._EM1308	TssG	1
Salmonella_enterica_subsp._enterica_serovar_Typhimurium_str._14028S	TssA,TssB,TssD,TssE,TssF,TssG,TssJ,TssK,TssL,TssM	10
Aquitalea_denitrificans_strain_5YN1-3	TssA,TssB,TssD,TssE,TssF,TssG,TssJ,TssK,TssL,TssM	10
Castellaniella_defragrans_65Phen	TssJ	1
Helicobacter_pylori_F16	TssE	1
Halotalea_alkalilenta_strain_IHB_B_13600	TssB	1
Escherichia_coli_PMV-1	TssA,TssB,TssD,TssE,TssF,TssG,TssJ,TssK,TssL,TssM	10
Mycobacterium_tuberculosis_PanR0306	TssL	1
Chlorobaculum_parvum_NCIB_8327	TssE	1
Streptococcus_pneumoniae_ATCC_700669	TssE	1
Lactobacillus_animalis_strain_LL1	TssE	1
Hymenobacter_sp._BT18	TssL	1
Xanthomonas_oryzae_pv._oryzae_PXO86	TssA,TssB,TssC,TssD,TssE,TssF,TssG,TssJ,TssK,TssL,TssM	11
Acinetobacter_sp._114	TssA,TssB,TssD,TssE,TssF,TssG,TssK,TssL,TssM	9
Streptomyces_griseus_subsp._griseus_NBRC_13350	TssE	1
Paenibacillus_sp._HB172198	TssE	1
Salmonella_enterica_subsp._enterica_serovar_Typhimurium_str._L-3553	TssA,TssB,TssD,TssE,TssF,TssG,TssJ,TssK,TssL,TssM	10
Salmonella_enterica_subsp._enterica_serovar_Enteritidis_str._EC20121177	TssA,TssD,TssE,TssG	4
Mammaliicoccus_sciuri_MIN-176	TssD	1
Pantoea_vagans_strain_FBS135	TssA,TssB,TssD,TssE,TssF,TssG,TssJ,TssK,TssL,TssM	10
Streptomyces_albofaciens_JCM_4342_strain_ATCC_23873	TssL	1
Mannheimia_haemolytica_USDA-ARS-USMARC-184	TssE	1
Celeribacter_manganoxidans_strain_DY25	TssA,TssB,TssD,TssE,TssF,TssG,TssK,TssL,TssM	9
Acinetobacter_baumannii_ATCC_19606_=_CIP_70.34_=_JCM_6841	TssA,TssB,TssD,TssE,TssF,TssG,TssK,TssL,TssM	9
Clostridium_isatidis_strain_DSM_15098	TssB	1
Azoarcus_sp._KH32C	TssA,TssB,TssD,TssE,TssF,TssG,TssJ,TssK,TssL,TssM	10
Francisella_sp._LA112445_strain_LA11-2445	TssB,TssK,TssL,TssM	4
Mycobacterium_canettii_CIPT_140070017	TssL	1
Salmonella_enterica_subsp._enterica_serovar_Enteritidis_str._SA20094383	TssA,TssD,TssE,TssG,TssM	5
Lysinibacillus_sp._JNUCC-51	TssD	1
Lactococcus_garvieae_ATCC_49156	TssL	1
Escherichia_coli_O55:H7_str._CB9615	TssA,TssB,TssD,TssE,TssF,TssG,TssJ,TssK,TssL,TssM	10
Methanosarcina_acetivorans_C2A	TssA	1
Variovorax_sp._HW608_strain_HW608	TssG,TssJ,TssL,TssM	4
Citrobacter_sp._RHBSTW-00446	TssD,TssE	2
Streptococcus_pneumoniae_R6	TssE	1
Marinobacter_sp._LV10R510-11A	TssA,TssB,TssD,TssE,TssF,TssG,TssJ,TssK,TssL,TssM	10
Mesorhizobium_sp._J8	TssA,TssB,TssC,TssD,TssE,TssF,TssG,TssJ,TssK,TssL,TssM	11
Thioalkalivibrio_sp._K90mix	TssE	1
Citrobacter_pasteurii_strain_FDAARGOS_1424_strain_Not_applicable	TssA,TssB,TssD,TssE,TssF,TssG,TssJ,TssK,TssL,TssM	10
Pantoea_stewartii_subsp._stewartii_DC283_strain_DC283	TssD,TssE,TssL	3
Vibrio_nigripulchritudo_strain_SnF1	TssA,TssB,TssD,TssE,TssF,TssG,TssJ,TssK,TssL,TssM	10
Arcobacter_aquimarinus_strain_W63	TssE	1
Streptomyces_sp._DSM_40868	TssE,TssL	2
Yersinia_sp._NCTC_14382	TssA,TssB,TssD,TssE,TssF,TssG,TssJ,TssK,TssL,TssM	10
Haemophilus_seminalis_SZY_H68	TssB	1
Klebsiella_quasipneumoniae_subsp._quasipneumoniae_01A030T	TssA,TssB,TssD,TssE,TssF,TssG,TssJ,TssK,TssL,TssM	10
Bacillus_megaterium_strain_103_strain_IN_103	TssB	1
Francisella_sp._FSC1006	TssA,TssB,TssE,TssF,TssG,TssJ,TssK,TssL,TssM	9
Lysobacter_sp._H23M41	TssA,TssB,TssD,TssE,TssF,TssG,TssJ,TssK,TssL,TssM	10
Nostoc_edaphicum_CCNP1411	TssE	1
Nakamurella_sp._PAMC28650	TssE	1
Mycobacterium_tuberculosis_PanR0307	TssL	1
Fibrella_aestuarina_strain_BUZ_2T	TssB,TssC,TssE,TssF,TssL	5
Salmonella_enterica_subsp._enterica_serovar_Worthington_strain_7101.67	TssA,TssB,TssD,TssE,TssF,TssG,TssJ,TssK,TssL,TssM	10
Pseudoalteromonas_sp._1_2015MBL_MicDiv_strain_15DKN1	TssA,TssB,TssD,TssE,TssF,TssG,TssJ,TssK,TssL,TssM	10
Enterococcus_faecalis_62	TssE	1
Citrobacter_sp._RHBSTW-00881	TssA,TssB,TssD,TssE,TssF,TssG,TssJ,TssK,TssL,TssM	10
Pseudomonas_syringae_pv._actinidiae_ICMP_18884	TssA,TssB,TssC,TssD,TssE,TssF,TssG,TssJ,TssK,TssL,TssM	11
Amycolatopsis_sp._FDAARGOS_1241_strain_FDAARGOS_1241_strain_Not_applicable	TssK,TssL	2
Streptococcus_pneumoniae_ST556	TssE	1
Amycolatopsis_acidiphila_KCTC_39523	TssL	1
Escherichia_coli_LY180	TssA,TssB,TssD,TssE,TssF,TssG,TssJ,TssK,TssL,TssM	10
Acidovorax_sp._16-35-5	TssE	1
Bifidobacterium_breve_JCM_7017	TssL	1
Calothrix_sp._NIES-4101	TssE	1
Pasteurella_atlantica_strain_NVI-9100	TssE	1
Rhizobium_sp._N1314	TssB,TssD,TssE,TssF,TssG,TssK,TssL,TssM	8
Ruminococcus_sp._SR1/5	TssC	1
Salmonella_enterica_subsp._enterica_serovar_Enteritidis_str._EC20121178	TssA,TssD,TssG	3
Salmonella_enterica_subsp._enterica_serovar_Typhimurium_str._DT2	TssA,TssB,TssD,TssE,TssF,TssG,TssJ,TssK,TssL,TssM	10
Salmonella_sp._SJTUF14523	TssA,TssB,TssD,TssE,TssG,TssM	6
Massilia_sp._Se16.2.3	TssA,TssB,TssD,TssE,TssF,TssG,TssK,TssL,TssM	9
Proteus_mirabilis_BB2000	TssA,TssB,TssD,TssE,TssF,TssG,TssJ,TssK,TssL,TssM	10
Pseudomonas_knackmussii_B13	TssA,TssB,TssD,TssE,TssF,TssG,TssJ,TssK,TssM	9
Clostridium]_sphenoides_JCM_1415	TssE	1
Lysinibacillus_sp._JNUCC-52	TssA,TssD,TssE	3
Leminorella_richardii_strain_MGYG-HGUT-02385	TssA,TssB,TssC,TssD,TssE,TssF,TssG,TssJ,TssK,TssL,TssM	11
Hyphomicrobium_denitrificans_ATCC_51888	TssL	1
Streptomyces_ambofaciens_strain_DSM_40697	TssE	1
Shigella_flexneri_G1663	TssA,TssE,TssF,TssG,TssL	5
Bacillus_sp._FJAT-27238	TssE	1
Pseudomonas_putida_DOT-T1E	TssA,TssB,TssC,TssD,TssE,TssF,TssG,TssJ,TssK,TssL,TssM	11
Xanthomonas_axonopodis_pv._dieffenbachiae_LMG_695	TssA,TssB,TssC,TssD,TssE,TssF,TssG,TssK,TssL,TssM	10
Bacillus_sp._SDLI1	TssC	1
Marinobacter_sp._CS412	TssA,TssB,TssD,TssE,TssF,TssG,TssJ,TssK,TssL,TssM	10
Pseudomonas]_geniculata_strain_E119	TssE	1
Sphingopyxis_sp._QXT-31_strain_QXT-31	TssE	1
Microbulbifer_sp._SH-1	TssA,TssB,TssD,TssE,TssF,TssG,TssJ,TssK,TssL,TssM	10
Escherichia_fergusonii_ATCC_35469	TssA,TssB,TssD,TssE,TssF,TssG,TssJ,TssK,TssL,TssM	10
Leclercia_sp._1106151	TssB,TssD,TssE,TssK,TssL,TssM	6
Rhodococcus_erythropolis_R138	TssD	1
Rhodobacter_sp._CZR27	TssA,TssB,TssD,TssE,TssF,TssG,TssJ,TssK,TssL,TssM	10
Zunongwangia_profunda_SM-A87	TssJ	1
Mesorhizobium_sp._NZP2298	TssA,TssB,TssC,TssD,TssE,TssF,TssG,TssJ,TssK,TssL,TssM	11
Chlamydia_psittaci_01DC11	TssC	1
Pasteurella_multocida_17BRD-035	TssE	1
Desulfonema_limicola_strain_5ac10	TssA,TssB,TssD,TssE,TssF,TssG,TssK,TssL	8
Krokinobacter_sp._4H-3-7-5	TssG	1
Escherichia_coli_ER2796	TssD,TssL	2
Bradyrhizobium_sp._4(2017)_strain_323S2	TssA,TssB,TssC,TssD,TssE,TssF,TssG,TssK,TssL,TssM	10
Mycobacterium_abscessus_subsp._massiliense_strain_381	TssL	1
Pseudomonas_psychrophila_strain_BS3667	TssA,TssB,TssD	3
Acidipropionibacterium_sp._JS278	TssL	1
Salmonella_enterica_subsp._enterica_serovar_Agona_str._24249	TssA,TssB,TssD,TssE,TssF,TssG,TssJ,TssK,TssL,TssM	10
Candidatus_Methanoperedenaceae_archaeon_GB50_strain_gfbio:2ba61e4a-a911-483b-ba5e-_e0ad8afd3b38:HotSEEP1_E50	TssA	1
Xanthomonas_oryzae_pv._oryzicola_GX01	TssA,TssB,TssC,TssD,TssE,TssF,TssG,TssJ,TssK,TssL,TssM	11
Mucilaginibacter_rubeus_strain_P2	TssB,TssC,TssE,TssF,TssG	5
Saccharothrix_syringae_strain_NRRL_B-16468	TssE,TssG	2
Bradyrhizobium_sp._CCBAU_51670	TssE	1
Methylogaea_oryzae_strain_E10	TssE	1
Pseudomonas_sp._TMW_2.1634	TssA,TssB,TssE	3
Pseudomonas_chlororaphis_subsp._aureofaciens_strain_66	TssA,TssB,TssD,TssE,TssF,TssG,TssJ,TssK,TssL,TssM	10
Erwinia_amylovora_CFBP1430	TssA,TssB,TssD,TssE,TssF,TssG,TssJ,TssK,TssL,TssM	10
Mesorhizobium_japonicum_strain_R7ANSstar	TssA,TssB,TssC,TssD,TssE,TssF,TssG,TssJ,TssK,TssL,TssM	11
Catenovulum_sp._CCB-QB4	TssG	1
Xanthomonas_citri_pv._glycines_ICMP5732	TssA,TssB,TssC,TssD,TssE,TssF,TssG,TssK,TssL,TssM	10
Lysobacter_sp._CECT_30171	TssE,TssM	2
Mycobacterium_tuberculosis_PanR0308	TssL	1
Dickeya_dadantii_Ech703	TssA,TssE	2
Enterobacter_sp._YSU	TssA,TssB,TssD,TssE,TssF,TssG,TssJ,TssK,TssL,TssM	10
Streptomyces_sp._T44	TssE	1
Bacillus_sp._ms-22	TssL	1
Salmonella_enterica_subsp._enterica_serovar_Uganda_strain_CVM_20723	TssA,TssB,TssD,TssE,TssF,TssG,TssJ,TssK,TssL,TssM	10
Gracilibacillus_sp._SCU50	TssL	1
Kurthia_sp._11kri321	TssK	1
Shewanella_baltica_OS678	TssE	1
Acetobacter_sp._KACC_21233	TssA,TssB,TssD,TssE,TssF,TssG,TssJ,TssK,TssL,TssM	10
Salmonella_enterica_subsp._enterica_serovar_Enteritidis_str._EC20121179	TssA,TssB,TssD,TssE,TssG	5
Desulfosarcina_widdelii_strain_PP31	TssA,TssB,TssD,TssE,TssF,TssG,TssJ,TssK,TssL	9
Enterobacter_sp._BIDMC100_strain_Colony164	TssA,TssB,TssD,TssE,TssF,TssG,TssJ,TssK,TssL,TssM	10
Azospira_restricta_strain_DSM_18626	TssJ,TssL	2
Pseudomonas_balearica_DSM_6083_DSM6083_(=SP1402)	TssA,TssB,TssD,TssE,TssF,TssG,TssJ,TssK,TssL,TssM	10
Agarivorans_sp._YJW194	TssL	1
Candidatus_Gloeomargarita_lithophora_D10	TssE	1
Arthrospira_sp._TJSD092	TssE,TssJ	2
Geobacter_anodireducens_strain_SD-1	TssA,TssB,TssD,TssE,TssF,TssG,TssJ,TssK,TssL	9
Desulfobacca_acetoxidans_DSM_11109	TssE,TssL	2
Acinetobacter_sp._323-1	TssA,TssB,TssD,TssE,TssF,TssG,TssK,TssL,TssM	9
Leptospira_interrogans_serovar_Copenhageni_strain_FDAARGOS_203	TssD,TssL	2
Rhodospirillaceae_bacterium_R5913	TssC	1
Methylobacterium_extorquens_CM4	TssL	1
Pseudomonas_sp._GZ9	TssA,TssB,TssC,TssD,TssE,TssF,TssG,TssJ,TssK,TssL,TssM	11
Bradymonadales_bacterium_YN101	TssE	1
Brachybacterium_ginsengisoli_strain_DCY80	TssK	1
Streptomyces_alboniger_strain_ATCC_12461	TssE	1
Polaribacter_sp._SM13	TssL	1
Pseudomonas_sp._SW-3	TssA,TssB,TssD,TssE,TssF,TssG,TssJ,TssK,TssL,TssM	10
Lysobacter_sp._CW239	TssA,TssB,TssD,TssE,TssF,TssG,TssJ,TssK,TssL,TssM	10
Clostridium_botulinum_H04402_065	TssB,TssE	2
Streptomyces_sp._YPW6	TssE,TssG	2
Nocardia_farcinica_SZ_1509	TssE	1
Mesorhizobium_jarvisii_strain_ATCC_700743	TssA,TssB,TssC,TssD,TssE,TssF,TssG,TssJ,TssK,TssL,TssM	11
Pseudomonas_mendocina_strain_CPS5	TssA,TssB,TssD,TssE,TssF,TssG,TssJ,TssK,TssL,TssM	10
Legionella_fallonii_LLAP-10_strain_ATCC700992	TssL,TssM	2
Streptococcus_pneumoniae_Hungary19A-6	TssE	1
Allofrancisella_frigidaquae_strain_SYSU_10HL1970	TssB,TssF,TssK,TssL,TssM	5
Bacillus_cellulosilyticus_DSM_2522	TssD	1
Lactobacillus_sp._D1501	TssL	1
Pseudomonas_sp._R84	TssA,TssB,TssD,TssE,TssF,TssG,TssJ,TssK,TssL,TssM	10
Bacillus_wiedmannii_bv._thuringiensis_strain_FCC41	TssA	1
Fusobacterium_nucleatum_subsp._nucleatum_ChDC_F316_strain_KCOM_1322	TssE	1
Gemmataceae_bacterium_PX52	TssA,TssB,TssD,TssE,TssF,TssG,TssK,TssL	8
Mycobacterium_tuberculosis_PanR0610	TssL	1
Candidatus_Melainabacteria_bacterium_nC33_lr_bin.1.fa	TssE	1
Pectobacterium_carotovorum_subsp._carotovorum_PCCS1	TssA,TssB,TssD,TssE,TssF,TssG,TssJ,TssK,TssL,TssM	10
Salmonella_enterica_subsp._enterica_serovar_Enteritidis_str._SA20094642	TssA,TssD,TssE,TssG,TssM	5
Chryseobacterium_sp._JV274_strain_F3_Prior	TssB,TssC,TssE,TssF,TssG,TssK	6
Salmonella_enterica_subsp._enterica_serovar_Enteritidis_str._SA20082034	TssD,TssE,TssG	3
Salmonella_enterica_subsp._enterica_serovar_Rough_O:-:-_strain_10-8700	TssA,TssB,TssD,TssE,TssF,TssG,TssJ,TssK,TssL,TssM	10
Mycobacterium_tuberculosis_PanR0309	TssL	1
Yersinia_enterocolitica_(type_O:9)_str._YE56/03	TssA,TssB,TssD,TssE,TssF,TssG,TssJ,TssK,TssL,TssM	10
Ruthenibacterium_lactatiformans_strain_Ruthenibacterium_lactatiformans_82B1	TssA	1
Salmonella_enterica_subsp._enterica_serovar_Senftenberg_str._361154004	TssA,TssB,TssD,TssE,TssF,TssG,TssJ,TssK,TssL,TssM	10
Pseudomonas_sp._ABC1	TssB,TssL	2
Eubacterium_sp._NSJ-61	TssB,TssE	2
Escherichia_coli_NU14_strain_NU14	TssA,TssB,TssD,TssE,TssF,TssG,TssJ,TssK,TssL,TssM	10
Nocardiopsis_flavescens_strain_NA01583	TssF	1
Synergistetes_bacterium_SGP1	TssA,TssE,TssJ	3
Salmonella_enterica_subsp._enterica_serovar_Enteritidis_str._EC20111576	TssA,TssD,TssE,TssG,TssM	5
Paracoccus_yeei_strain_CCUG_32053	TssE	1
Streptomyces_sp._S1A1-7_strain_Microscale_soil_grain	TssE	1
Candidatus_Methylospira_mobilis_strain_Shm1	TssA,TssB,TssD,TssE,TssF,TssG,TssJ,TssK,TssL	9
Pseudomonas_sp._13159349	TssA,TssB,TssC,TssD,TssE,TssF,TssG,TssJ,TssK,TssL,TssM	11
Halostella_sp._DL-M4	TssE,TssF	2
Pseudomonas_sp._Os17	TssA,TssB,TssD,TssE,TssF,TssG,TssJ,TssK,TssL,TssM	10
Stenotrophomonas_nitritireducens_strain_2001	TssA,TssB,TssD,TssE,TssF,TssG,TssJ,TssK,TssL,TssM	10
Staphylococcus_aureus_subsp._aureus_ST228	TssE	1
Methylobacterium_sp._4-46	TssE	1
Tsukamurella_tyrosinosolvens_strain_NCTC13231	TssL	1
Hymenobacter_sp._BRD128	TssE	1
Burkholderia_pseudomallei_MSHR3965	TssA,TssB,TssD,TssE,TssF,TssG,TssJ,TssK,TssL,TssM	10
Pseudomonas_sp._DY-1_strain_soil	TssA,TssB,TssC,TssD,TssE,TssF,TssG,TssJ,TssK,TssL,TssM	11
Mucilaginibacter_mallensis_strain_MP1X4	TssE	1
Brachyspira_pilosicoli_P43/6/78	TssB	1
Pseudanabaena_sp._ABRG5-3	TssE,TssF	2
Cellulosilyticum_sp._WCF-2	TssE	1
Pectobacterium_carotovorum_subsp._carotovorum_PC1	TssA,TssB,TssD,TssE,TssF,TssG,TssJ,TssK,TssL,TssM	10
Shewanella_dokdonensis_strain_DSM_23626	TssE,TssL	2
Salmonella_enterica_subsp._diarizonae_strain_11-01853	TssA,TssB,TssD,TssE,TssF,TssG,TssJ,TssK,TssL,TssM	10
Rhodococcus_sp._R79	TssL	1
Methanobacterium_sp._MO-MB1	TssF	1
Cellulomonas_sp._PSBB021	TssE	1
Aeromonas_aquatica_strain_MX16A	TssA,TssB,TssD,TssE,TssF,TssG,TssJ,TssK,TssL,TssM	10
Campylobacter_sp._CFSAN093256	TssB	1
Salmonella_enterica_subsp._enterica_serovar_Enteritidis_str._EC20121825	TssA,TssD,TssE,TssG,TssM	5
Leptospira_interrogans_serovar_Linhai_str._56609	TssD,TssL	2
Mycobacterium_tuberculosis_PanR0611	TssL	1
Escherichia_coli_O9:H10_strain_Res13-Lact-PEB20-37-A	TssD,TssE,TssG,TssL	4
Neisseria_gonorrhoeae_NCCP11945	TssE	1
Lactobacillus_delbrueckii_subsp._lactis_DSM_20072	TssE	1
Streptomyces_sp._Rer75	TssE	1
Pseudomonas_qingdaonensis_strain_S-1	TssA,TssB,TssD,TssE,TssF,TssG,TssJ,TssK,TssL,TssM	10
Streptomyces_fulvissimus_DSM_40593	TssE	1
Salmonella_enterica_subsp._enterica_serovar_Newport_str._SL254	TssA,TssB,TssD,TssE,TssF,TssG,TssJ,TssK,TssL,TssM	10
Methylomusa_anaerophila_strain_MMFC1	TssE	1
Mesorhizobium_huakuii_strain_583	TssA,TssB,TssC,TssD,TssE,TssF,TssG,TssJ,TssK,TssL,TssM	11
Acinetobacter_gyllenbergii_strain_NCCP_16015	TssA,TssB,TssD,TssE,TssF,TssG,TssK,TssL,TssM	9
Shewanella_chilikensis_strain_DC57	TssA,TssB,TssC,TssD,TssE,TssF,TssG,TssJ,TssK,TssL,TssM	11
Corynebacterium_sp._1959	TssL	1
Paraburkholderia_sp._7Q-K02	TssA,TssB,TssD,TssE,TssF,TssG,TssJ,TssK,TssL,TssM	10
Micromonospora_craniellae_strain_LHW63014	TssE	1
Methylovorus_sp._MP688	TssK,TssL	2
Staphylococcus_aureus_M1	TssE	1
Legionella_pneumophila_subsp._pneumophila_str._Hextuple_3a	TssL,TssM	2
Rhizobium_sp._K15/93	TssJ	1
Paenibacillus_sonchi_strain_LMG_24727	TssE	1
Salmonella_enterica_subsp._enterica_serovar_Enteritidis_str._EC20090641	TssA,TssD,TssE,TssG,TssM	5
Klebsiella_pneumoniae_subsp._pneumoniae_DD01304	TssA,TssD,TssE,TssF,TssG,TssJ,TssK,TssL,TssM	9
Flavobacterium_anhuiense_strain_M168	TssE	1
Shewanella_carassii_strain_TUM17387	TssA,TssB,TssD,TssE,TssF,TssG,TssJ,TssK,TssL,TssM	10
Nibribacter_sp._BT10	TssE	1
Muricauda_lutaonensis_strain_CC-HSB-11	TssE	1
Lactobacillus_helveticus_DPC_4571	TssE	1
Nitrospira_sp._ENR4	TssD	1
Francisella_noatunensis_subsp._orientalis_str._Toba_04	TssA,TssB,TssK,TssL,TssM	5
Planctomycetes_bacterium_SV_7m_r	TssA,TssB,TssD,TssE,TssF,TssG,TssK,TssL	8
Elizabethkingia_sp._2-6	TssB,TssC,TssE,TssF,TssG	5
Mycobacterium_tuberculosis_str._Kurono	TssL	1
Duodenibacillus_massiliensis_min17_bin56	TssE	1
Chlamydia_psittaci_84/55	TssC	1
Shigella_flexneri_Shi06HN006	TssA,TssE,TssF,TssG,TssL	5
Phycisphaera_mikurensis_NBRC_102666	TssF	1
Pseudomonas_chlororaphis_subsp._chlororaphis_strain_DSM_50083	TssA,TssB,TssD,TssE,TssF,TssG,TssJ,TssK,TssL,TssM	10
Bacillus_sp._FJAT-45348	TssE,TssL	2
Salmonella_enterica_subsp._enterica_serovar_Enteritidis_str._EC20120697	TssD,TssE,TssM	3
Vibrio_cholerae_H1	TssA,TssB,TssD,TssE,TssF,TssG,TssJ,TssK,TssL,TssM	10
Chryseobacterium_indologenes_742	TssB,TssC,TssE,TssF,TssG,TssK	6
Salmonella_enterica_subsp._enterica_serovar_Daytona_strain_NCTC7102	TssA,TssB,TssD,TssE,TssF,TssG,TssJ,TssK,TssL,TssM	10
Azospirillum_sp._TSH100	TssA,TssL	2
Mycobacterium_bovis_BCG_str._Tokyo_172	TssL	1
Paenibacillus_jilunlii_strain_KACC_16679	TssE	1
Desulfocapsa_sulfexigens_DSM_10523	TssA,TssB,TssD,TssE,TssF,TssG,TssJ,TssK,TssL	9
Acetobacter_senegalensis_strain_108B	TssB,TssM	2
Corynebacterium_glutamicum_SCgG1	TssA,TssL	2
Streptomyces_rochei_strain_7434AN4	TssE,TssL	2
Staphylococcus_aureus_subsp._aureus_ED98	TssE	1
Xylella_taiwanensis_PLS1133	TssE	1
Rhizobiales_bacterium_NRL2	TssL	1
Burkholderia_pyrrocinia_JK-SH007	TssA,TssB,TssD,TssE,TssF,TssG,TssJ,TssK,TssL,TssM	10
Cupriavidus_necator_UYPR2.512	TssA,TssB,TssD,TssE,TssF,TssG,TssJ,TssK,TssL,TssM	10
Phyllobacterium_sp._628	TssA,TssB,TssD,TssE,TssF,TssG,TssJ,TssK,TssL,TssM	10
Pseudomonas_sp._WCS374	TssA,TssB,TssD,TssE,TssF,TssG,TssJ,TssK,TssL,TssM	10
Streptococcus_pseudopneumoniae_IS7493	TssE	1
Salmonella_enterica_subsp._enterica_serovar_Enteritidis_str._EC20121826	TssA,TssD,TssE,TssG,TssM	5
Lachnospiraceae_bacterium_MP1D12	TssL	1
Maribacter_sp._B1	TssB	1
Arthrobacter_woluwensis_strain_QTS	TssL	1
Labrenzia_sp._PHM005	TssA,TssB,TssD,TssE,TssF,TssG,TssK,TssL,TssM	9
Klebsiella_pasteurii_Kox205	TssB,TssD	2
Desulfoglaeba_alkanexedens_ALDC	TssB,TssE	2
Weissella_jogaejeotgali_strain_FOL01	TssE	1
Halogeometricum_borinquense_DSM_11551	TssE	1
Pseudomonas_sp._PONIH3	TssA,TssB,TssD,TssE,TssF,TssG,TssJ,TssK,TssL,TssM	10
Streptomyces_sp._WAC_06738	TssE,TssL	2
Bacillus_thuringiensis_serovar_morrisoni_str._4AA1	TssE	1
Pseudomonas_sp._MYb193	TssA,TssB,TssD,TssE,TssF,TssG,TssJ,TssK,TssL,TssM	10
Longicatena_caecimuris_strain_3BBH23	TssA	1
Photobacterium_damselae_subsp._piscicida_strain_91-197	TssD	1
Chryseoglobus_sp._28M-23	TssL	1
Arthrobacter_sp._ATCC_21022	TssE,TssG	2
Eubacterium]_hallii_strain_EH1	TssJ	1
Mycolicibacterium_sediminis_strain_JCM_17899	TssK	1
Calothrix_sp._NIES-4105	TssE,TssL	2
Paenibacillus_stellifer_DSM_14472	TssE	1
Sphingobacterium_multivorum_strain_BIGb0170	TssM	1
Fermentimonas_caenicola_strain_ING2-E5B	TssE	1
Pseudomonas_coronafaciens_strain_X-1	TssA,TssB,TssC,TssD,TssE,TssF,TssG,TssJ,TssK,TssL,TssM	11
Chryseobacterium_camelliae_strain_Dolsongi-HT1	TssB,TssC,TssE,TssF,TssG,TssK	6
Variovorax_sp._RKNM96	TssA,TssB,TssD,TssE,TssF,TssG,TssJ,TssK,TssL,TssM	10
Geobacillus_stearothermophilus_strain_B5	TssC,TssE	2
Lactobacillus_delbrueckii_subsp._bulgaricus_ND02	TssE	1
Actinomyces_sp._MAS-1	TssA	1
Pseudomonas_sp._JY-Q	TssA,TssB,TssC,TssD,TssE,TssF,TssG,TssJ,TssK,TssL,TssM	11
Bradyrhizobium_symbiodeficiens_strain_101S1MB	TssE	1
Bacillus_methanolicus_MGA3	TssC,TssL	2
Planctomyces_limnophilus_DSM_3776	TssE	1
Xanthomonas_sp._LMG_31884	TssE	1
Cronobacter_turicensis_z3032	TssA,TssB,TssD,TssE,TssF,TssG,TssJ,TssK,TssL,TssM	10
Fusobacterium_hwasookii_ChDC_F206	TssE	1
Klebsiella_sp._P1927	TssA,TssD,TssE,TssF,TssG,TssJ,TssK,TssL,TssM	9
Rikenellaceae_bacterium_M3	TssJ	1
Neisseria_gonorrhoeae_TCDC-NG08107	TssE	1
Nitratifractor_salsuginis_DSM_16511	TssE,TssL	2
Enterobacter_cloacae_subsp._cloacae_NCTC_9394	TssA,TssB,TssD,TssE,TssF,TssG,TssJ,TssK,TssL,TssM	10
Escherichia_albertii_KF1	TssA,TssB,TssD,TssE	4
Streptomyces_rimosus_strain_ATCC_10970	TssL,TssM	2
Actinocatenispora_sera_strain_NBRC_101916	TssE,TssF,TssL	3
Acinetobacter_lwoffii_EK30A	TssE,TssM	2
Nocardia_asteroides_FDAARGOS_1485	TssJ	1
Pseudomonas_putida_GB-1	TssA,TssB,TssC,TssD,TssE,TssF,TssG,TssJ,TssK,TssL,TssM	11
Sphingorhabdus_sp._IMCC1753	TssC,TssE,TssM	3
Streptococcus_cristatus_ATCC_51100	TssL	1
Corynebacterium_glutamicum_SCgG2	TssA,TssL	2
Pseudomonas_cannabina_pv._alisalensis_ES4326	TssA,TssB,TssD,TssE,TssF,TssG,TssJ,TssK,TssL,TssM	10
Alkalilimnicola_ehrlichii_MLHE-1	TssA,TssB,TssD,TssE,TssF,TssG,TssJ,TssK,TssL,TssM	10
Legionella_cherrii_strain_NCTC11976	TssA,TssB,TssD,TssE,TssF,TssG,TssJ,TssK,TssL,TssM	10
Pseudomonas_sp._CMR12a	TssA,TssB,TssD,TssE,TssF,TssG,TssJ,TssK,TssL,TssM	10
Klebsiella_pneumoniae_subsp._pneumoniae_ATCC_43816	TssA,TssB,TssD,TssE,TssF,TssG,TssJ,TssK,TssL,TssM	10
Paraburkholderia_edwinii_strain_Pe01	TssA,TssB,TssC,TssD,TssE,TssF,TssG,TssJ,TssK,TssL,TssM	11
Bacillus_sp._FJAT-25496	TssL	1
Glycomyces_sp._TRM65418	TssG,TssL	2
Bacillus_anthracis_str._Turkey32	TssE	1
Faecalibacterium_prausnitzii_L2-6	TssE	1
Salmonella_enterica_subsp._enterica_serovar_Weltevreden	TssA,TssB,TssD,TssE,TssF,TssG,TssJ,TssK,TssL,TssM	10
Streptomyces_deccanensis_KCTC_19241	TssE,TssG,TssM	3
Pseudomonas_viridiflava_strain_CFBP_1590	TssA,TssB,TssD,TssE,TssF,TssG,TssJ,TssK,TssL,TssM	10
Reinekea_forsetii_strain_Hel1_31_D35	TssB,TssD,TssF,TssG,TssJ,TssK,TssL	7
Enterobacter_cloacae_subsp._cloacae_ATCC_13047	TssA,TssB,TssD,TssE,TssF,TssG,TssJ,TssK,TssL,TssM	10
Kaistia_sp._32K	TssB	1
Clostridium_cellulolyticum_H10	TssE	1
Candidatus_Sulcia_muelleri_DMIN	TssE	1
Pseudoalteromonas_issachenkonii_strain_KCTC_12958	TssA,TssB,TssD,TssE,TssF,TssG,TssJ,TssK,TssL,TssM	10
Shewanella_sp._FJAT-53870	TssD,TssE,TssL	3
Neisseria_sicca_strain_DSM_17713	TssA,TssB,TssD,TssE,TssF,TssG,TssJ,TssK,TssL,TssM	10
Paenarthrobacter_sp._YJN-5	TssE	1
Methanocella_conradii_HZ254	TssL	1
Mycoplasma_mycoides_subsp._mycoides_SC_str._Gladysdale	TssB	1
Blautia_massiliensis_FDAARGOS_1576	TssC,TssM	2
Pseudomonas_sp._SXM-1	TssA,TssB,TssD,TssE,TssF,TssG,TssJ,TssK,TssL,TssM	10
Bordetella_genomosp._9_strain_AU14267	TssA,TssB,TssD,TssE,TssF,TssG,TssJ,TssK,TssL,TssM	10
Ruegeria_sp._NKC1-1	TssJ	1
Porphyromonas_sp._oral_taxon_275_strain_W7780	TssK	1
Pseudomonas_sp._RU47	TssA,TssB,TssD,TssE,TssF,TssG,TssJ,TssK,TssL,TssM	10
Corynebacterium_diphtheriae_bv._mitis_strain_PC0646	TssB	1
Halomonas_sp._MCCC_1A11059	TssA,TssB,TssD,TssE,TssF,TssG,TssJ,TssK,TssL,TssM	10
Bordetella_sp._N	TssA,TssB,TssC,TssD,TssE,TssF,TssG,TssJ,TssK,TssL,TssM	11
Melissococcus_plutonius_ATCC_35311	TssL	1
Xanthomonas_sp._LMG_31885	TssE	1
Salmonella_enterica_subsp._enterica_serovar_Enteritidis_str._SA20094389	TssA,TssD,TssE,TssG,TssM	5
Pseudothermotoga_hypogea_DSM_11164_=_NBRC_106472	TssJ	1
Enterobacter_cloacae_complex_'Hoffmann_cluster_III'_strain_AR_0365	TssA,TssB,TssD,TssE,TssF,TssG,TssJ,TssK,TssL,TssM	10
Escherichia_coli_O145:NM_strain_FWSEC0002	TssD,TssE,TssF,TssG,TssL	5
Candidatus_Accumulibacter_phosphatis_clade_IIA_str._UW-1	TssE	1
Pseudomonas_cichorii_strain_DSM_50259	TssA,TssB,TssD,TssE,TssF,TssG,TssJ,TssK,TssL,TssM	10
Streptomyces_sp._S1A1-8_strain_Microscale_soil_grain	TssE	1
Pseudomonas_sp._11K1	TssA,TssB,TssC,TssD,TssE,TssF,TssG,TssJ,TssK,TssL,TssM	11
Cupriavidus_taiwanensis_SWF66294	TssA,TssB,TssD,TssE,TssF,TssG,TssJ,TssK,TssL,TssM	10
Marinomonas_primoryensis_strain_AceL	TssD,TssE	2
Xanthomonas_phaseoli_pv._manihotis_strain_CHN01	TssA,TssB,TssC,TssD,TssE,TssF,TssG,TssK,TssL	9
Desulfobacter_hydrogenophilus_strain_AcRS1	TssE	1
Campylobacter_lari_RM16712	TssA,TssB,TssD,TssE,TssF,TssG,TssJ,TssK,TssL,TssM	10
Halococcus_dombrowskii_H4	TssE	1
Steroidobacter_denitrificans_strain_DSM_18526	TssL	1
Sphingorhabdus_sp._JK6	TssE	1
Ralstonia_solanacearum_Po82	TssA,TssB,TssD,TssE,TssF,TssG,TssK,TssL,TssM	9
Yersinia_enterocolitica_2516-87	TssA,TssB,TssD,TssE,TssF,TssG,TssJ,TssK,TssL,TssM	10
Clostridium_difficile_M68	TssC	1
Yersinia_pestis_str._Pestoides_B	TssA,TssB,TssD,TssE,TssF,TssG,TssJ,TssK,TssL,TssM	10
Serratia_marcescens_FGI94	TssA,TssB,TssD,TssE,TssF,TssG,TssJ,TssK,TssL,TssM	10
Methylotenera_mobilis_JLW8	TssL	1
Sutterella_sp._KGMB03119	TssL	1
Leifsonia_sp._ZF2019	TssE	1
Microbulbifer_sp._ALW1	TssA,TssB,TssD,TssE,TssF,TssG,TssJ,TssK,TssL,TssM	10
Pseudomonas_putida_KT2440	TssA,TssB,TssC,TssD,TssE,TssF,TssG,TssJ,TssK,TssL,TssM	11
Francisella_philomiragia_GA01-2794	TssA,TssB,TssE,TssF,TssG,TssJ,TssK,TssL,TssM	9
Hydrogenophaga_sp._PBL-H3	TssE	1
Methylacidiphilum_fumariolicum_SolV	TssE	1
Campylobacter_sp._CFSAN093259	TssB,TssE	2
Streptomyces_sp._CB04723	TssE,TssL	2
Campylobacter_avium_LMG_24591	TssA,TssB,TssD,TssE,TssF,TssG,TssK,TssL	8
Methanosarcina_mazei_Tuc01	TssE	1
Salmonella_bongori_serovar_48:z41:--_str._RKS3044	TssA,TssB,TssC,TssD,TssE,TssF,TssG,TssJ,TssK,TssL,TssM	11
Arthrobacter_sp._PAMC25284	TssK,TssL	2
Colwellia_sp._Arc7-635	TssB	1
Escherichia_coli_NCCP15648	TssA,TssB,TssD,TssE,TssF,TssG,TssJ,TssK,TssL,TssM	10
Lysobacter_sp._H23M47	TssA,TssB,TssD,TssE,TssF,TssG,TssJ,TssK,TssL,TssM	10
Peptoclostridium_difficile_BI9	TssC	1
Acidovorax_citrulli_AAC00-1	TssA,TssB,TssD,TssE,TssF,TssG,TssJ,TssK,TssL,TssM	10
Natrinema_pallidum_strain_BOL6-1	TssE	1
Citrobacter_sp._RHBSTW-00887	TssA,TssB,TssD,TssE,TssF,TssG,TssJ,TssK,TssL,TssM	10
Aggregatibacter_aphrophilus_ATCC_33389_strain_NCTC5906_strain_NCTC_5906	TssA,TssB,TssD,TssE,TssF,TssG,TssJ,TssK,TssL,TssM	10
Escherichia_coli_O128ac:H12_strain_AW1.7	TssD,TssE,TssG,TssL	4
Cellulomonas_fimi_strain_NCTC7547	TssD,TssE,TssM	3
Methanoplanus_petrolearius_DSM_11571	TssE	1
Halomonas_sp._hl-4	TssA,TssB,TssD,TssE,TssF,TssG,TssJ,TssK,TssL,TssM	10
Enterobacter_hormaechei_48411CZ	TssA,TssB,TssD,TssE,TssF,TssG,TssJ,TssK,TssL,TssM	10
Pseudomonas_sp._SCB32	TssA,TssB,TssD,TssE,TssF,TssG,TssJ,TssK,TssL,TssM	10
Pseudomonas_sp._SWI6	TssA,TssB,TssD,TssE,TssF,TssG,TssJ,TssK,TssL,TssM	10
Burkholderia_rhizoxinica_HKI_454	TssE	1
Bradyrhizobium_sp._ORS_3257_strain_ORS3257	TssA,TssC,TssE	3
Pseudomonas_aeruginosa_LESB58	TssA,TssB,TssD,TssE,TssF,TssG,TssJ,TssK,TssL,TssM	10
Lysinibacillus_macroides_strain_FDAARGOS_925_strain_Not_applicable	TssD,TssE	2
Klebsiella_pneumoniae_CG43	TssA,TssB,TssD,TssE,TssF,TssG,TssJ,TssK,TssL,TssM	10
Variovorax_sp._PBL-H6	TssJ,TssL,TssM	3
Streptomyces_coelicolor_JCM_4020	TssE,TssL	2
Stenotrophomonas_maltophilia_EPM1	TssE,TssL,TssM	3
Escherichia_coli_APEC_O2-211_strain_APEC_O2-211	TssA,TssB,TssD,TssE,TssF,TssG,TssJ,TssK,TssL,TssM	10
Campylobacter_lari_NCTC_11845	TssA,TssB,TssD,TssE,TssF,TssG,TssJ,TssK,TssL,TssM	10
bacterium_AB1_strain_AB1-8	TssA,TssB,TssE,TssK,TssL	5
Nostoc_sp._PCC_7120	TssE	1
Borrelia_crocidurae_DOU	TssB	1
Francisella_adeliensis_strain_FSC1325	TssB,TssK,TssL,TssM	4
Legionella_pneumophila_subsp._pneumophila_ATCC_43290	TssL,TssM	2
Hymenobacter_sp._DY53	TssA,TssF	2
Thermosulfuriphilus_ammonigenes_strain_ST65	TssK	1
Paenibacillus_taichungensis_strain_JNUCC31_strain_JNUCC-31	TssE	1
Planctomycetales_bacterium_10988	TssA,TssB,TssD,TssE,TssF,TssG,TssK,TssL	8
Burkholderia_territorii_strain_MSMB2203WGS	TssA,TssB,TssD,TssE,TssF,TssG,TssJ,TssK,TssL,TssM	10
Yersinia_enterocolitica_(type_O:5)_str._YE53/03	TssA,TssB,TssD,TssE,TssF,TssG,TssJ,TssK,TssL,TssM	10
Sphingomonas_sp._PAMC26645	TssA,TssB,TssD,TssE,TssF,TssG,TssK,TssL,TssM	9
Fibrobacteres_bacterium_strain_Fred_18-Q3-R57-64_MAXAC.109_cln	TssA,TssB,TssD,TssE,TssF,TssG,TssK,TssL,TssM	9
Escherichia_fergusonii_5zf15-2-1	TssA,TssB,TssD,TssE,TssF,TssG,TssJ,TssK,TssL,TssM	10
Citrobacter_sp._CFNIH10	TssA,TssB,TssD,TssE,TssF,TssG,TssJ,TssK,TssL,TssM	10
Chryseobacterium_sp._E1	TssB,TssC,TssE,TssF,TssG,TssK,TssM	7
Streptomyces_coelicolor_A3(2)	TssE,TssL	2
Thermaerobacter_sp._FW80	TssL	1
Vogesella_sp._LIG4_strain_lig4	TssA,TssB,TssD,TssE,TssF,TssG,TssJ,TssK,TssL,TssM	10
Candidatus_Syntrophocurvum_alkaliphilum_strain_B(2M)_strain_B(2M)_strain_B(2M)	TssF	1
Beijerinckiaceae_bacterium_RH_AL1_strain_RH_AL1	TssA,TssB,TssD,TssE,TssF,TssG,TssK,TssL,TssM	9
Alcaligenaceae_bacterium_SJ-26	TssA,TssB,TssD,TssE,TssF,TssG,TssJ,TssK,TssL	9
Dyella_terrae_Ely_Copper_Mine	TssA,TssB,TssC,TssD,TssE,TssF,TssG,TssJ,TssK,TssL,TssM	11
Stenotrophomonas_maltophilia_K279a	TssE	1
Paraburkholderia_megapolitana_strain_LMG_23650	TssA,TssB,TssD,TssE,TssF,TssG,TssJ,TssK,TssL,TssM	10
Burkholderia_pseudomallei_BPC006	TssA,TssB,TssD,TssE,TssF,TssG,TssJ,TssK,TssL,TssM	10
Dysosmobacter_sp._Marseille-Q4140	TssE,TssL	2
Staphylococcus_aureus_subsp._aureus_N315	TssE	1
Cryobacterium_sp._GCJ02	TssD	1
Vibrio_sp._B1ASS3	TssA,TssB,TssD,TssE,TssF,TssG,TssJ,TssK,TssL,TssM	10
Humibacter_sp._WJ7-1	TssL	1
Candidatus_Saccharibacteria_bacterium_RAAC3_TM7_1	TssL	1
Salmonella_enterica_subsp._enterica_serovar_Enteritidis_str._SA19971331	TssA,TssD,TssE,TssG,TssM	5
Edwardsiella_piscicida_18EpOKYJ	TssA,TssB,TssD,TssE,TssF,TssG,TssJ,TssK,TssL	9
Mycobacterium_tuberculosis_18b	TssL	1
Klebsiella_sp._G5	TssE	1
Chromobacterium_violaceum_strain_CV1192	TssA,TssB,TssD,TssE,TssF,TssG,TssJ,TssK,TssL,TssM	10
Lactococcus_sp._LG592	TssB,TssL	2
Aeromonas_sp._FDAARGOS_1403_strain_Not_applicable	TssA,TssB,TssD,TssE,TssF,TssG,TssJ,TssK,TssL,TssM	10
Borrelia_afzelii_K78	TssB	1
Diaphorobacter_sp._MNS-0	TssE,TssG,TssL	3
Pseudomonas_sp._SWI7	TssA,TssB,TssD,TssE,TssF,TssG,TssJ,TssK,TssL,TssM	10
Prevotella_sp._WR041	TssB,TssL	2
Planctomycetes_bacterium_K2D	TssA,TssB,TssD,TssE,TssF,TssG,TssK,TssL	8
Amycolatopsis_orientalis_HCCB10007	TssE,TssL	2
Bacillaceae_bacterium_ZC4	TssC	1
Faecalicatena_sp._Marseille-Q4148	TssA	1
Pseudomonas_protegens_Cab57	TssA,TssB,TssD,TssE,TssF,TssG,TssJ,TssK,TssL,TssM	10
Caballeronia_zhejiangensis_A33_M4_a	TssA,TssB,TssD,TssE,TssF,TssG,TssJ,TssK,TssL,TssM	10
Echinicola_strongylocentroti_strain_MEBiC08714	TssE,TssJ	2
Thermoflexus_hugenholtzii_strain_RBS10-4	TssL	1
Methanobrevibacter_sp._YE315	TssB,TssC	2
Swingsia_sp._F3b2	TssE	1
Arcobacter_cryaerophilus_D2610	TssC,TssL	2
Pseudomonas_sp._IzPS59	TssA,TssB,TssD,TssE,TssF,TssG,TssJ,TssK,TssL,TssM	10
Mycobacterium_tuberculosis_H37RvHA	TssL	1
uncultured_Desulfatiglans_sp._strain_IK1	TssA,TssB,TssD,TssE,TssF,TssG,TssJ,TssK,TssL	9
Aggregatibacter_sp._2125159857	TssE	1
Francisella_sp._TX077308	TssB,TssF,TssK,TssL,TssM	5
Pontibacillus_sp._HMF3514	TssJ,TssL	2
Blastochloris_viridis_strain_1	TssE,TssJ	2
Salmonella_enterica_subsp._enterica_serovar_Typhimurium_str._U288	TssA,TssB,TssD,TssE,TssF,TssG,TssJ,TssK,TssL,TssM	10
Pectobacterium_carotovorum_subsp._carotovorum_strain_67	TssA,TssB,TssD,TssE,TssF,TssG,TssJ,TssK,TssL,TssM	10
Helicobacter_canadensis_strain_MGYG-HGUT-01348	TssA,TssB,TssD,TssE,TssF,TssG,TssK,TssL	8
Polymorphobacter_sp._PAMC_29334	TssA,TssB,TssD,TssE,TssF,TssG,TssK,TssL,TssM	9
Corynebacterium_renale_strain_NCTC11140	TssB,TssL	2
Clostridium]_cellulosi_strain_DG5	TssK	1
Halomonas_sp._1513_strain_1513	TssA,TssB,TssD,TssE,TssF,TssG,TssJ,TssK,TssL,TssM	10
Leisingera_sp._NJS201	TssA,TssB,TssD,TssE,TssF,TssG,TssK,TssL,TssM	9
Acidovorax_sp._NA2_strain_NA2	TssE,TssG	2
Sphingomonas_sanguinis_strain_NP2-R2	TssE	1
Microbacterium_pygmaeum_strain_DSM_23142	TssL	1
Ilyobacter_polytropus_DSM_2926	TssE,TssJ	2
Bradyrhizobium_sp._S2-20-1	TssA	1
Corynebacterium_deserti_GIMN1.010	TssA,TssE,TssL	3
Pseudomonas_sp._GR_6-02	TssA,TssB,TssD,TssE,TssF,TssG,TssJ,TssK,TssL,TssM	10
Candidatus_Sodalis_pierantonius_strain_SOPE	TssE	1
Rhodanobacter_glycinis_strain_T01E-68	TssA,TssB,TssD,TssE,TssF,TssG,TssJ,TssK,TssL,TssM	10
Sinorhizobium_fredii_HH103	TssK,TssL	2
Myroides_profundi_D25	TssB,TssC,TssE,TssF,TssG,TssK	6
Caulobacter_segnis_ATCC_21756	TssL	1
Natrialbaceae_archaeon_strain_KZCA101	TssE	1
Mannheimia_granulomatis_strain_B_234/94	TssE	1
Marinobacter_sp._NP-4(2019)_strain_NP-4(2019)_strain_NP-4(2019)_strain_NP-4(2019)	TssA,TssB,TssD,TssE,TssF,TssG,TssJ,TssK,TssL,TssM	10
Salmonella_enterica_subsp._enterica_serovar_Minnesota_strain_CFSAN017963	TssA,TssB,TssD,TssE,TssF,TssG,TssJ,TssK,TssL,TssM	10
Salmonella_enterica_subsp._enterica_serovar_Newport_str._CDC_2012K-0663	TssA,TssB,TssD,TssE,TssF,TssG,TssJ,TssK,TssL,TssM	10
Phycisphaerae_bacterium_ST-NAGAB-D1_strain_ST-NAGAB-D1	TssA,TssD	2
Chitinophaga_sp._E66	TssE,TssL,TssM	3
Arthrobacter_citreus_strain_NEB_577	TssA,TssC,TssL	3
Paraburkholderia_tropica_strain_IAC135	TssA,TssB,TssD,TssE,TssF,TssG,TssJ,TssK,TssL,TssM	10
Neisseria_macacae_ATCC_33926	TssA,TssB,TssD,TssE,TssF,TssG,TssJ,TssK,TssL,TssM	10
Providencia_alcalifaciens_2019-01-3283-1-1	TssA,TssB,TssD,TssE,TssF,TssG,TssJ,TssK,TssL,TssM	10
Exiguobacterium_sp._PBE	TssL	1
Fusobacterium_nucleatum_strain_Fn12230	TssE	1
Thauera_sp._MZ1T	TssE,TssJ	2
Pseudomonas_zhaodongensis_LQ01-5	TssA,TssB,TssD,TssE,TssF,TssG,TssJ,TssK,TssL,TssM	10
Helicobacter_pylori_SNT49	TssE	1
Melissococcus_plutonius_S1	TssL	1
Xanthomonas_axonopodis_pv._glycines_str._8ra	TssA,TssB,TssC,TssD,TssE,TssF,TssG,TssJ,TssK,TssL,TssM	11
Paenibacillus_psychroresistens_strain_ML311-T8	TssE	1
Bacillus_sp._THAF10	TssL	1
Vibrio_sp._EJY3	TssE	1
Amphritea_japonica_ATCC_BAA-1530	TssA,TssB,TssD,TssE,TssF,TssG,TssJ,TssK,TssL,TssM	10
Cystobacter_fuscus_strain_DSM_52655	TssA,TssB,TssD,TssE,TssF,TssG,TssJ,TssK,TssL,TssM	10
Salmonella_enterica_subsp._enterica_serovar_Enteritidis_str._EC20121744	TssA,TssD,TssE,TssG,TssM	5
Thermus_scotoductus_SA-01	TssL	1
Escherichia_coli_O145_strain_RM10425-C1	TssD,TssE,TssF,TssG,TssL	5
Olleya_sp._Bg11-27	TssB,TssC,TssE,TssF,TssL	5
Enterobacteriaceae_bacterium_S05	TssE	1
Burkholderia_sp._PAMC_26561	TssA,TssF,TssM	3
Stenotrophomonas_sp._LM091	TssA,TssB,TssD,TssE,TssF,TssG,TssJ,TssK,TssL,TssM	10
Streptomyces_sp._S4.7	TssE	1
Escherichia_coli_DSM_30083_=_JCM_1649_=_ATCC_11775	TssA,TssB,TssD,TssE,TssF,TssG,TssJ,TssK,TssL,TssM	10
Flavobacterium_columnare_ATCC_49512	TssB,TssC,TssE,TssF,TssG,TssK	6
Klebsiella_oxytoca_HKOPL1	TssA,TssB,TssD,TssE,TssF,TssG,TssJ,TssK,TssM	9
Pseudomonas_taiwanensis_strain_CC	TssA,TssB,TssC,TssD,TssE,TssF,TssG,TssJ,TssK,TssL,TssM	11
Escherichia_coli_O170:H18_strain_OLC-1056	TssA,TssB,TssD,TssE,TssF,TssG,TssJ,TssK,TssL,TssM	10
Escherichia_coli_C_strain_C	TssB,TssD,TssE,TssL	4
Bdellovibrio_bacteriovorus_str._Tiberius	TssL	1
Staphylococcus_aureus_subsp._aureus_ED133	TssE	1
Natribaculum_breve_TRM20010	TssE,TssJ	2
Rhodococcus_sp._BH4_strain_BH4	TssD	1
Burkholderia_ubonensis_MSMB22	TssA,TssB,TssD,TssE,TssF,TssG,TssJ,TssK,TssL,TssM	10
Salmonella_enterica_subsp._enterica_serovar_Paratyphi_C_strain_07-0715	TssA,TssB,TssD,TssE,TssF,TssG,TssJ,TssK,TssL,TssM	10
Brachyspira_murdochii_DSM_12563	TssC	1
Streptomyces_lunaelactis_strain_MM109	TssE	1
Pseudonocardia_sp._DSM_110487	TssJ	1
Oblitimonas_alkaliphila_strain_B4199	TssA,TssB,TssD,TssE,TssF,TssG,TssJ,TssK,TssL,TssM	10
Salmonella_enterica_subsp._houtenae_serovar_43:z4_strain_CVM_24399	TssA,TssB,TssD,TssE,TssF,TssG,TssJ,TssK,TssL,TssM	10
Enterobacter_sp._DSM_30060	TssA,TssB,TssD,TssE,TssF,TssG,TssJ,TssK,TssL,TssM	10
Psychrobacter_sp._P11G5	TssA,TssB,TssD,TssE,TssF,TssG,TssK,TssL,TssM	9
Nostoc_sp._NIES-4103	TssE,TssL	2
Janthinobacterium_agaricidamnosum_NBRC_102515_=_DSM_9628	TssA,TssB,TssC,TssD,TssE,TssF,TssG,TssK,TssL,TssM	10
Geobacillus_thermoleovorans_CCB_US3_UF5	TssE	1
Sphingobacterium_sp._21	TssB,TssC,TssE,TssG,TssK	5
Vibrio_sp._B1FLJ16	TssA,TssB,TssD,TssE,TssF,TssG,TssJ,TssK,TssL,TssM	10
Leifsonia_sp._467MF	TssL	1
Labrenzia_sp._THAF187b	TssA,TssB,TssD,TssE,TssF,TssG,TssK,TssL,TssM	9
Mycoplasma_gallisepticum_NY01_2001.047-5-1P	TssE	1
Pseudomonas_rhodesiae_strain_AAMF24	TssA,TssB,TssD,TssE,TssF,TssG,TssJ,TssK,TssL,TssM	10
Aequorivita_sp._KX20305	TssE	1
Enterobacter_sp._RHBSTW-00593	TssA,TssB,TssD,TssE,TssF,TssG,TssJ,TssK,TssL,TssM	10
Taylorella_equigenitalis_14/56	TssA,TssB,TssD,TssE,TssF,TssJ,TssK,TssL,TssM	9
Rhizobium_etli_bv._mimosae_str._IE4771	TssA,TssB,TssD,TssE,TssF,TssG,TssJ,TssK,TssL,TssM	10
Xanthomonas_translucens_pv._secalis_CFBP_2539	TssA,TssB,TssC,TssD,TssE,TssF,TssG,TssJ,TssK,TssL,TssM	11
Paraburkholderia_sp._Msb3_strain_PDMSB31	TssA,TssB,TssD,TssE,TssF,TssG,TssJ,TssK,TssL,TssM	10
Janthinobacterium_sp._SNU_WT1	TssA,TssB,TssD,TssE,TssF,TssG,TssJ,TssK,TssL,TssM	10
Streptomyces_pristinaespiralis_strain_HCCB_10218	TssE	1
Bradyrhizobium_sp._CCBAU_53338	TssE	1
Legionella_spiritensis_strain_NCTC11990	TssA,TssB,TssD,TssE,TssF,TssG,TssJ,TssK,TssL,TssM	10
Escherichia_coli_O85:H1_strain_03-3638	TssA,TssB,TssD,TssE,TssF,TssG,TssJ,TssK,TssL,TssM	10
Erysipelotrichaceae_bacterium_I46	TssA	1
Salmonella_enterica_subsp._enterica_serovar_1,4,[5],12:i:-_strain_12-214-06665	TssA,TssB,TssD,TssE,TssF,TssG,TssJ,TssK,TssL,TssM	10
Salmonella_enterica_subsp._enterica_serovar_Typhimurium_Blastoise	TssA,TssB,TssD,TssE,TssF,TssG,TssJ,TssK,TssL,TssM	10
Corynebacterium_testudinoris_strain_DSM_44614	TssB	1
Halomonas_sp._PGE1	TssB,TssL	2
Vibrio_natriegens_NBRC_15636_=_ATCC_14048_=_DSM_759	TssE	1
Salmonella_enterica_subsp._enterica_serovar_Anatum_str._USDA-ARS-USMARC-1735	TssA,TssB,TssD,TssE,TssF,TssG,TssJ,TssK,TssL,TssM	10
Streptomyces_murinus_strain_Am1	TssE	1
Aureitalea_sp._RR4-38	TssE	1
Chromobacterium_sp._Beijing	TssA,TssB,TssC,TssD,TssE,TssF,TssG,TssJ,TssK,TssL,TssM	11
Niastella_koreensis_GR20-10	TssB,TssC,TssD,TssE,TssF,TssG,TssL	7
Bacteroides_sp._A1C1	TssC,TssE,TssF,TssG,TssK	5
Vibrio_mimicus_strain_06-2455	TssA,TssB,TssD,TssE,TssF,TssG,TssJ,TssK,TssL,TssM	10
Vibrio_sp._SM1977	TssE	1
Bacillus_anthracis_52-G	TssE	1
Flavobacterium_sp._LPB0076	TssE	1
Edwardsiella_hoshinae_strain_ATCC_35051	TssE	1
Bradyrhizobium_sp._TM102	TssC,TssE	2
Tumebacillus_sp._AR23208_strain_AR23208	TssA,TssB,TssE	3
Marinobacter_adhaerens_strain_HP15-B	TssA,TssB,TssC,TssD,TssE,TssF,TssG,TssJ,TssK,TssL,TssM	11
Tsukamurella_paurometabola_FDAARGOS_1558	TssL	1
Actinomyces_sp._410_strain_feces	TssL	1
Pseudomonas_sp._St316	TssA,TssB,TssC,TssD,TssE,TssF,TssG,TssJ,TssK,TssL,TssM	11
Salmonella_enterica_subsp._enterica_serovar_Montevideo_str._USDA-ARS-USMARC-1912	TssA,TssB,TssD,TssE,TssF,TssG,TssJ,TssK,TssL,TssM	10
Streptomyces_alfalfae_strain_Men-myco-93-63	TssE,TssL	2
Salmonella_enterica_subsp._enterica_serovar_Anatum_str._USDA-ARS-USMARC-1781	TssA,TssB,TssD,TssE,TssF,TssG,TssJ,TssK,TssL,TssM	10
Streptomyces_sp._VN1	TssE	1
Aromatoleum_petrolei_strain_ToN1	TssA,TssB,TssD,TssE,TssF,TssG,TssJ,TssK,TssL,TssM	10
Raoultella_ornithinolytica_B6	TssA,TssD	2
Mycolicibacterium_septicum_strain_PDNC012	TssD	1
Streptomyces_sp._SS52	TssE	1
Shewanella_sp._Arc9-LZ	TssA,TssB,TssD,TssE,TssF,TssG,TssJ,TssK,TssL,TssM	10
Cobetia_marina_strain_JCM_21022	TssA,TssB,TssD,TssE,TssF,TssG,TssJ,TssK,TssL,TssM	10
Citrobacter_sp._86	TssD,TssE	2
Halorhabdus_utahensis_DSM_12940	TssD,TssM	2
Adlercreutzia_equolifaciens_DSM_19450	TssL	1
Mycobacterium_abscessus_subsp._bolletii_103	TssL	1
Escherichia_coli_O27:H7_strain_B4103-1	TssA,TssB,TssD,TssE,TssG,TssL,TssM	7
Sebaldella_termitidis_ATCC_33386	TssE	1
Shewanella_sp._FJAT-51649	TssC	1
Dyella_caseinilytica_strain_DHOB09	TssA,TssB,TssD,TssE,TssF,TssG,TssJ,TssK,TssL,TssM	10
Yersinia_pestis_1045	TssA,TssB,TssD,TssE,TssF,TssG,TssJ,TssK,TssL,TssM	10
Caproiciproducens_galactitolivorans_strain_BS-1	TssG	1
Microbulbifer_sp._CCB-MM1	TssE	1
Ralstonia_pickettii_12D	TssA,TssB,TssD,TssE,TssF,TssG,TssJ,TssK,TssL,TssM	10
Chryseobacterium_sp._G0162	TssB,TssC,TssE,TssF,TssG,TssK	6
Streptococcus_pneumoniae_19A-19087	TssE	1
Cupriavidus_necator_H16_strain_DSM_428	TssA,TssB,TssD,TssE,TssF,TssG,TssJ,TssK,TssL,TssM	10
Escherichia_coli_UMNF18	TssA,TssB,TssD,TssE,TssL,TssM	6
Thermoanaerobacterales_bacterium_SK-G1	TssE,TssL	2
Delftia_tsuruhatensis_BB1455	TssA,TssB,TssC,TssD,TssE,TssF,TssG,TssJ,TssK,TssL,TssM	11
Halomonas_sp._TD01_Halomonas_Bluephagenesis	TssA,TssB,TssD,TssE,TssF,TssG,TssJ,TssK,TssL,TssM	10
Corynebacterium_glutamicum_MB001	TssL	1
Ottowia_sp._oral_taxon_894_strain_W10237	TssE	1
Pseudomonas_cremoricolorata_ND07	TssA,TssB,TssD,TssE,TssF,TssG,TssJ,TssK,TssL,TssM	10
Sphingomonas_sanxanigenens_DSM_19645_=_NX02	TssA,TssB,TssD,TssE,TssF,TssG,TssK,TssL,TssM	9
Salmonella_enterica_subsp._enterica_serovar_Anatum_str._USDA-ARS-USMARC-1736	TssA,TssB,TssD,TssE,TssF,TssG,TssJ,TssK,TssL,TssM	10
Flavobacterium_nitrogenifigens_strain_KACC_18538	TssE,TssF	2
Candidatus_Nesciobacter_abundans_strain_1604HC	TssB,TssE,TssF,TssG,TssK,TssL	6
Salmonella_enterica_subsp._enterica_serovar_Enteritidis_str._EC20121746	TssA,TssD,TssE,TssG,TssM	5
Alphaproteobacteria_bacterium_R1DC25	TssE	1
Rhodovulum_sp._P5_strain_P5	TssA,TssB,TssC,TssD,TssE,TssF,TssG,TssK,TssL,TssM	10
Leisingera_sp._NJS204	TssA,TssB,TssD,TssE,TssF,TssG,TssK,TssL,TssM	9
Eggerthella_sp._YY7918	TssL	1
Enterobacter_cloacae_complex_sp._ECL68	TssA,TssB,TssD,TssE,TssF,TssG,TssJ,TssK,TssL,TssM	10
Enterococcus_casseliflavus_EC20	TssD	1
Deefgea_sp._D13	TssA,TssE	2
Pseudoalteromonas_sp._OCN003	TssA,TssB,TssD,TssE,TssF,TssG,TssJ,TssK,TssL,TssM	10
Salmonella_enterica_subsp._enterica_serovar_California_strain_CD-SL01	TssA,TssB,TssD,TssE,TssF,TssG,TssJ,TssK,TssL,TssM	10
Dolichospermum_sp._DET69	TssE	1
Bartonella_krasnovii_36C_7b	TssB,TssE	2
Rhizobium_sp._N621	TssB,TssD,TssE,TssF,TssG,TssK,TssL,TssM	8
Cellulophaga_sp._HaHa_2_1	TssC,TssE,TssF,TssK	4
Paraburkholderia_graminis_strain_PHS1	TssA,TssB,TssC,TssD,TssE,TssF,TssG,TssJ,TssK,TssL,TssM	11
Salmonella_enterica_subsp._enterica_serovar_Montevideo_str._USDA-ARS-USMARC-1913	TssA,TssB,TssD,TssE,TssF,TssG,TssJ,TssK,TssL,TssM	10
Pseudomonas_amygdali_pv._tabaci_strain_6605	TssA,TssB,TssC,TssD,TssE,TssF,TssG,TssJ,TssK,TssL,TssM	11
Pseudomonas_sp._bs2935	TssA,TssB,TssD,TssE,TssF,TssG,TssJ,TssK,TssL,TssM	10
Halobacillus_halophilus_strain_HL2HP6	TssE	1
Xanthomonas_translucens_pv._phleipratensis_LMG_843	TssA,TssB,TssD,TssE,TssF,TssG,TssJ,TssK,TssL,TssM	10
Massilia_sp._UMI-21	TssA,TssB,TssD,TssE,TssF,TssG,TssJ,TssK,TssL,TssM	10
Francisella_sp._Scap27	TssB,TssK,TssL	3
Staphylococcus_warneri_SG1	TssA	1
Bacillus_subtilis_subsp._subtilis_str._AG1839	TssE	1
Mycolicibacter_heraklionensis_strain_JCM_30995	TssL	1
Sphingomonas_sp._C8-2	TssE	1
Paenisporosarcina_sp._K2R23-3	TssE	1
Wolbachia_endosymbiont_of_Drosophila_simulans_strain_wAu_strain_KB177	TssE	1
Alcanivorax_xenomutans_strain_P40	TssA,TssB,TssD,TssE,TssF,TssG,TssJ,TssK,TssL,TssM	10
Rahnella_aquatilis_H145	TssA,TssB,TssD,TssE,TssF,TssG,TssJ,TssK,TssL,TssM	10
Calothrix_sp._NIES-2100	TssE,TssL	2
Salmonella_enterica_subsp._enterica_serovar_Enteritidis_str._EC20130345	TssA,TssD,TssE,TssG,TssM	5
Prochlorococcus_marinus_str._NATL2A	TssE	1
Sulfurospirillum_multivorans_DSM_12446	TssC	1
Calothrix_sp._NIES-4071	TssE,TssL	2
Mycobacterium_bovis_ATCC_BAA-935	TssL	1
Salmonella_enterica_subsp._enterica_serovar_Hvittingfoss_strain_AUSMDU00005056	TssA,TssB,TssD,TssE,TssF,TssG,TssJ,TssK,TssL,TssM	10
Salmonella_enterica_subsp._enterica_serovar_Paratyphi_A_str._AKU_12601	TssA,TssB,TssD,TssE,TssF,TssG,TssJ,TssK,TssL,TssM	10
Salmonella_enterica_subsp._enterica_serovar_Typhimurium_str._USDA-ARS-USMARC-1910	TssA,TssB,TssD,TssE,TssF,TssG,TssJ,TssK,TssL,TssM	10
Filimonas_lacunae_strain_NBRC_104114	TssB,TssC,TssD,TssE,TssF,TssG,TssK,TssL	8
Geobacillus_sp._E263	TssL	1
Xanthomonas_arboricola_pv._pruni_Xcp1	TssB,TssE,TssM	3
Chromobacterium_haemolyticum_strain_CH06-BL	TssA,TssB,TssC,TssD,TssE,TssF,TssG,TssJ,TssK,TssL,TssM	11
Francisella_tularensis_subsp._tularensis_str._SCHU_S4_substr._NR-28534	TssB,TssK,TssL	3
Hyphomicrobium_nitrativorans_NL23	TssL	1
Lactococcus_garvieae_Lg2	TssL	1
Mammaliicoccus_lentus_strain_Colony430	TssC,TssD	2
Treponema_ruminis_strain_RU1	TssL	1
Salmonella_enterica_subsp._enterica_serovar_Enteritidis_str._EC20121747	TssA,TssD,TssE,TssG,TssM	5
Bordetella_sp._H567	TssA,TssB,TssD,TssE,TssF,TssG,TssJ,TssK,TssL,TssM	10
Duganella_sp._GN2-R2	TssA,TssB,TssD,TssE,TssF,TssG,TssJ,TssK,TssL,TssM	10
Pseudomonas_lalkuanensis_ACYW.190	TssA,TssB,TssC,TssD,TssE,TssF,TssG,TssJ,TssK,TssL,TssM	11
Bacillus_thuringiensis_HD1002	TssE	1
Acinetobacter_sp._FDAARGOS_493_strain_Not_applicable	TssA,TssB,TssD,TssE,TssF,TssG,TssK,TssL,TssM	9
Salmonella_bongori_serovar_40:z35:-_strain_CFSAN001045	TssA,TssB,TssC,TssD,TssE,TssF,TssG,TssK,TssL	9
Aeromonas_encheleia_H4-C21	TssA,TssB,TssD,TssE,TssF,TssG,TssJ,TssK,TssL,TssM	10
Brachyspira_hyodysenteriae_strain_BHZ375	TssB	1
Lactobacillus_reuteri_DSM_20016	TssL	1
Salmonella_enterica_subsp._enterica_serovar_Enteritidis_str._EC20110360	TssA,TssD,TssE,TssG,TssM	5
Burkholderia_vietnamiensis_FDAARGOS_1488	TssA,TssB,TssD,TssE,TssF,TssG,TssJ,TssK,TssL,TssM	10
Mycobacterium_tuberculosis_H37RvMA	TssL	1
Xanthomonas_axonopodis_Xac29-1	TssA,TssB,TssC,TssD,TssE,TssF,TssG,TssK,TssL,TssM	10
Bacillus_smithii_strain_DSM_4216	TssC	1
Salmonella_enterica_subsp._enterica_serovar_Montevideo_str._USDA-ARS-USMARC-1914	TssA,TssB,TssD,TssE,TssF,TssG,TssJ,TssK,TssL,TssM	10
Burkholderia_sp._CCGE1001	TssA,TssB,TssD,TssE,TssF,TssG,TssJ,TssK,TssL,TssM	10
Salmonella_enterica_subsp._enterica_serovar_Anatum_str._USDA-ARS-USMARC-1783	TssA,TssB,TssD,TssE,TssF,TssG,TssJ,TssK,TssL,TssM	10
Escherichia_coli_S88	TssA,TssB,TssD,TssE,TssF,TssG,TssJ,TssK,TssL,TssM	10
Mesorhizobium_sp._113-3-9	TssA,TssB,TssC,TssD,TssE,TssF,TssG,TssJ,TssK,TssL,TssM	11
Lactococcus_garvieae_IBB3403	TssL	1
Citrobacter_farmeri_CCRI-24236	TssA,TssB,TssC,TssD,TssE,TssF,TssG,TssJ,TssK,TssL,TssM	11
Campylobacter_jejuni_subsp._jejuni_M1	TssB	1
Achromobacter_xylosoxidans_A8	TssA,TssB,TssD,TssE,TssF,TssG,TssJ,TssK,TssL,TssM	10
Enterococcus_saigonensis_strain_VE80	TssM	1
Francisella_hispaniensis_FSC454	TssB,TssK,TssL,TssM	4
Aeromonas_hydrophila_subsp._hydrophila_ATCC_7966	TssA,TssB,TssD,TssE,TssF,TssG,TssJ,TssK,TssL,TssM	10
Mycobacterium_tuberculosis_PanR0401	TssL	1
Marinobacter_hydrocarbonoclasticus_ATCC_49840	TssA,TssB,TssD,TssE,TssF,TssG,TssJ,TssK,TssL,TssM	10
Myxococcales_bacterium_bin5	TssG	1
Nitrincola_sp._KXZD1103	TssA,TssB,TssD,TssE,TssF,TssG,TssJ,TssK,TssL,TssM	10
Bradyrhizobium_japonicum_USDA_6	TssA,TssB,TssD,TssE,TssF,TssG,TssK,TssL,TssM	9
Bradyrhizobium_sp._ORS_278	TssE	1
Noviherbaspirillum_sp._UKPF54	TssA,TssB,TssD,TssE,TssF,TssG,TssJ,TssK,TssL,TssM	10
Salmonella_enterica_subsp._enterica_serovar_Enteritidis_str._EC20130346	TssA,TssD,TssE,TssG,TssM	5
Streptomyces_sp._SirexAA-E	TssE	1
Mycobacterium_tuberculosis_CCDC5079	TssL	1
Burkholderia_gladioli_strain_ATCC_10248	TssA,TssB,TssC,TssD,TssE,TssF,TssG,TssJ,TssK,TssL,TssM	11
Lysinibacillus_capsici_NEB659	TssD,TssE	2
Natronomonas_sp._C90	TssJ	1
Vibrio_parahaemolyticus_O1:K33_str._CDC_K4557	TssA,TssB,TssD,TssE,TssF,TssG,TssJ,TssK,TssL,TssM	10
Spirosoma_sp._TS118	TssC,TssD,TssE,TssG	4
Aequorivita_sp._H23M31	TssE	1
Campylobacter_cuniculorum_strain_2010D-8469	TssA,TssB,TssC,TssD,TssE,TssF,TssG,TssJ,TssK,TssL,TssM	11
Wolbachia_endosymbiont_of_Drosophila_simulans_wHa	TssE	1
Halorhabdus_sp._CBA1104	TssL	1
Luteimonas_sp._YGD11-2	TssA,TssB,TssD,TssE,TssF,TssG,TssJ,TssK,TssL,TssM	10
Pseudomonas_aeruginosa_DK1_strain_DK1	TssA,TssB,TssD,TssE,TssF,TssG,TssJ,TssK,TssL,TssM	10
Burkholderia_pseudomultivorans_strain_SUB-INT23-BP2	TssA,TssB,TssD,TssE,TssF,TssG,TssJ,TssK,TssL,TssM	10
Pseudomonas_kribbensis_H38E-23	TssA,TssB,TssD,TssE,TssF,TssG,TssJ,TssK,TssL,TssM	10
Burkholderia_pseudomallei_NAU20B-16	TssA,TssB,TssD,TssE,TssF,TssG,TssJ,TssK,TssL,TssM	10
Pseudomonas_sp._TKP	TssA,TssB,TssD,TssE,TssF,TssG,TssJ,TssK,TssL,TssM	10
Ramlibacter_tataouinensis_strain_5-10	TssG,TssJ,TssL,TssM	4
Fulvivirga_sp._S481	TssC,TssE,TssL	3
Salmonella_enterica_subsp._enterica_serovar_Enteritidis_str._SA20094177	TssA,TssD,TssE,TssG,TssM	5
Microvirga_sp._17_mud_1-3	TssE	1
Bacillus_sp._BD59S	TssD	1
Streptomyces_antibioticus_strain_DSM_41481	TssG,TssL	2
Vibrio_campbellii_IFL1	TssA,TssB,TssD,TssE,TssF,TssG,TssJ,TssK,TssL,TssM	10
Flavobacterium_sp._GS13	TssD	1
Salmonella_enterica_subsp._enterica_serovar_Enteritidis_str._EC20121748	TssA,TssD,TssE,TssG,TssM	5
Cryobacterium_sp._LW097_strain_LW097	TssE	1
Campylobacter_jejuni_subsp._jejuni_PT14	TssB	1
Pseudomonas_chlororaphis_L5734	TssA,TssB,TssD,TssE,TssF,TssG,TssJ,TssK,TssL,TssM	10
Halobacterium_sp._GSL-19	TssK	1
Kroppenstedtia_eburnea_strain_DSM_45196	TssE	1
Aeromonas_sp._FDAARGOS_1418_strain_Not_applicable	TssJ	1
Escherichia_coli_O1:H42_strain_CLSC36	TssA,TssB,TssD,TssE,TssF,TssG,TssJ,TssK,TssL,TssM	10
Citrobacter_sp._RHBSTW-00628	TssA,TssB,TssC,TssD,TssE,TssF,TssG,TssJ,TssK,TssL	10
Salmonella_enterica_subsp._enterica_serovar_Typhimurium_var._5-_strain_CFSAN067216	TssA,TssB,TssD,TssE,TssF,TssG,TssJ,TssK,TssL,TssM	10
Gordonia_sp._QH-11	TssL	1
Bartonella_sp._WD16.2_strain_WD16.2	TssE	1
Salmonella_enterica_subsp._enterica_serovar_Enteritidis_str._EC20110361	TssA,TssD,TssE,TssG,TssM	5
Moritella_marina_ATCC_15381_strain_MP-1	TssJ	1
Gammaproteobacteria_bacterium_TR3.2	TssE,TssK	2
Salmonella_enterica_subsp._enterica_serovar_Montevideo_str._USDA-ARS-USMARC-1915	TssA,TssB,TssD,TssE,TssF,TssG,TssJ,TssK,TssL,TssM	10
Burkholderia_sp._CCGE1002	TssA,TssB,TssD,TssE,TssF,TssG,TssJ,TssK,TssL,TssM	10
Serratia_fonticola_strain_Biosolid_3	TssA,TssB,TssD,TssE,TssF,TssG,TssJ,TssK,TssL,TssM	10
Cytophagales_bacterium_TFI_002	TssD	1
Citrobacter_sp._RHBSTW-00107	TssD,TssE	2
Wolbachia_endosymbiont_wPip_Mol_of_Culex_molestus	TssE	1
Chryseobacterium_bernardetii_strain_G0229	TssB,TssC,TssE,TssF,TssG,TssK	6
Salmonella_enterica_subsp._enterica_serovar_Koessen_str._S-1501_strain_S-1501	TssA,TssB,TssD,TssE,TssF,TssG,TssJ,TssK,TssL,TssM	10
Absiella_sp._9CBEGH2	-	0
Acaryochloris_marina_MBIC11017	-	0
Acetobacteraceae_bacterium_G55GP	-	0
Acetobacter_ghanensis_strain_LMG_23848T	-	0
Acetobacterium_sp._KB-1	-	0
Acetobacterium_woodii_DSM_1030	-	0
Acetobacter_persici_strain_TMW2.1084	-	0
Acetobacter_pomorum_strain_BDGP5	-	0
Acetobacter_sp._JWB	-	0
Acetobacter_sp._SLV-7	-	0
Acetobacter_tropicalis_strain_BDGP1	-	0
Acetohalobium_arabaticum_DSM_5501	-	0
Acholeplasma_axanthum_strain_NCTC10138	-	0
Acholeplasma_brassicae_strain_0502	-	0
Acholeplasma_hippikon_strain_NCTC10172	-	0
Acholeplasma_laidlawii_PG-8A	-	0
Acholeplasma_laidlawii_strain_NCTC10116	-	0
Acholeplasma_oculi	-	0
Acholeplasma_palmae_J233	-	0
Achromobacter_insolitus_strain_DSM_23807	-	0
Achromobacter_spanius_strain_DSM_23806	-	0
Achromobacter_sp._AONIH1	-	0
Acidaminococcus_fermentans_DSM_20731	-	0
Acidaminococcus_intestini_RyC-MR95	-	0
Acidianus_ambivalens_strain_LEI_10	-	0
Acidianus_hospitalis_W1	-	0
Acidianus_manzaensis_strain_YN-25	-	0
Acidilobus_saccharovorans_345-15	-	0
Acidilobus_sp._7A	-	0
Acidimicrobiia_bacterium_bin686	-	0
Acidiphilium_cryptum_JF-5	-	0
Acidithiobacillus_caldus_SM-1	-	0
Acidithiobacillus_caldus_strain_MTH-04	-	0
Acidithiobacillus_ferridurans_strain_JCM_18981	-	0
Acidithiobacillus_ferriphilus_GT2	-	0
Acidithiobacillus_ferrivorans_strain_PRJEB5721	-	0
Acidithiobacillus_ferrooxidans_ATCC_23270	-	0
Acidithiobacillus_ferrooxidans_ATCC_53993	-	0
Acidithiobacillus_ferrooxidans_BYM	-	0
Acidithiobacillus_sp._'AMD_consortium'	-	0
Acidithiobacillus_thiooxidans_ATCC_19377	-	0
Acidobacteria_bacterium_bin48	-	0
Acidobacterium_capsulatum_ATCC_51196	-	0
Acidothermus_cellulolyticus_11B	-	0
Acidovorax_sp._1608163	-	0
Acidovorax_sp._JS42	-	0
Acidovorax_sp._KKS102	-	0
Acidovorax_sp._RAC01	-	0
Acidovorax_sp._YS12	-	0
Aciduliprofundum_boonei_T469	-	0
Aciduliprofundum_sp._MAR08-339	-	0
Acinetobacter_bouvetii_strain_JCM_18991	-	0
Acinetobacter_haemolyticus_strain_11616	-	0
Acinetobacter_pseudolwoffii_XMC5X702	-	0
Acinetobacter_septicus_strain_FDAARGOS_1401_strain_Not_applicable	-	0
Acinetobacter_sp._Ac-14	-	0
Acinetobacter_sp._DUT-2	-	0
Acinetobacter_sp._FDAARGOS_724	-	0
Acinetobacter_sp._NCu2D-2	-	0
Acinetobacter_sp._SWBY1	-	0
Acinetobacter_sp._TTH0-4	-	0
Acinetobacter_tandoii_strain_SE63	-	0
Acinetobacter_towneri_AT232	-	0
Actinoalloteichus_hymeniacidonis_strain_HPA177(T)_(=DSM_45092(T))	-	0
Actinoalloteichus_sp._AHMU_CJ021	-	0
Actinobacillus_delphinicola_strain_NCTC12871	-	0
Actinobacillus_equuli_strain_NCTC8529	-	0
Actinobacillus_equuli_subsp._equuli_19392	-	0
Actinobacillus_indolicus_strain_AIFJ1607	-	0
Actinobacillus_pleuropneumoniae_16287-1	-	0
Actinobacillus_pleuropneumoniae_serovar_10_str._D13039	-	0
Actinobacillus_pleuropneumoniae_serovar_11_str._56153	-	0
Actinobacillus_pleuropneumoniae_serovar_2_str._S1536	-	0
Actinobacillus_pleuropneumoniae_serovar_3_str._JL03	-	0
Actinobacillus_pleuropneumoniae_serovar_4_str._M62	-	0
Actinobacillus_pleuropneumoniae_serovar_5b_str._L20	-	0
Actinobacillus_pleuropneumoniae_serovar_6_str._Femo	-	0
Actinobacillus_pleuropneumoniae_serovar_7_str._AP76	-	0
Actinobacillus_pleuropneumoniae_serovar_8	-	0
Actinobacillus_pleuropneumoniae_serovar_8_str._405	-	0
Actinobacillus_pleuropneumoniae_serovar_9_str._CVJ13261	-	0
Actinobacillus_porcitonsillarum_strain_9953L55	-	0
Actinobacillus_sp._GY-402	-	0
Actinobacillus_succinogenes_130Z	-	0
Actinobacillus_suis_ATCC_33415	-	0
Actinobacillus_suis_H91-0380	-	0
Actinobacillus_suis_strain_NCTC12996	-	0
Actinobacteria_bacterium_IMCC19121	-	0
Actinobacteria_bacterium_IMCC25003	-	0
Actinobacteria_bacterium_IMCC26077	-	0
Actinobacteria_bacterium_IMCC26103	-	0
Actinobacteria_bacterium_IMCC26256	-	0
Actinobacteria_bacterium_strain_Kalu_18-Q3-R12-55_MAXAC.049_cln	-	0
Actinocatenispora_thailandica_strain_NBRC_105041	-	0
Actinomadura_sp._NAK00032	-	0
Actinomadura_sp._WMMB499	-	0
Actinomyces_hongkongensis_strain_HKU8	-	0
Actinomyces_howellii_strain_NCTC11636	-	0
Actinomyces_israelii_strain_NCTC12972	-	0
Actinomyces_meyeri_strain_W712	-	0
Actinomyces_naeslundii_strain_ATCC_27039	-	0
Actinomyces_oris_strain_FDAARGOS_1051_strain_Not_applicable	-	0
Actinomyces_radingae_strain_DSM_9169	-	0
Actinomyces_slackii_strain_NCTC11923	-	0
Actinomyces_sp._2129	-	0
Actinomyces_sp._299	-	0
Actinomyces_sp._Chiba101	-	0
Actinomyces_sp._dk561	-	0
Actinomyces_sp._HMT_175	-	0
Actinomyces_sp._Marseille-P2985	-	0
Actinomyces_sp._oral_taxon_169_strain_F0496	-	0
Actinomyces_sp._oral_taxon_171_str._F0337	-	0
Actinomyces_sp._oral_taxon_414_strain_F0588	-	0
Actinomyces_sp._VUL4_3	-	0
Actinomyces_sp._zg-325	-	0
Actinomyces_sp._zg-993	-	0
Actinomyces_viscosus_strain_NCTC10951	-	0
Actinomyces_weissii_strain_CCUG_61299	-	0
Actinomycetaceae_bacterium_zg-1166	-	0
Actinoplanes_derwentensis_strain_DSM_43941	-	0
Actinoplanes_sp._N902-109	-	0
Actinotalea_sp._JY-7876	-	0
Actinotignum_sp._313	-	0
Adhaeribacter_sp._KUDC8001	-	0
Aequorivita_sublithincola_DSM_14238	-	0
Aerococcaceae_bacterium_zg-1292	-	0
Aerococcaceae_bacterium_zg-252	-	0
Aerococcaceae_bacterium_ZY16052	-	0
Aerococcus_christensenii_strain_CCUG28831	-	0
Aerococcus_sanguinicola_strain_CCUG43001	-	0
Aerococcus_urinae_ACS-120-V-Col10a	-	0
Aerococcus_urinaehominis_strain_CCUG42038B	-	0
Aerococcus_urinae_strain_CCUG36881	-	0
Aerococcus_viridans_strain_CCUG4311	-	0
Aeromicrobium_choanae_strain_9H-4	-	0
Aeromicrobium_erythreum_strain_AR18	-	0
Aeromicrobium_sp._592	-	0
Aeromicrobium_sp._A1-2	-	0
Aeromicrobium_sp._MF47	-	0
Aeromicrobium_sp._Root236	-	0
Aeromicrobium_sp._Root344	-	0
Aeromonas_allosaccharophila_strain_FDAARGOS_933_strain_Not_applicable	-	0
Aeromonas_dhakensis_71431	-	0
Aeromonas_dhakensis_AAK1_strain_Colony124	-	0
Aeromonas_salmonicida_subsp._masoucida	-	0
Aeromonas_simiae_strain_A6	-	0
Aeromonas_sp._ASNIH7	-	0
Aeromonas_sp._CU5	-	0
Aeromonas_sp._FDAARGOS_1406_strain_Not_applicable	-	0
Aeromonas_sp._FDAARGOS_1409_strain_Not_applicable	-	0
Aeromonas_sp._FDAARGOS_1414_strain_Not_applicable	-	0
Aeropyrum_camini_SY1_=_JCM_12091	-	0
Aeropyrum_pernix_K1	-	0
Aestuariibacter_sp._strain_m1	-	0
Afipia_sp._GAS231	-	0
Aggregatibacter_actinomycetemcomitans_ANH9381	-	0
Aggregatibacter_actinomycetemcomitans_CU1000N	-	0
Aggregatibacter_actinomycetemcomitans_HK1651	-	0
Aggregatibacter_actinomycetemcomitans_NUM4039	-	0
Agreia_sp._COWG	-	0
Agrobacterium_radiobacter_K84	-	0
Agrobacterium_rhizogenes_strain_A4	-	0
Agrobacterium_sp._33MFTa1.1	-	0
Agrobacterium_sp._H13-3	-	0
Agrobacterium_sp._MA01	-	0
Agrobacterium_sp._RAC06	-	0
Agrobacterium_tumefaciens_P4	-	0
Agrobacterium_vitis_S4	-	0
Agrococcus_jejuensis_strain_DSM_22002	-	0
Agrococcus_sp._SGAir0287_strain_not_applicable	-	0
Agromyces_flavus_strain_CPCC_202695	-	0
Agromyces_marinus_DSM_26151	-	0
Agromyces_soli_KACC_16215	-	0
Agromyces_sp._30A	-	0
Agromyces_sp._FW100M-8	-	0
Agromyces_sp._HY052	-	0
Akkermansiaceae_bacterium_strain_AJA081-3	-	0
Akkermansia_muciniphila_ATCC_BAA-835	-	0
Akkermansia_muciniphila_strain_139	-	0
Alcaligenes_aquatilis_strain_QD168	-	0
Alcaligenes_sp._SORT26	-	0
Alcanivorax_borkumensis_SK2	-	0
Alcanivorax_sp._E4	-	0
Alcanivorax_sp._IO_7	-	0
Alcanivorax_sp._NBRC_101098	-	0
Algibacter_alginicilyticus_strain_HZ22	-	0
Algibacter_sp._L1A34	-	0
Algoriphagus_sp._M8-2	-	0
Algoriphagus_sp._NBT04N3	-	0
Algoriphagus_sp._Y33	-	0
Alicyclobacillus_ferrooxydans_strain_ALEF1	-	0
Alicyclobacillus_sp._SO9	-	0
Aliivibrio_salmonicida_LFI1238	-	0
Alistipes_finegoldii_CE91-St15	-	0
Alistipes_indistinctus_strain_2BBH45	-	0
Alistipes_onderdonkii_CE91-St18	-	0
Alistipes_putredinis_nC33_bin.104.fa	-	0
Alistipes_senegalensis_FDAARGOS_1578	-	0
Alistipes_shahii_WAL_8301	-	0
Alistipes_sp._5CBH24	-	0
Alistipes_sp._5CPEGH6	-	0
Alistipes_sp._dk3624	-	0
Alkalibacter_sp._ES005	-	0
Alkalihalobacillus_clausii_strain_088AE	-	0
Alkaliphilus_metalliredigens_QYMF	-	0
Alkaliphilus_oremlandii_OhILAs	-	0
Alkaliphilus_sp._B6464	-	0
Alkalitalea_saponilacus_strain_SC/BZ-SP2	-	0
Allobaculum_mucolyticum_128	-	0
Allochromatium_vinosum_DSM_180	-	0
Allokutzneria_albata_strain_DSM_44149	-	0
Alphaproteobacteria_bacterium_40-19	-	0
Alphaproteobacteria_bacterium_strain_Ejby_18-Q3-R6-50_MAXAC.200_cln	-	0
Alphaproteobacteria_bacterium_WS11	-	0
alpha_proteobacterium_HIMB5	-	0
alpha_proteobacterium_HIMB59	-	0
Altererythrobacter_atlanticus_strain_26DY36	-	0
Altererythrobacter_epoxidivorans_strain_CGMCC_1.7731	-	0
Altererythrobacter_sp._C9-11	-	0
Altererythrobacter_sp._NS1	-	0
Altererythrobacter_sp._TH136_strain_TH36	-	0
Altererythrobacter_sp._ZODW24	-	0
Alteromonas_addita_strain_R10SW13	-	0
Alteromonas_australica_strain_DE170	-	0
Alteromonas_macleodii_AltDE1	-	0
Alteromonas_macleodii_ATCC_27126	-	0
Alteromonas_macleodii_strain_Alteromonas_fortis	-	0
Alteromonas_macleodii_str._'Balearic_Sea_AD45'	-	0
Alteromonas_macleodii_str._'Black_Sea_11'	-	0
Alteromonas_macleodii_str._'Deep_ecotype'	-	0
Alteromonas_macleodii_str._'English_Channel_673'	-	0
Alteromonas_macleodii_str._'Ionian_Sea_U4'	-	0
Alteromonas_macleodii_str._'Ionian_Sea_U7'	-	0
Alteromonas_macleodii_str._'Ionian_Sea_U8'	-	0
Alteromonas_macleodii_str._'Ionian_Sea_UM4b'	-	0
Alteromonas_macleodii_str._'Ionian_Sea_UM7'	-	0
Alteromonas_sp._B31-7	-	0
Alteromonas_sp._BL110	-	0
Alteromonas_sp._KC14	-	0
Alteromonas_sp._KC3	-	0
Alteromonas_sp._MB-3u-76	-	0
Alteromonas_sp._Mex14	-	0
Alteromonas_sp._RKMC-009	-	0
Alteromonas_sp._RW2A1	-	0
Alteromonas_stellipolaris_strain_LMG_21861	-	0
Alysiella_filiformis_DSM_16848	-	0
Alysiella_filiformis_strain_DSM_16848	-	0
Aminipila_butyrica_strain_DSM_103574	-	0
Aminipila_sp._JN-39	-	0
Amniculibacterium_sp._G2-70	-	0
Amycolatopsis_japonica_strain_MG417-CF17_(=DSM_44213)	-	0
Amycolatopsis_pretoriensis_FBCC-B4732	-	0
Anabaena_cylindrica_PCC_7122	-	0
Anabaena_sp._90	-	0
Anabaena_sp._wa102	-	0
Anabaena_sp._YBS01	-	0
Anabaena_variabilis_ATCC_29413	-	0
Anaerobaculum_mobile_DSM_13181	-	0
anaerobic_archaeon_MK-D1	-	0
Anaerococcus_mediterraneensis_GNH	-	0
Anaerococcus_obesiensis_strain_FDAARGOS_989_strain_Not_applicable	-	0
Anaerococcus_prevotii_DSM_20548	-	0
Anaerococcus_vaginalis_strain_FDAARGOS_988_strain_Not_applicable	-	0
Anaerocolumna_cellulosilytica_strain_SN021	-	0
Anaerocolumna_sp._CBA3638	-	0
Anaerocolumna_sp._CTTW	-	0
Anaerolineaceae_bacterium_bin1136	-	0
Anaerolineaceae_bacterium_oral_taxon_439_strain_W11661	-	0
Anaerolineales_bacterium_bin1184	-	0
Anaerolinea_thermophila_UNI-1	-	0
Anaeromyxobacter_dehalogenans_2CP-C	-	0
Anaeromyxobacter_sp._K	-	0
Anaerostipes_hadrus_strain_BPB5	-	0
Anaerotruncus_sp._nC33_bin.255.fa	-	0
Anaplasma_centrale_str._Israel	-	0
Anaplasma_marginale_strain_Jaboticabal	-	0
Anaplasma_marginale_str._Dawn	-	0
Anaplasma_marginale_str._Florida	-	0
Anaplasma_marginale_str._Gypsy_Plains	-	0
Anaplasma_marginale_str._St._Maries	-	0
Anaplasma_ovis_str._Haibei	-	0
Anaplasma_phagocytophilum_Dog2	-	0
Anaplasma_phagocytophilum_HZ	-	0
Anaplasma_phagocytophilum_HZ2	-	0
Anaplasma_phagocytophilum_JM	-	0
Anaplasma_phagocytophilum_str._ApMUC09	-	0
Anaplasma_phagocytophilum_str._ApNP	-	0
Anaplasma_phagocytophilum_str._ApWI1	-	0
Anaplasma_phagocytophilum_str._HGE2	-	0
Anaplasma_phagocytophilum_str._Norway_variant1_strain_Norway_Variant_1	-	0
Anaplasma_phagocytophilum_str._Webster	-	0
Anaplasma_platys_strain_S3	-	0
Ancylobacter_polymorphus_ZM13	-	0
Ancylobacter_pratisalsi_strain_DSM_102029	-	0
Aneurinibacillus_soli_strain_CB4	-	0
Anoxybacillus_caldiproteolyticus_strain_U458	-	0
Anoxybacillus_sediminis_PCH_117	-	0
Anoxybacillus_sp._B2M1	-	0
Anoxybacillus_sp._PDR2	-	0
Antarcticibacterium_flavum_strain_KCTC_52984_strain_JB01H24	-	0
Antarcticibacterium_sp._PAMC_28998	-	0
Aphanizomenon_flos-aquae_AFA_KM1/D3	-	0
Apibacter_sp._B3706	-	0
Aquicella_lusitana_strain_SGT-39	-	0
Aquicella_siphonis_strain_SGT-108	-	0
Aquifex_aeolicus_VF5	-	0
Aquiluna_sp._15G-AUS-rot	-	0
Aquirufa_sp._9H-EGSE	-	0
Aquisalinus_flavus_D11M-2	-	0
Aquisediminimonas_profunda_strain_DS48-3	-	0
Arabia_massiliensis_strain_MGYG-HGUT-02413	-	0
Arachidicoccus_sp._BS20	-	0
Arachidicoccus_sp._KIS59-12	-	0
Arachnia_rubra_SK-1	-	0
Arcanobacterium_haemolyticum_DSM_20595	-	0
Arcanobacterium_haemolyticum_strain_NCTC8452	-	0
Arcanobacterium_phocae_strain_DSM_10002	-	0
Arcanobacterium_phocisimile_strain_DSM_26142	-	0
Arcanobacterium_sp._2701	-	0
Arcanobacterium_sp._JY-X040	-	0
Archaeoglobus_fulgidus_DSM_4304	-	0
Archaeoglobus_fulgidus_DSM_8774	-	0
Archaeoglobus_sulfaticallidus_PM70-1	-	0
Archaeoglobus_veneficus_SNP6	-	0
archaeon_AArc-Sl	-	0
archaeon_bin1429	-	0
archaeon_GW2011_AR10	-	0
archaeon_GW2011_AR15	-	0
archaeon_GW2011_AR20	-	0
Arcobacter_bivalviorum_strain_LMG_26154	-	0
Arcobacter_butzleri_ED-1	-	0
Arcobacter_butzleri_strain_ED-1	-	0
Arcobacter_cibarius_strain_H743	-	0
Arcobacter_cloacae_strain_LMG_26153	-	0
Arcobacter_cryaerophilus_ATCC_43158	-	0
Arcobacter_ellisii_strain_LMG_26155	-	0
Arcobacter_halophilus_strain_CCUG_53805	-	0
Arcobacter_lanthieri_strain_LMG_28516	-	0
Arcobacter_lekithochrous_strain_DSM_100870	-	0
Arcobacter_pacificus_strain_LMG_26638	-	0
Arcobacter]_porcinus_strain_CCUG_56899	-	0
Arcobacter_sp._LPB0137_strain_LPB0137	-	0
Arcobacter_sp._PSE-93	-	0
Arcobacter_suis_CECT_7833	-	0
Arcobacter_thereius_LMG_24486	-	0
Arcobacter_venerupis_strain_LMG_26156	-	0
Arenibacter_algicola_strain_SMS7	-	0
Armatimonadetes_bacterium_bin117	-	0
Aromatoleum_aromaticum_EbN1	-	0
Aromatoleum_bremense_strain_PbN1	-	0
Arsenicicoccus_sp._oral_taxon_190_strain_F0371	-	0
Arsenophonus_endosymbiont_of_Aleurodicus_dispersus_strain_ARAD	-	0
Arsenophonus_endosymbiont_of_Aphis_craccivora_strain_Ash	-	0
Arsenophonus_symbiont_of_Lipoptena_fortisetosa_strain_CB	-	0
Arthrobacter_arilaitensis_Re117	-	0
Arthrobacter_aurescens_TC1	-	0
Arthrobacter_crystallopoietes_strain_NT16	-	0
Arthrobacter_sp._24S4-2	-	0
Arthrobacter_sp._D5-1	-	0
Arthrobacter_sp._FB24	-	0
Arthrobacter_sp._Hiyo4	-	0
Arthrobacter_sp._Hiyo8	-	0
Arthrobacter_sp._LS16	-	0
Arthrobacter_sp._PAMC25486	-	0
Arthrobacter_sp._PAMC25564	-	0
Arthrobacter_sp._UKPF54-2	-	0
Arthrobacter_sp._YC-RL1	-	0
Arthrobacter_sp._YN	-	0
Arthrobacter_sp._zg-ZUI227	-	0
Arthrobacter_sulfonivorans_strain_Ar51	-	0
Arthrobacter_sulfonylureivorans_S4-C24	-	0
Asaia_bogorensis_CSR-2	-	0
Asaia_bogorensis_NBRC_16594	-	0
Aster_yellows_witches'-broom_phytoplasma_AYWB	-	0
Asticcacaulis_excentricus_CB_48	-	0
Asticcacaulis_excentricus_strain_M6	-	0
Asticcacaulis_sp._AND118	-	0
Atopobiaceae_bacterium_strain_MGYG-HGUT-02405	-	0
Atopobium_parvulum_DSM_20469	-	0
Atopobium_sp._oral_taxon_416_strain_W9116	-	0
Aurantimicrobium_minutum_strain_KNC	-	0
Aurantimicrobium_sp._MWH-Mo1	-	0
Aurantimicrobium_sp._MWH-Uga1	-	0
Auraticoccus_monumenti_strain_MON_2.2	-	0
Aureimonas_sp._LMG_31693	-	0
Austwickia_chelonae_strain_LK16-18	-	0
Avibacterium_volantium_strain_NCTC3438	-	0
Azoarcus_sp._CIB	-	0
Azoarcus_sp._DN11	-	0
Azospirillum_oryzae_strain_KACC_14407	-	0
Azotobacter_vinelandii_DJ	-	0
Bacillaceae_bacterium_C02	-	0
Bacillaceae_bacterium_C05	-	0
Bacillaceae_bacterium_R1DC41	-	0
Bacilli_bacterium_nC33_bin.244.fa	-	0
Bacillus_aerophilus_KJ82	-	0
Bacillus_altitudinis_JYY-02	-	0
Bacillus_amyloliquefaciens_35M	-	0
Bacillus_amyloliquefaciens_CC178	-	0
Bacillus_amyloliquefaciens_DSM_7	-	0
Bacillus_amyloliquefaciens_FZB42	-	0
Bacillus_amyloliquefaciens_LFB112	-	0
Bacillus_amyloliquefaciens_LL3	-	0
Bacillus_amyloliquefaciens_SQR9	-	0
Bacillus_amyloliquefaciens_subsp._plantarum_AS43.3	-	0
Bacillus_amyloliquefaciens_subsp._plantarum_CAU_B946	-	0
Bacillus_amyloliquefaciens_subsp._plantarum_NAU-B3	-	0
Bacillus_amyloliquefaciens_subsp._plantarum_NJN6	-	0
Bacillus_amyloliquefaciens_subsp._plantarum_TrigoCor1448	-	0
Bacillus_amyloliquefaciens_subsp._plantarum_UCMB5036	-	0
Bacillus_amyloliquefaciens_subsp._plantarum_UCMB5113	-	0
Bacillus_amyloliquefaciens_UMAF6614	-	0
Bacillus_amyloliquefaciens_UMAF6639	-	0
Bacillus_anthracis_str._Ames	-	0
Bacillus_anthracis_str._'Ames_Ancestor'	-	0
Bacillus_anthracis_str._Sterne	-	0
Bacillus_anthracis_str._Vollum	-	0
Bacillus_asahii_strain_OM18	-	0
Bacillus_atrophaeus_1942	-	0
Bacillus_atrophaeus_NRS_1221A	-	0
Bacillus_atrophaeus_subsp._globigii_strain_BSS	-	0
Bacillus_atrophaeus_UCMB-5137	-	0
Bacillus_beveridgei_strain_MLTeJB	-	0
Bacillus_butanolivorans_strain_PHB-7a	-	0
Bacillus_cereus_03BB108	-	0
Bacillus_cereus_AH187	-	0
Bacillus_cereus_AH820	-	0
Bacillus_cereus_ATCC_10987	-	0
Bacillus_cereus_ATCC_14579	-	0
Bacillus_cereus_ATCC_4342	-	0
Bacillus_cereus_B4264	-	0
Bacillus_cereus_D17	-	0
Bacillus_cereus_E33L	-	0
Bacillus_cereus_F837/76	-	0
Bacillus_cereus_G9241	-	0
Bacillus_cereus_G9842	-	0
Bacillus_cereus_NC7401	-	0
Bacillus_cereus_Q1	-	0
Bacillus_circulans_strain_FDAARGOS_783_strain_Not_applicable	-	0
Bacillus_clausii_KSM-K16	-	0
Bacillus_coagulans_2-6	-	0
Bacillus_coagulans_DSM_1_=_ATCC_7050	-	0
Bacillus_coagulans_strain_ASRS217	-	0
Bacillus_cytotoxicus_NVH_391-98	-	0
Bacillus_cytotoxicus_strain_E17.4	-	0
Bacillus_filamentosus_strain_HL2HP6	-	0
Bacillus_flexus_strain_1-2-1	-	0
Bacillus_foraminis_strain_Bac44	-	0
Bacillus_gibsonii_strain_FJAT-10019	-	0
Bacillus_haikouensis_strain_MNJ12	-	0
Bacillus_halodurans_C-125	-	0
Bacillus_halodurans_strain_LB-1	-	0
Bacillus_halotolerans_strain_F41-3	-	0
Bacillus_inaquosorum_strain_CCSR02	-	0
Bacillus_infantis_NRRL_B-14911	-	0
Bacillus_kochii_strain_BDGP4	-	0
Bacillus_krulwichiae_strain_AM31D	-	0
Bacillus_lehensis_G1	-	0
Bacillus_lentus_strain_NCTC4824	-	0
Bacillus_licheniformis_ATCC_14580_(Prj:13082)	-	0
Bacillus_litoralis_strain_Bac94	-	0
Bacillus_luti_strain_FJ	-	0
Bacillus_marisflavi_strain_151-25	-	0
Bacillus_megaterium_Q3	-	0
Bacillus_mesonae_strain_H20-5	-	0
Bacillus_methylotrophicus	-	0
Bacillus_mobilis_strain_ML-A2C4	-	0
Bacillus_mojavensis_strain_LDFZ001	-	0
Bacillus_oleronius_strain_DSM_9356	-	0
Bacillus_pacificus_anQ-h4	-	0
Bacillus_paranthracis_SHOU-BC01	-	0
Bacillus_pseudofirmus_OF4	-	0
Bacillus_pumilus_AR03	-	0
Bacillus_pumilus_SAFR-032	-	0
Bacillus_safensis_H31R-08	-	0
Bacillus_selenitireducens_MLS10	-	0
Bacillus_shivajii_JCM_32183	-	0
Bacillus_siamensis_GUWM35	-	0
Bacillus_simplex_NBRC_15720_=_DSM_1321	-	0
Bacillus_simplex_strain_SH-B26	-	0
Bacillus_sp._275_strain_275	-	0
Bacillus_sp._3a_strain_3A	-	0
Bacillus_sp._A116_S68	-	0
Bacillus_sp._A260	-	0
Bacillus_sp._ABP14	-	0
Bacillus_sp._AK13	-	0
Bacillus_sp._AM1(2019)_strain_AM1(2019)_strain_AM1(2019)_strain_AM1(2019)	-	0
Bacillus_sp._AR4-2	-	0
Bacillus_sp._B25(2016b)	-	0
Bacillus_sp._BH072	-	0
Bacillus_sp._BS98	-	0
Bacillus_sp._COPE52	-	0
Bacillus_sp._DU-106	-	0
Bacillus_sp._FDAARGOS_235_strain_FDAARGOS_235	-	0
Bacillus_sp._FJAT-14266	-	0
Bacillus_sp._FJAT-22090	-	0
Bacillus_sp._FJAT-4402	-	0
Bacillus_sp._HBCD-sjtu	-	0
Bacillus_sp._HD4P25	-	0
Bacillus_sp._HNA3	-	0
Bacillus_sp._(in:_Bacteria)_strain_FDAARGOS_527_strain_Not_applicable	-	0
Bacillus_spizizenii_strain_DN	-	0
Bacillus_sp._JAS24-2	-	0
Bacillus_sp._JNUCC-22	-	0
Bacillus_sp._JNUCC-24	-	0
Bacillus_sp._JS	-	0
Bacillus_sp._LJBS06	-	0
Bacillus_sp._LJBV19	-	0
Bacillus_sp._LM_4-2	-	0
Bacillus_sp._Lzh-5	-	0
Bacillus_sp._MBGLi79	-	0
Bacillus_sp._MD-5_strain_MD-5	-	0
Bacillus_sp._N3536	-	0
Bacillus_sp._NP157	-	0
Bacillus_sp._PAMC22265	-	0
Bacillus_sp._PAMC26543	-	0
Bacillus_sp._PAMC26568	-	0
Bacillus_sp._PAMC28571	-	0
Bacillus_sp._Pc3	-	0
Bacillus_sp._PDNC022	-	0
Bacillus_sp._S3	-	0
Bacillus_sp._SD-4	-	0
Bacillus_sp._SH8-8	-	0
Bacillus_sp._SJ-10	-	0
Bacillus_sp._SPB7	-	0
Bacillus_sp._SYJ	-	0
Bacillus_sp._V3	-	0
Bacillus_sp._WP8	-	0
Bacillus_sp._WR11	-	0
Bacillus_sp._Y1	-	0
Bacillus_sp._YP1	-	0
Bacillus_sp._ZY-1-1	-	0
Bacillus_subtilis_BEST7003	-	0
Bacillus_subtilis_HJ5	-	0
Bacillus_subtilis_PY79	-	0
Bacillus_subtilis_subsp._globigii_strain_ATCC_49760	-	0
Bacillus_subtilis_subsp._natto_BEST195	-	0
Bacillus_subtilis_subsp._spizizenii_ATCC_6633	-	0
Bacillus_subtilis_subsp._spizizenii_str._W23	-	0
Bacillus_subtilis_subsp._spizizenii_TU-B-10	-	0
Bacillus_subtilis_subsp._subtilis_str._168	-	0
Bacillus_subtilis_subsp._subtilis_str._BAB-1	-	0
Bacillus_subtilis_subsp._subtilis_str._BSP1	-	0
Bacillus_subtilis_subsp._subtilis_str._OH_131.1	-	0
Bacillus_subtilis_subsp._subtilis_str._RO-NN-1	-	0
Bacillus_subtilis_TO-A	-	0
Bacillus_subtilis_XF-1	-	0
Bacillus_tequilensis_strain_EA-CB0015	-	0
Bacillus_thuringiensis_Bt18247_strain_Bt18247	-	0
Bacillus_thuringiensis_Bt407	-	0
Bacillus_thuringiensis_MC28	-	0
Bacillus_thuringiensis_serovar_galleriae_HD-29	-	0
Bacillus_thuringiensis_serovar_konkukian_str._97-27	-	0
Bacillus_thuringiensis_serovar_kurstaki_HD_1	-	0
Bacillus_thuringiensis_serovar_kurstaki_str._HD-1	-	0
Bacillus_thuringiensis_serovar_kurstaki_str._HD73	-	0
Bacillus_thuringiensis_serovar_kurstaki_str._YBT-1520	-	0
Bacillus_thuringiensis_serovar_tolworthi	-	0
Bacillus_thuringiensis_str._Al_Hakam	-	0
Bacillus_thuringiensis_YBT-1518	-	0
Bacillus_toyonensis_BCT-7112	-	0
Bacillus_toyonensis_UTDF19-29B	-	0
Bacillus_tropicus_strain_AOA-CPS1	-	0
Bacillus_vallismortis_strain_Bac111	-	0
Bacillus_vietnamensis_strain_151-6	-	0
Bacillus_vini_strain_JCM_19841	-	0
Bacillus_weihenstephanensis_KBAB4	-	0
Bacillus_wiedmannii_Bt18679	-	0
Bacteriovorax_marinus_SJ	-	0
Bacteriovorax_stolpii_strain_AC01	-	0
bacterium_2013Arg42i_strain_2013Ark11	-	0
bacterium_BFN5	-	0
Bacteroidales_bacterium_38-H	-	0
Bacteroidales_bacterium_bin64	-	0
Bacteroidales_bacterium_CF	-	0
Bacteroides_cellulosilyticus_BFG-250	-	0
Bacteroides_dorei_CL03T12C01	-	0
Bacteroides_dorei_strain_DSM_17855	-	0
Bacteroides_fragilis_NCTC_9343_strain_ATCC_25285	-	0
Bacteroides_fragilis_YCH46	-	0
Bacteroides_helcogenes_P_36-108	-	0
Bacteroides_heparinolyticus_strain_F0111	-	0
Bacteroides_intestinalis_APC919/174	-	0
Bacteroides_nordii_FDAARGOS_1461	-	0
Bacteroides_salyersiae_BFG-256	-	0
Bacteroides_sp._cpbc052018	-	0
Bacteroides_stercoris_BFG-121	-	0
Bacteroides_thetaiotaomicron_VPI-5482	-	0
Bacteroides_vulgatus_ATCC_8482	-	0
Bacteroides_vulgatus_strain_VIC01	-	0
Bacteroides_zoogleoformans_strain_ATCC_33285	-	0
Bacteroidetes_bacterium_Omega	-	0
Bacteroidetes_bacterium_strain_Fred_18-Q3-R57-64_BAT3C.517	-	0
Bacteroidetes_bacterium_UKL13-3	-	0
Balneola_sp._strain_EhC07	-	0
Barnesiella_viscericola_DSM_18177_strain_C46,_DSM_18177	-	0
Bartonella_alsatica_strain_CIP_105477	-	0
Bartonella_apis_strain_BBC0122	-	0
Bartonella_bacilliformis_KC583	-	0
Bartonella_bacilliformis_strain_ATCC:35685D-5	-	0
Bartonella_clarridgeiae_73	-	0
Bartonella_henselae_str._Houston-1	-	0
Bartonella_quintana_G1712	-	0
Bartonella_quintana_RM-11_strain_RM_11	-	0
Bartonella_quintana_str._Toulouse	-	0
Bartonella_sp._A1379B_strain_A1379B	-	0
Bartonella_sp._JB15_strain_JB15	-	0
Bartonella_sp._JB63_strain_JB63	-	0
Basfia_succiniciproducens_strain_JF4016	-	0
Basilea_psittacipulmonis_DSM_24701	-	0
Bathymodiolus_thermophilus_thioautotrophic_gill_symbiont_strain_EPR9N	-	0
Baumannia_cicadellinicola_str._Hc_(Homalodisca_coagulata)	-	0
Bdellovibrio_bacteriovorus_HD100	-	0
Bdellovibrio_bacteriovorus_W	-	0
Bdellovibrio_exovorus_JSS	-	0
Bdellovibrio_sp._KM01	-	0
Bdellovibrio_sp._NC01	-	0
Bdellovibrio_sp._qaytius	-	0
Bdellovibrio_sp._ZAP7	-	0
Beggiatoa_leptomitiformis_strain_D-402	-	0
Beijerinckia_indica_subsp._indica_ATCC_9039	-	0
Belliella_baltica_DSM_15883	-	0
Bergeyella_cardium_strain_HPQL	-	0
Berkelbacteria_bacterium_GW2011_GWE1_39_12	-	0
Bermanella_marisrubri_strain_RED65	-	0
Betaproteobacteria_bacterium_bin200	-	0
beta_proteobacterium_CB	-	0
Bibersteinia_trehalosi_USDA-ARS-USMARC-188	-	0
Bibersteinia_trehalosi_USDA-ARS-USMARC-189	-	0
Bibersteinia_trehalosi_USDA-ARS-USMARC-190	-	0
Bibersteinia_trehalosi_USDA-ARS-USMARC-192	-	0
Bifidobacterium_actinocoloniiforme_DSM_22766	-	0
Bifidobacterium_adolescentis_ATCC_15703	-	0
Bifidobacterium_adolescentis_strain_1-11	-	0
Bifidobacterium_angulatum_DSM_20098_=_JCM_7096	-	0
Bifidobacterium_animalis_strain_01	-	0
Bifidobacterium_animalis_subsp._animalis_ATCC_25527	-	0
Bifidobacterium_animalis_subsp._animalis_strain_CNCM_I-4602	-	0
Bifidobacterium_animalis_subsp._lactis_19-D-1	-	0
Bifidobacterium_animalis_subsp._lactis_AD011	-	0
Bifidobacterium_animalis_subsp._lactis_ATCC_27673	-	0
Bifidobacterium_animalis_subsp._lactis_B420	-	0
Bifidobacterium_animalis_subsp._lactis_BB-12	-	0
Bifidobacterium_animalis_subsp._lactis_Bi-07	-	0
Bifidobacterium_animalis_subsp._lactis_Bl-04	-	0
Bifidobacterium_animalis_subsp._lactis_Bl12	-	0
Bifidobacterium_animalis_subsp._lactis_BLC1	-	0
Bifidobacterium_animalis_subsp._lactis_CNCM_I-2494	-	0
Bifidobacterium_animalis_subsp._lactis_DSM_10140	-	0
Bifidobacterium_animalis_subsp._lactis_KLDS2.0603	-	0
Bifidobacterium_animalis_subsp._lactis_V9	-	0
Bifidobacterium_asteroides_DSM_20089	-	0
Bifidobacterium_asteroides_PRL2011	-	0
Bifidobacterium_asteroides_strain_ESL0447	-	0
Bifidobacterium_bifidum_ATCC_29521_=_JCM_1255_=_DSM_20456	-	0
Bifidobacterium_bifidum_BGN4	-	0
Bifidobacterium_bifidum_LMG_13195_strain_JCM_7004	-	0
Bifidobacterium_bifidum_NCIMB_41171	-	0
Bifidobacterium_bifidum_PRL2010	-	0
Bifidobacterium_bifidum_S17	-	0
Bifidobacterium_bifidum_YIT_10347	-	0
Bifidobacterium_breve_689b	-	0
Bifidobacterium_breve_ACS-071-V-Sch8b	-	0
Bifidobacterium_breve_JCM_7019	-	0
Bifidobacterium_breve_NCFB_2258	-	0
Bifidobacterium_breve_strain_017W439	-	0
Bifidobacterium_breve_UCC2003	-	0
Bifidobacterium_catenulatum_DSM_16992_=_JCM_1194_=_LMG_11043	-	0
Bifidobacterium_catenulatum_strain_MGYG-HGUT-01490	-	0
Bifidobacterium_catenulatum_subsp._kashiwanohense_strain_APCKJ1	-	0
Bifidobacterium_choerinum_strain_FMB-1	-	0
Bifidobacterium_eulemuris_strain_DSM_100216	-	0
Bifidobacterium_gallinarum_strain_CACC_514	-	0
Bifidobacterium_imperatoris_strain_JCM_32708	-	0
Bifidobacterium_indicum_LMG_11587_=_DSM_20214	-	0
Bifidobacterium_kashiwanohense_JCM_15439_=_DSM_21854	-	0
Bifidobacterium_kashiwanohense_PV20-2	-	0
Bifidobacterium_lemurum_strain_DSM_28807	-	0
Bifidobacterium_longum_105-A	-	0
Bifidobacterium_longum_DJO10A	-	0
Bifidobacterium_longum_E18	-	0
Bifidobacterium_longum_NCC2705	-	0
Bifidobacterium_longum_subsp._infantis_157F_strain_157F-NC	-	0
Bifidobacterium_longum_subsp._infantis_ATCC_15697_=_JCM_1222	-	0
Bifidobacterium_longum_subsp._infantis_JRPT	-	0
Bifidobacterium_longum_subsp._infantis_R0033	-	0
Bifidobacterium_longum_subsp._longum_B1	-	0
Bifidobacterium_longum_subsp._longum_BBMN68	-	0
Bifidobacterium_longum_subsp._longum_F8	-	0
Bifidobacterium_longum_subsp._longum_GT15	-	0
Bifidobacterium_longum_subsp._longum_JCM_1217	-	0
Bifidobacterium_longum_subsp._longum_JDM301	-	0
Bifidobacterium_longum_subsp._longum_KACC_91563	-	0
Bifidobacterium_longum_subsp._suillum_strain_JCM_19995	-	0
Bifidobacterium_pseudocatenulatum_DSM_20438_=_JCM_1200_=_LMG_10505	-	0
Bifidobacterium_pseudocatenulatum_JCLA3	-	0
Bifidobacterium_pseudolongum_46-D-2	-	0
Bifidobacterium_pseudolongum_PV8-2	-	0
Bifidobacterium_pseudolongum_subsp._globosum_DSM_20092_strain_DSM20092	-	0
Bifidobacterium_pseudolongum_subsp._globosum_EM10	-	0
Bifidobacterium_pseudolongum_subsp._pseudolongum_ATCC_25526	-	0
Bifidobacterium_saguini_strain_DSMZ_23967	-	0
Bifidobacterium_subtile_strain_KCTC_3272	-	0
Bifidobacterium_thermophilum_RBL67	-	0
Bifidobacterium_thermophilum_strain_MGYG-HGUT-02334	-	0
Bisgaardia_hudsonensis_strain_M327/99/2	-	0
Blastomonas_fulva_strain_T2	-	0
Blastomonas_sp._RAC04	-	0
Blattabacterium_clevelandi_strain_CCLhc	-	0
Blattabacterium_cuenoti_BPAY	-	0
Blattabacterium_cuenoti_STAT	-	0
Blattabacterium_cuenoti_strain_ALLACaus	-	0
Blattabacterium_punctulatus_CPU2	-	0
Blattabacterium_punctulatus_strain_CPUbr	-	0
Blattabacterium_sp._(Blattella_germanica)_str._Bge	-	0
Blattabacterium_sp._(Cryptocercus_kyebangensis)_strain_CKYod	-	0
Blattabacterium_sp._(Cryptocercus_punctulatus)_str._Cpu	-	0
Blattabacterium_sp._DPU	-	0
Blattabacterium_sp._(Mastotermes_darwiniensis)_str._MADAR	-	0
Blattabacterium_sp._(Nauphoeta_cinerea)	-	0
Blattabacterium_sp._(Panesthia_angustipennis_spadica)_str._BPAA	-	0
Blautia_argi_strain_Blautia_argi_canine_HQ_MAG	-	0
Blautia_coccoides_strain_YL58	-	0
Blautia_producta_ATCC_27340_=_DSM_2950_strain_JCM_1471	-	0
Blautia_producta_strain_DSM_2950	-	0
Blautia_sp._YL58	-	0
Blochmannia_endosymbiont_of_Camponotus_(Colobopsis)_obliquus_strain_757	-	0
Blochmannia_endosymbiont_of_Camponotus_nipponensis_strain_CNIEBac	-	0
Blochmannia_endosymbiont_of_Colobopsis_nipponica_strain_CNIPBac	-	0
Blochmannia_endosymbiont_of_Polyrhachis_(Hedomyrma)_turneri_strain_675	-	0
Bombella_sp._KACC_21507	-	0
Bordetella_avium_197N	-	0
Bordetella_bronchiseptica_RB50	-	0
Bordetella_holmesii_44057	-	0
Bordetella_holmesii_ATCC_51541	-	0
Bordetella_holmesii_FDAARGOS_1539	-	0
Bordetella_parapertussis_12822	-	0
Bordetella_pertussis	-	0
Bordetella_pertussis_137	-	0
Bordetella_pertussis_18323	-	0
Bordetella_pertussis_CS	-	0
Bordetella_pertussis_Tohama_I	-	0
Bordetella_petrii_DSM_12804	-	0
Bordetella_sp._cpbd052018	-	0
Bordetella_trematum_strain_CBM01	-	0
Borrelia_afzelii_HLJ01	-	0
Borrelia_afzelii_Tom3107	-	0
Borrelia_anserina_BA2	-	0
Borrelia_anserina_Es	-	0
Borrelia_burgdorferi_B31	-	0
Borrelia_burgdorferi_CA382	-	0
Borrelia_burgdorferi_N40	-	0
Borrelia_burgdorferi_ZS7	-	0
Borrelia_chilensis_VA1	-	0
Borrelia_coriaceae_Co53	-	0
Borrelia_crocidurae_str._Achema	-	0
Borrelia_garinii_BgVir	-	0
Borrelia_garinii_NMJW1	-	0
Borrelia_garinii_PBi	-	0
Borrelia_garinii_SZ	-	0
Borrelia_hermsii_CC1	-	0
Borrelia_hermsii_DAH	-	0
Borrelia_hermsii_ML1	-	0
Borrelia_hermsii_MTW	-	0
Borrelia_hermsii_YBT	-	0
Borrelia_hermsii_YOR	-	0
Borrelia_mayonii_strain_MN14-1420	-	0
Borrelia_miyamotoi_CT14D4	-	0
Borrelia_miyamotoi_FR64b	-	0
Borrelia_miyamotoi_LB-2001	-	0
Borrelia_parkeri_HR1	-	0
Borrelia_parkeri_SLO	-	0
Borrelia_sp._A-FGy1	-	0
Borrelia_sp._CA690	-	0
Borrelia_sp._HM_strain_tHM16w	-	0
Borrelia_turcica_IST7	-	0
Borrelia_turicatae_91E135	-	0
Borrelia_turicatae_BTE5EL	-	0
Borrelia_valaisiana_Tom4006	-	0
Borrelia_venezuelensis_RMA01	-	0
Borreliella_bavariensis_strain_A104S	-	0
Boseongicola_sp._CCM32	-	0
Brachybacterium_faecium_DSM_4810	-	0
Brachybacterium_saurashtrense_strain_DSM_23186	-	0
Brachybacterium_sp._P6-10-X1_strain_P6-10-X1	-	0
Brachybacterium_sp._SGAir0954_strain_not_applicable	-	0
Brachybacterium_sp._VM2412	-	0
Brachybacterium_sp._VR2415_strain_VR2415	-	0
Brachybacterium_sp._Z12	-	0
Brachyspira_hampsonii_strain_NSH-16	-	0
Brachyspira_hyodysenteriae_WA1	-	0
Brachyspira_pilosicoli_B2904	-	0
Brachyspira_pilosicoli_WesB	-	0
Bradymonadales_bacterium_V1718	-	0
Bradymonas_sediminis_strain_FA350	-	0
Bradyrhizobiaceae_bacterium_AGun1	-	0
Bradyrhizobium_betae_strain_PL7HG1	-	0
Bradyrhizobium_canariense_WSM471	-	0
Bradyrhizobium_diazoefficiens_USDA_110	-	0
Bradyrhizobium_genosp._L_strain_BDV5419	-	0
Bradyrhizobium_sp._BTAi1	-	0
Bradyrhizobium_sp._CCBAU_53421	-	0
Bradyrhizobium_sp._ORS_285_strain_ORS285	-	0
Bradyrhizobium_sp._PSBB068	-	0
Bradyrhizobium_sp._S2-11-2	-	0
Brevibacillus_agri_strain_DSM_6348	-	0
Brevibacillus_brevis_NBRC_100599	-	0
Brevibacillus_formosus_strain_NF2	-	0
Brevibacillus_laterosporus_strain_1821L	-	0
Brevibacillus_parabrevis_B3	-	0
Brevibacterium_aurantiacum_strain_SMQ-1417	-	0
Brevibacterium_casei_strain_FDAARGOS_1100_strain_Not_applicable	-	0
Brevibacterium_epidermidis_strain_BS258	-	0
Brevibacterium]_frigoritolerans_DSM_8801	-	0
Brevibacterium_linens_strain_ATCC_19391	-	0
Brevibacterium_luteolum_strain_NEB1784	-	0
Brevibacterium_oceani_strain_WW007	-	0
Brevibacterium_sandarakinum_strain_DSM_22082	-	0
Brevibacterium_siliguriense_strain_DSM_23676	-	0
Brevibacterium_sp._'Marine'	-	0
Brevibacterium_sp._o2	-	0
Brevibacterium_sp._PAMC21349	-	0
Brevibacterium_sp._PAMC23299	-	0
Brevibacterium_sp._SMBL_HHYL_HB1	-	0
Brevibacterium_sp._W7.2	-	0
Brevibacterium_sp._WO024	-	0
Brevibacterium_sp._YB235	-	0
Brevundimonas_diminuta_KX-1	-	0
Brevundimonas_mediterranea_strain_Brev_plasmid	-	0
Brevundimonas_nasdae_strain_A30	-	0
Brevundimonas_sp._AJA228-03	-	0
Brevundimonas_sp._Bb-A	-	0
Brevundimonas_sp._CS1	-	0
Brevundimonas_sp._DS20	-	0
Brevundimonas_sp._GW460-12-10-14-LB2	-	0
Brevundimonas_sp._LM2_strain_LM2	-	0
Brevundimonas_sp._LVF1	-	0
Brevundimonas_sp._LVF2	-	0
Brevundimonas_sp._M20	-	0
Brevundimonas_sp._MF30-B	-	0
Brevundimonas_sp._'scallop'	-	0
Brevundimonas_sp._SGAir0440	-	0
Brevundimonas_sp._strain_SSC2	-	0
Brevundimonas_subvibrioides_ATCC_15264	-	0
Brevundimonas_vancanneytii_strain_NCTC9239	-	0
Brucella_abortus_104M	-	0
Brucella_abortus_A13334	-	0
Brucella_abortus_bv._1_str._9-941	-	0
Brucella_abortus_bv._2_str._86/8/59	-	0
Brucella_abortus_bv._6_str._870	-	0
Brucella_abortus_bv._9_str._C68	-	0
Brucella_abortus_RB51-AHVLA	-	0
Brucella_abortus_S19	-	0
Brucella_abortus_strain_14330	-	0
Brucella_anthropi_T210003	-	0
Brucella_canis_ATCC_23365	-	0
Brucella_canis_HSK_A52141	-	0
Brucella_canis_strain_2009004498	-	0
Brucella_canis_str._Oliveri	-	0
Brucella_ceti_TE10759-12	-	0
Brucella_ceti_TE28753-12	-	0
Brucella_melitensis_ATCC_23457	-	0
Brucella_melitensis_biovar_Abortus_2308	-	0
Brucella_melitensis_bv._1_str._16M	-	0
Brucella_melitensis_bv._2_str._63/9	-	0
Brucella_melitensis_bv._3_str._Ether	-	0
Brucella_melitensis_M28	-	0
Brucella_melitensis_M5-90	-	0
Brucella_melitensis_NI	-	0
Brucella_melitensis_strain_1	-	0
Brucella_microti_CCM_4915	-	0
Brucella_neotomae_5K33	-	0
Brucella_ovis_ATCC_25840	-	0
Brucella_pinnipedialis_B2/94	-	0
Brucella_pinnipedialis_strain_23a-1	-	0
Brucella_sp._09RB8910_strain_09RB8910	-	0
Brucella_sp._10RB9215_strain_BR10RB9215WGS1	-	0
Brucella_sp._2002734562	-	0
Brucella_sp._458	-	0
Brucella_sp._6810	-	0
Brucella_sp._BO2	-	0
Brucella_sp._BO3	-	0
Brucella_sp._F60	-	0
Brucella_suis_019	-	0
Brucella_suis_1330	-	0
Brucella_suis_7121680725	-	0
Brucella_suis_ATCC_23445	-	0
Brucella_suis_bv._1_strain_60	-	0
Brucella_suis_bv._1_str._S2	-	0
Brucella_suis_bv._2_strain_Bs143CITA	-	0
Brucella_suis_bv._3_str._686	-	0
Brucella_suis_bv._3_strain_CVI_71	-	0
Brucella_suis_bv._4_strain_CVI_72	-	0
Brucella_suis_bv._5_strain_CVI_73	-	0
Brucella_suis_VBI22	-	0
Buchnera_aphidicola_(Acyrthosiphon_lactucae)_strain_Ala	-	0
Buchnera_aphidicola_(Anoecia_oenotherae)_strain_Aoe	-	0
Buchnera_aphidicola_(Aphis_craccivora)_strain_Acr	-	0
Buchnera_aphidicola_(Aphis_craccivore)_strain_Ash	-	0
Buchnera_aphidicola_(Aphis_fabae)_strain_Afa-UT1	-	0
Buchnera_aphidicola_(Aphis_glycines)_strain_BAg	-	0
Buchnera_aphidicola_(Aphis_gossypii)_strain_Ago-UT1_strain_not_applicable	-	0
Buchnera_aphidicola_(Aphis_helianthi)_strain_Ahe	-	0
Buchnera_aphidicola_(Aphis_nasturtii)_strain_Ana	-	0
Buchnera_aphidicola_(Aphis_nerii)_strain_Ane	-	0
Buchnera_aphidicola_(Aphis_urticata)_strain_AURT-53B	-	0
Buchnera_aphidicola_(Artemisaphis_artemisicola)_strain_Aar	-	0
Buchnera_aphidicola_BCc	-	0
Buchnera_aphidicola_(Brachycaudus_cardui)_strain_Bca	-	0
Buchnera_aphidicola_(Brevicoryne_brassicae)_strain_Bbr	-	0
Buchnera_aphidicola_(Chaitophorus_populeti)_strain_CpopBac	-	0
Buchnera_aphidicola_(Cinara_cf._splendens/pseudotsugae_3390)_strain_BuCisplendens/pseudotsugae	-	0
Buchnera_aphidicola_(Cinara_confinis)	-	0
Buchnera_aphidicola_(Cinara_cuneomaculata)_strain_BuCicuneomaculata	-	0
Buchnera_aphidicola_(Cinara_curtihirsuta)_strain_BuCicurtihirsuta	-	0
Buchnera_aphidicola_(Cinara_curvipes)_strain_BuCicurvipes	-	0
Buchnera_aphidicola_(Cinara_kochiana_kochiana)_strain_BuCikochiana	-	0
Buchnera_aphidicola_(Cinara_laricifoliae)_strain_BuCilaricifoliae	-	0
Buchnera_aphidicola_(Cinara_piceae)_strain_BuCipiceae	-	0
Buchnera_aphidicola_(Cinara_pseudotaxifoliae)	-	0
Buchnera_aphidicola_(Cinara_splendens)_strain_BuCisplendens	-	0
Buchnera_aphidicola_(Cinara_strobi)_strain_BCistrobi	-	0
Buchnera_aphidicola_(Cinara_tujafilina)	-	0
Buchnera_aphidicola_(Diuraphis_noxia)	-	0
Buchnera_aphidicola_(Hormaphis_cornu)_strain_DLS_fromHcor80	-	0
Buchnera_aphidicola_(Hyadaphis_tataricae)_strain_Hta	-	0
Buchnera_aphidicola_(Hyperomyzus_lactucae)_strain_Hla	-	0
Buchnera_aphidicola_(Lipaphis_pseudobrassicae)_strain_Lps	-	0
Buchnera_aphidicola_(Macrosiphoniella_sanborni)_strain_Msa	-	0
Buchnera_aphidicola_(Macrosiphum_euphorbiae)_strain_Meu	-	0
Buchnera_aphidicola_(Macrosiphum_gaurae)_strain_Mga	-	0
Buchnera_aphidicola_(Melanaphis_sacchari)_strain_LSU	-	0
Buchnera_aphidicola_(Melaphis_rhois)_strain_Mrh	-	0
Buchnera_aphidicola_(Microlophium_carnosum)_strain_MCAR-56B	-	0
Buchnera_aphidicola_(Muscaphis_stroyani)_strain_Mst	-	0
Buchnera_aphidicola_(Pentalonia_nigronervosa)_strain_Ba4	-	0
Buchnera_aphidicola_(Rhopalosiphum_maidis)_strain_BTI	-	0
Buchnera_aphidicola_(Rhopalosiphum_padi)_strain_Rpa	-	0
Buchnera_aphidicola_(Sarucallis_kahawaluokalani)_strain_Ska	-	0
Buchnera_aphidicola_(Schizaphis_graminum)_strain_LNK	-	0
Buchnera_aphidicola_(Schlechtendalia_chinensis)	-	0
Buchnera_aphidicola_(Sitobion_avenae)_strain_Sav	-	0
Buchnera_aphidicola_(Stegophylla_sp.)_strain_Ssp	-	0
Buchnera_aphidicola_str._5A_(Acyrthosiphon_pisum)	-	0
Buchnera_aphidicola_strain_BCifornacula	-	0
Buchnera_aphidicola_str._Ak_(Acyrthosiphon_kondoi)	-	0
Buchnera_aphidicola_str._APS_(Acyrthosiphon_pisum)	-	0
Buchnera_aphidicola_str._Bp_(Baizongia_pistaciae)	-	0
Buchnera_aphidicola_str._F009_(Myzus_persicae)	-	0
Buchnera_aphidicola_str._G002_(Myzus_persicae)	-	0
Buchnera_aphidicola_str._JF98_(Acyrthosiphon_pisum)	-	0
Buchnera_aphidicola_str._JF99_(Acyrthosiphon_pisum)	-	0
Buchnera_aphidicola_str._LL01_(Acyrthosiphon_pisum)	-	0
Buchnera_aphidicola_str._Sg_(Schizaphis_graminum)	-	0
Buchnera_aphidicola_str._TLW03_(Acyrthosiphon_pisum)	-	0
Buchnera_aphidicola_str._Tuc7_(Acyrthosiphon_pisum)	-	0
Buchnera_aphidicola_str._Ua_(Uroleucon_ambrosiae)	-	0
Buchnera_aphidicola_str._USDA_(Myzus_persicae)	-	0
Buchnera_aphidicola_str._W106_(Myzus_persicae)	-	0
Buchnera_aphidicola_(Thelaxes_californica)_strain_Tca	-	0
Buchnera_aphidicola_(Therioaphis_trifolii)_strain_Tma	-	0
Buchnera_aphidicola_(Tuberolachnus_salignus)	-	0
Burkholderia_ambifaria_AMMD	-	0
Burkholderiaceae_bacterium_strain_SSC6	-	0
Burkholderia_cenocepacia_AU_1054	-	0
Burkholderia_cenocepacia_HI2424	-	0
Burkholderia_cenocepacia_J2315	-	0
Burkholderia_dolosa_AU0158	-	0
Burkholderiales_bacterium_GJ-E10	-	0
Burkholderiales_bacterium_YL45	-	0
Burkholderia_mallei_ATCC_23344	-	0
Burkholderia_mallei_NCTC_10247	-	0
Burkholderia_mallei_SAVP1	-	0
Burkholderia_oklahomensis_strain_EO147	-	0
Burkholderia_pseudomallei_1106a	-	0
Burkholderia_pseudomallei_1710b	-	0
Burkholderia_pseudomallei_406e	-	0
Burkholderia_pseudomallei_668	-	0
Burkholderia_pseudomallei_K96243	-	0
Burkholderia_pseudomallei_Pasteur_52237	-	0
Burkholderia_thailandensis_E264	-	0
Burkholderia_thailandensis_USAMRU_Malaysia_#20	-	0
Burkholderia_vietnamiensis_G4	-	0
Burkholderia_xenovorans_LB400	-	0
butyrate-producing_bacterium_SM4/1	-	0
butyrate-producing_bacterium_SS3/4	-	0
Butyricimonas_sp._H184	-	0
Butyricimonas_virosa_strain_FDAARGOS_1229_strain_Not_applicable	-	0
Butyrivibrio_fibrisolvens_16/4	-	0
Butyrivibrio_fibrisolvens_strain_MGYG-HGUT-02531	-	0
Butyrivibrio_hungatei_strain_MB2003	-	0
Butyrivibrio_proteoclasticus_B316	-	0
Caldicellulosiruptor_bescii_DSM_6725	-	0
Caldicellulosiruptor_changbaiensis_strain_CBS-Z	-	0
Caldicellulosiruptor_hydrothermalis_108	-	0
Caldicellulosiruptor_kristjanssonii_177R1B	-	0
Caldicellulosiruptor_kronotskyensis_2002	-	0
Caldicellulosiruptor_obsidiansis_OB47	-	0
Caldicellulosiruptor_owensensis_OL	-	0
Caldicellulosiruptor_saccharolyticus_DSM_8903	-	0
Caldicellulosiruptor_sp._Wai35.B1	-	0
Caldimicrobium_thiodismutans_strain_TF1	-	0
Caldisericum_exile_AZM16c01	-	0
Caldisphaera_lagunensis_DSM_15908	-	0
Calditerrivibrio_nitroreducens_DSM_19672	-	0
Caldithrix_abyssi_DSM_13497	-	0
Caldivirga_maquilingensis_IC-167	-	0
Caloramator_sp._E03	-	0
Caloranaerobacter_azorensis_strain_T3-1	-	0
Campylobacter_armoricus_strain_CCUG_73571	-	0
Campylobacter_canadensis_strain_LMG_24001	-	0
Campylobacter_coli_14158-6	-	0
Campylobacter_coli_15-537360	-	0
Campylobacter_coli_76339	-	0
Campylobacter_coli_CVM_N29710	-	0
Campylobacter_coli_RM1875	-	0
Campylobacter_coli_RM5611	-	0
Campylobacter_concisus_13826	-	0
Campylobacter_corcagiensis_strain_2016D-0077	-	0
Campylobacter_curvus_525.92	-	0
Campylobacter_curvus_FDAARGOS_1547	-	0
Campylobacter_fetus_subsp._fetus_04/554	-	0
Campylobacter_fetus_subsp._fetus_82-40	-	0
Campylobacter_fetus_subsp._fetus_strain_CITCf01	-	0
Campylobacter_fetus_subsp._testudinum_FDAARGOS_1591	-	0
Campylobacter_fetus_subsp._venerealis_97/608	-	0
Campylobacter_fetus_subsp._venerealis_cfvi03/293	-	0
Campylobacter_fetus_subsp._venerealis_NCTC_10354	-	0
Campylobacter_fetus_subsp._venerealis_str._84-112	-	0
Campylobacter_fetus_subsp._venerealis_strain_17144	-	0
Campylobacter_geochelonis_strain_LMG_29375	-	0
Campylobacter_hominis_ATCC_BAA-381	-	0
Campylobacter_hominis_FDAARGOS_1467	-	0
Campylobacter_hyointestinalis_strain_MGYG-HGUT-02307	-	0
Campylobacter_hyointestinalis_subsp._hyointestinalis_LMG_9260	-	0
Campylobacter_hyointestinalis_subsp._hyointestinalis_strain_CCUG_14169	-	0
Campylobacter_insulaenigrae_NCTC_12927	-	0
Campylobacter_insulaenigrae_strain_NCTC12927	-	0
Campylobacter_jejuni_RM1221	-	0
Campylobacter_jejuni_subsp._doylei_269.97	-	0
Campylobacter_jejuni_subsp._doylei_strain_FDAARGOS_295	-	0
Campylobacter_jejuni_subsp._jejuni_00-2426	-	0
Campylobacter_jejuni_subsp._jejuni_81-176	-	0
Campylobacter_jejuni_subsp._jejuni_NCTC_11168_=_ATCC_700819	-	0
Campylobacter_lanienae_NCTC_13004_strain_NCTC_13004	-	0
Campylobacter_lanienae_strain_MGYG-HGUT-02308	-	0
Campylobacter_lari_CCUG_22395	-	0
Campylobacter_lari_RM16701	-	0
Campylobacter_lari_RM2100	-	0
Campylobacter_lari_strain_2015D-0005	-	0
Campylobacter_lari_subsp._concheus_LMG_11760	-	0
Campylobacter_lari_subsp._concheus_strain_LMG_21009	-	0
Campylobacter_lari_subsp._lari_strain_LMG_8846	-	0
Campylobacter_mucosalis_strain_ATCC_43264	-	0
Campylobacter_showae_strain_ATCC_51146	-	0
Campylobacter_sp._03-427	-	0
Campylobacter_sp._19-13652	-	0
Campylobacter_sp._CFSAN093226	-	0
Campylobacter_sp._CFSAN093260	-	0
Campylobacter_sp._CGEMS_strain_19S00001	-	0
Campylobacter_sp._RM10537	-	0
Campylobacter_sp._RM12175_strain_RM12175	-	0
Campylobacter_sp._RM12651	-	0
Campylobacter_sp._RM16192	-	0
Campylobacter_sp._RM16704	-	0
Campylobacter_sp._RM6137_strain_RM6137	-	0
Campylobacter_sp._RM8964_strain_RM8964	-	0
Campylobacter_sputorum_biovar_sputorum_strain_LMG_7795	-	0
Campylobacter_sputorum_bv._faecalis_CCUG_20703	-	0
Campylobacter_sputorum_bv._paraureolyticus_LMG_11764	-	0
Campylobacter_sputorum_bv._sputorum_RM3237	-	0
Campylobacter_sputorum_strain_RM8705	-	0
Campylobacter_upsaliensis_Campylobacter_upsaliensis_17-M197059	-	0
Campylobacter_upsaliensis_RM3940	-	0
Campylobacter_ureolyticus_RIGS_9880	-	0
Campylobacter_ureolyticus_strain_FDAARGOS_1102_strain_Not_applicable	-	0
Campylobacter_volucris_LMG_24379	-	0
Campylobacter_volucris_strain_2014D-0083	-	0
candidate_division_Kazan_bacterium_GW2011_GWA1_50_15	-	0
candidate_division_Kazan_bacterium_RIFCSPHIGHO2_01_FULL_44_14	-	0
candidate_division_Kazan_bacterium_RIFCSPLOWO2_01_FULL_45_19	-	0
candidate_division_TM6_bacterium_GW2011_GWF2_28_16	-	0
candidate_division_WOR-1_bacterium_RIFOXYA12_FULL_52_29	-	0
candidate_division_WOR-1_bacterium_RIFOXYA2_FULL_51_19	-	0
candidate_division_WOR-1_bacterium_RIFOXYB2_FULL_45_9	-	0
candidate_division_WOR-1_bacterium_RIFOXYC12_FULL_54_18	-	0
candidate_division_WOR-3_bacterium_bin1061	-	0
candidate_division_WWE3_bacterium_RIFOXYA1_FULL_40_11	-	0
candidate_division_WWE3_bacterium_RIFOXYB1_FULL_40_22	-	0
candidate_division_WWE3_bacterium_RIFOXYC1_FULL_40_10	-	0
candidate_division_Zixibacteria_bacterium_bin1014	-	0
Candidatus_Acetothermia_bacterium_Ran1_strain_BARAN1_MAG	-	0
Candidatus_Aenigmarchaeota_archaeon_bin1228	-	0
Candidatus_Aerophobus_sp._bin771	-	0
Candidatus_Altiarchaeales_archaeon_IMC4_strain_IMC4_SM1	-	0
Candidatus_Annandia_adelgestsuga_strain_ENA	-	0
Candidatus_Annandia_pinicola_Ad13-065	-	0
Candidatus_Aquiluna_sp._UB-MaderosW2red	-	0
Candidatus_Arthromitus_sp._SFB-mouse-NL	-	0
Candidatus_Arthromitus_sp._SFB-rat-Yit	-	0
Candidatus_Atelocyanobacterium_thalassa_isolate_ALOHA	-	0
Candidatus_Azambacteria_bacterium_RIFOXYB1_FULL_40_33	-	0
Candidatus_Azambacteria_bacterium_RIFOXYC1_FULL_41_20	-	0
Candidatus_Azambacteria_bacterium_RIFOXYD1_FULL_42_38	-	0
Candidatus_Azobacteroides_pseudotrichonymphae	-	0
Candidatus_Azobacteroides_pseudotrichonymphae_genomovar._CFP2	-	0
Candidatus_Bathyarchaeota_archaeon_bin106	-	0
Candidatus_Baumannia_cicadellinicola_strain_BGSS	-	0
Candidatus_Beckwithbacteria_bacterium_GW2011_GWC1_49_16	-	0
Candidatus_Berkelbacteria_bacterium_strain_NC_groundwater_1597_Pr3_B-0.1um_51_91	-	0
Candidatus_Bipolaricaulis_sp._Ch78	-	0
Candidatus_Bipolaricaulota_bacterium_bin446	-	0
Candidatus_Blochmannia_chromaiodes_str._640	-	0
Candidatus_Blochmannia_floridanus	-	0
Candidatus_Blochmannia_pennsylvanicus_B_Penn7	-	0
Candidatus_Blochmannia_pennsylvanicus_str._BPEN	-	0
Candidatus_Blochmannia_vafer_str._BVAF	-	0
Candidatus_Borrelia_tachyglossi_strain_Bc-F10-1268	-	0
Candidatus_Brocadia_sp._AM9	-	0
Candidatus_Caedibacter_acanthamoebae	-	0
Candidatus_Caldiarchaeum_subterraneum	-	0
Candidatus_Campbellbacteria_bacterium_GW2011_OD1_34_28	-	0
Candidatus_Campbellbacteria_bacterium_strain_EsbW_18-Q3-R4-48_MAXAC.283_fly_man	-	0
Candidatus_Cardinium_hertigii_strain_cHgTN10	-	0
Candidatus_Carsonella_ruddii_CE_isolate_Thao2000	-	0
Candidatus_Carsonella_ruddii_CS_isolate_Thao2000	-	0
Candidatus_Carsonella_ruddii_DC	-	0
Candidatus_Carsonella_ruddii_(Diaphorina_cf._continua)_strain_Dco	-	0
Candidatus_Carsonella_ruddii_HC_isolate_Thao2000	-	0
Candidatus_Carsonella_ruddii_HT_isolate_Thao2000	-	0
Candidatus_Carsonella_ruddii_PC_isolate_NHV	-	0
Candidatus_Carsonella_ruddii_PV	-	0
Candidatus_Carsonella_ruddii_strain_BC	-	0
Candidatus_Chloracidobacterium_thermophilum_B	-	0
Candidatus_Cloacamonas_acidaminovorans	-	0
Candidatus_Coatesbacteria_bacterium_bin3	-	0
Candidatus_Collierbacteria_bacterium_RIFOXYA2_FULL_46_20	-	0
Candidatus_Collierbacteria_bacterium_RIFOXYB2_FULL_46_14	-	0
Candidatus_Collierbacteria_bacterium_RIFOXYC2_FULL_43_15	-	0
Candidatus_Collierbacteria_bacterium_RIFOXYD2_FULL_45_13	-	0
Candidatus_Contubernalis_alkalaceticum_Z-7904	-	0
Candidatus_Coxiella_mudrowiae_strain_CRS-CAT	-	0
Candidatus_Dadabacteria_bacterium_strain_MH-Pat-all_metabat2_32	-	0
Candidatus_Daviesbacteria_bacterium_strain_NC_groundwater_497_Ag_S-0.1um_39_22	-	0
Candidatus_Deianiraea_vastatrix_strain_CyL4-1	-	0
Candidatus_Dependentiae_bacterium_(ex_Spumella_elongata_CCAP_955/1)_strain_SeV1	-	0
Candidatus_Desulforudis_audaxviator_strain_BYF	-	0
Candidatus_Desulfovibrio_trichonymphae_strain_Rs-N31	-	0
Candidatus_Diapherotrites_archaeon_strain_Fred_18-Q3-R57-64_BAT3C.431	-	0
Candidatus_Ecksteinia_adelgidicola_Ad18-003	-	0
Candidatus_Eisenbacteria_bacterium_bin56	-	0
Candidatus_Endolissoclinum_faulkneri_L5	-	0
Candidatus_Endolissoclinum_patella_L2	-	0
Candidatus_Endomicrobium_trichonymphae_strain_Rs-D17	-	0
Candidatus_Erwinia_haradaeae_strain_ErCicuneomaculata	-	0
Candidatus_Evansia_muelleri	-	0
Candidatus_Falkowbacteria_bacterium_strain_Mari_18-Q3-R65-66_BAT3C.341_fly	-	0
Candidatus_Fokinia_solitaria_strain_Rio_ETE_ALG_3VII	-	0
Candidatus_Fonsibacter_ubiquis_strain_LSUCC0530	-	0
Candidatus_Forterrea_multitransposorum_CG_2015-17_Forterrea_25_41	-	0
Candidatus_Gillettellia_cooleyia_19-005	-	0
Candidatus_Giovannonibacteria_bacterium_strain_NC_groundwater_467_Ag_B-0.1um_47_26	-	0
Candidatus_Gottesmanbacteria_bacterium_RIFCSPLOWO2_01_FULL_43_11b	-	0
Candidatus_Gracilibacteria_bacterium_HOT-871	-	0
Candidatus_Gullanella_endobia_strain_GEFVIR	-	0
Candidatus_Hartigia_pinicola_Ad13-065	-	0
Candidatus_Hepatoplasma_crinochetorum_Av	-	0
Candidatus_Hodgkinia_cicadicola_Dsem	-	0
Candidatus_Hodgkinia_cicadicola_strain_CHOCRA	-	0
Candidatus_Hydrogenedentes_bacterium_bin18	-	0
Candidatus_Hydrogenosomobacter_endosymbioticus_200920	-	0
Candidatus_Ishikawaella_capsulata_Mpkobe	-	0
Candidatus_Kaiserbacteria_bacterium_RIFCSPLOWO2_12_FULL_45_26	-	0
Candidatus_Kaiserbacteria_bacterium_strain_Damh_18-Q3-R51-60_MAXAC.235_fly	-	0
Candidatus_Kinetoplastibacterium_blastocrithidii_(ex_Strigomonas_culicis)	-	0
Candidatus_Kinetoplastibacterium_blastocrithidii_TCC012E	-	0
Candidatus_Kinetoplastibacterium_crithidii_(ex_Angomonas_deanei_ATCC_30255)	-	0
Candidatus_Kinetoplastibacterium_crithidii_TCC036E	-	0
Candidatus_Kinetoplastibacterium_desouzaii_TCC079E	-	0
Candidatus_Kinetoplastibacterium_galatii_TCC219	-	0
Candidatus_Kinetoplastibacterium_oncopeltii_TCC290E	-	0
Candidatus_Kinetoplastibacterium_sorsogonicusi_strain_MF-08	-	0
Candidatus_Korarchaeum_cryptofilum_OPF8	-	0
Candidatus_Koribacter_versatilis_Ellin345	-	0
Candidatus_Kuenenia_stuttgartiensis_strain_CSTR1	-	0
Candidatus_Latescibacteria_bacterium_bin260	-	0
Candidatus_Levybacteria_bacterium_strain_NC_groundwater_389_Ag_B-0.1um_36_40	-	0
Candidatus_Liberibacter_africanus_PTSAPSY	-	0
Candidatus_Liberibacter_africanus_strain_Ang37	-	0
Candidatus_Liberibacter_americanus_str._Sao_Paulo	-	0
Candidatus_Liberibacter_asiaticus_ReuSP1	-	0
Candidatus_Liberibacter_asiaticus_str._gxpsy	-	0
Candidatus_Liberibacter_asiaticus_str._Ishi-1	-	0
Candidatus_Liberibacter_asiaticus_str._psy62	-	0
Candidatus_Liberibacter_solanacearum_CLso-ZC1	-	0
Candidatus_Lokiarchaeota_archaeon_bin108	-	0
Candidatus_Marinimicrobia_bacterium_bin1478	-	0
Candidatus_Melainabacteria_bacterium_MEL.A1	-	0
Candidatus_Methanogranum_sp._U3.2.1	-	0
Candidatus_Methanomassiliicoccus_intestinalis_Issoire-Mx1	-	0
Candidatus_Methanomassiliicoccus_intestinalis_strain_MGYG-HGUT-02160	-	0
Candidatus_Methanomethylophilus_alvus_Mx1201	-	0
Candidatus_Methanomethylophilus_alvus_strain_MGYG-HGUT-02456	-	0
Candidatus_Methanoplasma_termitum_MpT1	-	0
Candidatus_Methylomirabilis_oxyfera	-	0
Candidatus_Methylopumilus_planktonicus_strain_MMS-10A-171_strain_MMS-2-53	-	0
Candidatus_Methylopumilus_turicensis_strain_MMS-10A-171	-	0
Candidatus_Methylopumilus_universalis_strain_MMS-RII-56	-	0
Candidatus_Micrarchaeota_archaeon_ARM-1	-	0
Candidatus_Micrarchaeota_archaeon_Mia14_strain_Mia14	-	0
Candidatus_Micrarchaeum_sp._strain_A_DKE	-	0
Candidatus_Microgenomates_bacterium_strain_CH65	-	0
Candidatus_Midichloria_mitochondrii_IricVA	-	0
Candidatus_Mikella_endobia_strain_MEPMAR	-	0
Candidatus_Moranbacteria_bacterium_strain_EsbW_18-Q3-R4-48_MAXAC.267_cln	-	0
Candidatus_Moranella_endobia_PCIT	-	0
Candidatus_Moranella_endobia_PCVAL	-	0
Candidatus_Mycoplasma_girerdii_VCU_M1	-	0
Candidatus_Mycoplasma_haemominutum_'Birmingham_1'	-	0
Candidatus_Nanopusillus_acidilobi_strain_7A	-	0
Candidatus_Nardonella_dryophthoridicola_strain_NardRF	-	0
Candidatus_Nasuia_deltocephalinicola_strain_ENCA	-	0
Candidatus_Nasuia_deltocephalinicola_str._NAS-ALF	-	0
Candidatus_Nealsonbacteria_bacterium_DGGOD1a	-	0
Candidatus_Neoehrlichia_mikurensis_strain_SE20	-	0
Candidatus_Nitrosarchaeum_limnium_SFB1	-	0
Candidatus_Nitrosocaldus_cavascurensis_strain_SCU2	-	0
Candidatus_Nitrosocaldus_islandicus_strain_3F	-	0
Candidatus_Nitrosocosmicus_franklandus_strain_NFRAN1	-	0
Candidatus_Nitrosoglobus_terrae_strain_TAO100	-	0
Candidatus_Nitrosomarinus_catalina_strain_SPOT01	-	0
Candidatus_Nitrosopelagicus_brevis_V2	-	0
Candidatus_Nitrosopumilus_koreensis_AR1	-	0
Candidatus_Nitrosopumilus_sp._AR2	-	0
Candidatus_Nitrosopumilus_sp._D3C	-	0
Candidatus_Nitrosopumilus_sp._NF5	-	0
Candidatus_Nitrosopumilus_sp._SW	-	0
Candidatus_Nitrosotalea_devanaterra	-	0
Candidatus_Nitrosotenuis_sp._AQ6f_strain_AQ6F	-	0
Candidatus_Nitrospira_defluvii	-	0
Candidatus_Niyogibacteria_bacterium_strain_NC_groundwater_707_Ag_S-0.2um_45_26	-	0
Candidatus_Nomurabacteria_bacterium_strain_AalW_18-Q3-R10-53_BAT3C.395	-	0
Candidatus_Omnitrophica_bacterium_bin103	-	0
Candidatus_Pantoea_carbekii	-	0
Candidatus_Pelagibacter_sp._FZCC0015	-	0
Candidatus_Pelagibacter_sp._HIMB1321_strain_HIMB1321	-	0
Candidatus_Pelagibacter_sp._IMCC9063	-	0
Candidatus_Pelagibacter_ubique_HTCC1062	-	0
Candidatus_Peregrinibacteria_bacterium_strain_Aved_18-Q3-R54-62_BAT3C.344	-	0
Candidatus_Peribacteria_bacterium_LakeFargette_0920_ALND_MAG_52_24	-	0
Candidatus_Phaeomarinobacter_ectocarpi_strain_Ec32	-	0
Candidatus_Phycorickettsia_trachydisci_strain_CCALA_838	-	0
Candidatus_Phytoplasma_australiense	-	0
Candidatus_Phytoplasma_mali_strain_AT	-	0
Candidatus_Phytoplasma_solani_strain_284/09	-	0
Candidatus_Phytoplasma_ziziphi_Hebei-2018	-	0
Candidatus_Pinguicoccus_supinus_strain_KKR18_Esm	-	0
Candidatus_Portiera_aleyrodidarum_BT-B-HRs	-	0
Candidatus_Portiera_aleyrodidarum_BT-QVLC	-	0
Candidatus_Portiera_aleyrodidarum_MED_(Bemisia_tabaci)	-	0
Candidatus_Portiera_aleyrodidarum_strain_AD-CAI	-	0
Candidatus_Portiera_aleyrodidarum_TV	-	0
Candidatus_Profftella_armatura_(Diaphorina_cf._continua)_strain_Dco	-	0
Candidatus_Profftella_armatura_strain_JRPAMB3	-	0
Candidatus_Profftia_lariciata_Ad13-081	-	0
Candidatus_Profftia_tarda_strain_PROFFT	-	0
Candidatus_Protochlamydia_amoebophila_UWE25	-	0
Candidatus_Puniceispirillum_marinum_IMCC1322	-	0
Candidatus_Purcelliella_pentastirinorum_strain_OLIH	-	0
Candidatus_Reidiella_endopervernicosa_strain_Santa_Monica_outfall	-	0
Candidatus_Rhabdochlamydia_sp._W744	-	0
Candidatus_Rhodoluna_lacicola_strain_MWH-Ta8	-	0
Candidatus_Rhodoluna_limnophila_strain_1B-Mac	-	0
Candidatus_Rickettsia_amblyommii_str._Ac/Pa	-	0
Candidatus_Rickettsia_amblyommii_strain_Ac37	-	0
Candidatus_Rickettsiella_viridis_strain_Ap-RA04	-	0
Candidatus_Riesia_pediculicola_strain_BR-HL	-	0
Candidatus_Riesia_pediculicola_USDA	-	0
Candidatus_Roizmanbacteria_bacterium_RIFOXYA1_FULL_37_12	-	0
Candidatus_Roizmanbacteria_bacterium_RIFOXYA2_FULL_38_14	-	0
Candidatus_Roizmanbacteria_bacterium_RIFOXYB1_FULL_40_23	-	0
Candidatus_Roizmanbacteria_bacterium_RIFOXYC1_FULL_38_14	-	0
Candidatus_Roizmanbacteria_bacterium_RIFOXYD1_FULL_38_12	-	0
Candidatus_Roizmanbacteria_bacterium_strain_Damh_18-Q3-R51-60_BAT3C.63_uni	-	0
Candidatus_Ruthia_magnifica_str._Cm_(Calyptogena_magnifica)	-	0
Candidatus_Ruthia_sp._Plio_17_S18	-	0
Candidatus_Saccharibacteria_bacterium_IHU1	-	0
Candidatus_Saccharibacteria_bacterium_IHU2	-	0
Candidatus_Saccharibacteria_bacterium_strain_AalW_18-Q3-R10-53_BAT3C.508_uni	-	0
Candidatus_Saccharibacteria_bacterium_YM_S32_TM7_50_20	-	0
Candidatus_Saccharimonas_aalborgensis	-	0
Candidatus_Schneideria_nysicola_NB	-	0
Candidatus_Solibacter_usitatus_Ellin6076	-	0
Candidatus_Stammera_capleta_strain_1	-	0
Candidatus_Steffania_adelgidicola_Ad18-003	-	0
Candidatus_Sulcia_muelleri_CARI	-	0
Candidatus_Sulcia_muelleri_PSPU	-	0
Candidatus_Sulcia_muelleri_PYRCLA	-	0
Candidatus_Sulcia_muelleri_SMDSEM	-	0
Candidatus_Sungbacteria_bacterium_strain_NC_groundwater_541_Ag_S-0.1um_46_50	-	0
Candidatus_Symbiobacter_mobilis_CR	-	0
Candidatus_Thioglobus_autotrophicus_strain_EF1	-	0
Candidatus_Thorarchaeota_archaeon_bin27	-	0
Candidatus_Tokpelaia_hoelldoblerii_strain_Hsal	-	0
Candidatus_Tremblaya_princeps_PCIT	-	0
Candidatus_Tremblaya_princeps_PCVAL	-	0
Candidatus_Tremblaya_princeps_strain_TPFVIR	-	0
Candidatus_Uhrbacteria_bacterium_strain_Bjer_18-Q3-R1-45_BAT3C.201_fly	-	0
Candidatus_Uzinura_diaspidicola_str._ASNER	-	0
Candidatus_Vallotia_cooleyia_19-005_Vallotia	-	0
Candidatus_Vallotia_lariciata_Ad13-081_Vallotia	-	0
Candidatus_Vallotia_tarda_strain_MYVALT	-	0
Candidatus_Vesicomyosocius_okutanii_HA	-	0
Candidatus_Vesicomyosocius_sp._Adia_1_S1	-	0
Candidatus_Vesicomyosocius_sp._Agig_15_S12	-	0
Candidatus_Vesicomyosocius_sp._Agig_16_S15	-	0
Candidatus_Vesicomyosocius_sp._Pext_18_S21	-	0
Candidatus_Vesicomyosocius_sp._Psoy_4_S8	-	0
Candidatus_Vesicomyosocius_sp._Psoy_5_S11	-	0
Candidatus_Vesicomyosocius_sp._SY067_SCS001	-	0
Candidatus_Vidania_fulgoroideae_PYRCLA	-	0
Candidatus_Westeberhardia_cardiocondylae_strain_obscurior	-	0
Candidatus_Woesearchaeota_archaeon_bin1342	-	0
Candidatus_Woesebacteria_bacterium_GW2011_GWF1_31_35	-	0
Candidatus_Woesebacteria_bacterium_strain_Ch104a	-	0
Candidatus_Wolfebacteria_bacterium_GW2011_GWB1_47_1	-	0
Candidatus_Xiphinematobacter_sp._Idaho_Grape	-	0
Candidatus_Xiphinematobacter_sp._strain_P15	-	0
Candidatus_Zambryskibacteria_bacterium_RIFCSPHIGHO2_01_FULL_52_18	-	0
Candidatus_Zinderia_insecticola_CARI	-	0
Capnocytophaga_haemolytica_strain_CCUG_32990	-	0
Capnocytophaga_leadbetteri_strain_H6253	-	0
Capnocytophaga_ochracea_DSM_7271	-	0
Capnocytophaga_ochracea_FDAARGOS_1468	-	0
Capnocytophaga_sp._ChDC_OS43_strain_ChDC_OS43	-	0
Caproiciproducens_sp._NJN-50	-	0
Carboxydocella_thermautotrophica_strain_019	-	0
Carboxydothermus_hydrogenoformans_Z-2901	-	0
Carnobacteriaceae_bacterium_zg84	-	0
Carnobacteriaceae_bacterium_zg-C25	-	0
Carnobacterium_divergens_strain_MFPA43A1505	-	0
Carnobacterium_maltaromaticum_LMA28	-	0
Carnobacterium_maltaromaticum_strain_18ISCm	-	0
Carnobacterium_sp._17-4	-	0
Carnobacterium_sp._CP1	-	0
Carnobacterium_sp._CS13	-	0
Carnobacterium_sp._PL17GRE32	-	0
Carnobacterium_sp._PL17RED31	-	0
Carnobacterium_sp._PL24RED07	-	0
Carnobacterium_sp._PL26RED25	-	0
Carnobacterium_sp._WN1359	-	0
Carnobacterium_viridans_AB01	-	0
Catenibacterium_sp._co_0103_strain_Catenibacterium_canine_HQ_MAG	-	0
'Catharanthus_roseus'_aster_yellows_phytoplasma_strain_De_Villa	-	0
Caulobacteraceae_bacterium_OTSz_A_272	-	0
Caulobacter_crescentus_CB15	-	0
Caulobacter_crescentus_NA1000	-	0
Caulobacter_henricii_strain_CB4	-	0
Caulobacter_segnis_CBR1	-	0
Caulobacter_sp._K31	-	0
Caulobacter_sp._S6	-	0
Caulobacter_vibrioides_strain_CB_S2B_lysogen	-	0
Celeribacter_baekdonensis_strain_LH4	-	0
Cellulomonas_iranensis_ZJW-6	-	0
Cellulomonas_sp._40-2	-	0
Cellulomonas_sp._FA1	-	0
Cellulomonas_sp._JZ18	-	0
Cellulomonas_sp._Y8	-	0
Cellulomonas_sp._zg-ZUI188	-	0
Cellulophaga_lytica_DSM_7489	-	0
Cellulosimicrobium_cellulans_2020WEIHUA_E	-	0
Cellvibrio]_gilvus_ATCC_13127	-	0
Cenarchaeum_symbiosum_A	-	0
Cetia_pacifica_strain_TB6	-	0
Changchengzhania_lutea_strain_SM1355	-	0
Chelativorans_sp._BNC1	-	0
Chenggangzhangella_methanolivorans_CHL1	-	0
Chitinophagaceae_bacterium_strain_Rand_18-Q3-R56-63_BAT3C.147_cln	-	0
Chlamydia_avium_strain_PV4360_2	-	0
Chlamydia_gallinacea_strain_JX-1	-	0
Chlamydia_muridarum_Nigg	-	0
Chlamydia_muridarum_str._Nigg_2_MCR	-	0
Chlamydia_muridarum_str._Nigg3_CMUT3-5	-	0
Chlamydia_muridarum_str._Nigg_CM972	-	0
Chlamydia_muridarum_TC0080-IGR-TC0081::TncL2/tetR-1361	-	0
Chlamydia_pecorum_DBDeUG	-	0
Chlamydia_pecorum_DBDeUG_2018	-	0
Chlamydia_pecorum_IPTaLE	-	0
Chlamydia_pecorum_MC/MarsBar	-	0
Chlamydia_pecorum_P787	-	0
Chlamydia_pecorum_PV3056/3	-	0
Chlamydia_pecorum_VR629	-	0
Chlamydia_pecorum_W73	-	0
Chlamydia_pneumoniae_strain_CM1	-	0
Chlamydia_psittaci_01DC12	-	0
Chlamydia_psittaci_CP3	-	0
Chlamydia_psittaci_GR9	-	0
Chlamydia_psittaci_M56	-	0
Chlamydia_psittaci_MN	-	0
Chlamydia_psittaci_NJ1	-	0
Chlamydia_psittaci_VS225	-	0
Chlamydia_psittaci_WC	-	0
Chlamydia_psittaci_WS/RT/E30	-	0
Chlamydia_sp._10DC88	-	0
Chlamydia_sp._2742-308	-	0
Chlamydia_sp._H15-1957-10C	-	0
Chlamydia_sp._No._12	-	0
Chlamydia_suis_strain_111_Ry	-	0
Chlamydia_trachomatis	-	0
Chlamydia_trachomatis_434/Bu	-	0
Chlamydia_trachomatis_A2497	-	0
Chlamydia_trachomatis_A/363	-	0
Chlamydia_trachomatis_A/5291	-	0
Chlamydia_trachomatis_A/7249	-	0
Chlamydia_trachomatis_A/HAR-13	-	0
Chlamydia_trachomatis_B/Jali20/OT	-	0
Chlamydia_trachomatis_C/TW-3	-	0
Chlamydia_trachomatis_D/CS637/11	-	0
Chlamydia_trachomatis_D-EC	-	0
Chlamydia_trachomatis_D-LC	-	0
Chlamydia_trachomatis_D/SotonD1	-	0
Chlamydia_trachomatis_D/SotonD5	-	0
Chlamydia_trachomatis_D/SotonD6	-	0
Chlamydia_trachomatis_D/UW-3/CX	-	0
Chlamydia_trachomatis_E/11023	-	0
Chlamydia_trachomatis_E/150	-	0
Chlamydia_trachomatis_E/Bour	-	0
Chlamydia_trachomatis_E/C599	-	0
Chlamydia_trachomatis_E/SotonE4	-	0
Chlamydia_trachomatis_E/SotonE8	-	0
Chlamydia_trachomatis_E/SW3	-	0
Chlamydia_trachomatis_F/11-96	-	0
Chlamydia_trachomatis_F/SotonF3	-	0
Chlamydia_trachomatis_F/SW4	-	0
Chlamydia_trachomatis_F/SW5	-	0
Chlamydia_trachomatis_F/SWFPminus	-	0
Chlamydia_trachomatis_G/11074	-	0
Chlamydia_trachomatis_G/11222	-	0
Chlamydia_trachomatis_G/9301	-	0
Chlamydia_trachomatis_G/9768	-	0
Chlamydia_trachomatis_G/SotonG1	-	0
Chlamydia_trachomatis_Ia/SotonIa1	-	0
Chlamydia_trachomatis_Ia/SotonIa3	-	0
Chlamydia_trachomatis_IU824	-	0
Chlamydia_trachomatis_IU888	-	0
Chlamydia_trachomatis_J/6276tet1	-	0
Chlamydia_trachomatis_K/SotonK1	-	0
Chlamydia_trachomatis_L1/115	-	0
Chlamydia_trachomatis_L1/1322/p2	-	0
Chlamydia_trachomatis_L1/224	-	0
Chlamydia_trachomatis_L1/440/LN	-	0
Chlamydia_trachomatis_L2/25667R	-	0
Chlamydia_trachomatis_L2/434/Bu(f)	-	0
Chlamydia_trachomatis_L2/434/Bu(i)	-	0
Chlamydia_trachomatis_L2b/795	-	0
Chlamydia_trachomatis_L2b/8200/07	-	0
Chlamydia_trachomatis_L2b/Ams1	-	0
Chlamydia_trachomatis_L2b/Ams2	-	0
Chlamydia_trachomatis_L2b/Ams3	-	0
Chlamydia_trachomatis_L2b/Ams4	-	0
Chlamydia_trachomatis_L2b/Ams5	-	0
Chlamydia_trachomatis_L2b/Canada1	-	0
Chlamydia_trachomatis_L2b/Canada2	-	0
Chlamydia_trachomatis_L2b/CV204	-	0
Chlamydia_trachomatis_L2b/LST	-	0
Chlamydia_trachomatis_L2b/UCH-1/proctitis	-	0
Chlamydia_trachomatis_L2b/UCH-2	-	0
Chlamydia_trachomatis_L2c	-	0
Chlamydia_trachomatis_L3/404/LN	-	0
Chlamydia_trachomatis_RC-F/69	-	0
Chlamydia_trachomatis_RC-F(s)/342	-	0
Chlamydia_trachomatis_RC-F(s)/852	-	0
Chlamydia_trachomatis_RC-J/943	-	0
Chlamydia_trachomatis_RC-J/953	-	0
Chlamydia_trachomatis_RC-J/966	-	0
Chlamydia_trachomatis_RC-J/971	-	0
Chlamydia_trachomatis_RC-J(s)/122	-	0
Chlamydia_trachomatis_RC-L2/55	-	0
Chlamydia_trachomatis_RC-L2(s)/3	-	0
Chlamydia_trachomatis_RC-L2(s)/46	-	0
Chlamydia_trachomatis_Sweden2	-	0
Chlamydiifrater_phoenicopteri_strain_14-2711_R47	-	0
Chlamydiifrater_volucris_strain_15-2067_O50	-	0
Chlamydophila_abortus_S26/3	-	0
Chlamydophila_caviae_GPIC	-	0
Chlamydophila_felis_Fe/C-56	-	0
Chlamydophila_pecorum_E58	-	0
Chlamydophila_pneumoniae_AR39	-	0
Chlamydophila_pneumoniae_CWL029	-	0
Chlamydophila_pneumoniae_J138	-	0
Chlamydophila_pneumoniae_LPCoLN	-	0
Chlamydophila_pneumoniae_TW-183	-	0
Chlamydophila_psittaci_6BC	-	0
Chlamydophila_psittaci_Mat116	-	0
Chlamydophila_psittaci_RD1	-	0
Chloracidobacterium_thermophilum_strain_B	-	0
Chlorobaculum_limnaeum_strain_DSM_1677	-	0
Chlorobi_bacterium_strain_Ribe_18-Q3-R11-54_MAXAC.096_cln	-	0
Chlorobium_chlorochromatii_CaD3	-	0
Chlorobium_limicola_DSM_245	-	0
Chlorobium_luteolum_DSM_273	-	0
Chlorobium_phaeobacteroides_BS1	-	0
Chlorobium_phaeobacteroides_DSM_266	-	0
Chlorobium_phaeovibrioides_DSM_265	-	0
Chlorobium_phaeovibrioides_strain_PhvTcv-s14	-	0
Chlorobium_tepidum_TLS	-	0
Chloroflexi_bacterium_3753O	-	0
Chloroflexi_bacterium_bin1433	-	0
Chloroflexus_aggregans_DSM_9485	-	0
Chloroflexus_aurantiacus_J-10-fl	-	0
Chondrocystis_sp._NIES-4102	-	0
Christensenella_massiliensis_strain_Marseille-P2438	-	0
Christensenella_minuta_strain_DSM_22607	-	0
Christensenella_sp._nC33_lr_bin.267.fa	-	0
Chromatiaceae_bacterium_RW_strain_NSCAC1	-	0
Chromobacterium_violaceum_ATCC_12472	-	0
Chromohalobacter_salexigens_DSM_3043	-	0
Chroococcidiopsis_thermalis_PCC_7203	-	0
Chryseobacterium_antarcticum_strain_NCTC13489	-	0
Chryseobacterium_daecheongense_F23	-	0
Chryseobacterium_haifense_strain_G0079	-	0
Chryseobacterium_jeonii_strain_NCTC13459	-	0
Chryseobacterium_sp._6424	-	0
Chryseobacterium_sp._7-3A	-	0
Chryseobacterium_sp._F4	-	0
Chryseobacterium_sp._F5649	-	0
Chryseobacterium_sp._H3001	-	0
Chryseobacterium_sp._Marseille-Q2069	-	0
Chryseobacterium_sp._NBC122	-	0
Chryseobacterium_sp._NEB161	-	0
Chryseobacterium_sp._POL2	-	0
Chryseobacterium_sp._strain_SNU_WT7	-	0
Chryseobacterium_taklimakanense_strain_F9257	-	0
Citricoccus_sp._SGAir0253	-	0
Citricoccus_sp._SGAir0453	-	0
Citrobacter_koseri_ATCC_BAA-895	-	0
Citrobacter_sp._BIDMC107_strain_Colony252	-	0
Citrobacter_sp._Colony219	-	0
Citromicrobium_sp._JL477	-	0
Clavibacter_michiganensis_subsp._nebraskensis_NCPPB_2581	-	0
Clavibacter_michiganensis_subsp._sepedonicus_strain_ATCC_33113	-	0
Clavibacter_michiganensis_subsp._tessellarius_ATCC_33566	-	0
Cloacibacillus_porcorum_strain_CL-84	-	0
Cloacibacterium_caeni_strain_Isolate1	-	0
Cloacibacterium_normanense_strain_NRS-1	-	0
Clostridia_bacterium_12CBH8	-	0
Clostridia_bacterium_strain_zrk5	-	0
Clostridia_bacterium_UC5.1-1D4_VE303-05	-	0
Clostridiaceae_bacterium_14S0207	-	0
Clostridiales_bacterium_70B-A	-	0
Clostridiales_bacterium_CCNA10	-	0
Clostridiales_bacterium_LB2	-	0
Clostridiales_genomosp._BVAB1_strain_UAB071	-	0
Clostridiales_genomosp._BVAB3_str._UPII9-5	-	0
Clostridium_acetobutylicum_ATCC_824	-	0
Clostridium_acetobutylicum_DSM_1731	-	0
Clostridium_acetobutylicum_EA_2018	-	0
Clostridium_acetobutylicum_strain_LJ4	-	0
Clostridium_acidurici_9a	-	0
Clostridium_autoethanogenum_DSM_10061	-	0
Clostridium_baratii_strain_CDC51267	-	0
Clostridium_baratii_str._Sullivan	-	0
Clostridium_beijerinckii_NCIMB_8052	-	0
Clostridium]_bolteae_strain_ATCC_BAA-613	-	0
Clostridium_botulinum_111	-	0
Clostridium_botulinum_A3_str._Loch_Maree	-	0
Clostridium_botulinum_BKT015925	-	0
Clostridium_botulinum_Prevot_594	-	0
Clostridium_bovifaecis_strain_BXX	-	0
Clostridium_cadaveris_IFB3C5	-	0
Clostridium_cellulovorans_743B	-	0
Clostridium_chauvoei_JF4335_strain_JF4335	-	0
Clostridium_chauvoei_strain_12S0467	-	0
Clostridium_clariflavum_DSM_19732	-	0
Clostridium_cochlearium_strain_NCTC13027	-	0
Clostridium_difficile_630	-	0
Clostridium_diolis_strain_DSM_15410	-	0
Clostridium_drakei_strain_SL1	-	0
Clostridium_estertheticum_subsp._estertheticum_strain_DSM_8809	-	0
Clostridium_formicaceticum_strain_ATCC_27076	-	0
Clostridium]_innocuum_CE91-St51	-	0
Clostridium_intestinale_strain_Lx1	-	0
Clostridium_kluyveri_DSM_555	-	0
Clostridium_kluyveri_NBRC_12016	-	0
Clostridium_kluyveri_strain_JZZ	-	0
Clostridium_ljungdahlii_strain_DSM_13528	-	0
Clostridium_novyi_strain_150557	-	0
Clostridium_pasteurianum_BC1	-	0
Clostridium_pasteurianum_DSM_525_=_ATCC_6013	-	0
Clostridium_pasteurianum_strain_M150B	-	0
Clostridium_perfringens_1293/86	-	0
Clostridium_perfringens_ATCC_13124	-	0
Clostridium_perfringens_SM101	-	0
Clostridium_perfringens_str._13	-	0
Clostridium_phytofermentans_ISDg	-	0
Clostridium_saccharobutylicum_DSM_13864	-	0
Clostridium_saccharobutylicum_strain_BAS/B3/SW/136	-	0
Clostridium_saccharoperbutylacetonicum_N1-4(HMT)_strain_N1-4(HMT)	-	0
Clostridium_saccharoperbutylacetonicum_strain_N1-504	-	0
Clostridium]_scindens_ATCC_35704	-	0
Clostridium]_scindens_CE91-St59	-	0
Clostridium_septicum_FDAARGOS_1551	-	0
Clostridium_sp._001	-	0
Clostridium_sp._AWRP	-	0
Clostridium_sp._C1	-	0
Clostridium_sp._CT4	-	0
Clostridium_sp._'deep_sea'	-	0
Clostridium_sp._JN-1	-	0
Clostridium_sp._JN500901	-	0
Clostridium_sp._nC27_bin.11.fa	-	0
Clostridium_sporogenes_FDAARGOS_1470	-	0
Clostridium_sp._SYSU_GA15002T	-	0
Clostridium]_stercorarium_subsp._leptospartum_DSM_9219	-	0
Clostridium]_stercorarium_subsp._thermolacticum_DSM_2910	-	0
Clostridium_sticklandii_DSM_519	-	0
Clostridium_taeniosporum_strain_1/k	-	0
Clostridium_tetani_12124569	-	0
Clostridium_tetani_E88	-	0
Clostridium_tetani_strain_Harvard_49205	-	0
Clostridium_thermocellum_ATCC_27405	-	0
Clostridium]_thermosuccinogenes_strain_DSM_5807	-	0
Clostridium_tyrobutyricum_strain_Cirm_BIA_2237	-	0
Clostridium]_ultunense_Esp_strain_Clostridium_ultunense_strain_Esp	-	0
Cnuibacter_physcomitrellae_strain_XA(T)	-	0
Cognatishimia_activa_strain_ECT2AJA-044	-	0
Collimonas_arenae_Cal35	-	0
Collimonas_pratensis_strain_Ter291	-	0
Collinsella_aerofaciens_NBRC_114504	-	0
Collinsella_sp._zg1085	-	0
Collinsella_stercoris_DSM_13279_FDAARGOS_1572	-	0
Colwellia_sp._PAMC_20917	-	0
Comamonadaceae_bacterium_A1	-	0
Comamonadaceae_bacterium_B1	-	0
Comamonas_aquatica_BB1454	-	0
Comamonas_kerstersii_strain_3132976	-	0
Comamonas_serinivorans_strain_DSM_26136	-	0
Comamonas_testosteroni_CNB-2	-	0
Comamonas_testosteroni_P19	-	0
Comamonas_testosteroni_YAZ2	-	0
Comamonas_thiooxydans_CSUSB4	-	0
Commensalibacter_sp._AMU001	-	0
Commensalibacter_sp._ESL0284	-	0
Conchiformibius_kuhniae_17694	-	0
Conchiformibius_steedae_strain_DSM_2580	-	0
Conexivisphaera_calidus_strain_NAS-02	-	0
Coprobacter_sp._2CBH44	-	0
Coprococcus_catus_GD/7	-	0
Coprococcus_catus_strain_MGYG-HGUT-01714	-	0
Coprococcus_sp._ART55/1	-	0
Coprothermobacter_proteolyticus_DSM_5265	-	0
Coraliomargarita_akajimensis_DSM_45221	-	0
Coriobacteriaceae_bacterium_68-1-3	-	0
Coriobacteriaceae_bacterium_EMTCatB1	-	0
Coriobacterium_glomerans_PW2	-	0
Corynebacteriaceae_bacterium_'ARUP_UnID_227'_strain_MGYG-HGUT-01435	-	0
Corynebacterium_amycolatum_strain_FDAARGOS_1107_strain_Not_applicable	-	0
Corynebacterium_atypicum_strain_R2070	-	0
Corynebacterium_bovis_strain_FDAARGOS_1052_strain_Not_applicable	-	0
Corynebacterium_choanis_strain_200CH	-	0
Corynebacterium_coyleae_FDAARGOS_1492	-	0
Corynebacterium_cyclohexanicum_ATCC_51369	-	0
Corynebacterium_cystitidis_strain_NCTC11863	-	0
Corynebacterium_diphtheriae_31A	-	0
Corynebacterium_diphtheriae_BH8	-	0
Corynebacterium_diphtheriae_CD1005	-	0
Corynebacterium_diphtheriae_INCA_402	-	0
Corynebacterium_diphtheriae_NCTC_13129	-	0
Corynebacterium_doosanense_CAU_212_=_DSM_45436	-	0
Corynebacterium_efficiens_YS-314	-	0
Corynebacterium_falsenii_DSM_44353	-	0
Corynebacterium_falsenii_FDAARGOS_1493	-	0
Corynebacterium_frankenforstense_DSM_45800	-	0
Corynebacterium_freneyi_FDAARGOS_1495	-	0
Corynebacterium_glaucum_strain_DSM_30827	-	0
Corynebacterium_glucuronolyticum_strain_FDAARGOS_1053_strain_Not_applicable	-	0
Corynebacterium_glutamicum_ATCC_13032	-	0
Corynebacterium_glutamicum_R	-	0
Corynebacterium_glycinophilum_AJ_3170	-	0
Corynebacterium_halotolerans_YIM_70093_=_DSM_44683	-	0
Corynebacterium_imitans_strain_DSM_44264	-	0
Corynebacterium_jeikeium_K411	-	0
Corynebacterium_jeikeium_strain_FDAARGOS_328	-	0
Corynebacterium_kroppenstedtii_DSM_44385	-	0
Corynebacterium_kroppenstedtii_strain_FDAARGOS_1192_strain_Not_applicable	-	0
Corynebacterium_kutscheri_strain_DSM_20755	-	0
Corynebacterium_marinum_DSM_44953	-	0
Corynebacterium_maris_DSM_45190	-	0
Corynebacterium_matruchotii_strain_ATCC_14266	-	0
Corynebacterium_mustelae_strain_DSM_45274	-	0
Corynebacterium_mycetoides_strain_DSM_20632	-	0
Corynebacterium_pelargi_strain_136/3	-	0
Corynebacterium_propinquum_strain_FDAARGOS_1112_strain_Not_applicable	-	0
Corynebacterium_pseudopelargi_strain_812CH	-	0
Corynebacterium_pseudotuberculosis_1002	-	0
Corynebacterium_pseudotuberculosis_1/06-A	-	0
Corynebacterium_pseudotuberculosis_258	-	0
Corynebacterium_pseudotuberculosis_267	-	0
Corynebacterium_pseudotuberculosis_31	-	0
Corynebacterium_pseudotuberculosis_316	-	0
Corynebacterium_pseudotuberculosis_3/99-5	-	0
Corynebacterium_pseudotuberculosis_42/02-A	-	0
Corynebacterium_pseudotuberculosis_C231	-	0
Corynebacterium_pseudotuberculosis_CIP_52.97	-	0
Corynebacterium_pseudotuberculosis_Cp162	-	0
Corynebacterium_pseudotuberculosis_FRC41	-	0
Corynebacterium_pseudotuberculosis_I19	-	0
Corynebacterium_pseudotuberculosis_P54B96	-	0
Corynebacterium_pseudotuberculosis_PAT10	-	0
Corynebacterium_pseudotuberculosis_strain_04MAT	-	0
Corynebacterium_riegelii_strain_FDAARGOS_1114_strain_Not_applicable	-	0
Corynebacterium_sp._2019	-	0
Corynebacterium_sp._2183	-	0
Corynebacterium_sp._2184	-	0
Corynebacterium_sp._3010	-	0
Corynebacterium_sp._4H37-19	-	0
Corynebacterium_sp._ATCC_6931	-	0
Corynebacterium_sp._CNCTC7651	-	0
Corynebacterium_sphenisci_DSM_44792	-	0
Corynebacterium_sp._LMM_1652	-	0
Corynebacterium_sp._NML93-0612	-	0
Corynebacterium_sp._NML98-0116	-	0
Corynebacterium_sp._sy039	-	0
Corynebacterium_sp._zg-320	-	0
Corynebacterium_sp._zg-913	-	0
Corynebacterium_sp._zg-917	-	0
Corynebacterium_terpenotabidum_Y-11	-	0
Corynebacterium_timonense_strain_DSM_45434	-	0
Corynebacterium_ulcerans_0102	-	0
Corynebacterium_ulcerans_05146	-	0
Corynebacterium_ulcerans_809	-	0
Corynebacterium_ulcerans_BR-AD22	-	0
Corynebacterium_ulcerans_FRC11	-	0
Corynebacterium_ulcerans_FRC58	-	0
Corynebacterium_urealyticum_DSM_7109	-	0
Corynebacterium_urealyticum_DSM_7111	-	0
Corynebacterium_urealyticum_strain_FDAARGOS_994_strain_Not_applicable	-	0
Corynebacterium_ureicelerivorans_strain_IMMIB_RIV-2301	-	0
Corynebacterium_uterequi_strain_DSM_45634	-	0
Corynebacterium_vitaeruminis_DSM_20294	-	0
Corynebacterium_xerosis_strain_FDAARGOS_674_strain_Not_applicable	-	0
Costertonia_aggregata_strain_KCCM_42265	-	0
Coxiella_burnetii_RSA_331	-	0
Coxiella_burnetii_RSA_493	-	0
Coxiella_endosymbiont_of_Amblyomma_americanum_C904	-	0
Coxiella_endosymbiont_of_Amblyomma_nuttalli_strain_Craf2019	-	0
Coxiella_endosymbiont_of_Amblyomma_sculptum_strain_CeAS-UFV	-	0
Coxiella-like_endosymbiont_of_Amblyomma_americanum_strain_CLE-AaGA	-	0
Crassaminicella_sp._SY095	-	0
Croceibacter_atlanticus_HTCC2559	-	0
Croceicoccus_marinus_strain_OT19	-	0
Croceicoccus_naphthovorans_strain_PQ-2	-	0
Croceicoccus_sp._Ery15	-	0
Cronobacter_sakazakii_ATCC_BAA-894	-	0
Cruoricaptor_ignavus_strain_M1214	-	0
Cryobacterium_arcticum_strain_PAMC_27867	-	0
Cryomorphaceae_bacterium_strain_ECT2AJA-044	-	0
Cryptobacterium_curtum_DSM_15641	-	0
Cupriavidus_metallidurans_CH34	-	0
Cupriavidus_pinatubonensis_strain_HN-2	-	0
Curtobacterium_flaccumfaciens_pv._flaccumfaciens_strain_BRIP:70606	-	0
Curtobacterium_pusillum_strain_AA3	-	0
Curtobacterium_sp._24E2	-	0
Curtobacterium_sp._9128	-	0
Curtobacterium_sp._BH-2-1-1	-	0
Curtobacterium_sp._Csp1_strain_csp1	-	0
Curtobacterium_sp._Csp2_strain_csp2	-	0
Curtobacterium_sp._csp3	-	0
Curtobacterium_sp._MR_MD2014	-	0
Curtobacterium_sp._SGAir0471_strain_not_applicable	-	0
Curtobacterium_sp._YC1	-	0
Cutibacterium_acnes_DSM_1897	-	0
Cutibacterium_acnes_HKGB1	-	0
Cutibacterium_acnes_KPA171202	-	0
Cutibacterium_acnes_subsp._acnes_NBRC_113869	-	0
Cutibacterium_avidum_strain_KCTC_5339	-	0
Cutibacterium_granulosum_strain_NCTC11865	-	0
Cyanobacterium_aponinum_PCC_10605	-	0
cyanobacterium_endosymbiont_of_Braarudosphaera_bigelowii_CPSB-1	-	0
cyanobacterium_endosymbiont_of_Epithemia_turgida_isolate_EtSB_Lake_Yunoko_ETSB_Lake_Yunoko	-	0
Cyanobacterium_stanieri_PCC_7202	-	0
Cyanobium_gracile_PCC_6307	-	0
Cyanobium_sp._NIES-981_strain_NIES-981	-	0
Cyanobium_sp._NS01	-	0
Cyanothece_sp._ATCC_51142	-	0
Cyanothece_sp._PCC_8801	-	0
Cyanothece_sp._PCC_8802	-	0
Cyclobacteriaceae_bacterium_strain_SSA6	-	0
Cyclobacterium_amurskyense_strain_KCTC_12363	-	0
Cycloclasticus_sp._P1	-	0
Cycloclasticus_sp._PY97N	-	0
Cycloclasticus_zancles_7-ME	-	0
Cylindrospermopsis_curvispora_GIHE-G1	-	0
Cylindrospermopsis_raciborskii_KLL07	-	0
Cylindrospermopsis_raciborskii_N8	-	0
Cytophaga_hutchinsonii_ATCC_33406	-	0
Dechloromonas_denitrificans_110	-	0
Dechloromonas_sp._HYN0024	-	0
Dechloromonas_sp._TW-R-39-2	-	0
Deefgea_sp._D25	-	0
Deferribacter_desulfuricans_SSM1	-	0
Defluviicoccus_sp._strain_SSA4	-	0
Defluviicoccus_vanus_strain_Ben_114	-	0
Defluviitoga_tunisiensis_strain_L3	-	0
Dehalobacter_restrictus_DSM_9455	-	0
Dehalobacter_restrictus_strain_12DCA	-	0
Dehalobacter_sp._CF	-	0
Dehalobacter_sp._DCA	-	0
Dehalococcoidales_bacterium_bin10	-	0
Dehalococcoides_ethenogenes_195	-	0
Dehalococcoides_mccartyi_BAV1	-	0
Dehalococcoides_mccartyi_BTF08	-	0
Dehalococcoides_mccartyi_CG1	-	0
Dehalococcoides_mccartyi_CG4	-	0
Dehalococcoides_mccartyi_CG5	-	0
Dehalococcoides_mccartyi_DCMB5	-	0
Dehalococcoides_mccartyi_GY50	-	0
Dehalococcoides_mccartyi_IBARAKI	-	0
Dehalococcoides_mccartyi_strain_11a5	-	0
Dehalococcoides_sp._CBDB1	-	0
Dehalococcoides_sp._GT	-	0
Dehalococcoides_sp._UCH007	-	0
Dehalococcoides_sp._VS	-	0
Dehalogenimonas_sp._GP	-	0
Dehalogenimonas_sp._NSZ-14_strain_NSZ-14	-	0
Dehalogenimonas_sp._WBC-2	-	0
Deinococcus_actinosclerus_strain_BM2	-	0
Deinococcus_ficus_strain_CC-FR2-10	-	0
Deinococcus_geothermalis_DSM_11300	-	0
Deinococcus_proteolyticus_MRP	-	0
Deinococcus_puniceus_strain_DY1	-	0
Deinococcus_radiodurans_ATCC_13939	-	0
Deinococcus_radiodurans_R1	-	0
Deinococcus_radiodurans_strain_BND-54	-	0
Deinococcus_radiophilus_ATCC_27603	-	0
'Deinococcus_soli'_Cha_et_al._2014_strain_N5	-	0
Deinococcus_sp._17bor-2	-	0
Deinococcus_sp._NW-56	-	0
Deinococcus_wulumuqiensis_R12	-	0
Deltaproteobacteria_bacterium_bin101	-	0
delta_proteobacterium_BABL1	-	0
Denitratisoma_oestradiolicum_strain_DSM_16959	-	0
Denitrobacterium_detoxificans_strain_NPOH1	-	0
Denitrovibrio_acetiphilus_DSM_12809	-	0
Dermabacter_hominis_strain_MGYG-HGUT-01448	-	0
Dermabacter_jinjuensis_FDAARGOS_1555	-	0
Dermabacter_vaginalis_strain_AD1-86	-	0
Dermacoccus_abyssi_strain_HZAU_226	-	0
Dermacoccus_nishinomiyaensis_strain_FDAARGOS_1119_strain_Not_applicable	-	0
Dermacoccus_sp._PAMC28757	-	0
Desulfitobacterium_hafniense_DCB-2	-	0
Desulfitobacterium_hafniense_Y51	-	0
Desulfobacterales_bacterium_bin1454	-	0
Desulfobacula_toluolica_Tol2	-	0
Desulfococcus_oleovorans_Hxd3	-	0
Desulfohalobium_retbaense_DSM_5692	-	0
Desulfomicrobium_baculatum_DSM_4028	-	0
Desulfomicrobium_orale_DSM_12838	-	0
Desulfomonile_tiedjei_DSM_6799	-	0
Desulfosporosinus_orientis_DSM_765	-	0
Desulfotalea_psychrophila_LSv54	-	0
Desulfotomaculum_acetoxidans_DSM_771	-	0
Desulfotomaculum_carboxydivorans_CO-1-SRB	-	0
Desulfotomaculum_ferrireducens_strain_GSS09	-	0
Desulfotomaculum_reducens_MI-1	-	0
Desulfovibrio_alaskensis_G20	-	0
Desulfovibrio_carbinolicus_strain_DSM_3852	-	0
Desulfovibrio_desulfuricans_subsp._desulfuricans_str._ATCC_27774	-	0
Desulfovibrio_gigas_DSM_1382_=_ATCC_19364	-	0
Desulfovibrio_magneticus_RS-1	-	0
Desulfovibrio_piezophilus_strain_C1TLV30	-	0
Desulfovibrio_sp._DSM_106783	-	0
Desulfovibrio_sp._G11	-	0
Desulfovibrio_sp._IOR2	-	0
Desulfovibrio_sulfodismutans_DSM_3696	-	0
Desulfovibrio_vulgaris_DP4	-	0
Desulfurella_acetivorans_A63	-	0
Desulfurispirillum_indicum_A2	-	0
Desulfurispirillum_indicum_S5	-	0
Desulfurivibrio_alkaliphilus_AHT2	-	0
Desulfurococcus_fermentans_DSM_16532	-	0
Desulfurococcus_kamchatkensis_1221n	-	0
Desulfurococcus_mucosus_DSM_2162	-	0
Desulfuromonas_sp._DDH964	-	0
Devosia_sp._D6-9	-	0
Devosia_sp._DDS-1_strain_A16	-	0
Devosia_sp._I507	-	0
Devosia_sp._LEGU1	-	0
Devosia_sp._MC521	-	0
Devosia_sp._strain_ih3	-	0
Devriesea_agamarum_strain_IMP2	-	0
Dialister_pneumosintes_strain_F0677	-	0
Dialister_sp._5BBH33	-	0
Dialister_sp._Marseille-P5638	-	0
Dialister_succinatiphilus_min17_bin50	-	0
Diaminobutyricimonas_sp._LJ205	-	0
Dichelobacter_nodosus_strain_VCS1703A	-	0
Dichelobacter_nodosus_VCS1703A	-	0
Dickeya_dadantii_3937	-	0
Dickeya_dadantii_M2-3	-	0
Dickeya_dianthicola_LAR.16.03.LID	-	0
Dickeya_zeae_A586-S18-A17	-	0
Dictyoglomus_thermophilum_H-6-12	-	0
Dietzia_psychralcaliphila_strain_ILA-1	-	0
Dissulfurimicrobium_hydrothermale_Sh68	-	0
Dokdonella_koreensis_DS-123	-	0
Dokdonia_sp._MED134	-	0
Dolichospermum_compactum_NIES-806	-	0
Dolichospermum_flos-aquae_CCAP_1403/13F_strain_CCAP_1403/13f	-	0
Dolichospermum_sp._DL01	-	0
Dolichospermum_sp._LBC05a	-	0
Dolichospermum_sp._UHCC_0315A	-	0
Dolichospermum_sp._UKL201	-	0
Dorea_longicatena_VE303-06	-	0
DPANN_group_archaeon_LC1Nh	-	0
Draconibacterium_sp._M1	-	0
Duncaniella_sp._B8	-	0
Duncaniella_sp._C9	-	0
Ectothiorhodosinus_mongolicus_DSM_15479	-	0
Ectothiorhodospiraceae_bacterium_2226	-	0
Edaphobacter_sp._12200R-103	-	0
Effusibacillus_sp._skT53	-	0
Eggerthellaceae_bacterium_zg-1050	-	0
Eggerthellaceae_bacterium_zg-886	-	0
Eggerthella_lenta_APC-F2-3	-	0
Eggerthella_lenta_DSM_2243	-	0
Egicoccus_halophilus_strain_EGI_80432	-	0
Ehrlichia_canis_20-01904-0002	-	0
Ehrlichia_canis_str._Jake	-	0
Ehrlichia_chaffeensis_str._Arkansas	-	0
Ehrlichia_chaffeensis_str._Heartland	-	0
Ehrlichia_chaffeensis_str._Jax	-	0
Ehrlichia_chaffeensis_str._Liberty	-	0
Ehrlichia_chaffeensis_str._Osceola	-	0
Ehrlichia_chaffeensis_str._Saint_Vincent	-	0
Ehrlichia_chaffeensis_str._Wakulla	-	0
Ehrlichia_chaffeensis_str._West_Paces	-	0
Ehrlichia_muris_AS145	-	0
Ehrlichia_ruminantium_Attenuated_Welgevonden	-	0
Ehrlichia_ruminantium_str._Gardel	-	0
Ehrlichia_ruminantium_str._Welgevonden	-	0
Ehrlichia_sp._HF	-	0
Eikenella_corrodens_FDAARGOS_1474	-	0
Elizabethkingia_sp._JS20170427COW	-	0
Elizabethkingia_sp._M8	-	0
Elusimicrobium_minutum_Pei191	-	0
Emcibacter_congregatus_strain_ZYLT	-	0
Emcibacter_sp._MEBiC09520	-	0
Emergencia_timonensis_CE91-St48	-	0
Empedobacter_brevis_strain_BCLYD2	-	0
Empedobacter_falsenii_strain_1681-1	-	0
Empedobacter_stercoris_strain_ES183	-	0
Emticicia_oligotrophica_DSM_17448	-	0
Endomicrobium_proavitum_strain_Rsa215	-	0
endosymbiont_of_Acanthamoeba_sp._UWC8	-	0
endosymbiont_of_Bathymodiolus_septemdierum_str._Myojin_knoll_strain_Myojin_Knoll_strain_A1	-	0
endosymbiont_of_Euscepes_postfasciatus_strain_NAREPO1	-	0
endosymbiont_of_Llaveia_axin_axin	-	0
endosymbiont_of_Pachyrhynchus_infernalis_strain_NARPIN1	-	0
endosymbiont_of_Plagiopylea_sp._strain_1	-	0
endosymbiont_of_Rhynchophorus_ferrugineus_strain_NARRFE1	-	0
endosymbiont_of_Sipalinus_gigas_strain_NARSGI1	-	0
Ensifer_adhaerens_OV14	-	0
Ensifer_mexicanus_strain_ITTG_R7	-	0
Ensifer_sojae_CCBAU_05684	-	0
Ensifer_sp._PDNC004	-	0
Enterobacter_cloacae_subsp._cloacae_12961-yvys	-	0
Enterobacter_hormaechei_subsp._oharae_FDAARGOS_1533	-	0
Enterobacter_hormaechei_subsp._steigerwaltii_14269-yvys	-	0
Enterobacteriaceae_endosymbiont_of_Donacia_bicoloricornis_strain_DbicSym	-	0
Enterobacteriaceae_endosymbiont_of_Donacia_cincticornis_strain_DcincSym	-	0
Enterobacteriaceae_endosymbiont_of_Donacia_cinerea_strain_DcinSym	-	0
Enterobacteriaceae_endosymbiont_of_Donacia_clavipes_strain_DclaSym	-	0
Enterobacteriaceae_endosymbiont_of_Donacia_crassipes_strain_DcraSym	-	0
Enterobacteriaceae_endosymbiont_of_Donacia_dentata_strain_DdentSym	-	0
Enterobacteriaceae_endosymbiont_of_Donacia_fulgens_strain_DfulgSym	-	0
Enterobacteriaceae_endosymbiont_of_Donacia_marginata_strain_DmarSym	-	0
Enterobacteriaceae_endosymbiont_of_Donacia_piscatrix_strain_DpisSym	-	0
Enterobacteriaceae_endosymbiont_of_Donacia_provostii_strain_DprovSym	-	0
Enterobacteriaceae_endosymbiont_of_Donacia_proxima_strain_DproxSym	-	0
Enterobacteriaceae_endosymbiont_of_Donacia_semicuprea_strain_DsemSym	-	0
Enterobacteriaceae_endosymbiont_of_Donacia_simplex_strain_DsimSym	-	0
Enterobacteriaceae_endosymbiont_of_Donacia_sparganii_strain_DsparSym	-	0
Enterobacteriaceae_endosymbiont_of_Donacia_thalassina_strain_DthaSym	-	0
Enterobacteriaceae_endosymbiont_of_Donacia_tomentosa_strain_DtomSym	-	0
Enterobacteriaceae_endosymbiont_of_Donacia_versicolorea_strain_DversSym	-	0
Enterobacteriaceae_endosymbiont_of_Donacia_vulgaris_strain_DvulSym	-	0
Enterobacteriaceae_endosymbiont_of_Macroplea_appendiculata_strain_MappSym	-	0
Enterobacteriaceae_endosymbiont_of_Macroplea_mutica_strain_MmutSym	-	0
Enterobacteriaceae_endosymbiont_of_Neohaemonia_nigricornis_strain_NnigSym	-	0
Enterobacteriaceae_endosymbiont_of_Plateumaris_braccata_strain_PbraSym	-	0
Enterobacteriaceae_endosymbiont_of_Plateumaris_consimilis_strain_PconSym	-	0
Enterobacteriaceae_endosymbiont_of_Plateumaris_pusilla_strain_PpusSym	-	0
Enterobacteriaceae_endosymbiont_of_Plateumaris_rustica_strain_PrusSym	-	0
Enterobacteriaceae_endosymbiont_of_Plateumaris_sericea_strain_PserSym	-	0
Enterobacter_kobei_11778-yvys	-	0
Enterobacter_ludwigii_11894-yvys	-	0
Enterobacter_sp._Colony194	-	0
Enterocloster_clostridioformis_strain_FDAARGOS_739	-	0
Enterococcus_avium_strain_352	-	0
Enterococcus_casseliflavus_ECB140	-	0
Enterococcus_faecalis_V583	-	0
Enterococcus_faecium_4995/20	-	0
Enterococcus_faecium_Aus0004	-	0
Enterococcus_faecium_Aus0085	-	0
Enterococcus_faecium_Com15	-	0
Enterococcus_faecium_DO	-	0
Enterococcus_faecium_NRRL_B-2354	-	0
Enterococcus_faecium_R0026	-	0
Enterococcus_faecium_T110	-	0
Enterococcus_gilvus_strain_CR1	-	0
Enterococcus_hirae_ATCC_9790	-	0
Enterococcus_hirae_strain_13144	-	0
Enterococcus_lactis_DH9003	-	0
Enterococcus_raffinosus_CX012922	-	0
Enterococcus_rotai_strain_LMG_26678	-	0
Enterococcus_silesiacus_strain_LMG_23085	-	0
Enterococcus_sp._DA9	-	0
Enterococcus_sp._FDAARGOS_553_strain_Not_applicable	-	0
Enterococcus_sp._M190262	-	0
Enterococcus_thailandicus_strain_Colony540	-	0
Entomoplasma_freundtii_strain_BARC_318	-	0
Entomoplasma_luminosum_strain_NJ-2016_strain_4_pooled_males	-	0
Entomoplasma_melaleucae_strain_M1	-	0
Entomoplasma_somnilux_strain_PYAN-1	-	0
Epidermidibacterium_keratini_strain_EPI-7	-	0
Erwinia_sp._3056	-	0
Erwinia_sp._Ejp617	-	0
Erysipelothrix_inopinata_strain_DSM_15511	-	0
Erysipelothrix_rhusiopathiae_strain_G4T10	-	0
Erysipelothrix_rhusiopathiae_str._Fujisawa	-	0
Erysipelothrix_rhusiopathiae_SY1027	-	0
Erysipelothrix_sp._15TAL0474	-	0
Erysipelothrix_sp._HDW6A	-	0
Erysipelothrix_sp._HDW6B	-	0
Erysipelothrix_sp._HDW6C	-	0
Erysipelothrix_sp._LV19	-	0
Erysipelotrichaceae_bacterium_GAM147	-	0
Erysipelotrichaceae_bacterium_SG0102	-	0
Erythrobacter_flavus_strain_21-3	-	0
Erythrobacter_litoralis_HTCC2594	-	0
Erythrobacter_seohaensis_strain_SW-135	-	0
Erythrobacter_sp._6D36	-	0
Erythrobacter_sp._s21-N3	-	0
Escherichia_albertii_strain_05-3106	-	0
Escherichia_coli_042	-	0
Escherichia_coli_536	-	0
Escherichia_coli_B7A	-	0
Escherichia_coli_CFT073	-	0
Escherichia_coli_E24377A	-	0
Escherichia_coli_ETEC_H10407	-	0
Escherichia_coli_HS	-	0
Escherichia_coli_Nissle_1917	-	0
Escherichia_coli_O26:H11_strain_FWSEC0001	-	0
Escherichia_coli_str._K-12_substr._DH10B	-	0
Escherichia_coli_str._K-12_substr._W3110	-	0
Escherichia_coli_UTI89	-	0
Ethanoligenens_harbinense_strain_B49	-	0
Ethanoligenens_harbinense_YUAN-3	-	0
Eubacterium]_cylindroides_T2-87	-	0
Eubacterium]_eligens_ATCC_27750	-	0
Eubacterium_rectale]_ATCC_33656	-	0
Eubacterium_rectale_DSM_17629	-	0
Eubacterium_rectale_M104/1	-	0
Eubacterium]_rectale_VPI_0990	-	0
Eubacterium]_siraeum_strain_MGYG-HGUT-02530	-	0
Eubacterium_siraeum_V10Sc8a	-	0
Eubacterium_sp._Marseille-P3177	-	0
Eubacterium_sulci_ATCC_35585	-	0
Euryarchaeota_archaeon_bin24	-	0
Euzebya_sp._DY32-46	-	0
Euzebyella_marina_strain_RN62	-	0
Exiguobacterium_acetylicum_EYLC1	-	0
Exiguobacterium_mexicanum_strain_A-EM	-	0
Exiguobacterium_profundum_strain_SSD5	-	0
Exiguobacterium_sibiricum_255-15	-	0
Exiguobacterium_sp._AT1b	-	0
Exiguobacterium_sp._MH3	-	0
Exiguobacterium_sp._U13-1	-	0
Ezakiella_sp._Marseille-P2951	-	0
Faecalibacillus_intestinalis_strain_14EGH31	-	0
Faecalibacterium_prausnitzii_Fp1	-	0
Faecalibaculum_rodentium_strain_Alo17_strain_ALO17	-	0
Fannyhessea_vaginae_strain_FDAARGOS_934_strain_Not_applicable	-	0
Fastidiosipila_sanguinis_strain_CCUG_47711	-	0
Ferrigenium_kumadai_strain_An22	-	0
Ferrimonas_balearica_DSM_9799	-	0
Ferrimonas_sp._S7	-	0
Ferroplasma_acidarmanus_fer1	-	0
Ferroplasma_acidiphilum_strain_Y	-	0
Ferrovibrio_sp._K5	-	0
Ferrovum_myxofaciens_strain_MI1A	-	0
Fervidicoccus_fontis_Kam940	-	0
Fervidobacterium_changbaicum_strain_CBS-1	-	0
Fervidobacterium_nodosum_Rt17-B1	-	0
Fervidobacterium_pennivorans_strain_DYC	-	0
Fibrobacter_succinogenes_subsp._succinogenes_S85	-	0
Filifactor_alocis_ATCC_35896	-	0
Fimbriimonadaceae_bacterium_strain_ACE_ARM1	-	0
Finegoldia_magna_ATCC_29328	-	0
Firmicutes_bacterium_R50_strain_R501	-	0
Firmicutes_bacterium_strain_Bu02	-	0
Firmicutes_bacterium_zrk13	-	0
Flagellimonas_sp._CMM7	-	0
Flammeovirgaceae_bacterium_strain_H1_BAC1	-	0
Flammeovirga_sp._L12M1	-	0
Flaviflexus_salsibiostraticola_strain_KCTC_33148	-	0
Flaviflexus_sp._H23T48	-	0
Flavisolibacter_tropicus_strain_LCS9	-	0
Flavobacteriaceae_bacterium_10Alg115	-	0
Flavobacteriaceae_bacterium_3519-10	-	0
Flavobacteriaceae_bacterium_AHE01FL_strain_ena-SAMPLE-TAB-31-05-2021-14:30:53:025-170	-	0
Flavobacteriaceae_bacterium_bin181	-	0
Flavobacteriaceae_bacterium_MAR_2010_188	-	0
Flavobacteriaceae_bacterium_UJ101	-	0
Flavobacteriales_bacterium_strain_Fred_18-Q3-R57-64_BAT3C.208	-	0
Flavobacterium_enshiense_R6S-5-6	-	0
Flavobacterium_faecale_strain_WV33	-	0
Flavobacterium_psychrophilum_160401-1/5N-C1	-	0
Flavobacterium_sp._CS20	-	0
Flavobacterium_sp._GENT11	-	0
Flavobacterium_sp._GENT5	-	0
Flavobacterium_sp._GS03	-	0
Flavobacterium_sp._HYN0048	-	0
Flavobacterium_sp._HYN0059	-	0
Flavobacterium_sp._I3-2	-	0
Flavobacterium_sp._LPB0248_strain_LPB248	-	0
Flavobacterium_sp._MEBiC07310	-	0
Flavobacterium_sp._PK15	-	0
Flavobacterium_sp._SHINM13	-	0
Flavobacterium_sp._SLB01	-	0
Flavobacterium_sp._strain_NK2020	-	0
Flavobacterium_sp._xlx-214	-	0
Flavonifractor_plautii_NBRC_113805	-	0
Flexistipes_sinusarabici_DSM_4947	-	0
Flintibacter_sp._KGMB00164	-	0
Formosa_agariphila_KMM_3901	-	0
Formosa_haliotis_strain_LMG_28520	-	0
Formosa_sp._Hel1_31_208	-	0
Formosa_sp._Hel1_33_131	-	0
Formosa_sp._Hel3_A1_48	-	0
Formosa_sp._L2A11	-	0
Formosa_sp._PS13	-	0
Francisella_noatunensis_subsp._orientalis_strain_F1	-	0
Francisella_philomiragia_subsp._philomiragia_ATCC_25015_strain_O#319L	-	0
Frankia_alni_ACN14a	-	0
Frankia_sp._ArI3	-	0
Frankia_sp._CcI3	-	0
Frankia_sp._DC12	-	0
Frankia_sp._EAN1pec	-	0
Frankia_sp._EuI1c	-	0
Frederiksenia_canicola_strain_HPA_21	-	0
Frigoribacterium_sp._NBH87	-	0
Frondihabitans_sp._762G35	-	0
Fusobacterium_canifelinum_strain_FDAARGOS_1126_strain_Not_applicable	-	0
Fusobacterium_gastrosuis_Fusobacterium_gastrosuis_sp._nov._CDW1,_P6_Po	-	0
Fusobacterium_gonidiaformans_ATCC_25563	-	0
Fusobacterium_hwasookii_ChDC_F174	-	0
Fusobacterium_hwasookii_strain_KCOM_1249	-	0
Fusobacterium_mortiferum_ATCC_9817	-	0
Fusobacterium_necrophorum_strain_FDAARGOS_565_strain_Not_applicable	-	0
Fusobacterium_necrophorum_subsp._funduliforme_strain_1_1_36S	-	0
Fusobacterium_necrophorum_subsp._necrophorum_strain_ATCC_25286	-	0
Fusobacterium_nucleatum_subsp._animalis_4_8	-	0
Fusobacterium_nucleatum_subsp._animalis_strain_ChDC_F332	-	0
Fusobacterium_nucleatum_subsp._nucleatum_ATCC_23726	-	0
Fusobacterium_nucleatum_subsp._nucleatum_ATCC_25586	-	0
Fusobacterium_nucleatum_subsp._nucleatum_strain_25586	-	0
Fusobacterium_nucleatum_subsp._polymorphum_strain_ChDC_F306	-	0
Fusobacterium_nucleatum_subsp._vincentii_ChDC_F8_strain_KCOM_1231	-	0
Fusobacterium_periodonticum_strain_2_1_31	-	0
Fusobacterium_sp._NSJ-57	-	0
Fusobacterium_ulcerans_ATCC_49185_strain_Fusobacterium_ulcerans_81A6	-	0
Fusobacterium_ulcerans_strain_ATCC_49185	-	0
Fusobacterium_varium_ATCC_27725	-	0
Fusobacterium_varium_strain_Fv113-g1	-	0
Galbibacter_sp._bg1_strain_BG1	-	0
Gallionella_capsiferriformans_ES-2	-	0
gamma_proteobacterium_SS-5	-	0
Gardnerella_vaginalis_ATCC_14018_=_JCM_11026	-	0
Gardnerella_vaginalis_ATCC_14019	-	0
Gardnerella_vaginalis_strain_DSM_4944	-	0
Geitlerinema_sp._PCC_7407	-	0
Gelria_sp._Kuro-4	-	0
Gemella_haemolysans_FDAARGOS_1500	-	0
Gemella_morbillorum_FDAARGOS_1501	-	0
Gemella_sp._ND_6198	-	0
Gemella_sp._oral_taxon_928	-	0
Gemella_sp._zg-570	-	0
Gemmataceae_bacterium_strain_PL17	-	0
Gemmata_obscuriglobus_UQM_2246	-	0
Gemmatimonadetes_bacterium_bin113	-	0
Geobacillus_kaustophilus_HTA426	-	0
Geobacillus_lituanicus_strain_N-3	-	0
Geobacillus_sp._12AMOR1	-	0
Geobacillus_sp._JF8	-	0
Geobacillus_stearothermophilus_10	-	0
Geobacillus_thermodenitrificans_NG80-2	-	0
Geobacillus_thermodenitrificans_strain_KCTC3902	-	0
Geobacter_daltonii_FRC-32	-	0
Geobacter_metallireducens_GS-15	-	0
Geobacter_pickeringii_G13	-	0
Geobacter_sulfurreducens_PCA	-	0
Geobacter_uraniireducens_Rf4	-	0
Geodermatophilaceae_bacterium_NBWT11	-	0
Geodermatophilus_obscurus_DSM_43160	-	0
Geoglobus_ahangari_strain_234	-	0
Geovibrio_thiophilus_strain_DSM_11263	-	0
Gilliamella_sp._ESL0443	-	0
Gillisia_sp._Hel1_33_143	-	0
Gimesia_maris_strain_DSM_8797	-	0
Gimesia_sp._E7	-	0
Glaciecola_nitratireducens_FR1064	-	0
Glaciecola_sp._4H-3-7+YE-5	-	0
Glaciihabitans_sp._INWT7	-	0
Glaesserella_parasuis_29755	-	0
Glaesserella_sp._15-184_strain_15-184-2	-	0
Gloeobacter_violaceus_PCC_7421	-	0
Gloeocapsa_sp._PCC_7428	-	0
Gluconacetobacter_diazotrophicus_PAl_5	-	0
Gluconacetobacter_xylinus_E25	-	0
Gluconacetobacter_xylinus_NBRC_3288	-	0
Gluconobacter_albidus_strain_TMW2.1191	-	0
Gluconobacter_frateurii_ML.ISBL3	-	0
Gluconobacter_oxydans_621H	-	0
Gluconobacter_oxydans_H24	-	0
Gluconobacter_oxydans_strain_1.637	-	0
Gluconobacter_sphaericus_strain_SJF2-1	-	0
Gluconobacter_thailandicus_strain_HD924	-	0
Glutamicibacter_creatinolyticus_strain_LGCM_259	-	0
Glutamicibacter_halophytocola_strain_DR408	-	0
Glutamicibacter_mishrai_strain_S5-52	-	0
Glutamicibacter_nicotianae_strain_OTC-16	-	0
Glutamicibacter_protophormiae_strain_R912	-	0
Glutamicibacter_sp._ZJUTW	-	0
Glycocaulis_alkaliphilus_strain_6B-8	-	0
Gordonia_ajococcus_strain_A2	-	0
Gordonia_alkanivorans_GH-1	-	0
Gordonia_amarae_strain_BEN372	-	0
Gordonia_amicalis_CEGA1	-	0
Gordonia_bronchialis_DSM_43247	-	0
Gordonia_bronchialis_FDAARGOS_1476	-	0
Gordoniaceae_bacterium_686	-	0
Gordonia_iterans_strain_Co17	-	0
Gordonia_otitidis_FDAARGOS_1600	-	0
Gordonia_rubripertincta_strain_CWB2	-	0
Gordonia_sp._135	-	0
Gordonia_sp._1D	-	0
Gordonia_sp._HY186	-	0
Gordonia_sp._KTR9	-	0
Gordonia_sp._PDNC005	-	0
Gordonia_sp._X0973	-	0
Gordonia_terrae_strain_3612	-	0
Gordonibacter_massiliensis_strain_MGYG-HGUT-02409	-	0
Gordonibacter_pamelaeae_7-10-1-b	-	0
Gordonibacter_urolithinfaciens_strain_142160_ID174831	-	0
Gramella_flava_JLT2011_strain_JLT2011	-	0
Gramella_forsetii_KT0803	-	0
Gramella_sp._LPB0144	-	0
Gramella_sp._MAR_2010_102	-	0
Gramella_sp._MAR_2010_147	-	0
Gramella_sp._MT6	-	0
Gramella_sp._SH35	-	0
Granulibacter_bethesdensis_CGDNIH1	-	0
Granulibacter_bethesdensis_CGDNIH2	-	0
Granulibacter_bethesdensis_CGDNIH3	-	0
Granulibacter_bethesdensis_CGDNIH4	-	0
Granulibacter_bethesdensis_strain_NIH1.4	-	0
Granulicatella_adiacens_FDAARGOS_1477	-	0
Granulicatella_elegans_FDAARGOS_1559	-	0
Gryllotalpicola_sp._2DFW10M-5	-	0
Guyparkeria_halophila_strain_sp2	-	0
Haematobacter_massiliensis_strain_OT1	-	0
Haemophilus_aegyptius_FDAARGOS_1478	-	0
Haemophilus_ducreyi_35000HP	-	0
Haemophilus]_ducreyi_strain_Class_I_chancroid_strain_1	-	0
Haemophilus_influenzae_86-028NP	-	0
Haemophilus_influenzae_R2846	-	0
Haemophilus_influenzae_R2866	-	0
Haemophilus_influenzae_Rd_KW20	-	0
Haemophilus_parahaemolyticus_strain_FDAARGOS_1199_strain_Not_applicable	-	0
Haemophilus]_parasuis_strain_CL120103	-	0
Haemophilus_pittmaniae_strain_NCTC13334	-	0
Haemophilus_somnus_129PT	-	0
Haemophilus_somnus_2336	-	0
Hahella_chejuensis_KCTC_2396	-	0
Haladaptatus_pallidirubidus_YIM_93656	-	0
Halalkalicoccus_jeotgali_B3	-	0
Halanaerobium_hydrogeniformans_strain_'sapolanicus'	-	0
Halieaceae_bacterium_IMCC3088	-	0
Halioglobus_japonicus_strain_NBRC_107739	-	0
Halioglobus_pacificus_strain_RR3-57	-	0
Halioglobus_sp._IMCC14385	-	0
haloarchaeon_HSR6	-	0
Haloarculaceae_archaeon_HArcel1_strain_HArcel1T	-	0
Haloarculaceae_archaeon_HSR12-2	-	0
Haloarcula_hispanica_ATCC_33960	-	0
Haloarcula_hispanica_N601	-	0
Haloarcula_marismortui_ATCC_43049	-	0
Haloarcula_sinaiiensis_ATCC_33800	-	0
Haloarcula_sp._CBA1115	-	0
Haloarcula_sp._JP-L23	-	0
Haloarcula_sp._'Taiwanensis'	-	0
Halobacteriaceae_archaeon_HD8-45	-	0
Halobacteriaceae_archaeon_LT55	-	0
Halobacteriovorax_marinus_strain_BE01	-	0
Halobacterium_litoreum_ZS-54-S2	-	0
Halobacterium_noricense_JCM_15102	-	0
Halobacterium_salinarum_R1	-	0
Halobacterium_salinarum_strain_91-R6	-	0
Halobacterium_sp._NRC-1	-	0
Halobacteroides_halobius_DSM_5150	-	0
Halobaculum_magnesiiphilum_NBRC_109044	-	0
Halobaculum_roseum_CGMCC_1.15501	-	0
Halobonum_sp._Gai3-2	-	0
Halobonum_sp._NJ-3-1	-	0
Halocella_sp._SP3-1	-	0
Haloferax_volcanii_DS2	-	0
Halogeometricum_borinquense_strain_wsp3	-	0
Halomicrobium_mukohataei_DSM_12286	-	0
Halomicrobium_mukohataei_strain_ZPS1	-	0
Halomonas_axialensis_strain_Althf1	-	0
Halomonas_campaniensis_strain_LS21	-	0
Halomonas_denitrificans_strain_DP1N28-12	-	0
Halomonas_profundus_strain_13	-	0
Halomonas_sp._PA5	-	0
Halomonas_sp._'Soap_Lake_#6'	-	0
Halomonas_sp._'Soap_Lake_#7'_strain_Soap_Lake_#7	-	0
Halomonas_sp._TA22	-	0
Halomonas_sp._TA6	-	0
halophilic_archaeon_DL31	-	0
Halopiger_xanaduensis_SH-6	-	0
Haloplanus_aerogenes_strain_JCM_16430	-	0
Haloplanus_rallus_strain_MBLA0036	-	0
Haloprofundus_sp._MHR1	-	0
Haloquadratum_walsbyi_C23	-	0
Haloquadratum_walsbyi_DSM_16790	-	0
Halorhodospira_halophila_SL1	-	0
Halorubrum_ezzemoulense_strain_Fb21	-	0
Halorubrum_sodomense_strain_MBLA0099	-	0
Halorubrum_sp._2020YC2	-	0
Halorubrum_sp._BOL3-1	-	0
Halorubrum_sp._PV6	-	0
Halorubrum_sp._RHB-C	-	0
Halorubrum_trapanicum_strain_CBA1232	-	0
Halosiccatus_urmianus_IBRC-M:_10911	-	0
Halosimplex_litoreum_strain_YGH94	-	0
Halosimplex_pelagicum_strain_R2	-	0
Halosimplex_rubrum_strain_R27	-	0
Haloterrigena_sp._YPL8	-	0
Haloterrigena_turkmenica_DSM_5511	-	0
Halothece_sp._PCC_7418	-	0
Halothermothrix_orenii_H_168	-	0
Halothiobacillus_neapolitanus_c2	-	0
Halothiobacillus_sp._LS2	-	0
Hathewaya_histolytica_strain_NCTC503	-	0
Helcococcus_kunzii_H10	-	0
Helicobacter_apodemus_strain_SCJK1	-	0
Helicobacter_cetorum_MIT_00-7128	-	0
Helicobacter_cetorum_MIT_99-5656	-	0
Helicobacter_cinaedi_94105	-	0
Helicobacter_hepaticus_ATCC_51449	-	0
Helicobacter_himalayensis_strain_YS1	-	0
Helicobacter_mustelae_12198	-	0
Helicobacter_mustelae_strain_NCTC12198	-	0
Helicobacter_pullorum_strain_NCTC13154	-	0
Helicobacter_pylori_2017	-	0
Helicobacter_pylori_2018	-	0
Helicobacter_pylori_26695	-	0
Helicobacter_pylori_26695-1	-	0
Helicobacter_pylori_26695-1CH	-	0
Helicobacter_pylori_26695-1CL	-	0
Helicobacter_pylori_#3	-	0
Helicobacter_pylori_35A	-	0
Helicobacter_pylori_51	-	0
Helicobacter_pylori_52	-	0
Helicobacter_pylori_908	-	0
Helicobacter_pylori_Aklavik117	-	0
Helicobacter_pylori_Aklavik86	-	0
Helicobacter_pylori_B128	-	0
Helicobacter_pylori_B38	-	0
Helicobacter_pylori_B8	-	0
Helicobacter_pylori_BM012A	-	0
Helicobacter_pylori_BM012S	-	0
Helicobacter_pylori_F30	-	0
Helicobacter_pylori_F32	-	0
Helicobacter_pylori_G27	-	0
Helicobacter_pylori_Gambia94/24	-	0
Helicobacter_pylori_HPAG1	-	0
Helicobacter_pylori_HUP-B14	-	0
Helicobacter_pylori_India7	-	0
Helicobacter_pylori_J166	-	0
Helicobacter_pylori_J99	-	0
Helicobacter_pylori_Lithuania75	-	0
Helicobacter_pylori_NCTC_11637_=_CCUG_17874_=_ATCC_43504_strain_NCTC11637	-	0
Helicobacter_pylori_NY40	-	0
Helicobacter_pylori_OK113	-	0
Helicobacter_pylori_OK310	-	0
Helicobacter_pylori_oki102	-	0
Helicobacter_pylori_oki112	-	0
Helicobacter_pylori_oki128	-	0
Helicobacter_pylori_oki154	-	0
Helicobacter_pylori_oki422	-	0
Helicobacter_pylori_oki673	-	0
Helicobacter_pylori_oki828	-	0
Helicobacter_pylori_oki898	-	0
Helicobacter_pylori_P12	-	0
Helicobacter_pylori_PeCan18	-	0
Helicobacter_pylori_PeCan4	-	0
Helicobacter_pylori_PMSS1_strain_PMSS1	-	0
Helicobacter_pylori_Puno120	-	0
Helicobacter_pylori_Rif1	-	0
Helicobacter_pylori_Rif2	-	0
Helicobacter_pylori_Sat464	-	0
Helicobacter_pylori_Shi112	-	0
Helicobacter_pylori_Shi169	-	0
Helicobacter_pylori_Shi417	-	0
Helicobacter_pylori_Shi470	-	0
Helicobacter_pylori_SJM180	-	0
Helicobacter_pylori_SouthAfrica20	-	0
Helicobacter_pylori_SouthAfrica7	-	0
Helicobacter_pylori_SS1_strain_SS1	-	0
Helicobacter_pylori_UM032	-	0
Helicobacter_pylori_UM037	-	0
Helicobacter_pylori_UM066	-	0
Helicobacter_pylori_UM298	-	0
Helicobacter_pylori_UM299	-	0
Helicobacter_pylori_v225d	-	0
Helicobacter_sp._MIT_01-6242	-	0
Helicobacter_sp._NHP19-0012	-	0
Helicobacter_typhlonius_strain_1	-	0
Heliobacterium_modesticaldum_Ice1	-	0
Heliorestis_convoluta_strain_HH	-	0
Herbiconiux_sp._SALV-R1	-	0
Herbinix_luporum_strain_SD1D	-	0
Herminiimonas_arsenicoxydans	-	0
Herminiimonas_sp._AS8_strain_AS8	-	0
Herpetosiphon_aurantiacus_DSM_785	-	0
Hippea_maritima_DSM_10411	-	0
Hirschia_baltica_ATCC_49814	-	0
Histophilus_somni_strain_ASc-MMNZ-VFA-069	-	0
Hoeflea_sp._IMCC20628	-	0
Holophagales_bacterium_strain_EsbW_18-Q3-R4-48_BAT3C.4_cln	-	0
Humibacter_sp._BT305	-	0
Hydrogenibacillus_sp._N12	-	0
Hydrogenimonas_sp._strain_MAG	-	0
Hydrogenimonas_urashimensis_strain_SSM-sur55	-	0
Hydrogenobaculum_sp._3684	-	0
Hydrogenobaculum_sp._HO	-	0
Hydrogenobaculum_sp._SHO	-	0
Hydrogenobaculum_sp._SN	-	0
Hydrogenophaga_sp._BA0156	-	0
Hydrogenophaga_taeniospiralis_LT2	-	0
Hydrogenovibrio_crunogenus_strain_SP-41	-	0
Hydrogenovibrio_marinus_strain_MH-110	-	0
Hydrogenovibrio_thermophilus_strain_JR-2	-	0
Hymenobacter_qilianensis_strain_JCM_19763	-	0
Hymenobacter_sp._BRD67	-	0
Hymenobacter_sp._BRD72	-	0
Hymenobacter_sp._BT182	-	0
Hymenobacter_sp._DG25A	-	0
Hymenobacter_sp._DG25B	-	0
Hymenobacter_sp._DG5B	-	0
Hymenobacter_sp._PAMC26628	-	0
Hymenobacter_sp._S2-20-2	-	0
Hymenobacter_sp._sh-6	-	0
Hyperthermus_butylicus_DSM_5456	-	0
Hyphobacterium_sp._CCMP332	-	0
Hyphomonadaceae_bacterium_UKL13-1	-	0
Hyphomonas_atlantica_strain_oa3	-	0
Hyphomonas_neptunium_ATCC_15444	-	0
Hyphomonas_sp._KY3	-	0
Hyphomonas_sp._Mor2	-	0
Iamiaceae_bacterium_SCSIO_58843	-	0
Iamia_sp._SCSIO_61187	-	0
Idiomarina_abyssalis_MSP-CT	-	0
Idiomarina_andamanensis_strain_W-5T	-	0
Idiomarinaceae_bacterium_HL-53	-	0
Idiomarina_loihiensis_GSL_199	-	0
Idiomarina_loihiensis_L2TR	-	0
Idiomarina_piscisalsi_strain_10PY1A	-	0
Idiomarina_sp._OT37-5b	-	0
Idiomarina_sp._strain_HT2	-	0
Idiomarina_sp._X4	-	0
Ignavibacteriae_bacterium_strain_IGN2	-	0
Ignavibacteriales_bacterium_strain_H2_BAC3	-	0
Ignavibacterium_album_JCM_16511	-	0
Ignavibacterium_sp._bin94	-	0
Ignicoccus_hospitalis_KIN4/I	-	0
Ignicoccus_islandicus_DSM_13165_strain_DSM_13166	-	0
Ignisphaera_aggregans_DSM_17230	-	0
Intrasporangium_calvum_DSM_43043	-	0
Intrasporangium_calvum_strain_C5	-	0
Isoptericola_dokdonensis_DS-3	-	0
Isorropodon_fossajaponicum_endosymbiont_JTNG4	-	0
Janibacter_limosus_strain_P3-3-X1	-	0
Janibacter_sp._YB324	-	0
Jannaschia_sp._CCS1	-	0
Jannaschia_sp._J12C1-MA-4	-	0
Janthinobacterium_sp._Marseille	-	0
Jeotgalibaca_arthritidis_strain_CECT_9157	-	0
Jeotgalibaca_dankookensis_strain_EX-07	-	0
Jeotgalibaca_porci_strain_CCUG_69148	-	0
Jeotgalibaca_sp._H21T32	-	0
Jeotgalibaca_sp._PTS2502_strain_PTS2502	-	0
Jeotgalicoccus_sp._ATCC_8456	-	0
Jeotgalicoccus_sp._WY2	-	0
Jonesia_denitrificans_DSM_20603	-	0
Jonesia_denitrificans_strain_FDAARGOS_1440_strain_Not_applicable	-	0
Kangiella_sediminilitoris_strain_KCTC_23892	-	0
Keratinibaculum_paraultunense_strain_KD-1	-	0
Kerstersia_gyiorum_strain_SWMUKG01	-	0
Ketogulonicigenium_robustum_strain_SPU_B003	-	0
Ketogulonicigenium_vulgare_strain_SKV	-	0
Ketogulonicigenium_vulgare_WSH-001	-	0
Ketogulonicigenium_vulgare_Y25	-	0
Kineobactrum_sp._M2	-	0
Kineococcus_radiotolerans_SRS30216	-	0
Kingella_denitrificans_strain_FDAARGOS_1060_strain_Not_applicable	-	0
Kingella_potus_3/SID/1128	-	0
Kiritimatiellaeota_bacterium_S-5007	-	0
Kiritimatiella_glycovorans_strain_L21-Fru-AB	-	0
Kitasatospora_setae_KM-6054	-	0
Klebsiella_pneumoniae_subsp._pneumoniae_MGH_78578	-	0
Klebsiella_quasipneumoniae_subsp._similipneumoniae_07A044T	-	0
Klebsiella_sp._PCX	-	0
Klebsiella_variicola_DSM_15968	-	0
Kluyvera_georgiana_strain_Colony392	-	0
Kocuria_indica_strain_CE7	-	0
Kocuria_palustris_strain_MU14/1	-	0
Kocuria_rhizophila_DC2201	-	0
Kocuria_rhizophila_strain_28R2A-20	-	0
Kocuria_rosea_strain_ATCC_186	-	0
Kocuria_sp._BT304	-	0
Kocuria_sp._KD4	-	0
Kocuria_sp._TGY1127_2	-	0
Kocuria_turfanensis_strain_HO-9042	-	0
Koleobacter_methoxysyntrophicus_strain_NRmbB1	-	0
Komagataeibacter_europaeus_strain_SRCM101446	-	0
Komagataeibacter_hansenii_strain_C110	-	0
Komagataeibacter_nataicola_strain_RZS01	-	0
Komagataeibacter_oboediens_strain_BPZTR01	-	0
Komagataeibacter_rhaeticus_strain_ENS_9a1a	-	0
Komagataeibacter_saccharivorans_strain_CV1	-	0
Komagataeibacter_xylinus_strain_CGMCC_17276	-	0
Kordiimonadales_bacterium_IMCC3096	-	0
Kordiimonas_pumila_strain_N18	-	0
Kosakonia_cowanii_Pa82	-	0
Kosakonia_radicincitans_IAC-BECa95	-	0
Kosmotoga_olearia_TBF_19.5.1	-	0
Kozakia_baliensis_strain_DSM_14400	-	0
Kribbella_flavida_DSM_17836	-	0
Ktedonobacterales_bacterium_SCAWS-G2	-	0
Kurthia_zopfii_strain_NCTC404	-	0
Kushneria_marisflavi_strain_SW32	-	0
Kushneria_sp._X49_strain_X49	-	0
Kyrpidia_sp._EA-1	-	0
Kytococcus_sedentarius_DSM_20547	-	0
Kytococcus_sedentarius_strain_FDAARGOS_1061_strain_Not_applicable	-	0
Laceyella_sp._FBKL4.010	-	0
Lachnoanaerobaculum_umeaense_strain_DSM_23576_=_CCUG_58757	-	0
Lachnospiraceae_bacterium_KGMB03038	-	0
Lachnospiraceae_bacterium_NSJ-29	-	0
Lachnospiraceae_bacterium_NSJ-38	-	0
Lachnospiraceae_bacterium_NSJ-4	-	0
Lachnospiraceae_bacterium_oral_taxon_096_strain_F0428	-	0
Lachnospiraceae_bacterium_sunii_NSJ-8	-	0
Lachnospiraceae_bacterium_TB5	-	0
Lachnospira_eligens_FDAARGOS_1570	-	0
Lacibacter_sp._S13-6-6	-	0
Lacinutrix_sp._Bg11-31	-	0
Lacinutrix_sp._WUR7	-	0
Lacinutrix_venerupis_strain_DOK2-8	-	0
Lacticaseibacillus_casei_strain_FBL6	-	0
Lacticaseibacillus_chiayiensis_strain_FBL7	-	0
Lacticaseibacillus_paracasei_BCRC-16100	-	0
Lacticaseibacillus_paracasei_subsp._paracasei_GR0562	-	0
Lacticaseibacillus_paracasei_subsp._tolerans_strain_2A	-	0
Lacticaseibacillus_rhamnosus_CAU_1365	-	0
Lacticaseibacillus_zeae_strain_FBL8	-	0
Lactiplantibacillus_plantarum_subsp._plantarum_GR1186	-	0
Lactobacillales_bacterium_strain_NIBRBAC000499792	-	0
Lactobacillus_acetotolerans_strain_CN247	-	0
Lactobacillus_acidophilus_30SC	-	0
Lactobacillus_acidophilus_5460	-	0
Lactobacillus_acidophilus_La-14	-	0
Lactobacillus_acidophilus_NCFM	-	0
Lactobacillus_agilis_strain_La3	-	0
Lactobacillus_amylophilus_DSM_20533_=_JCM_1125	-	0
Lactobacillus_amylovorus_1394N20	-	0
Lactobacillus_amylovorus_DSM_20531	-	0
Lactobacillus_amylovorus_GRL_1112	-	0
Lactobacillus_amylovorus_GRL1118	-	0
Lactobacillus_apis_strain_ESL0185	-	0
Lactobacillus_bombi_strain_BI-2.5	-	0
Lactobacillus_buchneri_CD034	-	0
Lactobacillus_buchneri_NRRL_B-30929	-	0
Lactobacillus_buchneri_strain_MGB0786	-	0
Lactobacillus_casei_ATCC_334	-	0
Lactobacillus_casei_BD-II	-	0
Lactobacillus_casei_BL23	-	0
Lactobacillus_casei_LC2W	-	0
Lactobacillus_casei_LcA_strain_Actimel	-	0
Lactobacillus_casei_LcY	-	0
Lactobacillus_casei_LOCK919	-	0
Lactobacillus_casei_str._Zhang	-	0
Lactobacillus_casei_subsp._casei_ATCC_393	-	0
Lactobacillus_casei_W56	-	0
Lactobacillus_coryniformis_strain_CBA3616	-	0
Lactobacillus_coryniformis_subsp._coryniformis_KCTC_3167_=_DSM_20001	-	0
Lactobacillus_coryniformis_subsp._torquens_DSM_20004_=_KCTC_3535_strain_DSM20004	-	0
Lactobacillus_crispatus_KT-11	-	0
Lactobacillus_crispatus_ST1	-	0
Lactobacillus_crustorum_strain_MN047	-	0
Lactobacillus_delbrueckii_subsp._bulgaricus_2038	-	0
Lactobacillus_delbrueckii_subsp._bulgaricus_ATCC_BAA-365	-	0
Lactobacillus_delbrueckii_subsp._bulgaricus_strain_DSM_20080	-	0
Lactobacillus_delbrueckii_subsp._delbrueckii_DSM_20074_=_JCM_1012	-	0
Lactobacillus_delbrueckii_subsp._delbrueckii_strain_KCTC_13731	-	0
Lactobacillus_delbrueckii_subsp._indicus_strain_JCM_15610	-	0
Lactobacillus_delbrueckii_subsp._jakobsenii_ZN7a-9_=_DSM_26046	-	0
Lactobacillus_delbrueckii_subsp._sunkii_strain_JCM_17838	-	0
Lactobacillus_dextrinicus_strain_LH506	-	0
Lactobacillus_farciminis_KCTC_3681_=_DSM_20184	-	0
Lactobacillus_farciminis_strain_CNCM-I-3699-R	-	0
Lactobacillus_fermentum_IFO_3956	-	0
Lactobacillus_fructivorans_strain_LF543	-	0
Lactobacillus_frumenti_strain_LF145	-	0
Lactobacillus_fuchuensis_strain_MFPC41A2801	-	0
Lactobacillus_gasseri_130918	-	0
Lactobacillus_gasseri_ATCC_33323	-	0
Lactobacillus_gasseri_DSM_14869	-	0
Lactobacillus_gasseri_L5	-	0
Lactobacillus_gastricus_strain_LG045	-	0
Lactobacillus_ginsenosidimutans_strain_EMML_3041	-	0
Lactobacillus_harbinensis_strain_LH991	-	0
Lactobacillus_helveticus_CNRZ32	-	0
Lactobacillus_helveticus_H10	-	0
Lactobacillus_helveticus_SCB0641	-	0
Lactobacillus_hilgardii_strain_FLUB	-	0
Lactobacillus_hordei_strain_TMW_1.1822	-	0
Lactobacillus_iners_strain_C0011D1	-	0
Lactobacillus_jensenii_strain_FDAARGOS_749_strain_Not_applicable	-	0
Lactobacillus_johnsonii_7409N31	-	0
Lactobacillus_johnsonii_DPC_6026	-	0
Lactobacillus_johnsonii_N6.2	-	0
Lactobacillus_johnsonii_NCC_533	-	0
Lactobacillus_kefiranofaciens_strain_1207	-	0
Lactobacillus_kefiranofaciens_subsp._kefiranofaciens_strain_LKK75	-	0
Lactobacillus_kefiranofaciens_ZW3	-	0
Lactobacillus_koreensis_strain_26-25	-	0
Lactobacillus_lindneri_strain_TMW_1.1993	-	0
Lactobacillus_malefermentans_strain_CBA3618	-	0
Lactobacillus_mali_strain_LM596	-	0
Lactobacillus_nenjiangensis_strain_SH-Y15	-	0
Lactobacillus_oligofermentans_DSM_15707_=_LMG_22743_strain_LACOL	-	0
Lactobacillus_panisapium_strain_ESL0409	-	0
Lactobacillus_parabuchneri_strain_FAM21731	-	0
Lactobacillus_paracasei_N1115	-	0
Lactobacillus_paracasei_subsp._paracasei_JCM_8130	-	0
Lactobacillus_paracollinoides_strain_TMW_1.1979	-	0
Lactobacillus_paragasseri_strain_JCM_5343	-	0
Lactobacillus_paralimentarius_strain_LP238	-	0
Lactobacillus_plantarum_subsp._argentoratensis_strain_DSM_16365	-	0
Lactobacillus_plantarum_WCFS1	-	0
Lactobacillus_rhamnosus_ATCC_8530	-	0
Lactobacillus_rhamnosus_DSM_14870	-	0
Lactobacillus_rhamnosus_GG	-	0
Lactobacillus_rhamnosus_Lc_705	-	0
Lactobacillus_rhamnosus_LOCK900	-	0
Lactobacillus_rhamnosus_LOCK908	-	0
Lactobacillus_rossiae_strain_L1_strain_not_applicable	-	0
Lactobacillus_ruminis_ATCC_27782	-	0
Lactobacillus_sakei_strain_CBA3614	-	0
Lactobacillus_sakei_subsp._sakei_23K	-	0
Lactobacillus_sakei_subsp._sakei_DSM_20017_=_JCM_1157_strain_LT-13	-	0
Lactobacillus_salivarius_CECT_5713	-	0
Lactobacillus_salivarius_str._Ren	-	0
Lactobacillus_salivarius_UCC118	-	0
Lactobacillus_sanfranciscensis_strain_LS451	-	0
Lactobacillus_sanfranciscensis_TMW_1.1304	-	0
Lactobacillus_sp._1A	-	0
Lactobacillus_sp._3B(2020)_strain_3B(2020)_strain_3B(2020)_strain_3B(2020)	-	0
Lactobacillus_sp._BHWM-4	-	0
Lactobacillus_sp._C25	-	0
Lactobacillus_sp._HSLZ-75	-	0
Lactobacillus_sp._JM1	-	0
Lactobacillus_sp._NFFJ11	-	0
Lactobacillus_suantsaii_strain_CBA3634	-	0
Lactobacillus_taiwanensis_strain_CLG01	-	0
Lactobacillus_ultunensis_strain_Kx293C1	-	0
Lactobacillus_vaginalis_strain_LV515	-	0
Lactobacillus_zymae_strain_ACA-DC_3411	-	0
Lactococcus_cremoris_strain_1196	-	0
Lactococcus_lactis_AH1	-	0
Lactococcus_lactis_subsp._cremoris_A76	-	0
Lactococcus_lactis_subsp._cremoris_IBB477	-	0
Lactococcus_lactis_subsp._cremoris_KW2	-	0
Lactococcus_lactis_subsp._cremoris_MG1363	-	0
Lactococcus_lactis_subsp._cremoris_NZ9000	-	0
Lactococcus_lactis_subsp._cremoris_SK11	-	0
Lactococcus_lactis_subsp._cremoris_UC509.9	-	0
Lactococcus_lactis_subsp._lactis_bv._diacetylactis_strain_FM03	-	0
Lactococcus_lactis_subsp._lactis_CV56	-	0
Lactococcus_lactis_subsp._lactis_Il1403	-	0
Lactococcus_lactis_subsp._lactis_IMAU11823	-	0
Lactococcus_lactis_subsp._lactis_IO-1	-	0
Lactococcus_lactis_subsp._lactis_KF147	-	0
Lactococcus_piscium_MKFS47	-	0
Lactococcus_piscium_strain_CMTALT02	-	0
Lactococcus_raffinolactis_strain_KACC_13441	-	0
Lactococcus_sp._1JSPR-7	-	0
Lactococcus_sp._KACC_19320	-	0
Lactococcus_sp._TMW21612	-	0
Lactococcus_sp._TMW21615	-	0
Latilactobacillus_sakei_subsp._sakei_strain_ob4.1	-	0
Lautropia_mirabilis_strain_NCTC12852	-	0
Lawsonella_clevelandensis_strain_USB-603019	-	0
Lawsonia_intracellularis_N343	-	0
Lawsonia_intracellularis_PHE/MN1-00	-	0
Lawsonibacter_asaccharolyticus_OA10	-	0
Leadbetterella_byssophila_DSM_17132	-	0
Legionella_adelaidensis_strain_NCTC12735	-	0
Legionella_endosymbiont_of_Polyplax_serrata_strain_PsAG	-	0
Legionella_pneumophila_str._Lens	-	0
Legionella_pneumophila_str._Paris	-	0
Legionella_pneumophila_subsp._pneumophila_str._Philadelphia_1	-	0
Leifsonia_sp._PS1209	-	0
Leifsonia_xyli_subsp._cynodontis_DSM_46306	-	0
Leifsonia_xyli_subsp._xyli_str._CTCB07	-	0
Lentibacillus_sp._CBA3610	-	0
Lentilitoribacter_sp._Alg239-R112	-	0
Lentisphaeria_bacterium_nC33_lr_bin.207.fa	-	0
Leptolyngbya_sp._BL0902	-	0
Leptolyngbya_sp._O-77	-	0
Leptolyngbya_valderiana_BDU_20041	-	0
Leptospira_alstonii_strain_GWTS_#1	-	0
Leptospira_biflexa_serovar_Patoc_strain_'Patoc_1_(Ames)'	-	0
Leptospira_borgpetersenii_serovar_Ballum_strain_56604	-	0
Leptospira_borgpetersenii_serovar_Hardjo-bovis_strain_203	-	0
Leptospira_borgpetersenii_serovar_Hardjo-bovis_str._JB197	-	0
Leptospira_borgpetersenii_serovar_Hardjo-bovis_str._L550	-	0
Leptospira_borgpetersenii_serovar_Hardjo_TC129	-	0
Leptospira_interrogans_serovar_Bataviae_strain_1489	-	0
Leptospira_interrogans_serovar_Bratislava_strain_PigK151	-	0
Leptospira_interrogans_serovar_Canicola	-	0
Leptospira_interrogans_serovar_Copenhageni_str._Fiocruz_L1-130	-	0
Leptospira_interrogans_serovar_Lai_str._56601	-	0
Leptospira_interrogans_serovar_Manilae_strain_L495	-	0
Leptotrichia_buccalis_DSM_1135	-	0
Leptotrichia_goodfellowii_strain_JCM16774	-	0
Leptotrichia_sp._oral_taxon_212_strain_W10393	-	0
Leptotrichia_sp._oral_taxon_847	-	0
Leptotrichia_trevisanii_strain_JMUB3935	-	0
Leptotrichia_wadei_strain_JMUB3933	-	0
Leucobacter_luti_strain_Wa41.01b-2	-	0
Leucobacter_sp._CX169	-	0
Leucobacter_sp._DSM_101948	-	0
Leucobacter_sp._HDW9B	-	0
Leucobacter_sp._HDW9C	-	0
Leucobacter_triazinivorans_strain_JW-1	-	0
Leuconostoc_carnosum_JB16	-	0
Leuconostoc_carnosum_strain_CBA3620	-	0
Leuconostoc_citreum_KM20	-	0
Leuconostoc_citreum_strain_37	-	0
Leuconostoc_falkenbergense_strain_FDAARGOS_1201_strain_Not_applicable	-	0
Leuconostoc_garlicum_strain_KFRI01	-	0
Leuconostoc_gasicomitatum_LMG_18811	-	0
Leuconostoc_gelidum_JB7	-	0
Leuconostoc_gelidum_subsp._gasicomitatum_KG16-1	-	0
Leuconostoc_gelidum_subsp._gasicomitatum_strain_CBA3613	-	0
Leuconostoc_gelidum_subsp._gelidum_strain_TMW_2.1618	-	0
Leuconostoc_kimchii_IMSNU_11154	-	0
Leuconostoc_kimchii_strain_NKJ218	-	0
Leuconostoc_lactis_strain_CBA3622	-	0
Leuconostoc_mesenteroides_KFRI-MG	-	0
Leuconostoc_mesenteroides_KNU-2	-	0
Leuconostoc_mesenteroides_subsp._dextranicum_strain_DSM_20484	-	0
Leuconostoc_mesenteroides_subsp._mesenteroides_ATCC_8293	-	0
Leuconostoc_mesenteroides_subsp._mesenteroides_J18	-	0
Leuconostoc_mesenteroides_subsp._mesenteroides_strain_BD1710	-	0
Leuconostoc_mesenteroides_subsp._suionicum_strain_DSM_20241	-	0
Leuconostoc_pseudomesenteroides_strain_CBA3630	-	0
Leuconostoc_sp._C2	-	0
Leuconostoc_sp._LN180020	-	0
Liberibacter_crescens_BT-1	-	0
Liberibacter_crescens_strain_BT-0	-	0
Limnochorda_pilosa_strain_HC45	-	0
Limnohabitans_sp._103DPR2	-	0
Limnohabitans_sp._63ED37-2	-	0
Limosilactobacillus_panis_MT-01	-	0
Liquorilactobacillus_hordei_DSM_19519	-	0
Listeria_grayi_strain_NCTC_10812	-	0
Listeria_innocua_Clip11262	-	0
Listeria_innocua_ZM39	-	0
Listeria_ivanovii_strain_RR3	-	0
Listeria_ivanovii_subsp._ivanovii	-	0
Listeria_ivanovii_subsp._ivanovii_PAM_55	-	0
Listeria_ivanovii_subsp._londoniensis_WSLC_30151	-	0
Listeria_ivanovii_WSLC3009	-	0
Listeria_marthii_UTK_C1-0015-E1	-	0
Listeria_monocytogenes_07PF0776	-	0
Listeria_monocytogenes_08-5578	-	0
Listeria_monocytogenes_08-5923	-	0
Listeria_monocytogenes_10403S	-	0
Listeria_monocytogenes_20-05651	-	0
Listeria_monocytogenes_6179	-	0
Listeria_monocytogenes_ATCC_19117	-	0
Listeria_monocytogenes_EGD	-	0
Listeria_monocytogenes_EGD-e	-	0
Listeria_monocytogenes_FSL_F6-684	-	0
Listeria_monocytogenes_FSL_J1-175	-	0
Listeria_monocytogenes_FSL_J1-208	-	0
Listeria_monocytogenes_HCC23	-	0
Listeria_monocytogenes_L312	-	0
Listeria_monocytogenes_L99	-	0
Listeria_monocytogenes_La111	-	0
Listeria_monocytogenes_LO28	-	0
Listeria_monocytogenes_M7	-	0
Listeria_monocytogenes_N53-1	-	0
Listeria_monocytogenes_R479a	-	0
Listeria_monocytogenes_serotype_1/2a_str._01-1280	-	0
Listeria_monocytogenes_serotype_1/2a_str._02-5993_strain_02-5993	-	0
Listeria_monocytogenes_serotype_1/2a_str._04-5457	-	0
Listeria_monocytogenes_serotype_1/2a_str._08-6056_strain_08-6056	-	0
Listeria_monocytogenes_serotype_1/2a_str._08-6569	-	0
Listeria_monocytogenes_serotype_1/2a_str._08-6997	-	0
Listeria_monocytogenes_serotype_1/2a_str._08-7374_strain_08-7374	-	0
Listeria_monocytogenes_serotype_1/2a_str._08-7669_strain_08-7669	-	0
Listeria_monocytogenes_serotype_1/2a_str._10-0812_strain_10-0812	-	0
Listeria_monocytogenes_serotype_1/2a_str._10-0813_strain_10-0813	-	0
Listeria_monocytogenes_serotype_1/2a_str._10-0814_strain_10-0814	-	0
Listeria_monocytogenes_serotype_1/2a_str._10-0815	-	0
Listeria_monocytogenes_serotype_1/2a_str._10-0933_strain_10-0933	-	0
Listeria_monocytogenes_serotype_1/2a_str._10-0934_strain_10-0934	-	0
Listeria_monocytogenes_serotype_1/2a_str._10-1046_strain_10-1046	-	0
Listeria_monocytogenes_serotype_1/2a_str._10-1047	-	0
Listeria_monocytogenes_serotype_1/2a_str._10-1321_strain_10-1321	-	0
Listeria_monocytogenes_serotype_1/2a_str._10-4754_strain_10-4754	-	0
Listeria_monocytogenes_serotype_1/2a_str._10-4758_strain_10-4758	-	0
Listeria_monocytogenes_serotype_1/2a_str._10-5024_strain_10-5024	-	0
Listeria_monocytogenes_serotype_1/2a_str._88-0478	-	0
Listeria_monocytogenes_serotype_1/2a_str._95-0093_strain_95-0093	-	0
Listeria_monocytogenes_serotype_1/2a_str._98-2035_strain_98-2035	-	0
Listeria_monocytogenes_serotype_1/2a_str._99-6370_strain_99-6370	-	0
Listeria_monocytogenes_serotype_1/2b_str._10-0810_strain_10-0810	-	0
Listeria_monocytogenes_serotype_1/2b_str._10-0811_strain_10-0811	-	0
Listeria_monocytogenes_serotype_1/2c_str._10-5025_strain_10-5025	-	0
Listeria_monocytogenes_serotype_1/2c_str._10-5026_strain_10-5026	-	0
Listeria_monocytogenes_serotype_3c_str._10-5027_strain_10-5027	-	0
Listeria_monocytogenes_serotype_4b_str._02-1103_strain_02-1103	-	0
Listeria_monocytogenes_serotype_4b_str._02-1289_strain_02-1289	-	0
Listeria_monocytogenes_serotype_4b_str._02-1792_strain_02-1792	-	0
Listeria_monocytogenes_serotype_4b_str._02-6679_strain_02-6679	-	0
Listeria_monocytogenes_serotype_4b_str._02-6680_strain_02-6680	-	0
Listeria_monocytogenes_serotype_4b_str._10-0809_strain_10-0809	-	0
Listeria_monocytogenes_serotype_4b_str._81-0558_strain_81-0558	-	0
Listeria_monocytogenes_serotype_4b_str._81-0592_strain_81-0592	-	0
Listeria_monocytogenes_serotype_4b_str._81-0861	-	0
Listeria_monocytogenes_serotype_4b_str._CLIP_80459	-	0
Listeria_monocytogenes_serotype_4b_str._F2365	-	0
Listeria_monocytogenes_serotype_4b_str._LIS0087	-	0
Listeria_monocytogenes_serotype_4b_str._LL195	-	0
Listeria_monocytogenes_serotype_7_str._SLCC2482	-	0
Listeria_monocytogenes_SLCC2372	-	0
Listeria_monocytogenes_SLCC2376	-	0
Listeria_monocytogenes_SLCC2378	-	0
Listeria_monocytogenes_SLCC2479	-	0
Listeria_monocytogenes_SLCC2540	-	0
Listeria_monocytogenes_SLCC2755	-	0
Listeria_monocytogenes_SLCC5850	-	0
Listeria_monocytogenes_SLCC7179	-	0
Listeria_monocytogenes_WSLC1001	-	0
Listeria_monocytogenes_WSLC1042	-	0
Listeria_seeligeri_serovar_1/2b_str._SLCC3954	-	0
Listeria_sp._PSOL-1_strain_Marseille-P4284	-	0
Listeria_weihenstephanensis_WS_4560	-	0
Listeria_welshimeri_serovar_6b_str._SLCC5334	-	0
Listeria_welshimeri_strain_FDAARGOS_947_strain_Not_applicable	-	0
Litoricola_lipolytica_strain_IMCC_1097	-	0
Loktanella_vestfoldensis_strain_SMR4r	-	0
Longibaculum_sp._KGMB06250	-	0
Luteibacter_rhizovicinus_strain_LJ96T	-	0
Luteimicrobium_xylanilyticum_strain_HY-24	-	0
Luteimonas_sp._100111	-	0
Luteimonas_sp._83-4	-	0
Luteimonas_sp._MC1750	-	0
Luteimonas_sp._MC1825	-	0
Lutibacter_profundi_strain_LP1	-	0
Lysinibacillus_fusiformis_strain_1226	-	0
Lysinibacillus_sp._Marseille-P5727	-	0
Lysinibacillus_sp._SGAir0095_strain_not_applicable	-	0
Lysinimonas_sp._2DFWR-13	-	0
Lysinimonas_sp._KACC_19322	-	0
Lysobacter_gummosus_10.1.1	-	0
Lysobacter_lycopersici_strain_CC-Bw-6	-	0
Lysobacter_soli_strain_XL170	-	0
Lysobacter_sp._CJ11	-	0
Lysobacter_sp._HDW10	-	0
Lysobacter_sp._II4	-	0
Lysobacter_sp._SJ-36	-	0
Lysobacter_sp._TY2-98	-	0
Macrococcus_bohemicus_strain_19Msa0383	-	0
Macrococcus_brunensis_18KM1742	-	0
Macrococcus_caseolyticus_19Msa0499	-	0
Macrococcus_caseolyticus_JCSC5402	-	0
Macrococcus_sp._19Msa1099	-	0
Macrococcus_sp._IME1552	-	0
Magnetospirillum_gryphiswaldense_MSR-1	-	0
Magnetospirillum_gryphiswaldense_MSR-1_v2	-	0
Magnetospirillum_gryphiswaldense_strain_R3/S1	-	0
Magnetospirillum_magneticum_AMB-1	-	0
Magnetospirillum_sp._ME-1_strain_ME-1	-	0
Magnetospirillum_sp._XM-1	-	0
Maize_bushy_stunt_phytoplasma_strain_M3	-	0
Mannheimia_haemolytica_D171	-	0
Mannheimia_haemolytica_USDA-ARS-USMARC-185	-	0
Mannheimia_sp._ZY190616	-	0
Mannheimia_succiniciproducens_MBEL55E	-	0
Mannheimia_varigena_strain_177	-	0
Mannheimia_varigena_USDA-ARS-USMARC-1261	-	0
Mannheimia_varigena_USDA-ARS-USMARC-1296	-	0
Mannheimia_varigena_USDA-ARS-USMARC-1312	-	0
Mannheimia_varigena_USDA-ARS-USMARC-1388	-	0
Maribacter_sp._HTCC2170	-	0
Maribacter_sp._MAR_2009_60	-	0
Maribacter_sp._MJ134	-	0
Maribacter_sp._T28	-	0
Maricaulis_maris_MCS10	-	0
Marinirhabdus_gelatinilytica_strain_RR4-40	-	0
Marinobacter_adhaerens_HP15	-	0
Marinobacter_aquaeolei_VT8	-	0
Marinobacterium_georgiense_strain_IC961	-	0
Marinobacterium_sediminicola_1.7287	-	0
Marinobacterium_sp._LSUCC0821	-	0
Marinobacter_psychrophilus_strain_20041	-	0
Marinobacter_sp._LPB0319	-	0
Marinomonas_profundi_M1K-6	-	0
Mariprofundus_ferrinatatus_strain_CP-8	-	0
Marisediminicola_antarctica_strain_ZS314	-	0
Maritalea_myrionectae_strain_HL2708#5	-	0
Marmoricola_scoriae_strain_DSM_22127	-	0
Martelella_endophytica_strain_YC6887	-	0
Martelella_sp._AD-3	-	0
Massilia_albidiflava_strain_DSM_17472	-	0
Massilia_lutea_strain_DSM_17473	-	0
Massilia_plicata_strain_DSM_17505	-	0
Megamonas_funiformis_1CBH44	-	0
Megamonas_hypermegale_ART12/1	-	0
Megamonas_hypermegale_strain_NCTC10570	-	0
Megasphaera_elsdenii_14-14	-	0
Megasphaera_elsdenii_DSM_20460	-	0
Megasphaera_stantonii_strain_AJH120	-	0
Mesoflavibacter_profundi_strain_YC1039	-	0
Mesoplasma_chauliocola_strain_CHPA-2	-	0
Mesoplasma_coleopterae_strain_BARC_779	-	0
Mesoplasma_entomophilum_strain_TAC	-	0
Mesoplasma_florum_L1	-	0
Mesoplasma_florum_strain_BARC_781	-	0
Mesoplasma_florum_W37	-	0
Mesoplasma_lactucae_ATCC_49193_strain_831-C4	-	0
Mesoplasma_syrphidae_strain_YJS_strain_ATCC_51578	-	0
Mesoplasma_tabanidae_strain_BARC_857	-	0
Mesorhizobium_ciceri_biovar_biserrulae_strain_WSM1284	-	0
Mesorhizobium_loti_MAFF303099	-	0
Mesorhizobium_sp._8	-	0
Mesorhizobium_sp._B7	-	0
Mesorhizobium_sp._INR15	-	0
Mesorhizobium_sp._M7A.F.Ce.TU.012.03.2.1	-	0
Metabacillus_sp._cB07	-	0
Metabacillus_sp._KUDC1714	-	0
Metallosphaera_cuprina_Ar-4	-	0
Metallosphaera_prunae_strain_Ron_12/II	-	0
Metallosphaera_sedula_DSM_5348	-	0
Metallosphaera_sedula_strain_ARS120-1	-	0
Metallosphaera_tengchongensis_strain_Ric-A	-	0
Methanobacterium_curvum_strain_Buetzberg	-	0
Methanobacterium_lacus_strain_AL-21	-	0
Methanobacterium_paludis_strain_SWAN-1	-	0
Methanobacterium_sp._BRmetb2	-	0
Methanobacterium_sp._MB1	-	0
Methanobacterium_sp._MethCAN	-	0
Methanobrevibacter_millerae_strain_SM9	-	0
Methanobrevibacter_olleyae_strain_YLM1	-	0
Methanobrevibacter_ruminantium_M1	-	0
Methanobrevibacter_sp._AbM4	-	0
Methanocaldococcus_fervens_AG86	-	0
Methanocaldococcus_infernus_ME	-	0
Methanocaldococcus_jannaschii_DSM_2661	-	0
Methanocaldococcus_sp._FS406-22	-	0
Methanocaldococcus_sp._JH146	-	0
Methanocaldococcus_sp._SG1	-	0
Methanocaldococcus_sp._SG7	-	0
Methanocaldococcus_vulcanius_M7	-	0
Methanocella_arvoryzae_MRE50	-	0
Methanocella_paludicola_SANAE	-	0
Methanococcoides_burtonii_DSM_6242	-	0
Methanococcoides_methylutens_MM1	-	0
Methanococcus_aeolicus_Nankai-3	-	0
Methanococcus_maripaludis_C5	-	0
Methanococcus_maripaludis_C6	-	0
Methanococcus_maripaludis_C7	-	0
Methanococcus_maripaludis_KA1_KA1_(=_NBRC_102054)	-	0
Methanococcus_maripaludis_OS7_OS7_(=_NBRC_103642)	-	0
Methanococcus_maripaludis_S2	-	0
Methanococcus_maripaludis_X1	-	0
Methanococcus_vannielii_SB	-	0
Methanococcus_voltae_A3	-	0
Methanocorpusculum_labreanum_Z	-	0
Methanoculleus_bourgensis_MS2	-	0
Methanoculleus_bourgensis_strain_BA1	-	0
Methanoculleus_chikugoensis_strain_MG62	-	0
Methanoculleus_marisnigri_JR1	-	0
Methanoculleus_sp._MAB1	-	0
Methanofervidicoccus_sp._A16	-	0
Methanofollis_formosanus_strain_ML15	-	0
Methanofollis_liminatans_DSM_4140	-	0
methanogenic_archaeon_ISO4-H5	-	0
methanogenic_archaeon_mixed_culture_ISO4-G1	-	0
Methanohalophilus_halophilus_strain_Z-7982	-	0
Methanohalophilus_mahii_DSM_5219	-	0
Methanolinea_sp._strain_EsbE_18-Q3-R3-47_BAT3C.270	-	0
Methanolobus_psychrophilus_R15	-	0
Methanolobus_zinderi_strain_DSM_21339	-	0
Methanomassiliicoccaceae_archaeon_DOK	-	0
Methanomassiliicoccales_archaeon_bin396	-	0
Methanoplanus_limicola_DSM_2279	-	0
Methanopyrus_kandleri_AV19	-	0
Methanoregula_boonei_6A8	-	0
Methanoregula_formicica_SMSP	-	0
Methanosaeta_concilii_GP6	-	0
Methanosaeta_harundinacea_6Ac	-	0
Methanosaeta_thermophila_PT	-	0
Methanosalsum_zhilinae_DSM_4017	-	0
Methanosarcina_barkeri_227	-	0
Methanosarcina_barkeri_3	-	0
Methanosarcina_barkeri_CM1	-	0
Methanosarcina_barkeri_MS	-	0
Methanosarcina_barkeri_str._Fusaro	-	0
Methanosarcina_barkeri_str._Wiesmoor	-	0
Methanosarcinales_archaeon_Met12	-	0
Methanosarcina_mazei_C16	-	0
Methanosarcina_mazei_Go1	-	0
Methanosarcina_mazei_LYC	-	0
Methanosarcina_mazei_S-6	-	0
Methanosarcina_mazei_SarPi	-	0
Methanosarcina_mazei_strain_JL01	-	0
Methanosarcina_mazei_WWM610	-	0
Methanosarcina_siciliae_C2J	-	0
Methanosarcina_sp._795	-	0
Methanosarcina_sp._Kolksee	-	0
Methanosarcina_sp._MTP4	-	0
Methanosarcina_thermophila_CHTI-55	-	0
Methanosarcina_thermophila_strain_MT-1	-	0
Methanosarcina_thermophila_TM-1	-	0
Methanosarcina_vacuolata_Z-761	-	0
Methanosphaera_sp._BMS	-	0
Methanosphaera_stadtmanae_DSM_3091	-	0
Methanosphaera_stadtmanae_strain_MGYG-HGUT-02164	-	0
Methanosphaerula_palustris_E1-9c	-	0
Methanospirillum_hungatei_JF-1	-	0
Methanospirillum_hungatei_strain_GP1	-	0
Methanospirillum_sp._J.3.6.1-F.2.7.3	-	0
Methanothermobacter_marburgensis_str._Marburg	-	0
Methanothermobacter_sp._EMTCatA1	-	0
Methanothermobacter_sp._KEPCO1	-	0
Methanothermobacter_sp._MT-2	-	0
Methanothermobacter_sp._THM-1	-	0
Methanothermobacter_sp._THM-2	-	0
Methanothermobacter_thermautotrophicus_str._Delta_H	-	0
Methanothermobacter_wolfeii_strain_SIV6	-	0
Methanothermococcus_okinawensis_IH1	-	0
Methanothermus_fervidus_DSM_2088	-	0
Methanothrix_sp._MAG_279	-	0
Methanotorris_igneus_Kol_5	-	0
Methylacidimicrobium_sp._AP8_strain_MTHMO1	-	0
Methylacidiphilum_kamchatkense_Kam1_strain_kam1	-	0
Methylacidiphilum_sp._IT5	-	0
Methylacidiphilum_sp._IT6	-	0
Methylibium_petroleiphilum_PM1	-	0
Methylibium_sp._Pch-M	-	0
Methylobacillus_flagellatus_KT	-	0
Methylobacterium_aquaticum_strain_BG2	-	0
Methylobacterium_brachiatum_strain_TX0642	-	0
Methylobacterium_extorquens_AM1	-	0
Methylobacterium_extorquens_DM4	-	0
Methylobacterium_extorquens_PA1	-	0
Methylobacterium_extorquens_strain_PSBB040	-	0
Methylobacterium_oryzae_CBMB20	-	0
Methylobacterium_oryzae_H33R-06	-	0
Methylobacterium_phyllosphaerae_strain_CBMB27	-	0
Methylobacterium_populi_strain_P-1M	-	0
Methylobacterium_sp._17SD2-17	-	0
Methylobacterium_sp._17Sr1-1	-	0
Methylobacterium_sp._17Sr1-28	-	0
Methylobacterium_sp._17Sr1-43	-	0
Methylobacterium_sp._C1	-	0
Methylobacterium_sp._CLZ	-	0
Methylobacterium_sp._DM1	-	0
Methylobacterium_sp._NI91	-	0
Methylobacterium_sp._WL1_strain_not_applicable	-	0
Methylobacterium_sp._XJLM	-	0
Methylobacterium_zatmanii_strain_PSBB041	-	0
Methyloceanibacter_caenitepidi_Gela4	-	0
Methyloceanibacter_sp._wino2	-	0
Methylocella_tundrae_strain_MTUNDRAET4_annotated_genome	-	0
Methylococcus_capsulatus_strain_BH	-	0
Methylococcus_capsulatus_str._Bath	-	0
Methylococcus_sp._IM1	-	0
Methylococcus_sp._Mc7	-	0
Methylocystis_parvus_strain_BRCS2	-	0
Methylocystis_sp._SB2	-	0
Methylocystis_sp._SC2	-	0
Methyloligella_sp._GL2	-	0
Methylomicrobium_alcaliphilum_strain_20Z	-	0
Methylomonas_clara_strain_D22	-	0
Methylophaga_sp._JAM7	-	0
Methylophilaceae_bacterium_strain_M30B5	-	0
Methylophilaceae_bacterium_Zm11	-	0
Methylophilales_bacterium_H5P1	-	0
Methylophilus_medardicus_strain_MMS-M-34	-	0
Methylophilus_sp._TWE2	-	0
Methylotenera_versatilis_301	-	0
Methylovirgula_ligni_strain_BW863	-	0
Methylovorus_glucosetrophus_SIP3-4	-	0
Methylovulum_psychrotolerans_strain_HV10_M2	-	0
Micavibrio_aeruginosavorus_ARL-13	-	0
Micavibrio_aeruginosavorus_EPB	-	0
Micavibrio_aeruginosavorus_strain_NC_groundwater_70_Ag_B-0.1um_54_66	-	0
Microbacteriaceae_bacterium_WY83	-	0
Microbacterium_amylolyticum_strain_DSM_24221	-	0
Microbacterium_aurum_strain_KACC_15219	-	0
Microbacterium_binotii_Au-Mic3	-	0
Microbacterium_esteraromaticum_strain_B24	-	0
Microbacterium_foliorum_strain_M2	-	0
Microbacterium_hydrocarbonoxydans_strain_Marseille-P2596	-	0
Microbacterium_oleivorans_strain_I46	-	0
Microbacterium_paludicola_strain_CC3	-	0
Microbacterium_paraoxydans_strain_70447	-	0
Microbacterium_resistens_MZT7	-	0
Microbacterium_sediminis_strain_YLB-01	-	0
Microbacterium_sp._1.5R	-	0
Microbacterium_sp._1S1	-	0
Microbacterium_sp._A18JL241	-	0
Microbacterium_sp._CBA3102	-	0
Microbacterium_sp._CGR1	-	0
Microbacterium_sp._DFW100M-13	-	0
Microbacterium_sp._JZ31	-	0
Microbacterium_sp._NIBRBAC000506063	-	0
Microbacterium_sp._No._7	-	0
Microbacterium_sp._Nx66	-	0
Microbacterium_sp._PAMC22086	-	0
Microbacterium_sp._PAMC_28756	-	0
Microbacterium_sp._RG1	-	0
Microbacterium_sp._Se63.02b	-	0
Microbacterium_sp._SGAir0570_strain_not_applicable	-	0
Microbacterium_sp._str._'China'	-	0
Microbacterium_sp._TPU_3598	-	0
Microbacterium_sp._XT11	-	0
Microbacterium_sp._Y-01	-	0
Microbacterium_sp._YJN-G	-	0
Microbacterium_testaceum_StLB037	-	0
Microbulbifer_agarilyticus_strain_GP101	-	0
Microbulbifer_sp._A4B17	-	0
Microbulbifer_thermotolerans_strain_DAU221	-	0
Microcella_alkaliphila_strain_JAM_AC0309_strain_JAM-AC0309	-	0
Micrococcales_bacterium_70-64	-	0
Micrococcus_luteus_CW.Ay	-	0
Micrococcus_luteus_NCTC_2665	-	0
Microcoleus_vaginatus_PCC_9802	-	0
Microcystis_aeruginosa_NIES-2481	-	0
Microcystis_aeruginosa_NIES-2549	-	0
Microcystis_aeruginosa_NIES-298	-	0
Microcystis_aeruginosa_PCC_7806SL_strain_PCC_7806SL	-	0
Microcystis_viridis_NIES-102	-	0
Microlunatus_soli_strain_DSM_21800	-	0
Micromonospora_auratinigra_strain_DSM_44815	-	0
Micromonospora_chokoriensis_strain_DSM_45160	-	0
Micromonospora_coriariae_strain_DSM_44875	-	0
Micromonospora_coxensis_strain_DSM_45161	-	0
Micromonospora_inositola_strain_DSM_43819	-	0
Micromonospora_krabiensis_strain_DSM_45344	-	0
Micromonospora_narathiwatensis_strain_DSM_45248	-	0
Micromonospora_rifamycinica_strain_DSM_44983	-	0
Micromonospora_siamensis_strain_DSM_45097	-	0
Microterricola_viridarii_strain_DSM_21772	-	0
Mobilicoccus_sp._NJES-13	-	0
Mobiluncus_curtisii_ATCC_43063	-	0
Mobiluncus_curtisii_strain_FDAARGOS_1127_strain_Not_applicable	-	0
Mogibacterium_diversum_strain_CCUG_47132	-	0
Mollicutes_bacterium_HR1	-	0
Monaibacterium_sp._ALG8	-	0
Moorella_thermoacetica_ATCC_39073	-	0
Moorella_thermoacetica_strain_39073-HH	-	0
Moraxella_catarrhalis_25239	-	0
Moraxella_catarrhalis_BBH18	-	0
Moraxella_catarrhalis_RH4	-	0
Moraxella_cuniculi_strain_NCTC10297	-	0
Moraxella_nonliquefaciens_strain_FDAARGOS_1006_strain_Not_applicable	-	0
Moraxella_osloensis_FLMOS1	-	0
Moraxella_ovis_strain_199/55	-	0
Mordavella_sp._Marseille-P3756	-	0
Mucilaginibacter_gotjawali_strain_SA3-7	-	0
Mucilaginibacter_sp._G2-14	-	0
Mulberry_dwarf_phytoplasma_MDGZ-01	-	0
Murdochiella_sp._Marseille-P2341	-	0
Muribaculaceae_bacterium_DSM_108610_strain_Oil-RF-744-WCA-WT-10	-	0
Muribaculum_sp._H5	-	0
Muribaculum_sp._TLL-A4	-	0
Muricauda_aquimarina_F6	-	0
Muricauda_sp._strain_ih8	-	0
Mycetocola_sp._CGMCC_1.16372	-	0
Mycetocola_sp._JXN-3	-	0
Mycoavidus_sp._B2-EB	-	0
Mycobacterium_abscessus_subsp._bolletii_MA_1948	-	0
Mycobacterium_avium_104	-	0
Mycobacterium_avium_subsp._paratuberculosis_K-10	-	0
Mycobacterium_bovis_AF2122/97	-	0
Mycobacterium_chelonae_CCUG_47445	-	0
Mycobacterium_chelonae_strain_ATCC_35752	-	0
Mycobacterium]_chelonae_subsp._chelonae_strain_DSM_43804	-	0
Mycobacterium_chimaera_strain_AH16	-	0
Mycobacterium_cookii_strain_JCM_12404	-	0
Mycobacterium_crocinum_JCM_16369	-	0
Mycobacterium_florentinum_strain_JCM_14740	-	0
Mycobacterium_gilvum_PYR-GCK	-	0
Mycobacterium_gilvum_Spyr1	-	0
Mycobacterium_gordonae_strain_24T	-	0
Mycobacterium_heidelbergense_strain_JCM_14842	-	0
Mycobacterium_indicus_pranii_MTCC_9506	-	0
Mycobacterium_intracellulare_1956	-	0
Mycobacterium_intracellulare_ATCC_13950	-	0
Mycobacterium_intracellulare_FDAARGOS_1564	-	0
Mycobacterium_intracellulare_M.i.198	-	0
Mycobacterium_intracellulare_MOTT-02	-	0
Mycobacterium_leprae_Br4923	-	0
Mycobacterium_leprae_Kyoto-2	-	0
Mycobacterium_leprae_strain_MRHRU-235-G	-	0
Mycobacterium_leprae_TN	-	0
Mycobacterium_liflandii_128FXT	-	0
Mycobacterium_liflandii_ASM001	-	0
Mycobacterium_litorale_strain_F4	-	0
Mycobacterium_mantenii_strain_JCM_18113	-	0
Mycobacterium_marinum_E11	-	0
Mycobacterium_marinum_M	-	0
Mycobacterium_marinum_strain_1218R	-	0
Mycobacterium_marseillense_strain_FLAC0026	-	0
Mycobacterium_novum_strain_JCM_6391	-	0
Mycobacterium_ostraviense_FDAARGOS_1613	-	0
Mycobacterium_pallens_strain_PYR15	-	0
Mycobacterium_paraterrae_DSM_45127	-	0
Mycobacterium_riyadhense_strain_NTM	-	0
Mycobacterium_rufum_JCM_16372	-	0
Mycobacterium_rutilum_strain_DSM_45405	-	0
Mycobacterium_saopaulense_strain_EPM10906	-	0
Mycobacterium_saskatchewanense_strain_JCM_13016	-	0
Mycobacterium_shinjukuense_strain_JCM_14233	-	0
Mycobacterium_shottsii_strain_JCM_12657	-	0
Mycobacterium_smegmatis_JS623	-	0
Mycobacterium_smegmatis_str._MC2_155	-	0
Mycobacterium_sp._djl-10	-	0
Mycobacterium_sp._DL440	-	0
Mycobacterium_sp._DSM_104308_strain_901379	-	0
Mycobacterium_sp._EPa45	-	0
Mycobacterium_sp._JDM601	-	0
Mycobacterium_sp._KMS	-	0
Mycobacterium_sp._MOTT36Y	-	0
Mycobacterium_sp._MS1601_strain_MS1601	-	0
Mycobacterium_spongiae_strain_FSD4b-SM	-	0
Mycobacterium_sp._QIA-37	-	0
Mycobacterium_sp._WY10	-	0
Mycobacterium_sp._YC-RL4	-	0
Mycobacterium_stephanolepidis_strain_NJB0901	-	0
Mycobacterium_terrae_strain_NCTC10856	-	0
Mycobacterium_tuberculosis_CAS/NITR204	-	0
Mycobacterium_tuberculosis_F11	-	0
Mycobacterium_tuberculosis_RGTB327	-	0
Mycobacterium_ulcerans_Agy99	-	0
Mycobacterium_ulcerans_ATCC_19423	-	0
Mycobacterium_vaccae_95051	-	0
Mycobacterium_vanbaalenii_PYR-1	-	0
Mycobacterium_virginiense_DSM_100883	-	0
Mycobacterium_yongonense_05-1390	-	0
Mycobacterium_yongonense_strain_Asan_36527	-	0
Mycobacteroides_salmoniphilum_strain_DSM_43276	-	0
Mycolicibacillus_koreensis_strain_JCM_19956	-	0
Mycolicibacillus_parakoreensis_DSM_45575	-	0
Mycolicibacter_hiberniae_strain_JCM_13571	-	0
Mycolicibacterium_aichiense_strain_JCM_6376	-	0
Mycolicibacterium_anyangense_strain_JCM_30275	-	0
Mycolicibacterium_austroafricanum_MYC038	-	0
Mycolicibacterium_fallax_strain_JCM_6405	-	0
Mycolicibacterium_fluoranthenivorans_strain_2A	-	0
Mycolicibacterium_gadium_strain_JCM_12688	-	0
Mycolicibacterium_holsaticum_strain_JCM_12374	-	0
Mycolicibacterium_moriokaense_strain_JCM_6375	-	0
Mycolicibacterium_phocaicum_RL-HY01	-	0
Mycolicibacterium_psychrotolerans_strain_JCM_13323	-	0
Mycolicibacterium_sarraceniae_strain_JCM_30395	-	0
Mycolicibacterium_sp._TY66	-	0
Mycolicibacterium_sp._TY81	-	0
Mycolicibacterium_sp._Z-34	-	0
Mycolicibacterium_tokaiense_strain_JCM_6373	-	0
Mycolicibacterium_vanbaalenii_JOB5	-	0
Mycolicibacter_sp._MYC123	-	0
Mycolicibacter_sp._MYC340	-	0
Mycoplasma_agalactiae_PG2	-	0
Mycoplasma_agalactiae_strain_5632	-	0
Mycoplasma_alkalescens_strain_NCTC10135	-	0
Mycoplasma_amphoriforme_A39	-	0
Mycoplasma_anatis_strain_NCTC_10156	-	0
Mycoplasma_arginini_strain_HAZ145_1	-	0
Mycoplasma_arthritidis_158L3-1	-	0
Mycoplasma_arthritidis_strain_NCTC10162	-	0
Mycoplasma_bovigenitalium_strain_HAZ596	-	0
Mycoplasma_bovis_CQ-W70	-	0
Mycoplasma_bovis_Hubei-1	-	0
Mycoplasma_bovis_KRB1	-	0
Mycoplasma_bovis_PG45	-	0
Mycoplasma_bovoculi_M165/69	-	0
Mycoplasma_californicum_HAZ160_1	-	0
Mycoplasma_californicum_strain_HAZ106_1	-	0
Mycoplasma_canadense_HAZ360_1	-	0
Mycoplasma_canis_strain_LV	-	0
Mycoplasma_capricolum_subsp._capricolum_ATCC_27343	-	0
Mycoplasma_capricolum_subsp._capripneumoniae_87001	-	0
Mycoplasma_capricolum_subsp._capripneumoniae_strain_033C1	-	0
Mycoplasma_citelli_strain_NCTC10181	-	0
Mycoplasma_cloacale_strain_NCTC_10199	-	0
Mycoplasma_columbinasale_strain_NCTC10184	-	0
Mycoplasma_columbinum_strain_NCTC10178	-	0
Mycoplasma_columborale_strain_NCTC10179	-	0
Mycoplasma_conjunctivae_strain_HRC/581	-	0
Mycoplasma_crocodyli_MP145	-	0
Mycoplasma_cynos_C142	-	0
Mycoplasma_cynos_strain_NCTC10142	-	0
Mycoplasma_dispar_strain_ATCC_27140	-	0
Mycoplasma_felis_strain_Myco-2	-	0
Mycoplasma_fermentans_JER	-	0
Mycoplasma_fermentans_M64	-	0
Mycoplasma_fermentans_PG18	-	0
Mycoplasma_fermentans_strain_NCTC10117	-	0
Mycoplasma_flocculare_ATCC_27399_Ms42	-	0
Mycoplasma_gallinaceum_strain_B2096_8B	-	0
Mycoplasma_gallisepticum_CA06_2006.052-5-2P	-	0
Mycoplasma_gallisepticum_str._R	-	0
Mycoplasma_gallopavonis_strain_NCTC10186	-	0
Mycoplasma_genitalium_G37	-	0
Mycoplasma_genitalium_M2288	-	0
Mycoplasma_genitalium_M2321	-	0
Mycoplasma_genitalium_M6282	-	0
Mycoplasma_genitalium_M6320	-	0
Mycoplasma_glycophilum_strain_NCTC10194	-	0
Mycoplasma_haemofelis_str._Langford_1	-	0
Mycoplasma_hominis_ATCC_27545	-	0
Mycoplasma_hominis_MIN-132	-	0
Mycoplasma_hyopneumoniae_168	-	0
Mycoplasma_hyopneumoniae_168-L	-	0
Mycoplasma_hyopneumoniae_232	-	0
Mycoplasma_hyopneumoniae_7422	-	0
Mycoplasma_hyopneumoniae_7448	-	0
Mycoplasma_hyopneumoniae_J	-	0
Mycoplasma_hyopneumoniae_LH	-	0
Mycoplasma_hyorhinis_DBS_1050	-	0
Mycoplasma_hyorhinis_GDL-1	-	0
Mycoplasma_hyorhinis_HUB-1	-	0
Mycoplasma_hyorhinis_MCLD	-	0
Mycoplasma_hyorhinis_SK76	-	0
Mycoplasma_hyorhinis_strain_IMT49388	-	0
Mycoplasma_hyosynoviae_strain_M60	-	0
Mycoplasma_iowae_695	-	0
Mycoplasma_iowae_strain_NCTC10185	-	0
Mycoplasma_leachii_99/014/6	-	0
Mycoplasma_leachii_PG50	-	0
Mycoplasma_meleagridis_strain_NCTC10153	-	0
Mycoplasma_mobile_163K	-	0
Mycoplasma_mycoides_JCVI-Syn3.0	-	0
Mycoplasma_mycoides_subsp._capri_strain_GM12	-	0
Mycoplasma_mycoides_subsp._capri_str._GM12	-	0
Mycoplasma_mycoides_subsp._mycoides_SC_str._PG1	-	0
Mycoplasma_nasistruthionis_strain_Ms03	-	0
Mycoplasma_orale_strain_NCTC10112	-	0
Mycoplasma_ovipneumoniae_strain_NCTC10151	-	0
Mycoplasma_ovis_str._Michigan	-	0
Mycoplasma_parvum_str._Indiana	-	0
Mycoplasma_penetrans_HF-2	-	0
Mycoplasma_phocidae_strain_105	-	0
Mycoplasma_phocirhinis_strain_852	-	0
Mycoplasma_pneumoniae_309	-	0
Mycoplasma_pneumoniae_39443	-	0
Mycoplasma_pneumoniae_51494	-	0
Mycoplasma_pneumoniae_54089	-	0
Mycoplasma_pneumoniae_54524	-	0
Mycoplasma_pneumoniae_85084	-	0
Mycoplasma_pneumoniae_85138	-	0
Mycoplasma_pneumoniae_FH	-	0
Mycoplasma_pneumoniae_M1139	-	0
Mycoplasma_pneumoniae_M129	-	0
Mycoplasma_pneumoniae_M129-B7	-	0
Mycoplasma_pneumoniae_M2592	-	0
Mycoplasma_pneumoniae_M29	-	0
Mycoplasma_pneumoniae_MAC	-	0
Mycoplasma_pneumoniae_strain_10-1048	-	0
Mycoplasma_pullorum_strain_B359_6	-	0
Mycoplasma_pulmonis_strain_NCTC10139	-	0
Mycoplasma_pulmonis_UAB_CTIP	-	0
Mycoplasma_putrefaciens_KS1	-	0
Mycoplasma_putrefaciens_Mput9231	-	0
Mycoplasma_salivarium_strain_NCTC10113	-	0
Mycoplasma_sp._1654_15	-	0
Mycoplasma_sp._237IA	-	0
Mycoplasma_sp._C264-NAS	-	0
Mycoplasma_sp._(ex_Biomphalaria_glabrata)	-	0
Mycoplasma_sp._Mirounga_ES2805-ORL	-	0
Mycoplasma_sp._Mirounga_ES2806-GEN	-	0
Mycoplasma_sp._Mirounga_ES2806-NAS	-	0
Mycoplasma_sp._Ms02	-	0
Mycoplasma_sp._NEAQ87857	-	0
Mycoplasma_sp._OR1901	-	0
Mycoplasma_sp._Pen4	-	0
Mycoplasma_sp._Phocoena_C-264-GEN	-	0
Mycoplasma_sp._Zaradi2	-	0
Mycoplasma_suis_KI3806	-	0
Mycoplasma_suis_str._Illinois	-	0
Mycoplasma_synoviae_53	-	0
Mycoplasma_synoviae_ATCC_25204_strain_WVU1853T	-	0
Mycoplasma_synoviae_strain_86079-7NS	-	0
Mycoplasma_tullyi_strain_56A97T	-	0
Mycoplasma_wenyonii_str._Massachusetts	-	0
Myroides_odoratimimus_strain_G13	-	0
Myroides_phaeus_strain_18QD1AZ29W	-	0
Myroides_sp._A21	-	0
Myroides_sp._ZB35	-	0
Myxococcus_xanthus_DK_1622	-	0
Nanoarchaeum_equitans_Kin4-M	-	0
Nanohaloarchaea_archaeon_SG9	-	0
Nanohaloarchaea_archaeon_strain_M3_22	-	0
Natranaerobius_thermophilus_JW/NM-WN-LF	-	0
Natrinema_sp._YPL30_strain_YPL13	-	0
Natrinema_versiforme_strain_BOL5-4	-	0
Natronobacterium_gregoryi_SP2	-	0
Natronolimnobius_sp._AArc-Mg	-	0
Natronomonas_moolapensis_8.8.11	-	0
Natronomonas_pharaonis_DSM_2160	-	0
Natronomonas_sp._YPL13	-	0
Natronorubrum_aibiense_strain_7-3	-	0
Natronorubrum_bangense_strain_JCM_10635	-	0
Nautilia_profundicola_AmH	-	0
Nautilia_profundicola_strain_PV-1	-	0
Ndongobacter_massiliensis_strain_Marseille-P3170	-	0
Negativicoccus_massiliensis_strain_AT7	-	0
Neisseria_animaloris_strain_NCTC12227	-	0
Neisseria_arctica_KH1503	-	0
Neisseria_bacilliformis_strain_DSM_23338	-	0
Neisseria_cinerea_strain_FDAARGOS_871_strain_Not_applicable	-	0
Neisseria_dentiae_strain_DSM_19151	-	0
Neisseria_elongata_subsp._glycolytica_ATCC_29315	-	0
Neisseria_elongata_subsp._glycolytica_strain_NCTC11050	-	0
Neisseria_flavescens_strain_ATCC_13120	-	0
Neisseria_gonorrhoeae_FA_1090	-	0
Neisseria_lactamica_ATCC_23970	-	0
Neisseriales_bacterium_strain_Fred_18-Q3-R57-64_MAXAC.425_cln	-	0
Neisseria_meningitidis_053442	-	0
Neisseria_meningitidis_8013	-	0
Neisseria_meningitidis_FAM18	-	0
Neisseria_meningitidis_G2136	-	0
Neisseria_meningitidis_H44/76	-	0
Neisseria_meningitidis_LNP21362	-	0
Neisseria_meningitidis_M01-240149	-	0
Neisseria_meningitidis_M01-240355	-	0
Neisseria_meningitidis_M04-240196	-	0
Neisseria_meningitidis_M0579	-	0
Neisseria_meningitidis_M10208	-	0
Neisseria_meningitidis_M7124	-	0
Neisseria_meningitidis_MC58	-	0
Neisseria_meningitidis_NZ-05/33	-	0
Neisseria_meningitidis_WUE_2594	-	0
Neisseria_meningitidis_Z2491	-	0
Neisseria_perflava_strain_LPB0400	-	0
Neisseria_shayeganii_strain_DSM_22244	-	0
Neisseria_sp._10023_strain_10023	-	0
Neisseria_zoodegmatis_strain_NCTC12230	-	0
Neoasaia_chiangmaiensis_strain_NBRC_101099	-	0
Neobacillus_cucumis_strain_T4S4	-	0
Neobacillus_drentensis_JC05	-	0
Neokomagataea_sp._Ha5	-	0
Neomicrococcus_aestuarii_strain_B18	-	0
Neorhizobium_galegae_7g	-	0
Neorhizobium_sp._NCHU2750	-	0
Neorhizobium_sp._SOG26	-	0
Neorickettsia_risticii_str._Illinois	-	0
Neorickettsia_sennetsu_str._Miyayama	-	0
Neorickettsia_sp._179522	-	0
Neorickettsia_sp._Fin17	-	0
Neptunomonas_concharum_strain_JCM17730	-	0
Nesterenkonia_pannonica_strain_DSM_29786	-	0
Nesterenkonia_sp._NBAIMH1	-	0
Nitratireductor_basaltis_strain_RR3-28	-	0
Nitratireductor_sp._SY7	-	0
Nitratiruptor_labii_strain_HRV44	-	0
Nitratiruptor_sp._EPR55-1	-	0
Nitratiruptor_sp._SB155-2	-	0
Nitratiruptor_sp._YY08-10	-	0
Nitratiruptor_sp._YY08-13	-	0
Nitratiruptor_sp._YY08-14	-	0
Nitratiruptor_sp._YY08-26	-	0
Nitratiruptor_sp._YY09-18	-	0
Nitrobacter_hamburgensis_X14	-	0
Nitrobacter_winogradskyi_Nb-255	-	0
Nitrosarchaeum_sp._AC2	-	0
Nitrosococcus_oceani_ATCC_19707	-	0
Nitrosococcus_wardiae_strain_D1FHS	-	0
Nitrosomonadales_bacterium_skT11	-	0
Nitrosomonadales_bacterium_Swamp67	-	0
Nitrosomonas_communis_strain_Nm2	-	0
Nitrosomonas_europaea_ATCC_19718	-	0
Nitrosomonas_eutropha_C91	-	0
Nitrosomonas_sp._AL212	-	0
Nitrosomonas_sp._H1_AOB3	-	0
Nitrosomonas_sp._Is79A3	-	0
Nitrosopumilus_cobalaminigenes_strain_HCA1	-	0
Nitrosopumilus_maritimus_SCM1	-	0
Nitrosopumilus_sp._strain_MH-Pat-all_metabat2_16	-	0
Nitrosospira_multiformis_ATCC_25196	-	0
Nitrosotalea_sp._CS_strain_NCS1	-	0
Nitrospinaceae_bacterium_bin1391	-	0
Nitrospiraceae_bacterium_T55J	-	0
Nitrospirae_bacterium_bin371	-	0
Nitrospira_japonica_strain_Genome_sequencing_of_Nitrospira_japonica_strain_NJ11	-	0
Nitrospira_sp._KM1	-	0
Nocardia_arthritidis_strain_AUSMDU00012717	-	0
Nocardia_cyriacigeorgica_GUH-2	-	0
Nocardia_cyriacigeorgica_strain_3012STDY6756504	-	0
Nocardia_farcinica_IFM_10152	-	0
Nocardia_huaxiensis_BCHNH01	-	0
Nocardia_iowensis_strain_NRRL_5646	-	0
Nocardia_yamanashiensis_FDAARGOS_1623	-	0
Nocardioides_aromaticivorans_strain_IC177	-	0
Nocardioides_rotundus_MCCC_1A10561	-	0
Nocardioides_sp._603	-	0
Nocardioides_sp._dk3136	-	0
Nocardioides_sp._dk884	-	0
Nocardioides_sp._G188	-	0
Nocardioides_sp._HDW12A	-	0
Nocardioides_sp._HY056	-	0
Nocardioides_sp._JQ2195	-	0
Nocardioides_sp._JS614	-	0
Nocardioides_sp._KUDC_5002	-	0
Nocardioides_sp._MMS17-SY117	-	0
Nocardioides_sp._R-3366	-	0
Nocardioides_sp._S5	-	0
Nocardioides_sp._SB3-45	-	0
Nocardioides_sp._zg-579	-	0
Nocardioides_ungokensis_strain_LMG_28591	-	0
Nocardiopsis_alba_ATCC_BAA-2165	-	0
Nocardiopsis_dassonvillei_strain_HZNU_N_1	-	0
Nocardiopsis_dassonvillei_subsp._dassonvillei_DSM_43111	-	0
Nonlabens_dokdonensis_DSW-6	-	0
Nonlabens_marinus_S1-08	-	0
Nonlabens_sediminis_strain_NBRC_100970	-	0
Nonlabens_sp._Ci31	-	0
Nonlabens_sp._MB-3u-79	-	0
Nonlabens_sp._MIC269	-	0
Nonlabens_sp._MJ115	-	0
Nonlabens_spongiae_strain_JCM_13191	-	0
Nonlabens_sp._SY33080	-	0
Nostocales_cyanobacterium_HT-58-2_strain_HT-58-2	-	0
Nostoc_azollae_0708	-	0
Nostoc_piscinale_CENA21	-	0
Nostoc_sphaeroides_strain_Kutzing_En	-	0
Nostoc_sp._PCC_7107	-	0
Novibacillus_thermophilus_strain_SG-1	-	0
Novosphingobium_aromaticivorans_DSM_12444	-	0
Novosphingobium_ginsenosidimutans_strain_FW-6	-	0
Novosphingobium_sp._502str22	-	0
Novosphingobium_sp._ES2-1	-	0
Novosphingobium_sp._THN1	-	0
Novosphingopyxis_sp._pb63	-	0
Oceanicoccus_sagamiensis_strain_NBRC_107125	-	0
Oceanihabitans_sp._IOP_32	-	0
Oceanisphaera_profunda_strain_SM1222	-	0
Oceanisphaera_sp._AMac2203_strain_AMac2203	-	0
Oceanispirochaeta_sp._K2	-	0
Oceanithermus_profundus_DSM_14977	-	0
Oceanobacillus_iheyensis_HTE831	-	0
Oceanobacillus_iheyensis_strain_CHQ24	-	0
Oceanobacillus_sp._160	-	0
Oceanotoga_sp._sy52	-	0
Ochrobactrum_pituitosum_strain_AA2	-	0
Ochrobactrum_sp._A44	-	0
Ochrobactrum_sp._MT180101	-	0
Ochrobactrum_sp._WY7	-	0
Odoribacter_splanchnicus_DSM_20712_FDAARGOS_1579	-	0
Odoribacter_splanchnicus_strain_NCTC10825	-	0
Oenococcus_oeni_ATCC_BAA-1163	-	0
Oenococcus_oeni_PSU-1	-	0
Oenococcus_sicerae_strain_UCMA_15228_strain_UCMA15228	-	0
Oenococcus_sp._UCMA_16435	-	0
Oleiharenicola_sp._KSB-15	-	0
Olivibacter_sp._LS-1	-	0
Olivibacter_sp._SDN3	-	0
Olsenella_sp._GAM18	-	0
Olsenella_sp._LZLJ-2	-	0
Olsenella_sp._Marseille-P2300	-	0
Olsenella_sp._Marseille-P3237	-	0
Olsenella_sp._oral_taxon_807_strain_F0089	-	0
Olsenella_uli_DSM_7084	-	0
Olsenella_umbonata_strain_DSM_22620	-	0
Onion_yellows_phytoplasma_OY-M	-	0
Opitutaceae_bacterium_IG16b	-	0
Opitutae_bacterium_TARA_B100001123	-	0
Orientia_tsutsugamushi_str._Boryong	-	0
Orientia_tsutsugamushi_str._Ikeda	-	0
Ornithinimicrobium_flavum_strain_CPCC_203535	-	0
Ornithobacterium_rhinotracheale_97	-	0
Ornithobacterium_rhinotracheale_DSM_15997	-	0
Ornithobacterium_rhinotracheale_ORT-UMN_88	-	0
Oscillibacter_sp._MM35	-	0
Oscillospiraceae_bacterium_CE91-St40	-	0
Oscillospiraceae_bacterium_LBM18003	-	0
Otariodibacter_oris_strain_Baika1	-	0
Ottowia_sp._27C	-	0
Ottowia_sp._KADR8-3	-	0
Paenalcaligenes_hominis_strain_15S00501	-	0
Paenarthrobacter_nicotinovorans_ATCC_49919	-	0
Paenarthrobacter_sp._YJN-D	-	0
Paenibacillus_antarcticus_strain_KACC_11469	-	0
Paenibacillus_baekrokdamisoli_strain_KCTC_33723	-	0
Paenibacillus_barcinonensis_strain_KACC11450	-	0
Paenibacillus_donghaensis_strain_KCTC_13049	-	0
Paenibacillus_durus_DSM_1735	-	0
Paenibacillus_glucanolyticus_strain_5162	-	0
Paenibacillus_graminis_DSM_15220	-	0
Paenibacillus_guangzhouensis_strain_KCTC_33171	-	0
Paenibacillus_kribbensis_strain_AM49	-	0
Paenibacillus_macerans_I6	-	0
Paenibacillus_mucilaginosus_K02	-	0
Paenibacillus_mucilaginosus_KNP414	-	0
Paenibacillus_naphthalenovorans_strain_32O-Y	-	0
Paenibacillus_odorifer_DSM_15391	-	0
Paenibacillus_polymyxa_E681	-	0
Paenibacillus_sabinae_T27	-	0
Paenibacillus_sp._19GGS1-52	-	0
Paenibacillus_sp._37	-	0
Paenibacillus_sp._B01	-	0
Paenibacillus_sp._BD3526	-	0
Paenibacillus_sp._CAA11	-	0
Paenibacillus_sp._FSL_R7-0273	-	0
Paenibacillus_sp._FW100M-2	-	0
Paenibacillus_sp._IHBB_10380	-	0
Paenibacillus_sp._IHB_B_3084	-	0
Paenibacillus_sp._JDR-2	-	0
Paenibacillus_sp._sptzw28	-	0
Paenibacillus_sp._UniB2_strain_Not_applicable	-	0
Paenibacillus_sp._URB8-2	-	0
Paenibacillus_swuensis_strain_DY6	-	0
Paenibacillus_terrae_HPL-003	-	0
Paenibacillus_tritici_strain_PH55-1	-	0
Paenibacillus_xylanexedens_strain_PAMC_22703	-	0
Paenibacillus_xylanilyticus_strain_W4	-	0
Paeniglutamicibacter_sp._Y32M11	-	0
Paenisporosarcina_antarctica_strain_CGMCC_1.6503	-	0
Paludibacterium_yongneupense_strain_BCRC_80531	-	0
Paludibacter_propionicigenes_WB4	-	0
Pandoraea_sp._XY-2	-	0
Pandoraea_thiooxydans_strain_ATSB16	-	0
Parabacteroides_goldsteinii_BFG-241	-	0
Parabacteroides_johnsonii_FDAARGOS_1580	-	0
Parabacteroides_merdae_BFG-280	-	0
Paraburkholderia_ginsengisoli_strain_FDAARGOS_1049_strain_Not_applicable	-	0
Paraburkholderia_terrae_KU-64	-	0
Parachlamydia_acanthamoebae_UV-7	-	0
Parachlamydiaceae_bacterium_strain_SSA5	-	0
Paraclostridium_bifermentans_DSM_14991	-	0
Paracoccus_denitrificans_PD1222	-	0
Paracoccus_marcusii_strain_CP157	-	0
Paracoccus_mutanolyticus_strain_RSP-02	-	0
Paracoccus_sanguinis_strain_OM2164	-	0
Paracoccus_sp._AK26	-	0
Paracoccus_sp._Arc7-R13	-	0
Paracoccus_sp._SC2-6	-	0
Paraglaciecola_mesophila_strain_GPM4	-	0
Paraglaciecola_psychrophila_170	-	0
Paraprevotella_xylaniphila_YIT_11841_strain_Paraprevotella_xylaniphila_82A6	-	0
Pararhizobium_sp._strain_ih9	-	0
Parascardovia_denticolens_DSM_10105_=_JCM_12538	-	0
Parashewanella_spongiae_strain_HJ039	-	0
Parasphingopyxis_algicola_strain_JCM_31719	-	0
'Parthenium_hysterophorus'_phyllody_phytoplasma_strain_PR08	-	0
Parvimonas_micra_KCOM_1535;_ChDC_B708	-	0
Parvularcula_bermudensis_HTCC2503	-	0
Pasteurella]_aerogenes_strain_NCTC13378	-	0
Pasteurella_canis_HL1500	-	0
Pasteurellaceae_bacterium_12591	-	0
Pasteurellaceae_bacterium_Orientalotternb1	-	0
Pasteurella_dagmatis_strain_NCTC11617	-	0
Pasteurella_multocida_36950	-	0
Pasteurella_multocida_OH1905	-	0
Pasteurella_multocida_subsp._gallicida_P1059	-	0
Pasteurella_multocida_subsp._gallicida_X73	-	0
Pasteurella_multocida_subsp._multocida_OH4807	-	0
Pasteurella_multocida_subsp._multocida_PMTB2.1	-	0
Pasteurella_multocida_subsp._multocida_str._3480	-	0
Pasteurella_multocida_subsp._multocida_strain_CIRMBP-0884	-	0
Pasteurella_multocida_subsp._multocida_str._HB03	-	0
Pasteurella_multocida_subsp._multocida_str._HN06	-	0
Pasteurella_multocida_subsp._multocida_str._HN07_strain_HN07	-	0
Pasteurella_multocida_subsp._multocida_str._Pm70	-	0
Pasteurella_multocida_subsp._septica_strain_CIRMBP-0873	-	0
Pasteurella_sp._XG20	-	0
"Paulownia_witches'-broom_phytoplasma_strain_Zhengzhou_strain_""Zhengzhou"""	-	0
Pectinatus_frisingensis_strain_MB139	-	0
Pectobacterium_atrosepticum_SCRI1043	-	0
Pediococcus_acidilactici_MT25	-	0
Pediococcus_claussenii_ATCC_BAA-344	-	0
Pediococcus_claussenii_strain_TMW_2.53	-	0
Pediococcus_damnosus_strain_TMW_2.1532	-	0
Pediococcus_inopinatus_strain_DSM_20285	-	0
Pediococcus_pentosaceus_ATCC_25745	-	0
Pediococcus_pentosaceus_SL4	-	0
Pediococcus_pentosaceus_strain_FDAARGOS_1009_strain_Not_applicable	-	0
Pediococcus_sp._MR001	-	0
Pedobacter_ginsengisoli_strain_T01R-27	-	0
Pedobacter_roseus_strain_KACC_11594	-	0
Pedobacter_sp._CJ43	-	0
Pedobacter_sp._eg	-	0
Pedobacter_sp._HDW13	-	0
Pedobacter_sp._JBR3-12	-	0
Pedobacter_suwonensis_strain_Fj_001	-	0
Pelagibaca_abyssi_strain_JLT2014	-	0
Pelagibacterium_halotolerans_B2	-	0
Pelagibacterium_halotolerans_strain_ANSP101	-	0
Pelagibacter_sp._NP1	-	0
Pelagovum_pacificum_strain_SM1903	-	0
Pelistega_sp._NLN63	-	0
Pelobacter_acetylenicus_strain_DSM_3246	-	0
Pelobacter_carbinolicus_DSM_2380	-	0
Pelobacter_propionicus_DSM_2379	-	0
Pelobacter_sp._SFB93	-	0
Pelodictyon_phaeoclathratiforme_BU-1	-	0
Pelolinea_submarina_strain_MO-CFX1	-	0
Pelotomaculum_thermopropionicum_SI	-	0
Peptoniphilus_harei_strain_FDAARGOS_1012_strain_Not_applicable	-	0
Peptoniphilus_ivorii_strain_NCTC13079	-	0
Peptoniphilus_sp._1-1_strain_ING2-D1G	-	0
Peptostreptococcaceae_bacterium_oral_taxon_929_strain_W2294	-	0
Peribacillus_psychrosaccharolyticus_strain_FDAARGOS_1161_strain_Not_applicable	-	0
Petrimonas_mucosa_strain_ING2-E5A	-	0
Phaeobacter_gallaeciensis_DSM_26640	-	0
Phaeobacter_gallaeciensis_strain_JL2886	-	0
Phaeobacter_inhibens_strain_2.10	-	0
Phaeobacter_sp._LSS9	-	0
Phascolarctobacterium_sp._Marseille-Q4147	-	0
Phenylobacterium_sp._HYN0004	-	0
Phenylobacterium_zucineum_HLK1	-	0
Phoenicibacter_congonensis_strain_MGYG-HGUT-02419	-	0
Phormidium]_sp._ETS-05	-	0
Photobacterium_gaetbulicola_Gung47	-	0
Photobacterium_ganghwense_strain_C2.2	-	0
Photobacterium_profundum_SS9	-	0
Photorhabdus_asymbiotica_strain_ATCC_43949	-	0
Photorhabdus_luminescens_subsp._laumondii_TTO1	-	0
Photorhabdus_temperata_subsp._thracensis_strain_DSM_15199	-	0
Phreatobacter_sp._S-12	-	0
Phycicoccus_dokdonensis_strain_DSM_22329	-	0
Phycicoccus_endophyticus_strain_JCM_31784	-	0
Phycisphaerae_bacterium_L21-RPul-D3_strain_L21-RPul-D3	-	0
Phycisphaerae_bacterium_SM-Chi-D1_strain_SM-Chi-D1	-	0
Phyllobacterium_sp._T1018	-	0
Phyllobacterium_sp._Tri-48_strain_Tri-48;_RCAM_03910	-	0
Picrophilus_torridus_DSM_9790	-	0
Pigmentiphaga_aceris_strain_Mada1488	-	0
Pimelobacter_simplex_VKM_Ac-2033D	-	0
Pistricoccus_aurantiacus_strain_CBA4606	-	0
Planctomycetales_bacterium_zrk34	-	0
Planctomycetes_bacterium_bin1080	-	0
Planctomycetes_bacterium_Enr10	-	0
Planctomycetes_bacterium_HG15A2	-	0
Planctomycetes_bacterium_HG66A1	-	0
Planctomycetes_bacterium_K23_9	-	0
Planctomycetes_bacterium_Mal48	-	0
Planctomycetes_bacterium_Mal52	-	0
Planctomycetes_bacterium_MalM25	-	0
Planctomycetes_bacterium_Pan189	-	0
Planctomycetes_bacterium_Pan241w	-	0
Planctomycetes_bacterium_Pla110	-	0
Planctomycetes_bacterium_Pla163	-	0
Planctomycetes_bacterium_Pla175	-	0
Planctomycetes_bacterium_Spb1	-	0
Planctomycetes_bacterium_V22	-	0
Planktomarina_temperata_RCA23	-	0
Planktothrix_agardhii_NIES-204	-	0
Planococcus_antarcticus_DSM_14505	-	0
Planococcus_dechangensis_strain_XJ11	-	0
Planococcus_donghaensis_strain_DSM_22276	-	0
Planococcus_faecalis_strain_AJ003	-	0
Planococcus_halocryophilus_strain_DSM_24743	-	0
Planococcus_kocurii_strain_ATCC_43650	-	0
Planococcus_maritimus_strain_DSM_17275	-	0
Planococcus_rifietoensis_strain_M8	-	0
Planococcus_sp._PAMC_21323	-	0
Planomicrobium_glaciei_strain_46093	-	0
Plantactinospora_sp._BB1	-	0
Plantactinospora_sp._BC1	-	0
Plantibacter_sp._M259	-	0
Plantibacter_sp._PA-3-X8	-	0
Polaribacter_haliotis_strain_KCTC_52418	-	0
Polaribacter_litorisediminis_OITF-11	-	0
Polaribacter_reichenbachii_strain_6Alg_8T	-	0
Polaribacter_sejongensis_strain_KCTC_23670	-	0
Polaribacter_sp._AHE13PA	-	0
Polaribacter_sp._ALD11	-	0
Polaribacter_sp._G4M1	-	0
Polaribacter_sp._HaHaR_3_91	-	0
Polaribacter_sp._Hel1_33_78	-	0
Polaribacter_sp._KT_15_strain_KT_15	-	0
Polaribacter_sp._KT25b	-	0
Polaribacter_sp._L12M9	-	0
Polaribacter_sp._L3A8	-	0
Polaribacter_sp._LPB0003	-	0
Polaribacter_sp._NJDZ03	-	0
Polaribacter_sp._R2A056_3_33	-	0
Polaromonas_naphthalenivorans_CJ2	-	0
Polaromonas_sp._JS666	-	0
Polymorphospora_rubra_strain_NBRC_101157	-	0
Polynucleobacter_acidiphobus_strain_MWH-PoolGreenA3	-	0
Polynucleobacter_asymbioticus_strain_MG-25-Pas1-D2	-	0
Polynucleobacter_difficilis_strain_AM-8B5	-	0
Polynucleobacter_necessarius_strain_PPGSP1	-	0
Polynucleobacter_necessarius_subsp._asymbioticus_QLW-P1DMWA-1	-	0
Polynucleobacter_necessarius_subsp._necessarius_STIR1	-	0
Polynucleobacter_sp._Adler-ghost	-	0
Polynucleobacter_sp._AM-7D1	-	0
Polynucleobacter_sp._AP-Ainpum-60-G11	-	0
Polynucleobacter_sp._AP-Elch-400A-B2	-	0
Polynucleobacter_sp._AP-Jannik-300A-C4	-	0
Polynucleobacter_sp._AP-Kolm-20A-A1	-	0
Polynucleobacter_sp._AP-Melu-1000-A1	-	0
Polynucleobacter_sp._AP-Nino-20-G2	-	0
Polynucleobacter_sp._AP-Sving-400A-A2	-	0
Polynucleobacter_sp._AP-Titi-500A-B4	-	0
Polynucleobacter_sp._es-EL-1	-	0
Polynucleobacter_sp._es-MAR-2	-	0
Polynucleobacter_sp._JS-JIR-5-A7	-	0
Polynucleobacter_sp._JS-JIR-II-50	-	0
Polynucleobacter_sp._JS-JIR-II-b4_strain_JS-JIR-II-B4	-	0
Polynucleobacter_sp._JS-Mosq-20-D10	-	0
Polynucleobacter_sp._LimPoW16	-	0
Polynucleobacter_sp._MG-5-Ahmo-C2	-	0
Polynucleobacter_sp._MG-9-Vaara-E2	-	0
Polynucleobacter_sp._MG-Unter2-18	-	0
Polynucleobacter_sp._MWH-Aus1W21	-	0
Polynucleobacter_sp._MWH-Braz-FAM2G	-	0
Polynucleobacter_sp._MWH-CaK5	-	0
Polynucleobacter_sp._MWH-P3-07-1	-	0
Polynucleobacter_sp._MWH-S4W17	-	0
Polynucleobacter_sp._MWH-Spelu-300-X4	-	0
Polynucleobacter_sp._MWH-Svant-W18	-	0
Polynucleobacter_sp._MWH-UH21B	-	0
Polynucleobacter_sp._MWH-UH24A	-	0
Polynucleobacter_sp._MWH-UH25E	-	0
Polynucleobacter_sp._MWH-UH2A	-	0
Polynucleobacter_sp._MWH-UH35A	-	0
Polynucleobacter_sp._TSB-Sco08W16	-	0
Polynucleobacter_sp._UB-Raua-W9	-	0
Polynucleobacter_sp._UB-Siik-W21	-	0
Polynucleobacter_sp._VK25	-	0
Pontibacter_actiniarum_strain_DSM_19842	-	0
Pontibacter_akesuensis_strain_AKS_1T	-	0
Pontibacter_korlensis_strain_X14-1T	-	0
Pontibacter_sp._BT214	-	0
Pontibacter_sp._SGAir0037_strain_not_applicable	-	0
Pontimonas_salivibrio_strain_CL-TW6	-	0
Porphyrobacter_sp._LM_6	-	0
Porphyromonas_asaccharolytica_DSM_20707	-	0
Porphyromonas_cangingivalis_strain_NCTC12856	-	0
Porphyromonas_gingivalis_381	-	0
Porphyromonas_gingivalis_A7A1-28	-	0
Porphyromonas_gingivalis_AJW4	-	0
Porphyromonas_gingivalis_ATCC_33277	-	0
Porphyromonas_gingivalis_JCVI_SC001	-	0
Porphyromonas_gingivalis_strain_A7436	-	0
Porphyromonas_gingivalis_TDC60	-	0
Porphyromonas_gingivalis_W83	-	0
Porphyromonas_somerae_CE91-St14	-	0
Pradoshia_sp._D12	-	0
Prevotella_bryantii_92/1	-	0
Prevotella_bryantii_B14	-	0
Prevotella_copri_strain_YF2	-	0
Prevotella_histicola_strain_F0411	-	0
Prevotella_intermedia_17	-	0
Prevotella_melaninogenica_ATCC_25845	-	0
Prevotella_melaninogenica_FDAARGOS_1566	-	0
Prevotella_multiformis_strain_F0096	-	0
Prevotella_nigrescens_F0103	-	0
Prevotella_nigrescens_FDAARGOS_1486	-	0
Prevotella_ruminicola_23	-	0
Prevotella_scopos_JCM_17725	-	0
Priestia_koreensis_FS-1	-	0
Prochloraceae_cyanobacterium_LD05	-	0
Prochlorococcus_marinus_bv._HNLC1	-	0
Prochlorococcus_marinus_bv._HNLC2	-	0
Prochlorococcus_marinus_str._AS9601	-	0
Prochlorococcus_marinus_str._MIT_9211	-	0
Prochlorococcus_marinus_str._MIT_9215	-	0
Prochlorococcus_marinus_str._MIT_9301	-	0
Prochlorococcus_marinus_str._MIT_9312	-	0
Prochlorococcus_marinus_str._MIT_9515	-	0
Prochlorococcus_marinus_subsp._marinus_str._CCMP1375	-	0
Prochlorococcus_marinus_subsp._pastoris_str._CCMP1986	-	0
Prochlorococcus_sp._MIT_0604	-	0
Prochlorococcus_sp._MIT_0801	-	0
Prolixibacteraceae_bacterium_DS1-an-2312	-	0
Propionibacterium_acidifaciens_strain_FDAARGOS_576_strain_Not_applicable	-	0
Propionibacterium_acnes_266	-	0
Propionibacterium_acnes_6609	-	0
Propionibacterium_acnes_ATCC_11828	-	0
Propionibacterium_acnes_C1	-	0
Propionibacterium_acnes_hdn-1	-	0
Propionibacterium_acnes_HL096PA1	-	0
Propionibacterium_acnes_SK137	-	0
Propionibacterium_acnes_TypeIA2_P.acn17	-	0
Propionibacterium_acnes_TypeIA2_P.acn31	-	0
Propionibacterium_acnes_TypeIA2_P.acn33	-	0
Propionibacterium_avidum_44067	-	0
Propionibacterium_freudenreichii_strain_CB129slpB	-	0
Propionibacterium_freudenreichii_subsp._freudenreichii_strain_20271T	-	0
Propionibacterium_freudenreichii_subsp._shermanii_strain_PFREUDJS1	-	0
Propionibacterium_propionicum_F0230a	-	0
Propioniciclava_sp._HDW11	-	0
Propionimicrobium_sp._Marseille-P3275_strain_Marseille-P3275	-	0
Prosthecochloris_aestuarii_DSM_271	-	0
Prosthecochloris_sp._GSB1	-	0
Prosthecochloris_sp._HL-130-GSB_strain_HL-130-GSB	-	0
Protaetiibacter_sp._SSC-01	-	0
Proteiniphilum_saccharofermentans_strain_M3/6	-	0
Protochlamydia_naegleriophila_strain_KNic	-	0
Providencia_heimbachae_strain_99101	-	0
Providencia_vermicola_strain_LLDRA6_strain_soil	-	0
Pseudarcicella_sp._HME7025	-	0
Pseudarthrobacter_equi_strain_IMMIB_L-1606	-	0
Pseudarthrobacter_sp._BIM_B-2242	-	0
Pseudarthrobacter_sp._L1SW	-	0
Pseudarthrobacter_sp._YJ56	-	0
Pseudoalteromonas_agarivorans_strain_Hao_2018	-	0
Pseudoalteromonas_aliena_strain_EH1	-	0
Pseudoalteromonas_arabiensis_strain_LST-1	-	0
Pseudoalteromonas_atlantica_strain_ECSMB14104	-	0
Pseudoalteromonas_atlantica_T6c	-	0
Pseudoalteromonas_espejiana_strain_ATCC_29659	-	0
Pseudoalteromonas_haloplanktis_TAC125	-	0
Pseudoalteromonas_marina_strain_ECSMB14103	-	0
Pseudoalteromonas_phenolica_strain_KCTC_12086	-	0
Pseudoalteromonas_sp._16-SW-7	-	0
Pseudoalteromonas_sp._A22	-	0
Pseudoalteromonas_sp._A41-2	-	0
Pseudoalteromonas_sp._JSTW	-	0
Pseudoalteromonas_sp._LC2018020214	-	0
Pseudoalteromonas_sp._MT33b	-	0
Pseudoalteromonas_sp._SM9913	-	0
Pseudoalteromonas_tunicata_strain_D2	-	0
Pseudoalteromonas_viridis_strain_BBR56	-	0
Pseudoarcobacter_acticola_strain_KCTC_52212	-	0
Pseudobutyrivibrio_xylanivorans_strain_MA3014	-	0
Pseudochrobactrum_sp._Wa41.01b-1	-	0
Pseudoclavibacter_sp._125703-2019_strain_125703-19	-	0
Pseudodesulfovibrio_sp._SRB007	-	0
Pseudodesulfovibrio_tunisiensis_RB22	-	0
Pseudohalocynthiibacter_aestuariivivens_strain_RR4-35	-	0
Pseudohongiella_spirulinae_strain_KCTC_32221	-	0
Pseudolabrys_sp._FHR47	-	0
Pseudolabrys_taiwanensis_strain_CC-BB4_strain_CCUG_51779	-	0
Pseudomonas_aeruginosa_PAO1	-	0
Pseudomonas_aeruginosa_UCBPP-PA14	-	0
Pseudomonas_alkylphenolia	-	0
Pseudomonas_alkylphenolia_strain_KL28	-	0
Pseudomonas_amygdali_pv._aesculi_JBJ5	-	0
Pseudomonas_antarctica_strain_BS2772	-	0
Pseudomonas_chloritidismutans_6L11	-	0
Pseudomonas_congelans_strain_508	-	0
Pseudomonas_coronafaciens_pv._coronafaciens_strain_B19001	-	0
Pseudomonas_entomophila_strain_1257	-	0
Pseudomonas_extremaustralis_strain_DSM_17835	-	0
Pseudomonas_fluorescens_Pf0-1	-	0
Pseudomonas_fluorescens_SBW25	-	0
Pseudomonas_koreensis_strain_BS3658	-	0
Pseudomonas_lurida_strain_MYb11	-	0
Pseudomonas]_mesoacidophila_strain_ATCC_31433	-	0
Pseudomonas_moraviensis_strain_BS3668	-	0
Pseudomonas_otitidis_CSMC7.1	-	0
Pseudomonas_palleroniana_Q1	-	0
Pseudomonas_parafulva_CRS01-1	-	0
Pseudomonas_poae_strain_BS2776	-	0
Pseudomonas_pohangensis_strain_DSM_17875	-	0
Pseudomonas_protegens_Pf-5	-	0
Pseudomonas_psychrotolerans_strain_CS51	-	0
Pseudomonas_putida_F1	-	0
Pseudomonas_putida_ND6	-	0
Pseudomonas_putida_UWC1	-	0
Pseudomonas_rhizosphaerae_DSM_16299	-	0
Pseudomonas_savastanoi_pv._savastanoi_PVFi1	-	0
Pseudomonas_simiae_H4-B59	-	0
Pseudomonas_sp._C27(2019)_strain_C27(2019)_strain_C27(2019)_strain_C27(2019)	-	0
Pseudomonas_sp._phDV1	-	0
Pseudomonas_sp._S19	-	0
Pseudomonas_syringae_group_genomosp._3_strain_CFBP6411	-	0
Pseudomonas_syringae_pv._atrofaciens_strain_LMG5095_strain_Triticum_aestivum_(Aestivum_Group)	-	0
Pseudomonas_syringae_pv._cerasicola_strain_CFBP6109	-	0
Pseudomonas_syringae_pv._helianthi_LMG_5067	-	0
Pseudomonas_syringae_pv._lapsa_strain_ATCC_10859	-	0
Pseudomonas_syringae_pv._phaseolicola_1448A	-	0
Pseudomonas_syringae_pv._syringae_B728a	-	0
Pseudomonas_syringae_pv._tomato_str._DC3000	-	0
Pseudomonas_trivialis_strain_BS3111	-	0
Pseudomonas_umsongensis_strain_BS3657	-	0
Pseudomonas_xanthomarina_strain_LMG_23572	-	0
Pseudomonas_xinjiangensis_strain_NRRL_B-51270	-	0
Pseudopropionibacterium_propionicum_strain_F0231	-	0
Pseudorhodobacter_sp._S12M18	-	0
Pseudorhodoplanes_sinuspersici_strain_RIPI110	-	0
Pseudoxanthomonas_daejeonensis_S9-A64R	-	0
Pseudoxanthomonas_japonensis_XL7	-	0
Pseudoxanthomonas_mexicana_F12	-	0
Pseudoxanthomonas_spadix_BD-a59	-	0
Pseudoxanthomonas_sp._strain_SSD1	-	0
Pseudoxanthomonas_sp._X-1	-	0
Pseudoxanthomonas_suwonensis_strain_J1	-	0
Psychrobacillus_sp._AK_1817	-	0
Psychrobacillus_sp._PB01	-	0
Psychrobacter_alimentarius_strain_PAMC_27889	-	0
Psychrobacter_arcticus_273-4	-	0
Psychrobacter_arenosus_strain_Psychrobacter_arenosus_R7	-	0
Psychrobacter_cryohalolentis_K5	-	0
Psychrobacter_cryohalolentis_strain_FDAARGOS_308	-	0
Psychrobacter_sp._28M-43	-	0
Psychrobacter_sp._AntiMn-1	-	0
Psychrobacter_sp._P11G3	-	0
Psychrobacter_sp._P2G3	-	0
Psychrobacter_sp._PAMC27889	-	0
Psychrobacter_sp._PraFG1	-	0
Psychrobacter_sp._PRwf-1	-	0
Psychrobacter_sp._YP14	-	0
Psychromonas_ingrahamii_37	-	0
Psychromonas_sp._L1A2	-	0
Psychrosphaera_aestuarii_strain_PSC101	-	0
Psychrosphaera_sp._MTZ26	-	0
Pyramidobacter_piscolens_CE91-St28	-	0
Pyrobaculum_arsenaticum_DSM_13514	-	0
Pyrobaculum_calidifontis_JCM_11548	-	0
Pyrobaculum_islandicum_DSM_4184	-	0
Pyrobaculum_neutrophilum_V24Sta	-	0
Pyrobaculum_oguniense_TE7	-	0
Pyrobaculum_sp._1860	-	0
Pyrobaculum_sp._WP30	-	0
Pyrococcus_abyssi_GE5	-	0
Pyrococcus_furiosus_COM1	-	0
Pyrococcus_furiosus_DSM_3638	-	0
Pyrococcus_horikoshii_OT3	-	0
Pyrococcus_sp._NA2	-	0
Pyrococcus_sp._NCB100	-	0
Pyrococcus_sp._ST04	-	0
Pyrodictium_delaneyi_strain_Su06	-	0
Pyrolobus_fumarii_1A	-	0
Pyruvatibacter_mobilis_strain_CGMCC_1.15125	-	0
Qipengyuania_aquimaris_DP4N0-2	-	0
Qipengyuania_sediminis_strain_CGMCC_1.12928	-	0
Quatrionicoccus_australiensis_D9	-	0
Raineyella_sp._CBA3103	-	0
Ralstonia_eutropha_JMP134	-	0
Ralstonia_insidiosa_15-1563-3	-	0
Ralstonia_pickettii_12J	-	0
Ralstonia_solanacearum_CMR15	-	0
Ralstonia_solanacearum_GMI1000	-	0
Ralstonia_syzygii_subsp._celebesensis_strain_UGMSS_Db01	-	0
Ramlibacter_sp._H242	-	0
Ramlibacter_tataouinensis_TTB310	-	0
Raoultibacter_timonensis_CE91-St30	-	0
Rapeseed_phyllody_phytoplasma_strain_RP166	-	0
Raphidiopsis_curvata_NIES-932	-	0
Rathayibacter_festucae_DSM_15932	-	0
Rathayibacter_festucae_strain_VKM_Ac-2802	-	0
Rathayibacter_iranicus_strain_NCCPB_2253	-	0
Rathayibacter_rathayi_strain_DSM_7485	-	0
Rathayibacter_sp._VKM_Ac-2759	-	0
Rathayibacter_sp._VKM_Ac-2762	-	0
Rathayibacter_sp._VKM_Ac-2801	-	0
Rathayibacter_sp._VKM_Ac-2804	-	0
Rathayibacter_sp._VKM_Ac-2805	-	0
Rathayibacter_tanaceti_strain_VKM_Ac-2761	-	0
Rathayibacter_toxicus_strain_70137	-	0
Renibacterium_salmoninarum_ATCC_33209	-	0
Rheinheimera_sp._D18	-	0
Rheinheimera_sp._F8	-	0
Rhizobiales_bacterium_IZ6	-	0
Rhizobium_bangladeshense_strain_BLR175	-	0
Rhizobium_daejeonense_strain_KACC_13094	-	0
Rhizobium_etli_CFN_42	-	0
Rhizobium_flavum_strain_YW14	-	0
Rhizobium_gallicum_M101	-	0
Rhizobium_grahamii_strain_BG7	-	0
Rhizobium_laguerreae_WSM1455	-	0
Rhizobium_leguminosarum_bv._trifolii_strain_22B	-	0
Rhizobium_leguminosarum_bv._trifolii_WSM1325	-	0
Rhizobium_leguminosarum_bv._trifolii_WSM2304	-	0
Rhizobium_leguminosarum_bv._viciae_248	-	0
Rhizobium_leguminosarum_bv._viciae_3841	-	0
Rhizobium_lusitanum_strain_629	-	0
Rhizobium_naphthalenivorans_strain_T2.26MG-112.2_plasmid	-	0
Rhizobium_pseudoryzae_strain_DSM_19479	-	0
Rhizobium_rosettiformans_strain_MAE2-X	-	0
Rhizobium_sp._007	-	0
Rhizobium_sp._AB2/73	-	0
Rhizobium_sp._ACO-34A	-	0
Rhizobium_sp._BG6	-	0
Rhizobium_sp._CCGE531	-	0
Rhizobium_sp._CCGE532	-	0
Rhizobium_sp._IRBG74	-	0
Rhizobium_sp._Khangiran2	-	0
Rhizobium_sp._LPU83	-	0
Rhizobium_sp._NIBRBAC000502774	-	0
Rhizobium_sp._NLR16a	-	0
Rhizobium_sp._NXC14_strain_NXC14	-	0
Rhizobium_sp._NZLR1	-	0
Rhizobium_sp._Q54	-	0
Rhizobium_sp._S41	-	0
Rhizobium_sp._SL42	-	0
Rhizobium_sp._T136	-	0
Rhizobium_sp._TCK	-	0
Rhizobium_sp._WL3_strain_not_applicable	-	0
Rhizobium_sp._X9	-	0
Rhizorhabdus_dicambivorans_strain_Ndbn-20	-	0
Rhodobacteraceae_bacterium_BAR1	-	0
Rhodobacteraceae_bacterium_C31	-	0
Rhodobacteraceae_bacterium_QY30	-	0
Rhodobacter_capsulatus_SB_1003	-	0
Rhodobacter_sphaeroides_2.4.1	-	0
Rhodobacter_sphaeroides_ATCC_17025	-	0
Rhodobacter_sphaeroides_ATCC_17029	-	0
Rhodobacter_sp._LPB0142	-	0
Rhodobacter_sp._N10	-	0
Rhodococcus_aetherivorans_CBO21-1	-	0
Rhodococcus_equi_103S	-	0
Rhodococcus_equi_P2117036	-	0
Rhodococcus_erythropolis_CCM2595	-	0
Rhodococcus_erythropolis_CERE8	-	0
Rhodococcus_erythropolis_PR4	-	0
Rhodococcus_fascians_D188	-	0
Rhodococcus_globerulus_strain_D757	-	0
Rhodococcus_imtechensis_strain_XM24D	-	0
Rhodococcus_jostii_RHA1	-	0
Rhodococcus_opacus_B4	-	0
Rhodococcus_opacus_PD630	-	0
Rhodococcus_qingshengii_VER34	-	0
Rhodococcus_rhodochrous_strain_ATCC_BAA870	-	0
Rhodococcus_sp._ABRD24	-	0
Rhodococcus_sp._H-CA8f	-	0
Rhodococcus_sp._P-2	-	0
Rhodococcus_sp._PAMC28705	-	0
Rhodococcus_sp._PAMC28707	-	0
Rhodococcus_sp._PBTS2	-	0
Rhodococcus_sp._SGAir0479	-	0
Rhodococcus_sp._W8901	-	0
Rhodococcus_sp._WAY2	-	0
Rhodococcus_sp._WB9	-	0
Rhodococcus_sp._WMMA185	-	0
Rhodococcus_sp._ZPP	-	0
Rhodococcus_triatomae_strain_DSM_44892_strain_not_applicable	-	0
Rhodoferax_ferrireducens_T118	-	0
Rhodoferax_sp._CHu59-6-5	-	0
Rhodomicrobium_vannielii_ATCC_17100	-	0
Rhodopirellula_baltica_SH_1	-	0
Rhodopseudomonas_palustris_BisA53	-	0
Rhodopseudomonas_palustris_BisB18	-	0
Rhodopseudomonas_palustris_BisB5	-	0
Rhodopseudomonas_palustris_CGA009	-	0
Rhodopseudomonas_palustris_DX-1	-	0
Rhodopseudomonas_palustris_HaA2	-	0
Rhodopseudomonas_palustris_strain_CGMCC_1.2180	-	0
Rhodopseudomonas_palustris_TIE-1	-	0
Rhodopseudomonas_sp._SK50-23	-	0
Rhodospirillales_bacterium_bin96	-	0
Rhodospirillum_photometricum_DSM_122	-	0
Rhodospirillum_rubrum_ATCC_11170	-	0
Rhodospirillum_rubrum_F11	-	0
Rhodospirillum_rubrum_strain_DSM_467	-	0
Rhodothermus_marinus_DSM_4252	-	0
Rhodothermus_marinus_SG0.5JP17-172	-	0
Rhodothermus_marinus_strain_AA2-13	-	0
Rhodovulum_sp._MB263_strain_MB263	-	0
Richelia_sinica_FACHB-800_strain_FACHB_800	-	0
Rickettsia_africae_ESF-5	-	0
Rickettsia_akari_str._Hartford	-	0
Rickettsia_bellii_OSU_85-389	-	0
Rickettsia_bellii_RML369-C	-	0
Rickettsia_bellii_strain_An04	-	0
Rickettsia_bellii_str._RML_An4	-	0
Rickettsia_canadensis_str._CA410	-	0
Rickettsia_canadensis_str._McKiel	-	0
Rickettsia_conorii_str._Malish_7	-	0
Rickettsia_endosymbiont_of_Cimex_lectularius_RiClec	-	0
Rickettsia_felis_URRWXCal2	-	0
Rickettsia_heilongjiangensis_054	-	0
Rickettsia_heilongjiangensis_strain_CH8-1	-	0
Rickettsia_japonica_strain_2763	-	0
Rickettsia_japonica_YH	-	0
Rickettsiales_bacterium_Ac37b	-	0
Rickettsia_massiliae_MTU5	-	0
Rickettsia_massiliae_str._AZT80	-	0
Rickettsia_montanensis_str._OSU_85-930	-	0
Rickettsia_parkeri_strain_Atlantic_Rainforest	-	0
Rickettsia_parkeri_str._AT#24	-	0
Rickettsia_parkeri_str._Grand_Bay	-	0
Rickettsia_parkeri_str._Portsmouth	-	0
Rickettsia_parkeri_str._Tate's_Hell	-	0
Rickettsia_peacockii_str._Rustic	-	0
Rickettsia_philipii_str._364D	-	0
Rickettsia_prowazekii_strain_Naples-1	-	0
Rickettsia_prowazekii_str._Breinl	-	0
Rickettsia_prowazekii_str._BuV67-CWPP	-	0
Rickettsia_prowazekii_str._Chernikova	-	0
Rickettsia_prowazekii_str._Dachau	-	0
Rickettsia_prowazekii_str._GvV257	-	0
Rickettsia_prowazekii_str._Katsinyian	-	0
Rickettsia_prowazekii_str._Madrid_E	-	0
Rickettsia_prowazekii_str._NMRC_Madrid_E	-	0
Rickettsia_prowazekii_str._Rp22	-	0
Rickettsia_prowazekii_str._RpGvF24	-	0
Rickettsia_raoultii_strain_Khabarovsk	-	0
Rickettsia_rhipicephali_str._3-7-female6-CWPP	-	0
Rickettsia_rhipicephali_strain_HJ#5	-	0
Rickettsia_rhipicephali_str._Ect	-	0
Rickettsia_rickettsii_strain_Iowa	-	0
Rickettsia_rickettsii_str._Arizona	-	0
Rickettsia_rickettsii_str._Brazil	-	0
Rickettsia_rickettsii_str._Colombia	-	0
Rickettsia_rickettsii_str._Hauke	-	0
Rickettsia_rickettsii_str._Hino	-	0
Rickettsia_rickettsii_str._Hlp#2	-	0
Rickettsia_rickettsii_str._Iowa	-	0
Rickettsia_rickettsii_str._Morgan	-	0
Rickettsia_rickettsii_str._R	-	0
Rickettsia_rickettsii_str._'Sheila_Smith'	-	0
Rickettsia_slovaca_13-B	-	0
Rickettsia_slovaca_str._D-CWPP	-	0
Rickettsia_sp._MEAM1_(Bemisia_tabaci)	-	0
Rickettsia_sp._Tillamook_23	-	0
Rickettsia_typhi_strain_TM2540	-	0
Rickettsia_typhi_str._B9991CWPP	-	0
Rickettsia_typhi_str._TH1527	-	0
Rickettsia_typhi_str._Wilmington	-	0
Rickettsiella_endosymbiont_of_Dermanyssus_gallinae_strain_DGE	-	0
Riemerella_anatipestifer_20160930R-3	-	0
Riemerella_anatipestifer_ATCC_11845_=_DSM_15868	-	0
Riemerella_anatipestifer_CH3	-	0
Riemerella_anatipestifer_RA-CH-1	-	0
Riemerella_anatipestifer_RA-CH-2	-	0
Riemerella_anatipestifer_RA-GD	-	0
Riemerella_anatipestifer_RA-YM	-	0
Riemerella_anatipestifer_Yb2	-	0
Robiginitalea_biformata_HTCC2501	-	0
Rodentibacter_sp._DSM_111151	-	0
Romboutsia_ilealis_strain_CRIB	-	0
Romboutsia_sp._13154	-	0
Romboutsia_sp._13368	-	0
Romboutsia_sp._13432	-	0
Roseburia_hominis_strain_MGYG-HGUT-02517	-	0
Roseburia_intestinalis_L1-82	-	0
Roseburia_intestinalis_M50/1	-	0
Roseburia_intestinalis_XB6B4	-	0
Roseibacterium_elongatum_DSM_19469	-	0
Roseicitreum_antarcticum_strain_ZS2-28	-	0
Roseiflexus_sp._RS-1	-	0
Roseimicrobium_sp._ORNL1	-	0
Roseivivax_marinus_TCYB24	-	0
Roseivivax_sp._THAF197b	-	0
Roseivivax_sp._THAF30	-	0
Roseivivax_sp._THAF40	-	0
Roseobacter_ponti_strain_DSM_106830	-	0
Roseomonas_gilardii_strain_U14-5	-	0
Roseomonas_mucosa_strain_FDAARGOS_658_strain_Not_applicable	-	0
Roseomonas_sp._546	-	0
Roseomonas_sp._FDAARGOS_362	-	0
Roseovarius_mucosus_strain_SMR3	-	0
Roseovarius_sp._AK1035	-	0
Roseovarius_sp._MME-070	-	0
Roseovarius_sp._THAF27	-	0
Roseovarius_sp._THAF8	-	0
Roseovarius_sp._THAF9	-	0
Rothia_aeria_strain_FDAARGOS_1137_strain_Not_applicable	-	0
Rothia_amarae_strain_KJZ-9	-	0
Rothia_dentocariosa_ATCC_17931	-	0
Rothia_dentocariosa_strain_FDAARGOS_752_strain_Not_applicable	-	0
Rothia_kristinae_strain_FDAARGOS_1001_strain_Not_applicable	-	0
Rothia_nasimurium_strain_E1706032	-	0
Rothia_terrae_strain_KJZ-14	-	0
Rubrobacter_indioceani_strain_SCSIO_08198	-	0
Rubrobacter_radiotolerans_strain_RSPS-4	-	0
Rubrobacter_sp._SCSIO_52909	-	0
Rubrobacter_xylanophilus_DSM_9941	-	0
Rubrobacter_xylanophilus_strain_AA3-22	-	0
Ruegeria_pomeroyi_DSS-3	-	0
Ruegeria_pomeroyi_strain_DSS-3-B	-	0
Ruegeria_sp._AD91A	-	0
Ruegeria_sp._THAF33	-	0
Ruegeria_sp._TM1040	-	0
Rufibacter_sp._DG15C	-	0
Rufibacter_sp._DG31D	-	0
Rufibacter_tibetensis_strain_strain_1351	-	0
Ruficoccus_sp._ZRK36	-	0
Rugosibacter_aromaticivorans_strain_Ca6	-	0
Ruminococcaceae_bacterium_CPB6_strain_CPB6	-	0
Ruminococcaceae_bacterium_LAM_19011	-	0
Ruminococcaceae_bacterium_LBM_19010	-	0
Ruminococcus_albus_7	-	0
Ruminococcus_bicirculans_strain_80/3	-	0
Ruminococcus_champanellensis_18P13	-	0
Ruminococcus_champanellensis_strain_MGYG-HGUT-01375	-	0
Ruminococcus]_gnavus_ATCC_29149	-	0
Ruminococcus]_gnavus_NBRC_114413	-	0
Ruminococcus_obeum_A2-162	-	0
Ruminococcus_sp._JE7A12	-	0
Ruminococcus_sp._nC33_bin.6.fa	-	0
Ruminococcus_torques_L2-14	-	0
Saccharibacillus_sp._ATSA2	-	0
Saccharolobus_caldissimus_JCM32116	-	0
Saccharolobus_shibatae_B12	-	0
Saccharolobus_shibatae_strain_BEU9	-	0
Saccharolobus_solfataricus_strain_POZ149	-	0
Saccharomonospora_viridis_DSM_43017	-	0
Saccharophagus_degradans_2-40	-	0
Saccharopolyspora_pogona_strain_NRRL30141	-	0
Saccharopolyspora_sp._E2A	-	0
Saccharospirillum_mangrovi_strain_HK-33	-	0
Salarchaeum_japonicum_JCM_16327	-	0
Salarchaeum_sp._JOR-1	-	0
Salegentibacter_mishustinae_F1	-	0
Salegentibacter_salegens_strain_ACAM_48	-	0
Salegentibacter_sp._T436	-	0
Salinarchaeum_sp._Harcht-Bsk1	-	0
Salinibacterium_sp._CGMCC_1.16371	-	0
Salinibacterium_sp._dk2585	-	0
Salinibacter_ruber_DSM_13855	-	0
Salinicoccus_halodurans_strain_H3B36	-	0
Salinicoccus_sp._BAB_3246_strain_BAB3246	-	0
Salinigranum_rubrum_strain_GX10	-	0
Salinimonas_sp._G2-b	-	0
Salinimonas_sp._N102	-	0
Salinispora_arenicola_CNS-205	-	0
Salinispora_tropica_CNB-440	-	0
Salinivirga_cyanobacteriivorans_strain_L21-Spi-D4	-	0
Salmonella_bongori_NCTC_12419	-	0
Salmonella_enterica_subsp._enterica_serovar_4,5,12:i-_strain_pMOL500_IncHI2	-	0
Salmonella_enterica_subsp._enterica_serovar_Aberdeen_strain_NCTC5791	-	0
Salmonella_enterica_subsp._enterica_serovar_Albany_strain_R13.1544	-	0
Salmonella_enterica_subsp._enterica_serovar_Cerro_strain_serovar_Cerro_87	-	0
Salmonella_enterica_subsp._enterica_serovar_Choleraesuis_str._SC-B67	-	0
Salmonella_enterica_subsp._enterica_serovar_Goldcoast_5ASAL05	-	0
Salmonella_enterica_subsp._enterica_serovar_Indiana_15	-	0
Salmonella_enterica_subsp._enterica_serovar_Java_strain_NCTC5706	-	0
Salmonella_enterica_subsp._enterica_serovar_Javiana_strain_FARPER-220	-	0
Salmonella_enterica_subsp._enterica_serovar_Kedougou_strain_Sal162	-	0
Salmonella_enterica_subsp._enterica_serovar_Kentucky_N12-0259	-	0
Salmonella_enterica_subsp._enterica_serovar_Kottbus_strain_Kharkiv	-	0
Salmonella_enterica_subsp._enterica_serovar_Mbandaka_strain_CFSAN076213	-	0
Salmonella_enterica_subsp._enterica_serovar_Newlands_ZC-S1_3rd	-	0
Salmonella_enterica_subsp._enterica_serovar_Paratyphi_A_str._ATCC_9150	-	0
Salmonella_enterica_subsp._enterica_serovar_Schwarzengrund_Articuno	-	0
Salmonella_enterica_subsp._enterica_serovar_Stanley_strain_NCTC5716	-	0
Salmonella_enterica_subsp._enterica_serovar_Stanleyville_strain_RSE01	-	0
Salmonella_enterica_subsp._enterica_serovar_Typhimurium_str._SL1344	-	0
Salmonella_enterica_subsp._enterica_serovar_Typhi_str._CT18	-	0
Salmonella_enterica_subsp._enterica_serovar_Typhi_str._Ty2	-	0
Salmonella_enterica_subsp._salamae_serovar_Greenside_strain_NCTC9936	-	0
Salmonella_sp._SJTUF14146	-	0
Salmonella_sp._SJTUF14170	-	0
Salmonella_sp._SJTUF14178	-	0
Sarcina_sp._JB2	-	0
Scardovia_inopinata_JCM_12537	-	0
Schaalia_odontolytica_strain_FDAARGOS_732_strain_Not_applicable	-	0
Schaalia_sp._19OD2882	-	0
Schaalia_sp._JY-X169	-	0
Schaalia_turicensis_strain_CT001	-	0
Schlegelella_thermodepolymerans_strain_DSM_15344	-	0
secondary_endosymbiont_of_Ctenarytaina_eucalypti	-	0
secondary_endosymbiont_of_Heteropsylla_cubana	-	0
secondary_endosymbiont_of_Trabutina_mannipara_strain_TRABTM	-	0
Sedimentibacter_sp._zth1	-	0
Segniliparus_rotundus_DSM_44985	-	0
Selenomonas_sp._Marseille-Q3039	-	0
Selenomonas_sp._oral_taxon_126	-	0
Selenomonas_sp._oral_taxon_478_strain_F0592	-	0
Selenomonas_sp._oral_taxon_920	-	0
Selenomonas_sputigena_ATCC_35185	-	0
Sellimonas_intestinalis_VE303-03	-	0
Seonamhaeicola_sp._S2-3_strain_S2-3	-	0
Serinicoccus_chungangensis_strain_CCUG_59777	-	0
Serinicoccus_sp._JLT9	-	0
Serratia_liquefaciens_ATCC_27592	-	0
Serratia_marcescens_subsp._marcescens_Db11	-	0
Serratia_symbiotica_strain_STs	-	0
Serratia_symbiotica_str._'Cinara_cedri'	-	0
Serratia_ureilytica_AM923	-	0
Shewanella_aestuarii_strain_PN3F2	-	0
Shewanella_amazonensis_SB2B	-	0
Shewanella_baltica_OS117	-	0
Shewanella_baltica_OS155	-	0
Shewanella_baltica_OS185	-	0
Shewanella_baltica_OS223	-	0
Shewanella_baltica_strain_128	-	0
Shewanella_benthica_strain_DB21MT-2	-	0
Shewanella_bicestrii_strain_JAB-1	-	0
Shewanella_decolorationis_strain_Ni1-3	-	0
Shewanella_denitrificans_OS217	-	0
Shewanella_donghaensis_strain_LT17	-	0
Shewanella_frigidimarina_NCIMB_400	-	0
Shewanella_inventionis_D1489	-	0
Shewanella_loihica_PV-4	-	0
Shewanella_marisflavi_strain_ECSMB14101	-	0
Shewanella_oneidensis_MR-1	-	0
Shewanella_pealeana_ATCC_700345	-	0
Shewanella_piezotolerans_WP3	-	0
Shewanella_psychrophila_strain_WP2	-	0
Shewanella_putrefaciens_200	-	0
Shewanella_putrefaciens_CN-32	-	0
Shewanella_putrefaciens_strain_ATCC_8071	-	0
Shewanella_sp._FDAARGOS_354_strain_FDAARGOS_354	-	0
Shewanella_sp._LZH-2	-	0
Shewanella_sp._M2	-	0
Shewanella_sp._MEBiC00475	-	0
Shewanella_sp._SM1901	-	0
Shewanella_sp._SNU_WT1	-	0
Shewanella_sp._W3-18-1	-	0
Shewanella_violacea_DSS12	-	0
Shewanella_xiamenensis_CQ-Y1	-	0
Shigella_boydii_CDC_3083-94	-	0
Shigella_boydii_Sb227	-	0
Shigella_dysenteriae_Sd197	-	0
Shigella_flexneri_2a_str._2457T	-	0
Shigella_flexneri_2a_str._301	-	0
Shigella_sonnei_53G	-	0
Shigella_sonnei_Ss046	-	0
Shinella_sp._PSBB067	-	0
Shinella_zoogloeoides_ATCC_19623	-	0
Siansivirga_zeaxanthinifaciens_CC-SAMT-1	-	0
Sideroxydans_lithotrophicus_ES-1	-	0
Simkaniaceae_bacterium_strain_M30B1	-	0
Simkania_negevensis_Z	-	0
Simonsiella_muelleri_ATCC_29453	-	0
Simonsiella_muelleri_DSM_2579	-	0
Sinorhizobium_americanum_strain_CFNEI_73	-	0
Sinorhizobium_fredii_CCBAU_45436_strain_ccbau_45436	-	0
Sinorhizobium_fredii_NGR234	-	0
Sinorhizobium_fredii_strain_NXT3	-	0
Sinorhizobium_medicae_WSM1115	-	0
Sinorhizobium_medicae_WSM419	-	0
Sinorhizobium_meliloti_1021	-	0
Sinorhizobium_meliloti_GR4	-	0
Sinorhizobium_meliloti_Rm41	-	0
Sinorhizobium_meliloti_RU11/001	-	0
Sinorhizobium_meliloti_SM11	-	0
Sinorhizobium_sp._CCBAU_05631	-	0
Sinorhizobium_sp._RAC02	-	0
Skermanella_sp._W17	-	0
Skermania_piniformis_strain_DSM_43998	-	0
Slackia_heliotrinireducens_DSM_20476	-	0
Slackia_heliotrinireducens_strain_NCTC11029	-	0
Sodalis_endosymbiont_of_Henestaris_halophilus_strain_HBA	-	0
Sodalis_glossinidius_str._'morsitans'	-	0
Sodalis_sp._HS1	-	0
Soehngenia_sp._W6	-	0
Solibacillus_silvestris_StLB046	-	0
Solibacillus_silvestris_strain_DSM_12223	-	0
Sphaerobacter_thermophilus_DSM_20745	-	0
Sphaerochaeta_associata_GLS2T	-	0
Sphaerochaeta_coccoides_DSM_17374	-	0
Sphaerochaeta_globosa_str._Buddy	-	0
Sphaerochaeta_pleomorpha_str._Grapes	-	0
Sphingobacteriales_bacterium_strain_Fred_18-Q3-R57-64_BATAC.414	-	0
Sphingobacterium_hotanense_strain_AMCC101218	-	0
Sphingobacterium_psychroaquaticum_strain_SJ-25	-	0
Sphingobacterium_sp._dk4302	-	0
Sphingobacterium_sp._DR205	-	0
Sphingobacterium_spiritivorum_strain_FDAARGOS_1144_strain_Not_applicable	-	0
Sphingobium_baderi_strain_DE-13	-	0
Sphingobium_herbicidovorans_strain_MH	-	0
Sphingobium_phenoxybenzoativorans_strain_Tas13	-	0
Sphingobium_sp._C1	-	0
Sphingobium_sp._Cam5-1	-	0
Sphingobium_sp._CAP-1	-	0
Sphingobium_sp._KCTC_72723	-	0
Sphingobium_sp._LF-16	-	0
Sphingobium_sp._RAC03	-	0
Sphingobium_sp._SYK-6	-	0
Sphingobium_sp._Z007_strain_1	-	0
Sphingomonas_azotifigens_strain_ACR22	-	0
Sphingomonas_daechungensis_strain_KACC_18115	-	0
Sphingomonas_ginsengisoli_An_et_al._2013_strain_KACC_16858	-	0
Sphingomonas_indica_strain_Dd16	-	0
Sphingomonas_lutea_KCTC_23642	-	0
Sphingomonas_rhizophila_strain_KACC_19189	-	0
Sphingomonas_sediminicola_strain_KACC_15039	-	0
Sphingomonas_sp._AAP5	-	0
Sphingomonas_sp._ABOJV	-	0
Sphingomonas_sp._AP4-R1	-	0
Sphingomonas_sp._C33	-	0
Sphingomonas_sp._CL5.1	-	0
Sphingomonas_sp._CSW-10	-	0
Sphingomonas_sp._DH-S5	-	0
Sphingomonas_sp._HDW15A	-	0
Sphingomonas_sp._HDW15C	-	0
Sphingomonas_sp._HKS19	-	0
Sphingomonas_sp._IC081	-	0
Sphingomonas_sp._JJ-A5	-	0
Sphingomonas_sp._KC8_strain_KC8	-	0
Sphingomonas_sp._LK11_strain_LK11	-	0
Sphingomonas_sp._MK52	-	0
Sphingomonas_sp._MM-1	-	0
Sphingomonas_sp._sand1-3	-	0
Sphingomonas_sp._W1-2-3	-	0
Sphingomonas_sp._XS-10	-	0
Sphingomonas_sp._YZ-8	-	0
Sphingomonas_taxi_ATCC_55669	-	0
Sphingomonas_wittichii_RW1	-	0
Sphingomonas_wittichii_strain_MPO218	-	0
Sphingopyxis_alaskensis_RB2256	-	0
Sphingopyxis_granuli_A2-E30	-	0
Sphingopyxis_sp._113P3	-	0
Sphingopyxis_sp._EG6	-	0
Sphingopyxis_sp._FD7	-	0
Sphingopyxis_sp._Kp5.2	-	0
Sphingopyxis_sp._LPB0140	-	0
Sphingopyxis_sp._MG	-	0
Sphingopyxis_sp._PAMC25046	-	0
Sphingopyxis_sp._WS5A3p	-	0
Sphingopyxis_terrae_NBRC_15098	-	0
Sphingopyxis_terrae_subsp._terrae_strain_YC-JH3	-	0
Sphingorhabdus_flavimaris_strain_SMR4y	-	0
Sphingorhabdus_sp._M41	-	0
Sphingosinicellaceae_bacterium_strain_PAMC_29368	-	0
Sphingosinicella_microcystinivorans_strain_B9_strain_B-9	-	0
Sphingosinicella_sp._UDD2	-	0
Sphingosinithalassobacter_sp._CS137	-	0
Sphingosinithalassobacter_sp._zrk23	-	0
Spiribacter_roseus_strain_SSL50	-	0
Spiribacter_sp._2438	-	0
Spiribacter_sp._UAH-SP71	-	0
Spirochaetaceae_bacterium_bin59	-	0
Spirochaeta_perfilievii_strain_P	-	0
Spirochaeta_sp._L21-RPul-D2	-	0
Spirochaeta_thermophila_DSM_6192	-	0
Spirochaetes_bacterium_bin100	-	0
Spiroplasma_alleghenense_strain_PLHS-1	-	0
Spiroplasma_apis_B31	-	0
Spiroplasma_atrichopogonis_strain_GNAT3597	-	0
Spiroplasma_cantharicola_strain_CC-1	-	0
Spiroplasma_chinense_strain_CCH	-	0
Spiroplasma_chrysopicola_DF-1	-	0
Spiroplasma_citri_strain_BLH-13	-	0
Spiroplasma_clarkii_strain_CN-5	-	0
Spiroplasma_corruscae_strain_EC-1	-	0
Spiroplasma_culicicola_AES-1	-	0
Spiroplasma_diminutum_CUAS-1	-	0
Spiroplasma_eriocheiris_CCTCC_M_207170_strain_CCTCC_M_207170	-	0
Spiroplasma_floricola_strain_23-6	-	0
Spiroplasma_gladiatoris_strain_TG-1	-	0
Spiroplasma_helicoides_strain_TABS-2	-	0
Spiroplasma_kunkelii_CR2-3x	-	0
Spiroplasma_litorale_strain_TN-1	-	0
Spiroplasma_mirum_ATCC_29335	-	0
Spiroplasma_platyhelix_PALS-1	-	0
Spiroplasma_poulsonii_sHy	-	0
Spiroplasma_sabaudiense_Ar-1343	-	0
Spiroplasma_sp._BIUS-1	-	0
Spiroplasma_sp._NBRC_100390	-	0
Spiroplasma_sp._TIUS-1	-	0
Spiroplasma_sp._TU-14	-	0
Spiroplasma_syrphidicola_EA-1	-	0
Spiroplasma_tabanidicola_strain_TAUS-1	-	0
Spiroplasma_taiwanense_CT-1	-	0
Spiroplasma_turonicum_strain_TAB4c	-	0
Spirosoma_rigui_strain_KCTC_12531	-	0
Spongiibacterium_sp._HME9304	-	0
Sporolactobacillus_terrae_EFEL7003	-	0
Sporomusa_termitida_strain_DSM_4440	-	0
Sporosarcina_pasteurii_strain_BNCC_337394	-	0
Sporosarcina_psychrophila_strain_DSM_6497	-	0
Sporosarcina_sp._PTS2304	-	0
Sporosarcina_sp._resist	-	0
Sporosarcina_ureae_strain_P17a	-	0
Stackebrandtia_nassauensis_DSM_44728	-	0
Stanieria_cyanosphaera_PCC_7437	-	0
Stanieria_sp._NIES-3757	-	0
Staphylococcaceae_bacterium_S31_strain_S31	-	0
Staphylococcus_agnetis_G4	-	0
Staphylococcus_argenteus_1710042798	-	0
Staphylococcus_arlettae_AHKW2e	-	0
Staphylococcus_aureus_RF122	-	0
Staphylococcus_aureus_subsp._aureus_JH1	-	0
Staphylococcus_aureus_subsp._aureus_JH9	-	0
Staphylococcus_aureus_subsp._aureus_MRSA252	-	0
Staphylococcus_aureus_subsp._aureus_MSSA476	-	0
Staphylococcus_aureus_subsp._aureus_MW2	-	0
Staphylococcus_auricularis_strain_FDAARGOS_882_strain_Not_applicable	-	0
Staphylococcus_capitis_LR_95	-	0
Staphylococcus_capitis_subsp._capitis_strain_AYP1020	-	0
Staphylococcus_caprae_strain_26D	-	0
Staphylococcus_carnosus_strain_FDAARGOS_1147_strain_Not_applicable	-	0
Staphylococcus_carnosus_subsp._carnosus_TM300	-	0
Staphylococcus_chromogenes_strain_1401	-	0
Staphylococcus_coagulans_1031336	-	0
Staphylococcus_cohnii_strain_FDAARGOS_334	-	0
Staphylococcus_condimenti_strain_DSM_11674	-	0
Staphylococcus_delphini_strain_245-1	-	0
Staphylococcus_epidermidis_44	-	0
Staphylococcus_equorum_S9-A31	-	0
Staphylococcus_felis_strain_ATCC_49168	-	0
Staphylococcus_fleurettii_strain_FDAARGOS_682_strain_Not_applicable	-	0
Staphylococcus_gallinarum_FCW1	-	0
Staphylococcus_haemolyticus_BC5211	-	0
Staphylococcus_haemolyticus_JCSC1435	-	0
Staphylococcus_hominis_C5	-	0
Staphylococcus_hyicus_ATCC_11249	-	0
Staphylococcus_kloosii_strain_ATCC_43959	-	0
Staphylococcus_lutrae_strain_ATCC_700373	-	0
Staphylococcus_muscae_strain_ATCC_49910	-	0
Staphylococcus_nepalensis_strain_JS1	-	0
Staphylococcus_pasteuri_SP1	-	0
Staphylococcus_pasteuri_strain_3C	-	0
Staphylococcus_piscifermentans_strain_NCTC13836	-	0
Staphylococcus_pseudintermedius_56SADR2	-	0
Staphylococcus_pseudintermedius_E140	-	0
Staphylococcus_pseudintermedius_ED99	-	0
Staphylococcus_pseudintermedius_HKU10-03	-	0
Staphylococcus_pseudoxylosus_strain_14AME19	-	0
Staphylococcus_roterodami_BDS-53E	-	0
Staphylococcus_saccharolyticus_strain_FDAARGOS_1069_strain_Not_applicable	-	0
Staphylococcus_saprophyticus_strain_1A	-	0
Staphylococcus_saprophyticus_subsp._saprophyticus_ATCC_15305	-	0
Staphylococcus_schleiferi_strain_1360-13	-	0
Staphylococcus_schweitzeri_strain_NCTC13712	-	0
Staphylococcus_simiae_strain_17941E	-	0
Staphylococcus_simulans_strain_FDAARGOS_124	-	0
Staphylococcus_sp._11-B-312	-	0
Staphylococcus_sp._17KM0847	-	0
Staphylococcus_sp._23_2_7_LY	-	0
Staphylococcus_sp._AntiMn-1	-	0
Staphylococcus_sp._M0911	-	0
Staphylococcus_sp._SB1-57	-	0
Staphylococcus_sp._SDB_2975	-	0
Staphylococcus_stepanovicii_strain_NCTC13839	-	0
Staphylococcus_succinus_strain_14BME20	-	0
Staphylococcus_xylosus_2.1523	-	0
Staphylothermus_hellenicus_DSM_12710	-	0
Staphylothermus_marinus_F1	-	0
Starkeya_novella_DSM_506	-	0
Starkeya_sp._ORNL1	-	0
Stella_humosa_strain_ATCC_43930	-	0
Stella_sp._ATCC_35155	-	0
Stella_vacuolata_strain_ATCC_43931	-	0
Stenotrophomonas_acidaminiphila_strain_SUNEO	-	0
Stenotrophomonas_indicatrix_strain_D763	-	0
Stenotrophomonas_maltophilia_JV3	-	0
Stenotrophomonas_rhizophila_strain_DSM_14405	-	0
Stenotrophomonas_sp._169	-	0
Stenotrophomonas_sp._ASS1	-	0
Stenotrophomonas_sp._CW117	-	0
Stenotrophomonas_sp._PAMC25021	-	0
Stenotrophomonas_sp._Pemsol	-	0
Stenotrophomonas_sp._pho	-	0
Stenotrophomonas_sp._SAU14A_NAIMI4_8	-	0
Stenotrophomonas_sp._SXG-1	-	0
Stenotrophomonas_sp._WZN-1_strain_WZN-1	-	0
Stenotrophomonas_sp._YAU14A_MKIMI4_1	-	0
Stenotrophomonas_sp._YAU14D1_LEIMI4_1	-	0
Stenotrophomonas_sp._ZAC14D2_NAIMI4_6	-	0
Stenotrophomonas_sp._ZAC14D2_NAIMI4_7	-	0
Sterolibacterium_denitrificans_strain_Chol	-	0
Strawberry_lethal_yellows_phytoplasma_(CPA)_str._NZSb11	-	0
Streptobacillus_moniliformis_DSM_12112	-	0
Streptobacillus_moniliformis_strain_BK14232	-	0
Streptococcus_acidominimus_strain_NCTC11291	-	0
Streptococcus_agalactiae_09mas018883	-	0
Streptococcus_agalactiae_138	-	0
Streptococcus_agalactiae_2603V/R	-	0
Streptococcus_agalactiae_515	-	0
Streptococcus_agalactiae_A909	-	0
Streptococcus_agalactiae_CJB111	-	0
Streptococcus_agalactiae_CM45/1	-	0
Streptococcus_agalactiae_CNCTC_10/84	-	0
Streptococcus_agalactiae_COH1	-	0
Streptococcus_agalactiae_GD201008-001	-	0
Streptococcus_agalactiae_ILRI005	-	0
Streptococcus_agalactiae_ILRI112	-	0
Streptococcus_agalactiae_NEM316	-	0
Streptococcus_anginosus_47S1	-	0
Streptococcus_anginosus_C1051	-	0
Streptococcus_anginosus_C238	-	0
Streptococcus_anginosus_subsp._anginosus_FDAARGOS_1569	-	0
Streptococcus_anginosus_subsp._whileyi_MAS624	-	0
Streptococcus_canis_strain_B700072	-	0
Streptococcus_constellatus_strain_FDAARGOS_1015_strain_Not_applicable	-	0
Streptococcus_cristatus_strain_NCTC13807	-	0
Streptococcus_dysgalactiae_DY107	-	0
Streptococcus_dysgalactiae_subsp._dysgalactiae_strain_DB31752-13	-	0
Streptococcus_dysgalactiae_subsp._equisimilis_167	-	0
Streptococcus_dysgalactiae_subsp._equisimilis_AC-2713	-	0
Streptococcus_dysgalactiae_subsp._equisimilis_ATCC_12394	-	0
Streptococcus_dysgalactiae_subsp._equisimilis_GGS_124	-	0
Streptococcus_dysgalactiae_subsp._equisimilis_Karl	-	0
Streptococcus_dysgalactiae_subsp._equisimilis_RE378	-	0
Streptococcus_equinus_SheepZ001	-	0
Streptococcus_equi_subsp._equi_4047	-	0
Streptococcus_equi_subsp._equi_strain_470_001	-	0
Streptococcus_equi_subsp._zooepidemicus_ATCC_35246	-	0
Streptococcus_equi_subsp._zooepidemicus_CY	-	0
Streptococcus_equi_subsp._zooepidemicus_MGCS10565	-	0
Streptococcus_equi_subsp._zooepidemicus_SEZ_14-145	-	0
Streptococcus_ferus_strain_NCTC12278	-	0
Streptococcus_gallolyticus_strain_FDAARGOS_666_strain_Not_applicable	-	0
Streptococcus_gallolyticus_subsp._gallolyticus_ATCC_43143	-	0
Streptococcus_gallolyticus_subsp._gallolyticus_ATCC_BAA-2069	-	0
Streptococcus_gallolyticus_subsp._gallolyticus_DSM_16831_strain_DSM_16831	-	0
Streptococcus_gallolyticus_subsp._gallolyticus_strain_NCTC8133	-	0
Streptococcus_gallolyticus_subsp._gallolyticus_TX20005	-	0
Streptococcus_gallolyticus_UCN34	-	0
Streptococcus_gordonii_strain_FDAARGOS_1454_strain_Not_applicable	-	0
Streptococcus_gordonii_str._Challis_substr._CH1	-	0
Streptococcus_halichoeri_Shali_VAS-CPH	-	0
Streptococcus_infantarius_strain_CNU_G3	-	0
Streptococcus_infantarius_subsp._infantarius_CJ18	-	0
Streptococcus_infantis_SO	-	0
Streptococcus_iniae_SF1	-	0
Streptococcus_iniae_strain_89353	-	0
Streptococcus_intermedius_B196	-	0
Streptococcus_intermedius_C270	-	0
Streptococcus_intermedius_JTH08	-	0
Streptococcus_intermedius_strain_FDAARGOS_233	-	0
Streptococcus_macedonicus_ACA-DC_198	-	0
Streptococcus_milleri_strain_NCTC10708	-	0
Streptococcus_mitis_B6	-	0
Streptococcus_mitis_strain_FDAARGOS_1456_strain_Not_applicable	-	0
Streptococcus_mutans_B04Sm5	-	0
Streptococcus_mutans_GS-5	-	0
Streptococcus_mutans_LJ23	-	0
Streptococcus_mutans_NN2025	-	0
Streptococcus_mutans_OMZ175	-	0
Streptococcus_mutans_strain_FDAARGOS_1458_strain_Not_applicable	-	0
Streptococcus_mutans_UA159	-	0
Streptococcus_mutans_UA159-FR	-	0
Streptococcus_oralis_ATCC_35037_strain_NCTC11427_strain_NCTC_11427	-	0
Streptococcus_oralis_subsp._oralis_strain_ATCC_10557	-	0
Streptococcus_oralis_subsp._tigurinus_strain_osk_001	-	0
Streptococcus_parasanguinis_FW213	-	0
Streptococcus_parasuis_SUT-286	-	0
Streptococcus_parauberis_KCTC_11537	-	0
Streptococcus_parauberis_strain_SPOF3K	-	0
Streptococcus_pasteurianus_ATCC_43144	-	0
Streptococcus_pasteurianus_strain_NCTC13784	-	0
Streptococcus_pluranimalium_strain_14A0014	-	0
Streptococcus_porcinus_strain_Colony573	-	0
Streptococcus_pseudoporcinus_strain_NCTC13786	-	0
Streptococcus_pyogenes_1E1	-	0
Streptococcus_pyogenes_A20	-	0
Streptococcus_pyogenes_Alab49	-	0
Streptococcus_pyogenes_HKU_QMH11M0907901	-	0
Streptococcus_pyogenes_HSC5	-	0
Streptococcus_pyogenes_JRS4	-	0
Streptococcus_pyogenes_M1_476	-	0
Streptococcus_pyogenes_M1_GAS	-	0
Streptococcus_pyogenes_MGAS10270	-	0
Streptococcus_pyogenes_MGAS10394	-	0
Streptococcus_pyogenes_MGAS10750	-	0
Streptococcus_pyogenes_MGAS15252	-	0
Streptococcus_pyogenes_MGAS1882	-	0
Streptococcus_pyogenes_MGAS2096	-	0
Streptococcus_pyogenes_MGAS315	-	0
Streptococcus_pyogenes_MGAS5005	-	0
Streptococcus_pyogenes_MGAS6180	-	0
Streptococcus_pyogenes_MGAS8232	-	0
Streptococcus_pyogenes_MGAS9429	-	0
Streptococcus_pyogenes_NZ131	-	0
Streptococcus_pyogenes_SSI-1	-	0
Streptococcus_pyogenes_STAB1102	-	0
Streptococcus_pyogenes_STAB901	-	0
Streptococcus_pyogenes_STAB902	-	0
Streptococcus_pyogenes_str._Manfredo	-	0
Streptococcus_ratti_strain_ATCC_31377	-	0
Streptococcus_respiraculi_strain_HTS25	-	0
Streptococcus_rubneri_strain_LPB0404	-	0
Streptococcus_ruminantium_GUT-183	-	0
Streptococcus_salivarius_57.I	-	0
Streptococcus_salivarius_CCHSS3	-	0
Streptococcus_salivarius_JIM8777	-	0
Streptococcus_salivarius_SALI-10	-	0
Streptococcus_sanguinis_SK36	-	0
Streptococcus_sanguinis_strain_2908	-	0
Streptococcus_sobrinus_strain_10919	-	0
Streptococcus_sp._116-D4	-	0
Streptococcus_sp._1643	-	0
Streptococcus_sp._A12	-	0
Streptococcus_sp._ChDC_B345_strain_KCOM_1679_(=ChDC_B345)	-	0
Streptococcus_sp._CNU_77-61	-	0
Streptococcus_sp._DAT741	-	0
Streptococcus_sp._FDAARGOS_146	-	0
Streptococcus_sp._FDAARGOS_192_strain_FDAARGOS_192	-	0
Streptococcus_sp._FDAARGOS_520_strain_Not_applicable	-	0
Streptococcus_sp._FDAARGOS_521_strain_Not_applicable	-	0
Streptococcus_sp._FDAARGOS_522_strain_Not_applicable	-	0
Streptococcus_sp._'group_B'_strain_FDAARGOS_229	-	0
Streptococcus_sp._HKU75	-	0
Streptococcus_sp._HSISS1	-	0
Streptococcus_sp._HSISS2	-	0
Streptococcus_sp._HSISS3	-	0
Streptococcus_sp._HTS2	-	0
Streptococcus_sp._HTS5	-	0
Streptococcus_sp._HTS9	-	0
Streptococcus_sp._I-G2	-	0
Streptococcus_sp._JS71_strain_KCOM_2890_(=JS71)	-	0
Streptococcus_sp._KCOM_2412	-	0
Streptococcus_sp._KS_6	-	0
Streptococcus_sp._LPB0220	-	0
Streptococcus_sp._NCTC_10228_strain_NCTC10228	-	0
Streptococcus_sp._NCTC_11567_strain_NCTC11567	-	0
Streptococcus_sp._NPS_308	-	0
Streptococcus_sp._NSJ-72	-	0
Streptococcus_sp._oral_taxon_061_strain_F0704	-	0
Streptococcus_sp._TA_26	-	0
Streptococcus_sp._VT_162	-	0
Streptococcus_sp._ZB199	-	0
Streptococcus_sp._zg-86	-	0
Streptococcus_suis_05ZYH33	-	0
Streptococcus_suis_6407	-	0
Streptococcus_suis_98HAH33	-	0
Streptococcus_suis_A7	-	0
Streptococcus_suis_AKJ18	-	0
Streptococcus_suis_BM407	-	0
Streptococcus_suis_D12	-	0
Streptococcus_suis_D9	-	0
Streptococcus_suis_GZ1	-	0
Streptococcus_suis_JS14	-	0
Streptococcus_suis_P1/7	-	0
Streptococcus_suis_S735	-	0
Streptococcus_suis_SC070731	-	0
Streptococcus_suis_SC84	-	0
Streptococcus_suis_SS12	-	0
Streptococcus_suis_ST3	-	0
Streptococcus_suis_T15	-	0
Streptococcus_suis_YB51	-	0
Streptococcus_thermophilus_4078	-	0
Streptococcus_thermophilus_CNRZ1066	-	0
Streptococcus_thermophilus_JIM_8232	-	0
Streptococcus_thermophilus_LMD-9	-	0
Streptococcus_thermophilus_LMG_18311	-	0
Streptococcus_thermophilus_MN-ZLW-002	-	0
Streptococcus_thermophilus_ND03	-	0
Streptococcus_troglodytae_strain_TKU_31	-	0
Streptococcus_uberis_0140J	-	0
Streptococcus_urinalis_strain_NCTC13766	-	0
Streptococcus_vestibularis_strain_NCTC12167	-	0
Streptococcus_viridans_strain_NCTC3166	-	0
Streptomyces_actuosus_strain_ATCC_25421	-	0
Streptomyces_ambofaciens_ATCC_23877	-	0
Streptomyces_angustmyceticus_JCM_4053	-	0
Streptomyces_armeniacus_strain_ATCC_15676	-	0
Streptomyces_aureoverticillatus_strain_HN6	-	0
Streptomyces_avermitilis_MA-4680	-	0
Streptomyces_cacaoi_subsp._asoensis_strain_H2S5	-	0
Streptomyces_chromofuscus_strain_DSM_40273	-	0
Streptomyces_cyanogenus_strain_S136	-	0
Streptomyces_decoyicus_NRRL_2666	-	0
Streptomyces_ficellus_strain_NRRL_8067	-	0
Streptomyces_fungicidicus_ATCC_21013	-	0
Streptomyces_griseorubiginosus_strain_3E-1	-	0
Streptomyces_griseoviridis_strain_F1-27	-	0
Streptomyces_hawaiiensis_strain_ATCC_12236	-	0
Streptomyces_hygroscopicus_subsp._limoneus_strain_KCTC_1717	-	0
Streptomyces_lincolnensis_strain_B48	-	0
Streptomyces_mobaraensis_DSM_40587	-	0
Streptomyces_niveus_strain_SCSIO_3406	-	0
Streptomyces_noursei_ATCC_11455	-	0
Streptomyces_olivoreticuli_subsp._olivoreticuli_strain_ATCC_31159	-	0
Streptomyces_peucetius_subsp._caesius_ATCC_27952	-	0
Streptomyces_puniciscabiei_strain_TW1S1	-	0
Streptomyces_rubrolavendulae_strain_MJM4426	-	0
Streptomyces_sp._2323.1	-	0
Streptomyces_sp._452	-	0
Streptomyces_sp._CC0208	-	0
Streptomyces_sp._CdTB01	-	0
Streptomyces_sp._CNQ-509	-	0
Streptomyces_sp._CRXT-Y-14	-	0
Streptomyces_sp._FR-008	-	0
Streptomyces_sp._HNM0039	-	0
Streptomyces_sp._HSG2	-	0
Streptomyces_sp._ICC1	-	0
Streptomyces_sp._ICC4	-	0
Streptomyces_sp._JB150	-	0
Streptomyces_sp._jing01	-	0
Streptomyces_sp._Mg1	-	0
Streptomyces_sp._MOE7_strain_MOE7	-	0
Streptomyces_sp._NA02536	-	0
Streptomyces_sp._NA02950	-	0
Streptomyces_spongiicola_strain_HNM0071	-	0
Streptomyces_sp._QMT-12	-	0
Streptomyces_sp._S10(2016)	-	0
Streptomyces_sp._SCSIO_03032_strain_SCSIO_03032	-	0
Streptomyces_sp._SSL-25	-	0
Streptomyces_sp._TN58	-	0
Streptomyces_sp._TYQ1024	-	0
Streptomyces_sp._XZHG99	-	0
Streptomyces_sp._Z022	-	0
Streptomyces_tsukubensis_strain_AT3	-	0
Streptomyces_vietnamensis_GIM4.0001	-	0
Streptomyces_viridosporus_T7A_strain_ATCC_39115	-	0
Streptosporangium_sp._'caverna'	-	0
Sulfitobacter_donghicola_strain_SB1155	-	0
Sulfitobacter_dubius_DSM_109990	-	0
Sulfitobacter_indolifex_DSM_14862	-	0
Sulfitobacter_sp._AM1-D1	-	0
Sulfitobacter_sp._BSw21498	-	0
Sulfitobacter_sp._D7	-	0
Sulfitobacter_sp._JL08	-	0
Sulfitobacter_sp._SK011	-	0
Sulfitobacter_sp._SK012	-	0
Sulfitobacter_sp._SK025	-	0
Sulfitobacter_sp._THAF37	-	0
Sulfobacillus_acidophilus_DSM_10332	-	0
Sulfobacillus_acidophilus_TPY	-	0
Sulfobacillus_thermotolerans_strain_Kr	-	0
Sulfodiicoccus_acidiphilus_strain_HS-1	-	0
Sulfolobales_archaeon_HS-7	-	0
Sulfolobus_acidocaldarius_DSM_639	-	0
Sulfolobus_acidocaldarius_N8	-	0
Sulfolobus_acidocaldarius_Ron12/I	-	0
Sulfolobus_acidocaldarius_strain_DG1	-	0
Sulfolobus_acidocaldarius_SUSAZ	-	0
Sulfolobus_islandicus_HVE10/4	-	0
Sulfolobus_islandicus_LAL14/1	-	0
Sulfolobus_islandicus_L.D.8.5	-	0
Sulfolobus_islandicus_L.S.2.15	-	0
Sulfolobus_islandicus_M.14.25	-	0
Sulfolobus_islandicus_M.16.2	-	0
Sulfolobus_islandicus_M.16.23	-	0
Sulfolobus_islandicus_M.16.27	-	0
Sulfolobus_islandicus_M.16.4	-	0
Sulfolobus_islandicus_M.16.40	-	0
Sulfolobus_islandicus_M.16.43	-	0
Sulfolobus_islandicus_M.16.47	-	0
Sulfolobus_islandicus_REY15A	-	0
Sulfolobus_islandicus_Y.G.57.14	-	0
Sulfolobus_islandicus_Y.N.15.51	-	0
Sulfolobus_solfataricus_98/2	-	0
Sulfolobus_solfataricus_P2	-	0
Sulfolobus_sp._A20	-	0
Sulfolobus_sp._E11-6	-	0
Sulfolobus_sp._E5-1-F	-	0
Sulfolobus_tokodaii_str._7	-	0
Sulfuricaulis_limicola_strain_HA5	-	0
Sulfuricurvum_kujiense_DSM_16994	-	0
Sulfuriflexus_mobilis_strain_aks1	-	0
Sulfurihydrogenibium_azorense_Az-Fu1	-	0
Sulfurimonas_autotrophica_DSM_16294	-	0
Sulfurimonas_denitrificans_DSM_1251	-	0
Sulfurimonas_paralvinellae_strain_GO25	-	0
Sulfurimonas_sp._1-1N	-	0
Sulfurimonas_sp._B2	-	0
Sulfurimonas_sp._CVO	-	0
Sulfurimonas_sp._GD2	-	0
Sulfurimonas_sp._SoZ1	-	0
Sulfuritalea_hydrogenivorans_sk43H_DSM22779	-	0
Sulfuritortus_calidifontis_strain_J1A	-	0
Sulfurospirillum_barnesii_SES-3	-	0
Sulfurospirillum_cavolei_strain_UCH003	-	0
Sulfurospirillum_deleyianum_DSM_6946	-	0
Sulfurospirillum_halorespirans_DSM_13726	-	0
Sulfurospirillum_sp._ACSDCE	-	0
Sulfurospirillum_sp._ACSTCE	-	0
Sulfurospirillum_sp._JPD-1	-	0
Sulfurospirillum_sp._SL2-1_strain_SL2-1	-	0
Sulfurospirillum_sp._UCH001	-	0
Sulfurovum_lithotrophicum_strain_ATCC_BAA-797	-	0
Sulfurovum_sp._NBC37-1	-	0
Sulfurovum_sp._ST-419	-	0
Sutterella_sp._6FBBBH3	-	0
Symbiobacterium_thermophilum_IAM_14863	-	0
symbiont_bacterium_UwTKB_of_Urostylis_westwoodii	-	0
Synechococcus_elongatus_PCC_11801	-	0
Synechococcus_elongatus_PCC_11802	-	0
Synechococcus_elongatus_PCC_6301	-	0
Synechococcus_elongatus_UTEX_3055	-	0
Synechococcus_lividus_PCC_6715	-	0
Synechococcus_sp._A15-24	-	0
Synechococcus_sp._A15-28	-	0
Synechococcus_sp._A15-44	-	0
Synechococcus_sp._A15-60	-	0
Synechococcus_sp._A15-62	-	0
Synechococcus_sp._A18-25c	-	0
Synechococcus_sp._A18-40	-	0
Synechococcus_sp._A18-46.1	-	0
Synechococcus_sp._BIOS-E4-1	-	0
Synechococcus_sp._BIOS-U3-1	-	0
Synechococcus_sp._BMK-MC-1	-	0
Synechococcus_sp._BOUM118	-	0
Synechococcus_sp._CBW1004	-	0
Synechococcus_sp._CBW1108	-	0
Synechococcus_sp._CC9311	-	0
Synechococcus_sp._CC9605	-	0
Synechococcus_sp._CC9902	-	0
Synechococcus_sp._HK01-R	-	0
Synechococcus_sp._JA-2-3B'a(2-13)	-	0
Synechococcus_sp._JA-3-3Ab	-	0
Synechococcus_sp._KORDI-100	-	0
Synechococcus_sp._KORDI-52	-	0
Synechococcus_sp._LA31	-	0
Synechococcus_sp._LTW-R	-	0
Synechococcus_sp._M16.1	-	0
Synechococcus_sp._Minos11_strain_MINOS11	-	0
Synechococcus_sp._MIT_S9220	-	0
Synechococcus_sp._MVIR-18-1	-	0
Synechococcus_sp._PCC_6312	-	0
Synechococcus_sp._PCC_7117	-	0
Synechococcus_sp._PCC_7502	-	0
Synechococcus_sp._PCC_8807	-	0
Synechococcus_sp._PROS-9-1	-	0
Synechococcus_sp._PROS-U-1	-	0
Synechococcus_sp._RCC307	-	0
Synechococcus_sp._RS9902	-	0
Synechococcus_sp._RS9907	-	0
Synechococcus_sp._RS9909	-	0
Synechococcus_sp._RS9915	-	0
Synechococcus_sp._SYN20	-	0
Synechococcus_sp._SynAce01	-	0
Synechococcus_sp._TAK9802	-	0
Synechococcus_sp._WH_7803	-	0
Synechococcus_sp._WH_8101	-	0
Synechococcus_sp._WH_8102	-	0
Synechococcus_sp._WH_8103	-	0
Synergistetes_bacterium_strain_J.5.4.2-T.3.5.2	-	0
Syntrophobacterales_bacterium_bin204	-	0
Syntrophobacter_fumaroxidans_MPOB	-	0
Syntrophomonas_wolfei_subsp._wolfei_str._Goettingen	-	0
Syntrophothermus_lipocalidus_DSM_12680	-	0
Syntrophus_aciditrophicus_SB	-	0
Tannerella_forsythia_ATCC_43037	-	0
Tannerella_sp._oral_taxon_BU063	-	0
Tardiphaga_robiniae_strain_581	-	0
Tardiphaga_sp._37S4	-	0
Tateyamaria_omphalii_strain_DOK1-4	-	0
Tatumella_citrea_strain_ATCC_39140	-	0
Tenacibaculum_sp._AHE14PA	-	0
Tenacibaculum_sp._AHE15PA	-	0
Tenericutes_bacterium_MZ-XQ	-	0
Tenericutes_bacterium_strain_zrk2	-	0
Tepidanaerobacter_acetatoxydans_Re1	-	0
Tepidanaerobacter_acetatoxydans_strain_Re1	-	0
Tepidimonas_taiwanensis_LMG_22826	-	0
Terasakiella_sp._SH-1	-	0
Tessaracoccus_defluvii_strain_JCM_17540	-	0
Tessaracoccus_flavescens_strain_SST-39T	-	0
Tessaracoccus_flavus_strain_RP1T	-	0
Tessaracoccus_lapidicaptus_strain_TLA_E	-	0
Tessaracoccus_sp._J1M15	-	0
Tessaracoccus_sp._Marseille-P5995	-	0
Tessaracoccus_sp._MC1865	-	0
Tessaracoccus_sp._NSG39_strain_NSG39	-	0
Tessaracoccus_sp._T2.5-30_strain_T2.5-30	-	0
Tetragenococcus_koreensis_strain_KCTC_3924	-	0
Thalassobius_gelatinovorus_strain_NEB572	-	0
Thalassobius_mediterraneus_strain_DP8N14-7	-	0
Thalassobius_sp._strain_m4	-	0
Thalassospira_A40-3	-	0
Thalassospira_sp._B30-1	-	0
Thalassotalea_sp._HSM_34_strain_HSM_43	-	0
Thalassotalea_sp._LPB0090	-	0
Thalassotalea_sp._LPB0316	-	0
Thauera_aromatica_K172	-	0
Thauera_chlorobenzoica_strain_3CB1	-	0
Thermacetogenium_phaeum_DSM_12270	-	0
Thermaerobacter_marianensis_DSM_12885	-	0
Thermanaerovibrio_acidaminovorans_DSM_6589	-	0
Thermincola_potens_JR	-	0
Thermoactinomyces_sp._YT06	-	0
Thermoactinomyces_vulgaris_strain_2H	-	0
Thermoactinomycetaceae_bacterium_SCSIO_07575	-	0
Thermoanaerobacter_brockii_subsp._finnii_Ako-1	-	0
Thermoanaerobacter_ethanolicus_JW_200	-	0
Thermoanaerobacter_italicus_Ab9	-	0
Thermoanaerobacterium_aotearoense_strain_SCUT27	-	0
Thermoanaerobacterium_sp._RBIITD	-	0
Thermoanaerobacterium_thermosaccharolyticum_DSM_571	-	0
Thermoanaerobacterium_thermosaccharolyticum_M0795	-	0
Thermoanaerobacterium_thermosaccharolyticum_strain_TG57	-	0
Thermoanaerobacter_kivui_DSM_2030	-	0
Thermoanaerobacter_mathranii_subsp._mathranii_str._A3	-	0
Thermoanaerobacter_pseudethanolicus_ATCC_33223	-	0
Thermoanaerobacter_siderophilus_SR4	-	0
Thermoanaerobacter_sp._X513	-	0
Thermoanaerobacter_sp._X514	-	0
Thermoanaerobacter_tengcongensis_MB4	-	0
Thermobaculum_terrenum_ATCC_BAA-798	-	0
Thermobifida_fusca_YX	-	0
Thermobispora_bispora_DSM_43833	-	0
Thermochromatium_tepidum_ATCC_43061	-	0
Thermococcus_barophilus_MP	-	0
Thermococcus_barophilus_strain_CH5	-	0
Thermococcus_barossii_strain_SHCK-94	-	0
Thermococcus_celer_strain_Vu_13	-	0
Thermococcus_chitonophagus_strain_1	-	0
Thermococcus_eurythermalis_A501	-	0
Thermococcus_gammatolerans_EJ3	-	0
Thermococcus_gorgonarius_strain_W-12	-	0
Thermococcus_guaymasensis_DSM_11113	-	0
Thermococcus_litoralis_DSM_5473	-	0
Thermococcus_nautili_strain_30-1	-	0
Thermococcus_onnurineus_NA1	-	0
Thermococcus_pacificus_strain_P-4	-	0
Thermococcus_sibiricus_MM_739	-	0
Thermococcus_siculi_strain_RG-20	-	0
Thermococcus_sp._2319x1	-	0
Thermococcus_sp._4557	-	0
Thermococcus_sp._5-4_strain_5-4	-	0
Thermococcus_sp._AM4	-	0
Thermococcus_sp._CDGS	-	0
Thermococcus_sp._CL1	-	0
Thermococcus_sp._EXT12c	-	0
Thermococcus_sp._IOH1	-	0
Thermococcus_sp._IRI35c	-	0
Thermococcus_sp._P6_strain_P6	-	0
Thermococcus_sp._SY113	-	0
Thermococcus_thioreducens_strain_OGL-20P	-	0
Thermocrinis_minervae_strain_DSM_19557	-	0
Thermocrinis_ruber_strain_DSM_23557	-	0
Thermodesulfatator_indicus_DSM_15286	-	0
Thermodesulfobacterium_commune_DSM_2178	-	0
Thermodesulfobacterium_geofontis_OPF15	-	0
Thermodesulfobacterium_sp._TA1	-	0
Thermodesulfobium_acidiphilum_strain_3127-1	-	0
Thermodesulfobium_narugense_DSM_14796	-	0
Thermodesulfovibrio_yellowstonii_DSM_11347	-	0
Thermofilum_carboxyditrophus_1505	-	0
Thermofilum_sp._1910b	-	0
Thermofilum_sp._3507LT	-	0
Thermoflavifilum_sp._strain_Bu77	-	0
Thermogladius_cellulolyticus_1633	-	0
Thermogutta_terrifontis_strain_R1	-	0
Thermoleptolyngbya_sp._PKUAC-SCTA183	-	0
Thermomicrobium_roseum_DSM_5159	-	0
Thermomonas_brevis_strain_KACC_16975	-	0
Thermomonospora_curvata_DSM_43183	-	0
thermophilic_bacterium_3443-3Ac	-	0
Thermoplasma_acidophilum_DSM_1728	-	0
Thermoplasmata_archaeon_bin1246	-	0
Thermoplasmatales_archaeon_bin105	-	0
Thermoplasmatales_archaeon_BRNA1	-	0
Thermoplasma_volcanium_GSS1	-	0
Thermoproteus_tenax_Kra_1	-	0
Thermosediminibacter_oceani_DSM_16646	-	0
Thermosipho_africanus_TCF52B	-	0
Thermosipho_sp._1063	-	0
Thermosipho_sp._1070_strain_1070	-	0
Thermosipho_sp._FR-w03	-	0
Thermosphaera_aggregans_DSM_11486	-	0
Thermosphaera_aggregans_strain_3507	-	0
Thermosulfidibacter_takaii_ABI70S6	-	0
Thermosulfurimonas_marina_strain_SU872	-	0
Thermosynechococcus_elongatus_BP-1	-	0
Thermosynechococcus_sp._CL-1	-	0
Thermotoga_caldifontis_AZM44c09	-	0
Thermotoga_elfii_NBRC_107921	-	0
Thermotoga_lettingae_TMO	-	0
Thermotoga_maritima_MSB8	-	0
Thermotoga_maritima_strain_Tma100	-	0
Thermotoga_naphthophila_RKU-10	-	0
Thermotoga_neapolitana_DSM_4359	-	0
Thermotoga_petrophila_RKU-1	-	0
Thermotoga_sp._2812B	-	0
Thermotoga_sp._Cell2	-	0
Thermotoga_sp._RQ2	-	0
Thermotoga_sp._RQ7	-	0
Thermotoga_thermarum_DSM_5069	-	0
Thermotomaculum_hydrothermale_strain_AC55	-	0
Thermovibrio_ammonificans_HB-1	-	0
Thermus_brockianus_SNM4-1	-	0
Thermus_oshimai_JL-2	-	0
Thermus_thermophilus_AA1-1	-	0
Thermus_thermophilus_HB27	-	0
Thermus_thermophilus_HB8	-	0
Thermus_thermophilus_JL-18	-	0
Thioalkalimicrobium_cyclicum_ALM1	-	0
Thiobacillus_denitrificans_ATCC_25259	-	0
Thiobacillus_sp._strain_SSC5	-	0
Thiobacimonas_profunda_strain_JLT2016	-	0
Thiohalobacter_sp._COW1	-	0
Thiohalobacter_thiocyanaticus_strain_FOKN1	-	0
Thiolapillus_brandeum_Hiromi_1	-	0
Thiomicrorhabdus_sp._13-15A	-	0
Thiomicrorhabdus_sp._aks77	-	0
Thiomicrorhabdus_sp._AkT22	-	0
Thiomicrorhabdus_sp._G1	-	0
Thiomicrorhabdus_sp._G2	-	0
Thiomicrospira_aerophila_AL3	-	0
Thiomicrospira_crunogena_XCL-2	-	0
Thiomonas_arsenitoxydans_strain_3As	-	0
Thiomonas_intermedia_K12	-	0
Thiomonas_intermedia_strain_ATCC_15466	-	0
Thiomonas_sp._Bio17B3	-	0
Thiomonas_sp._CB2	-	0
Thiomonas_sp._OC7	-	0
Thiomonas_sp._Sup16B3	-	0
Thiothrix_sp._CT3	-	0
Thiothrix_sp._KT	-	0
Thiothrix_sp._Ku-5	-	0
Thiothrix_unzii_strain_A1	-	0
Thiotrichales_bacterium_bin102	-	0
Thiovulum_sp._07-Movile_MetG_Ill	-	0
TM7_phylum_sp._oral_taxon_349_strain_PM007	-	0
TM7_phylum_sp._oral_taxon_957_strain_BB001	-	0
Tolypothrix_tenuis_PCC_7101_strain_NIES-37	-	0
Tomitella_sp._HY172	-	0
Tomitella_sp._HY188	-	0
Treponema_azotonutricium_ZAS-9	-	0
Treponema_caldaria_DSM_7334	-	0
Treponema_denticola_AL-2	-	0
Treponema_denticola_ATCC_35404	-	0
Treponema_denticola_ATCC_35405	-	0
Treponema_denticola_H1-T	-	0
Treponema_denticola_H-22	-	0
Treponema_denticola_OTK	-	0
Treponema_medium_strain_ATCC_700293	-	0
Treponema_pallidum_strain_A10	-	0
Treponema_pallidum_str._Fribourg-Blanc	-	0
Treponema_pallidum_subsp._endemicum_strain_Iraq_B	-	0
Treponema_pallidum_subsp._endemicum_str._Bosnia_A	-	0
Treponema_pallidum_subsp._pallidum_DAL-1	-	0
Treponema_pallidum_subsp._pallidum_SS14	-	0
Treponema_pallidum_subsp._pallidum_str._Chicago	-	0
Treponema_pallidum_subsp._pallidum_str._Mexico_A	-	0
Treponema_pallidum_subsp._pallidum_str._Nichols	-	0
Treponema_pallidum_subsp._pallidum_str._Sea_81-4	-	0
Treponema_pallidum_subsp._pallidum_TpN-CL1	-	0
Treponema_pallidum_subsp._pertenue_strain_CDC-1	-	0
Treponema_pallidum_subsp._pertenue_str._CDC2	-	0
Treponema_pallidum_subsp._pertenue_str._Gauthier	-	0
Treponema_pallidum_subsp._pertenue_str._SamoaD	-	0
Treponema_paraluiscuniculi_Cuniculi_A	-	0
Treponema_parvum_strain_ATCC_700770	-	0
Treponema_pedis_strain_KS1	-	0
Treponema_pedis_str._T_A4	-	0
Treponema_phagedenis_strain_B31.4	-	0
Treponema_putidum_strain_OMZ_758_(ATCC_700334)	-	0
Treponema_rectale_strain_CHPA	-	0
Treponema_socranskii_subsp._buccale_strain_Marseille-CSURQ0203	-	0
Treponema_sp._Marseille-Q4132	-	0
Treponema_sp._OMZ_804	-	0
Treponema_sp._OMZ_806	-	0
Treponema_sp._OMZ_838	-	0
Treponema_sp._RCC2812	-	0
Trichodesmium_erythraeum_IMS101	-	0
Trichormus_variabilis_0441	-	0
Tropheryma_whipplei_str._Twist	-	0
Tropheryma_whipplei_TW08/27	-	0
Trueperaceae_bacterium_bin86	-	0
Truepera_radiovictrix_DSM_17093	-	0
Trueperella_bialowiezensis_strain_NCTC13354	-	0
Trueperella_pyogenes_strain_2012CQ-ZSH	-	0
Trueperella_pyogenes_TP8	-	0
Trueperella_sp._15IMD0307	-	0
Turicibacter_sanguinis_strain_MOL361	-	0
Turicibacter_sp._H121	-	0
Turicibacter_sp._TJ11	-	0
Turicimonas_muris_strain_YL45	-	0
Tuwongella_immobilis_strain_MBLW1	-	0
uncultured_archaeon	-	0
uncultured_Clostridia_bacterium_min17_bin01	-	0
uncultured_marine_group_II_euryarchaeote	-	0
uncultured_Mollicutes_bacterium_min17_bin64	-	0
uncultured_Phascolarctobacterium_sp._strain_Phascolarctobacterium_canine_HQ_MAG	-	0
uncultured_Prevotellamassilia_sp._strain_Prevotellamassilia_canine_HQ_MAG	-	0
uncultured_Sphingopyxis_sp._strain_UC10	-	0
uncultured_Spirochaetes_bacterium_strain_IK1	-	0
uncultured_Sporomusa_sp._strain_86	-	0
uncultured_Succinivibrio_sp._strain_Succinivibrio_canine_HQ_MAG	-	0
uncultured_Sulfuricurvum_sp._RIFRC-1	-	0
uncultured_Sutterella_sp._strain_Sutterella_canine_HQ_MAG	-	0
uncultured_Woeseiaceae_bacterium_strain_gfbio:sag-sample-b02:053724c1-46a9-4a36-b237-_ea2bf867836b	-	0
Ureaplasma_diversum_strain_ATCC_49782	-	0
Ureaplasma_parvum_serovar_3_str._ATCC_700970	-	0
Uruburuella_suis_1258/02	-	0
Vagococcus_carniphilus_strain_ATCC_BAA-640	-	0
Vagococcus_fluvialis_110B2	-	0
Vagococcus_lutrae_BN31	-	0
Vagococcus_penaei_strain_CD276	-	0
Vagococcus_sp._CF-49	-	0
Vagococcus_sp._HDW17A	-	0
Vagococcus_sp._HDW17B	-	0
Vagococcus_sp._MN-17	-	0
Vagococcus_teuberi_strain_DSM_21459	-	0
Vallitalea_guaymasensis_strain_Ra1766G1	-	0
Vallitalea_pronyensis_strain_FatNI3	-	0
Vampirococcus_sp._LiM	-	0
Variibacter_gotjawalensis_strain_GJW-30	-	0
Variovorax_sp._SRS16	-	0
Variovorax_sp._WDL1	-	0
Veillonella_atypica_strain_OK5	-	0
Veillonella_dispar_strain_NCTC11831	-	0
Veillonella_parvula_DSM_2008	-	0
Veillonella_parvula_HSIVP1	-	0
Veillonella_parvula_strain_FDAARGOS_1046_strain_Not_applicable	-	0
Veillonella_rodentium_strain_NCTC12018	-	0
Veillonella_sp._S12025-13	-	0
Veillonella_sp._T1-7	-	0
Vermiphilus_pyriformis_TW-EDP1-1	-	0
Verrucomicrobia_bacterium_IMCC26134	-	0
Verrucomicrobia_bacterium_LL51	-	0
Verrucomicrobiaceae_bacterium_GAS474	-	0
Verrucosispora_maris_AB-18-032	-	0
Vibrio_alfacsensis_strain_04Ya108	-	0
Vibrio_astriarenae_strain_HN897	-	0
Vibrio_breoganii_strain_FF50	-	0
Vibrio_campbellii_ATCC_BAA-1116	-	0
Vibrio_cholerae_MO10	-	0
Vibrio_cholerae_O1_biovar_El_Tor_str._N16961	-	0
Vibrio_cholerae_O1_strain_AAS91	-	0
Vibrio_cholerae_O395	-	0
Vibrio_coralliilyticus_OCN014	-	0
Vibrio_europaeus_strain_07/118_T2	-	0
Vibrio_fischeri_ES114	-	0
Vibrio_gigantis_ACE001	-	0
Vibrio_kanaloae_KH-4	-	0
Vibrio_metschnikovii_strain_07-2421	-	0
Vibrionaceae_bacterium_NSCS20N07D_strain_NSCS20N07D	-	0
Vibrio_navarrensis_strain_0053-83	-	0
Vibrio_parahaemolyticus_RIMD_2210633	-	0
Vibrio_ponticus_strain_DSM_16217	-	0
Vibrio_rotiferianus_strain_B64D1	-	0
Vibrio_splendidus_1_C04a	-	0
Vibrio_sp._ZWAL4003	-	0
Vibrio_taketomensis_strain_C4III282	-	0
Vibrio_vulnificus_CMCP6	-	0
Vibrio_vulnificus_YJ016	-	0
Vicinamibacteria_bacterium_TBR-22	-	0
Victivallales_bacterium_CCUG_44730	-	0
Viridibacillus_sp._JNUCC-6	-	0
Vitreoscilla_filiformis_strain_ATCC_15551	-	0
Vitreoscilla_sp._C1	-	0
Vitreoscilla_stercoraria_SAG_1488-6	-	0
Vulcanisaeta_distributa_DSM_14429	-	0
Vulcanisaeta_moutnovskia_768-28	-	0
Vulgatibacter_incomptus_strain_DSM_27710	-	0
Weeksella_virosa_DSM_16922	-	0
Weeksella_virosa_strain_NCTC11634	-	0
Weissella_cibaria_CXO-1	-	0
Weissella_confusa_strain_LM1	-	0
Weissella_diestrammenae_strain_KACC_16890	-	0
Weissella_koreensis_KACC_15510	-	0
Weissella_paramesenteroides_strain_FDAARGOS_414	-	0
Weissella_soli_strain_CBA3633	-	0
Weissella_sp._26KH-42	-	0
Weissella_sp._HDW19	-	0
Wenyingzhuangia_fucanilytica_strain_CZ1127	-	0
Wenzhouxiangella_marina_strain_KCTC_42284	-	0
Wigglesworthia_glossinidia_endosymbiont_of_Glossina_brevipalpis	-	0
Wigglesworthia_glossinidia_endosymbiont_of_Glossina_morsitans	-	0
Winkia_sp._C64	-	0
Winogradskyella_sp._HL6110	-	0
Winogradskyella_sp._J14-2_strain_J14-2	-	0
Winogradskyella_sp._PG-2	-	0
Winogradskyella_sp._RHA_55	-	0
Winogradskyella_sp._Z215	-	0
Winogradskyella_sp._Z354	-	0
Woeseia_oceani_strain_XK5	-	0
Wolbachia_endosymbiont_of_Brugia_malayi_strain_TRS	-	0
Wolbachia_endosymbiont_of_Brugia_pahangi_strain_FR3	-	0
Wolbachia_endosymbiont_of_Cimex_lectularius_wCle	-	0
Wolbachia_endosymbiont_of_Corcyra_cephalonica_SYLI2103	-	0
Wolbachia_endosymbiont_of_Cruorifilaria_tuberocauda_strain_55YT	-	0
Wolbachia_endosymbiont_of_Ctenocephalides_felis_strain_wCfeJ	-	0
Wolbachia_endosymbiont_of_Dipetalonema_caudispina_strain_362YU	-	0
Wolbachia_endosymbiont_of_Dirofilaria_(Dirofilaria)_immitis_strain_FR3	-	0
Wolbachia_endosymbiont_of_Drosophila_ananassae_strain_W2.1	-	0
Wolbachia_endosymbiont_of_Drosophila_innubila_11	-	0
Wolbachia_endosymbiont_of_Drosophila_santomea_strain_wSan_strain_KB161	-	0
Wolbachia_endosymbiont_of_Drosophila_yakuba_strain_wYak_strain_KB166	-	0
Wolbachia_endosymbiont_of_Litomosoides_sigmodontis_strain_wLsig	-	0
Wolbachia_endosymbiont_of_Onchocerca_ochengi_strain_wOo	-	0
Wolbachia_endosymbiont_of_Onchocerca_volvulus_str._Cameroon	-	0
Wolbachia_endosymbiont_of_Trichogramma_pretiosum_strain_wTpre	-	0
Wolbachia_endosymbiont_of_Wiebesia_pumilae_strain_MIAOwWpum	-	0
Wolbachia_endosymbiont_strain_TRS_of_Brugia_malayi	-	0
Wolbachia_pipientis_wAlbB	-	0
Wolinella_succinogenes_DSM_1740	-	0
Wolinella_succinogenes_strain_NCTC11488	-	0
Xanthobacteraceae_bacterium_strain_ACE_PRO9	-	0
Xanthobacter_autotrophicus_GJ10	-	0
Xanthobacter_autotrophicus_Py2	-	0
Xanthobacter_sp._YC-JY1	-	0
Xanthomonadaceae_bacterium_AQ6-296	-	0
Xanthomonadales_bacterium_D13	-	0
Xanthomonas_albilineans_strain_FIJ080	-	0
Xanthomonas_arboricola_pv._juglandis_strain_3	-	0
Xanthomonas_axonopodis_pv._citri_str._306	-	0
Xanthomonas_axonopodis_pv._vasculorum_strain_NCPPB_796	-	0
Xanthomonas_campestris_pv._campestris_str._8004	-	0
Xanthomonas_campestris_pv._campestris_str._ATCC_33913	-	0
Xanthomonas_campestris_pv._raphani_strain_MAFF106181	-	0
Xanthomonas_campestris_pv._vesicatoria_str._85-10	-	0
Xanthomonas_citri_pv._fuscans_strain_6165R(delta)tal22B_strain_6165R(delta)tal22B_strain_6165R(delta)tal22B	-	0
Xanthomonas_euroxanthea_strain_X._euroxanthea_CPBF_424	-	0
Xanthomonas_euvesicatoria_pv._alfalfae_strain_CFBP3836	-	0
Xanthomonas_fragariae_SHQP01	-	0
Xanthomonas_hortorum_pv._cynarae_strain_CFBP_2044	-	0
Xanthomonas_hyacinthi_strain_CFBP_1156	-	0
Xanthomonas_oryzae_pv._oryzae_KACC_10331	-	0
Xanthomonas_oryzae_pv._oryzae_MAFF_311018	-	0
Xanthomonas_oryzae_pv._oryzae_PXO99A	-	0
Xanthomonas_phaseoli_pv._phaseoli_ATCC_49119	-	0
Xanthomonas_sacchari_R1	-	0
Xanthomonas_translucens_pv._arrhenatheri_LMG_727	-	0
Xanthomonas_translucens_pv._graminis_LMG_726	-	0
Xanthomonas_translucens_pv._phlei_LMG_730	-	0
Xanthomonas_translucens_pv._poae_LMG_728	-	0
Xanthomonas_vasicola_pv._vasculorum_strain_SAM119	-	0
Xenorhabdus_budapestensis_strain_C-7-2	-	0
Xenorhabdus_doucetiae_strain_FRM16_=_DSM_17909	-	0
Xenorhabdus_hominickii_strain_ANU1	-	0
Xylanibacterium_sp._2JSPR-7	-	0
Xylanimicrobium_sp._FW10M-9	-	0
Yangia_pacifica_strain_YSBP01	-	0
Yangia_sp._CCB-MM3	-	0
Yersinia_aleksiciae_strain_159	-	0
Yersinia_bercovieri_ATCC_43970	-	0
Yersinia_mollaretii_ATCC_43969	-	0
Yersinia_pestis_Angola	-	0
Yersinia_pestis_Antiqua	-	0
Yersinia_pestis_biovar_Microtus_str._91001	-	0
Yersinia_pestis_CO92	-	0
Yersinia_pseudotuberculosis_IP_31758	-	0
Yersinia_pseudotuberculosis_IP_32953	-	0
Yimella_sp._cx-51	-	0
Zobellella_denitrificans_strain_F13-1	-	0
Zoogloeaceae_bacteirum_Par-f-2_strain_Par-f-2T	-	0
Zoogloea_oryzae_strain_NBRC_102407	-	0
Zymomonas_mobilis_subsp._mobilis_ATCC_29191	-	0
Zymomonas_mobilis_subsp._mobilis_NCIMB_11163	-	0
Zymomonas_mobilis_subsp._mobilis_strain_NRRL_B-1960	-	0
Zymomonas_mobilis_subsp._mobilis_ZM4_=_ATCC_31821	-	0
Zymomonas_mobilis_subsp._pomaceae_ATCC_29192	-	0
